{
    "name": "0000f77c-62c2a288",
    "frames": [
        {
            "timestamp": 10000,
            "objects": [
                {
                    "category": "traffic sign",
                    "id": 0,
                    "attributes": {
                        "occluded": false,
                        "truncated": false,
                        "trafficLightColor": "none"
                    },
                    "box2d": {
                        "x1": 250.549246,
                        "y1": 294.619798,
                        "x2": 308.085801,
                        "y2": 357.05308
                    }
                },
                {
                    "category": "traffic sign",
                    "id": 1,
                    "attributes": {
                        "occluded": true,
                        "truncated": false,
                        "trafficLightColor": "none"
                    },
                    "box2d": {
                        "x1": 206.478694,
                        "y1": 299.516526,
                        "x2": 221.16888,
                        "y2": 321.551802
                    }
                },
                {
                    "category": "traffic sign",
                    "id": 2,
                    "attributes": {
                        "occluded": false,
                        "truncated": false,
                        "trafficLightColor": "none"
                    },
                    "box2d": {
                        "x1": 924.665474,
                        "y1": 286.866651,
                        "x2": 936.907294,
                        "y2": 297.884289
                    }
                },
                {
                    "category": "person",
                    "id": 3,
                    "attributes": {
                        "occluded": false,
                        "truncated": false,
                        "trafficLightColor": "none"
                    },
                    "box2d": {
                        "x1": 423.158909,
                        "y1": 336.241987,
                        "x2": 434.176547,
                        "y2": 358.277263
                    }
                },
                {
                    "category": "person",
                    "id": 4,
                    "attributes": {
                        "occluded": false,
                        "truncated": false,
                        "trafficLightColor": "none"
                    },
                    "box2d": {
                        "x1": 563.939839,
                        "y1": 324.000165,
                        "x2": 573.733294,
                        "y2": 348.483804
                    }
                },
                {
                    "category": "person",
                    "id": 5,
                    "attributes": {
                        "occluded": true,
                        "truncated": false,
                        "trafficLightColor": "none"
                    },
                    "box2d": {
                        "x1": 656.977672,
                        "y1": 315.838956,
                        "x2": 666.771127,
                        "y2": 345.219323
                    }
                },
                {
                    "category": "area/drivable",
                    "id": 6,
                    "attributes": {},
                    "poly2d": [
                        [
                            370.582951,
                            571.471352,
                            "L"
                        ],
                        [
                            620.13376,
                            409.263326,
                            "C"
                        ],
                        [
                            726.192854,
                            364.34418,
                            "C"
                        ],
                        [
                            823.517669,
                            336.893591,
                            "C"
                        ],
                        [
                            843.481732,
                            350.618886,
                            "L"
                        ],
                        [
                            733.679377,
                            383.060491,
                            "C"
                        ],
                        [
                            994.459972,
                            506.588141,
                            "C"
                        ],
                        [
                            1106.757835,
                            600.169695,
                            "C"
                        ],
                        [
                            864.693551,
                            571.471352,
                            "C"
                        ],
                        [
                            625.124775,
                            556.498302,
                            "C"
                        ],
                        [
                            370.582951,
                            571.471352,
                            "C"
                        ]
                    ]
                },
                {
                    "category": "area/alternative",
                    "id": 7,
                    "attributes": {},
                    "poly2d": [
                        [
                            351.86664,
                            572.719106,
                            "L"
                        ],
                        [
                            500.349372,
                            484.12857,
                            "C"
                        ],
                        [
                            612.647235,
                            381.812737,
                            "C"
                        ],
                        [
                            790.821141,
                            343.961857,
                            "C"
                        ],
                        [
                            512.826912,
                            378.069476,
                            "C"
                        ],
                        [
                            259.532841,
                            455.430226,
                            "C"
                        ],
                        [
                            0,
                            515.32242,
                            "C"
                        ],
                        [
                            0,
                            600.397706,
                            "L"
                        ],
                        [
                            119.788411,
                            581.971178,
                            "C"
                        ],
                        [
                            242.631932,
                            574.293458,
                            "C"
                        ],
                        [
                            351.86664,
                            572.719106,
                            "C"
                        ]
                    ]
                },
                {
                    "category": "area/alternative",
                    "id": 8,
                    "attributes": {},
                    "poly2d": [
                        [
                            0,
                            506.588141,
                            "L"
                        ],
                        [
                            0,
                            455.430226,
                            "L"
                        ],
                        [
                            224.595728,
                            414.254341,
                            "C"
                        ],
                        [
                            460.421243,
                            373.078459,
                            "C"
                        ],
                        [
                            743.219277,
                            345.497401,
                            "C"
                        ],
                        [
                            455.430226,
                            385.555999,
                            "C"
                        ],
                        [
                            229.586744,
                            449.191455,
                            "C"
                        ],
                        [
                            0,
                            506.588141,
                            "C"
                        ]
                    ]
                },
                {
                    "category": "lane/road curb",
                    "id": 9,
                    "attributes": {
                        "direction": "parallel",
                        "style": "solid"
                    },
                    "poly2d": [
                        [
                            1230.99113,
                            620.749416,
                            "C"
                        ],
                        [
                            1097.642939,
                            531.482176,
                            "C"
                        ],
                        [
                            826.538354,
                            414.663319,
                            "C"
                        ],
                        [
                            829.844506,
                            367.274536,
                            "L"
                        ]
                    ]
                },
                {
                    "category": "lane/road curb",
                    "id": 10,
                    "attributes": {
                        "direction": "parallel",
                        "style": "solid"
                    },
                    "poly2d": [
                        [
                            889.355269,
                            332.008466,
                            "C"
                        ],
                        [
                            601.719915,
                            348.539436,
                            "C"
                        ],
                        [
                            299.757899,
                            400.336477,
                            "C"
                        ],
                        [
                            23.143057,
                            447.725259,
                            "L"
                        ]
                    ]
                },
                {
                    "category": "lane/single white",
                    "id": 11,
                    "attributes": {
                        "direction": "parallel",
                        "style": "solid"
                    },
                    "poly2d": [
                        [
                            28.653314,
                            451.031454,
                            "C"
                        ],
                        [
                            251.267647,
                            411.357124,
                            "C"
                        ],
                        [
                            460.657368,
                            377.193118,
                            "C"
                        ],
                        [
                            674.455293,
                            352.947695,
                            "L"
                        ]
                    ]
                },
                {
                    "category": "lane/single white",
                    "id": 12,
                    "attributes": {
                        "direction": "parallel",
                        "style": "solid"
                    },
                    "poly2d": [
                        [
                            722.945545,
                            351.84563,
                            "C"
                        ],
                        [
                            482.698391,
                            380.499314,
                            "C"
                        ],
                        [
                            241.347048,
                            456.245103,
                            "C"
                        ],
                        [
                            0,
                            510.542947,
                            "L"
                        ]
                    ]
                },
                {
                    "category": "lane/single white",
                    "id": 13,
                    "attributes": {
                        "direction": "parallel",
                        "style": "solid"
                    },
                    "poly2d": [
                        [
                            1143.929088,
                            604.218446,
                            "C"
                        ],
                        [
                            1020.499358,
                            524.869787,
                            "C"
                        ],
                        [
                            781.354256,
                            383.805506,
                            "C"
                        ],
                        [
                            827.640405,
                            363.968343,
                            "L"
                        ]
                    ]
                },
                {
                    "category": "lane/single white",
                    "id": 14,
                    "attributes": {
                        "direction": "parallel",
                        "style": "solid"
                    },
                    "poly2d": [
                        [
                            1114.173706,
                            604.218446,
                            "C"
                        ],
                        [
                            1006.172692,
                            516.05327,
                            "C"
                        ],
                        [
                            804.49733,
                            417.969512,
                            "C"
                        ],
                        [
                            817.721944,
                            363.968343,
                            "L"
                        ]
                    ]
                },
                {
                    "category": "lane/single white",
                    "id": 15,
                    "attributes": {
                        "direction": "parallel",
                        "style": "dashed"
                    },
                    "poly2d": [
                        [
                            795.68092,
                            345.233243,
                            "C"
                        ],
                        [
                            628.169145,
                            370.580731,
                            "C"
                        ],
                        [
                            504.739416,
                            482.991329,
                            "C"
                        ],
                        [
                            370.289173,
                            571.156505,
                            "L"
                        ]
                    ]
                },
                {
                    "category": "lane/single white",
                    "id": 16,
                    "attributes": {
                        "direction": "parallel",
                        "style": "dashed"
                    },
                    "poly2d": [
                        [
                            387.921992,
                            573.360634,
                            "C"
                        ],
                        [
                            531.188642,
                            465.358295,
                            "C"
                        ],
                        [
                            653.51632,
                            377.193118,
                            "C"
                        ],
                        [
                            792.374768,
                            350.743566,
                            "L"
                        ]
                    ]
                }
            ]
        }
    ],
    "attributes": {
        "weather": "clear",
        "scene": "highway",
        "timeofday": "dawn/dusk"
    }
}