{
    "name": "000d4f89-3bcbe37a",
    "frames": [
        {
            "timestamp": 10000,
            "objects": [
                {
                    "category": "car",
                    "id": 0,
                    "attributes": {
                        "occluded": true,
                        "truncated": false,
                        "trafficLightColor": "none"
                    },
                    "box2d": {
                        "x1": 385.807881,
                        "y1": 343.836662,
                        "x2": 436.060932,
                        "y2": 375.575431
                    }
                },
                {
                    "category": "car",
                    "id": 1,
                    "attributes": {
                        "occluded": true,
                        "truncated": false,
                        "trafficLightColor": "none"
                    },
                    "box2d": {
                        "x1": 287.946678,
                        "y1": 333.257071,
                        "x2": 371.260946,
                        "y2": 367.640738
                    }
                },
                {
                    "category": "car",
                    "id": 2,
                    "attributes": {
                        "occluded": true,
                        "truncated": false,
                        "trafficLightColor": "none"
                    },
                    "box2d": {
                        "x1": 258.852807,
                        "y1": 333.257071,
                        "x2": 343.489524,
                        "y2": 378.220327
                    }
                },
                {
                    "category": "car",
                    "id": 3,
                    "attributes": {
                        "occluded": true,
                        "truncated": false,
                        "trafficLightColor": "none"
                    },
                    "box2d": {
                        "x1": 129.252834,
                        "y1": 325.32238,
                        "x2": 315.718098,
                        "y2": 383.510124
                    }
                },
                {
                    "category": "car",
                    "id": 4,
                    "attributes": {
                        "occluded": true,
                        "truncated": false,
                        "trafficLightColor": "none"
                    },
                    "box2d": {
                        "x1": 53.873257,
                        "y1": 330.612175,
                        "x2": 94.869169,
                        "y2": 349.126457
                    }
                },
                {
                    "category": "car",
                    "id": 5,
                    "attributes": {
                        "occluded": false,
                        "truncated": true,
                        "trafficLightColor": "none"
                    },
                    "box2d": {
                        "x1": 0,
                        "y1": 314.742789,
                        "x2": 39.326323,
                        "y2": 358.383596
                    }
                },
                {
                    "category": "car",
                    "id": 6,
                    "attributes": {
                        "occluded": false,
                        "truncated": false,
                        "trafficLightColor": "none"
                    },
                    "box2d": {
                        "x1": 552.436416,
                        "y1": 358.383598,
                        "x2": 623.848647,
                        "y2": 399.37951
                    }
                },
                {
                    "category": "area/drivable",
                    "id": 7,
                    "attributes": {},
                    "poly2d": [
                        [
                            670.50656,
                            413.77471,
                            "L"
                        ],
                        [
                            1083.943775,
                            682.087026,
                            "L"
                        ],
                        [
                            986.068843,
                            655.087045,
                            "C"
                        ],
                        [
                            884.818914,
                            644.962053,
                            "C"
                        ],
                        [
                            786.94398,
                            631.462061,
                            "C"
                        ],
                        [
                            776.818988,
                            614.587072,
                            "C"
                        ],
                        [
                            761.631499,
                            611.212075,
                            "C"
                        ],
                        [
                            746.444008,
                            624.712064,
                            "C"
                        ],
                        [
                            354.473255,
                            591.286549,
                            "C"
                        ],
                        [
                            241.047059,
                            551.902453,
                            "C"
                        ],
                        [
                            0,
                            579.149597,
                            "C"
                        ],
                        [
                            0,
                            395.212224,
                            "L"
                        ],
                        [
                            245.773151,
                            425.873347,
                            "C"
                        ],
                        [
                            371.802257,
                            417.996528,
                            "C"
                        ],
                        [
                            518.311093,
                            392.790707,
                            "C"
                        ],
                        [
                            670.50656,
                            413.77471,
                            "L"
                        ]
                    ]
                },
                {
                    "category": "lane/road curb",
                    "id": 8,
                    "attributes": {
                        "direction": "parallel",
                        "style": "solid"
                    },
                    "poly2d": [
                        [
                            652.622181,
                            399.241441,
                            "L"
                        ],
                        [
                            1061.076886,
                            678.71045,
                            "L"
                        ]
                    ]
                },
                {
                    "category": "lane/road curb",
                    "id": 9,
                    "attributes": {
                        "direction": "parallel",
                        "style": "solid"
                    },
                    "poly2d": [
                        [
                            1.551523,
                            399.241441,
                            "C"
                        ],
                        [
                            173.532451,
                            408.454705,
                            "C"
                        ],
                        [
                            379.295348,
                            423.810145,
                            "C"
                        ],
                        [
                            474.499076,
                            396.170353,
                            "L"
                        ]
                    ]
                },
                {
                    "category": "lane/single white",
                    "id": 10,
                    "attributes": {
                        "direction": "vertical",
                        "style": "solid"
                    },
                    "poly2d": [
                        [
                            924.41347,
                            623.430866,
                            "L"
                        ],
                        [
                            0,
                            560.473562,
                            "L"
                        ]
                    ]
                },
                {
                    "category": "lane/single white",
                    "id": 11,
                    "attributes": {
                        "direction": "vertical",
                        "style": "solid"
                    },
                    "poly2d": [
                        [
                            901.38031,
                            608.075426,
                            "L"
                        ],
                        [
                            0.015979,
                            543.582578,
                            "L"
                        ]
                    ]
                }
            ]
        }
    ],
    "attributes": {
        "weather": "clear",
        "scene": "residential",
        "timeofday": "daytime"
    }
}