{
    "name": "000d35d3-41990aa4",
    "frames": [
        {
            "timestamp": 10000,
            "objects": [
                {
                    "category": "person",
                    "id": 0,
                    "attributes": {
                        "occluded": false,
                        "truncated": false,
                        "trafficLightColor": "none"
                    },
                    "box2d": {
                        "x1": 823.731954,
                        "y1": 362.778053,
                        "x2": 857.407554,
                        "y2": 422.475708
                    }
                },
                {
                    "category": "person",
                    "id": 1,
                    "attributes": {
                        "occluded": false,
                        "truncated": false,
                        "trafficLightColor": "none"
                    },
                    "box2d": {
                        "x1": 878.837483,
                        "y1": 358.185925,
                        "x2": 906.390247,
                        "y2": 425.537126
                    }
                },
                {
                    "category": "person",
                    "id": 2,
                    "attributes": {
                        "occluded": false,
                        "truncated": false,
                        "trafficLightColor": "none"
                    },
                    "box2d": {
                        "x1": 923.228047,
                        "y1": 352.06309,
                        "x2": 949.250101,
                        "y2": 425.537126
                    }
                },
                {
                    "category": "person",
                    "id": 3,
                    "attributes": {
                        "occluded": false,
                        "truncated": false,
                        "trafficLightColor": "none"
                    },
                    "box2d": {
                        "x1": 970.680027,
                        "y1": 340.837886,
                        "x2": 1008.947754,
                        "y2": 450.028471
                    }
                },
                {
                    "category": "person",
                    "id": 4,
                    "attributes": {
                        "occluded": false,
                        "truncated": false,
                        "trafficLightColor": "none"
                    },
                    "box2d": {
                        "x1": 1041.092646,
                        "y1": 361.247346,
                        "x2": 1080.891082,
                        "y2": 448.497764
                    }
                },
                {
                    "category": "person",
                    "id": 5,
                    "attributes": {
                        "occluded": true,
                        "truncated": false,
                        "trafficLightColor": "none"
                    },
                    "box2d": {
                        "x1": 1013.539883,
                        "y1": 344.409543,
                        "x2": 1034.96981,
                        "y2": 422.475706
                    }
                },
                {
                    "category": "person",
                    "id": 6,
                    "attributes": {
                        "occluded": true,
                        "truncated": false,
                        "trafficLightColor": "none"
                    },
                    "box2d": {
                        "x1": 1030.377681,
                        "y1": 355.124508,
                        "x2": 1051.80761,
                        "y2": 431.659961
                    }
                },
                {
                    "category": "truck",
                    "id": 7,
                    "attributes": {
                        "occluded": true,
                        "truncated": false,
                        "trafficLightColor": "none"
                    },
                    "box2d": {
                        "x1": 66.030959,
                        "y1": 278.589054,
                        "x2": 242.872504,
                        "y2": 410.740263
                    }
                },
                {
                    "category": "car",
                    "id": 8,
                    "attributes": {
                        "occluded": false,
                        "truncated": false,
                        "trafficLightColor": "none"
                    },
                    "box2d": {
                        "x1": 73.684504,
                        "y1": 315.326072,
                        "x2": 304.821576,
                        "y2": 450.028471
                    }
                },
                {
                    "category": "traffic light",
                    "id": 9,
                    "attributes": {
                        "occluded": false,
                        "truncated": false,
                        "trafficLightColor": "green"
                    },
                    "box2d": {
                        "x1": 580.349211,
                        "y1": 182.154381,
                        "x2": 600.248428,
                        "y2": 212.768563
                    }
                },
                {
                    "category": "traffic light",
                    "id": 10,
                    "attributes": {
                        "occluded": false,
                        "truncated": false,
                        "trafficLightColor": "green"
                    },
                    "box2d": {
                        "x1": 820.670538,
                        "y1": 229.606363,
                        "x2": 843.631173,
                        "y2": 255.628417
                    }
                },
                {
                    "category": "traffic light",
                    "id": 11,
                    "attributes": {
                        "occluded": false,
                        "truncated": false,
                        "trafficLightColor": "green"
                    },
                    "box2d": {
                        "x1": 266.553849,
                        "y1": 176.031546,
                        "x2": 291.045194,
                        "y2": 203.584308
                    }
                },
                {
                    "category": "traffic light",
                    "id": 12,
                    "attributes": {
                        "occluded": false,
                        "truncated": false,
                        "trafficLightColor": "green"
                    },
                    "box2d": {
                        "x1": 367.580648,
                        "y1": 320.530486,
                        "x2": 376.764903,
                        "y2": 332.776158
                    }
                },
                {
                    "category": "traffic light",
                    "id": 13,
                    "attributes": {
                        "occluded": false,
                        "truncated": false,
                        "trafficLightColor": "green"
                    },
                    "box2d": {
                        "x1": 572.695666,
                        "y1": 326.653322,
                        "x2": 581.87992,
                        "y2": 340.429704
                    }
                },
                {
                    "category": "car",
                    "id": 14,
                    "attributes": {
                        "occluded": true,
                        "truncated": false,
                        "trafficLightColor": "none"
                    },
                    "box2d": {
                        "x1": 299.50874,
                        "y1": 346.96072,
                        "x2": 334.715049,
                        "y2": 385.228449
                    }
                },
                {
                    "category": "car",
                    "id": 15,
                    "attributes": {
                        "occluded": true,
                        "truncated": false,
                        "trafficLightColor": "none"
                    },
                    "box2d": {
                        "x1": 334.715049,
                        "y1": 346.96072,
                        "x2": 363.798523,
                        "y2": 382.167031
                    }
                },
                {
                    "category": "car",
                    "id": 16,
                    "attributes": {
                        "occluded": true,
                        "truncated": false,
                        "trafficLightColor": "none"
                    },
                    "box2d": {
                        "x1": 362.267813,
                        "y1": 346.96072,
                        "x2": 385.228448,
                        "y2": 380.63632
                    }
                },
                {
                    "category": "car",
                    "id": 17,
                    "attributes": {
                        "occluded": true,
                        "truncated": false,
                        "trafficLightColor": "none"
                    },
                    "box2d": {
                        "x1": 383.69774,
                        "y1": 346.96072,
                        "x2": 411.250504,
                        "y2": 371.452069
                    }
                },
                {
                    "category": "car",
                    "id": 18,
                    "attributes": {
                        "occluded": true,
                        "truncated": false,
                        "trafficLightColor": "none"
                    },
                    "box2d": {
                        "x1": 411.250504,
                        "y1": 346.96072,
                        "x2": 428.088304,
                        "y2": 372.982775
                    }
                },
                {
                    "category": "car",
                    "id": 19,
                    "attributes": {
                        "occluded": true,
                        "truncated": false,
                        "trafficLightColor": "none"
                    },
                    "box2d": {
                        "x1": 429.619014,
                        "y1": 346.96072,
                        "x2": 444.926105,
                        "y2": 369.921357
                    }
                },
                {
                    "category": "car",
                    "id": 20,
                    "attributes": {
                        "occluded": false,
                        "truncated": false,
                        "trafficLightColor": "none"
                    },
                    "box2d": {
                        "x1": 443.395396,
                        "y1": 346.96072,
                        "x2": 492.378084,
                        "y2": 379.105613
                    }
                },
                {
                    "category": "car",
                    "id": 21,
                    "attributes": {
                        "occluded": false,
                        "truncated": false,
                        "trafficLightColor": "none"
                    },
                    "box2d": {
                        "x1": 493.908794,
                        "y1": 348.491431,
                        "x2": 516.869429,
                        "y2": 371.452067
                    }
                },
                {
                    "category": "car",
                    "id": 22,
                    "attributes": {
                        "occluded": false,
                        "truncated": false,
                        "trafficLightColor": "none"
                    },
                    "box2d": {
                        "x1": 519.930849,
                        "y1": 351.552849,
                        "x2": 538.299359,
                        "y2": 363.798522
                    }
                },
                {
                    "category": "car",
                    "id": 23,
                    "attributes": {
                        "occluded": false,
                        "truncated": false,
                        "trafficLightColor": "none"
                    },
                    "box2d": {
                        "x1": 541.360776,
                        "y1": 351.552849,
                        "x2": 561.259994,
                        "y2": 368.390649
                    }
                },
                {
                    "category": "car",
                    "id": 24,
                    "attributes": {
                        "occluded": false,
                        "truncated": false,
                        "trafficLightColor": "none"
                    },
                    "box2d": {
                        "x1": 561.259994,
                        "y1": 351.552849,
                        "x2": 578.097794,
                        "y2": 365.329231
                    }
                },
                {
                    "category": "person",
                    "id": 25,
                    "attributes": {
                        "occluded": false,
                        "truncated": false,
                        "trafficLightColor": "none"
                    },
                    "box2d": {
                        "x1": 697.493103,
                        "y1": 356.144978,
                        "x2": 718.92303,
                        "y2": 405.127666
                    }
                },
                {
                    "category": "person",
                    "id": 26,
                    "attributes": {
                        "occluded": true,
                        "truncated": false,
                        "trafficLightColor": "none"
                    },
                    "box2d": {
                        "x1": 686.778139,
                        "y1": 356.655217,
                        "x2": 703.615939,
                        "y2": 391.861526
                    }
                },
                {
                    "category": "person",
                    "id": 27,
                    "attributes": {
                        "occluded": true,
                        "truncated": false,
                        "trafficLightColor": "none"
                    },
                    "box2d": {
                        "x1": 723.515159,
                        "y1": 356.144978,
                        "x2": 744.945086,
                        "y2": 397.474122
                    }
                },
                {
                    "category": "person",
                    "id": 28,
                    "attributes": {
                        "occluded": true,
                        "truncated": false,
                        "trafficLightColor": "none"
                    },
                    "box2d": {
                        "x1": 746.475793,
                        "y1": 353.083558,
                        "x2": 765.565011,
                        "y2": 399.515071
                    }
                },
                {
                    "category": "traffic light",
                    "id": 29,
                    "attributes": {
                        "occluded": false,
                        "truncated": false,
                        "trafficLightColor": "green"
                    },
                    "box2d": {
                        "x1": 487.785958,
                        "y1": 324.000086,
                        "x2": 495.439503,
                        "y2": 337.776466
                    }
                },
                {
                    "category": "person",
                    "id": 30,
                    "attributes": {
                        "occluded": true,
                        "truncated": false,
                        "trafficLightColor": "none"
                    },
                    "box2d": {
                        "x1": 762.503593,
                        "y1": 358.185926,
                        "x2": 776.279973,
                        "y2": 397.984362
                    }
                },
                {
                    "category": "area/drivable",
                    "id": 31,
                    "attributes": {},
                    "poly2d": [
                        [
                            508.506672,
                            371.249745,
                            "L"
                        ],
                        [
                            540.569149,
                            372.937244,
                            "L"
                        ],
                        [
                            682.319052,
                            624.374571,
                            "L"
                        ],
                        [
                            525.381661,
                            602.437086,
                            "C"
                        ],
                        [
                            338.069289,
                            597.374589,
                            "C"
                        ],
                        [
                            157.506913,
                            622.687072,
                            "C"
                        ],
                        [
                            508.506672,
                            371.249745,
                            "L"
                        ]
                    ]
                },
                {
                    "category": "area/alternative",
                    "id": 32,
                    "attributes": {},
                    "poly2d": [
                        [
                            549.006644,
                            374.624742,
                            "L"
                        ],
                        [
                            581.069122,
                            372.937244,
                            "L"
                        ],
                        [
                            1222.318681,
                            678.374535,
                            "L"
                        ],
                        [
                            1053.568797,
                            646.312056,
                            "C"
                        ],
                        [
                            878.068917,
                            634.499565,
                            "C"
                        ],
                        [
                            694.131544,
                            626.06207,
                            "C"
                        ],
                        [
                            549.006644,
                            374.624742,
                            "L"
                        ]
                    ]
                },
                {
                    "category": "area/alternative",
                    "id": 33,
                    "attributes": {},
                    "poly2d": [
                        [
                            731.256518,
                            411.749717,
                            "L"
                        ],
                        [
                            1280.811619,
                            582.187099,
                            "L"
                        ],
                        [
                            1280.811619,
                            686.812028,
                            "L"
                        ],
                        [
                            692.444044,
                            415.124716,
                            "L"
                        ],
                        [
                            731.256518,
                            411.749717,
                            "L"
                        ]
                    ]
                },
                {
                    "category": "lane/road curb",
                    "id": 34,
                    "attributes": {
                        "direction": "parallel",
                        "style": "solid"
                    },
                    "poly2d": [
                        [
                            581.987157,
                            374.672737,
                            "L"
                        ],
                        [
                            1280.6437,
                            577.364546,
                            "L"
                        ]
                    ]
                },
                {
                    "category": "lane/single white",
                    "id": 35,
                    "attributes": {
                        "direction": "parallel",
                        "style": "solid"
                    },
                    "poly2d": [
                        [
                            566.631717,
                            371.601649,
                            "L"
                        ],
                        [
                            667.977621,
                            414.596881,
                            "L"
                        ]
                    ]
                },
                {
                    "category": "lane/single white",
                    "id": 36,
                    "attributes": {
                        "direction": "parallel",
                        "style": "solid"
                    },
                    "poly2d": [
                        [
                            858.385078,
                            506.729522,
                            "L"
                        ],
                        [
                            1228.451183,
                            684.852626,
                            "L"
                        ]
                    ]
                },
                {
                    "category": "lane/single white",
                    "id": 37,
                    "attributes": {
                        "direction": "parallel",
                        "style": "solid"
                    },
                    "poly2d": [
                        [
                            886.02487,
                            512.871698,
                            "L"
                        ],
                        [
                            1279.124135,
                            687.923714,
                            "L"
                        ]
                    ]
                },
                {
                    "category": "lane/single white",
                    "id": 38,
                    "attributes": {
                        "direction": "parallel",
                        "style": "solid"
                    },
                    "poly2d": [
                        [
                            609.626949,
                            494.44517,
                            "L"
                        ],
                        [
                            667.977621,
                            601.93325,
                            "L"
                        ]
                    ]
                },
                {
                    "category": "lane/single white",
                    "id": 39,
                    "attributes": {
                        "direction": "parallel",
                        "style": "solid"
                    },
                    "poly2d": [
                        [
                            618.840213,
                            497.516258,
                            "L"
                        ],
                        [
                            683.333061,
                            605.004338,
                            "L"
                        ]
                    ]
                },
                {
                    "category": "lane/single white",
                    "id": 40,
                    "attributes": {
                        "direction": "vertical",
                        "style": "solid"
                    },
                    "poly2d": [
                        [
                            354.726644,
                            480.625274,
                            "C"
                        ],
                        [
                            606.555861,
                            488.302994,
                            "C"
                        ],
                        [
                            849.171814,
                            503.658434,
                            "C"
                        ],
                        [
                            1088.716678,
                            534.369314,
                            "L"
                        ]
                    ]
                },
                {
                    "category": "lane/single white",
                    "id": 41,
                    "attributes": {
                        "direction": "vertical",
                        "style": "solid"
                    },
                    "poly2d": [
                        [
                            1067.219062,
                            522.084962,
                            "C"
                        ],
                        [
                            843.029638,
                            492.909626,
                            "C"
                        ],
                        [
                            618.840213,
                            477.554186,
                            "C"
                        ],
                        [
                            370.082084,
                            474.483097,
                            "L"
                        ]
                    ]
                },
                {
                    "category": "lane/single white",
                    "id": 42,
                    "attributes": {
                        "direction": "parallel",
                        "style": "dashed"
                    },
                    "poly2d": [
                        [
                            542.063013,
                            371.601649,
                            "L"
                        ],
                        [
                            563.560629,
                            411.525793,
                            "L"
                        ]
                    ]
                },
                {
                    "category": "lane/crosswalk",
                    "id": 43,
                    "attributes": {
                        "direction": "vertical",
                        "style": "dashed"
                    },
                    "poly2d": [
                        [
                            277.949444,
                            442.236673,
                            "C"
                        ],
                        [
                            494.461148,
                            448.378849,
                            "C"
                        ],
                        [
                            718.650573,
                            460.663201,
                            "C"
                        ],
                        [
                            925.949014,
                            479.08973,
                            "L"
                        ]
                    ]
                },
                {
                    "category": "lane/crosswalk",
                    "id": 44,
                    "attributes": {
                        "direction": "vertical",
                        "style": "dashed"
                    },
                    "poly2d": [
                        [
                            311.731412,
                            405.383617,
                            "C"
                        ],
                        [
                            465.285812,
                            405.383617,
                            "C"
                        ],
                        [
                            605.004338,
                            416.132425,
                            "C"
                        ],
                        [
                            750.896997,
                            422.274601,
                            "L"
                        ]
                    ]
                },
                {
                    "category": "lane/crosswalk",
                    "id": 45,
                    "attributes": {
                        "direction": "vertical",
                        "style": "dashed"
                    },
                    "poly2d": [
                        [
                            1.551523,
                            442.236673,
                            "L"
                        ],
                        [
                            35.333491,
                            449.914393,
                            "L"
                        ]
                    ]
                },
                {
                    "category": "lane/road curb",
                    "id": 46,
                    "attributes": {
                        "direction": "parallel",
                        "style": "solid"
                    },
                    "poly2d": [
                        [
                            78.328723,
                            406.919161,
                            "L"
                        ],
                        [
                            0,
                            420.739057,
                            "L"
                        ]
                    ]
                },
                {
                    "category": "lane/double yellow",
                    "id": 47,
                    "attributes": {
                        "direction": "parallel",
                        "style": "solid"
                    },
                    "poly2d": [
                        [
                            397.721876,
                            448.378849,
                            "L"
                        ],
                        [
                            142.821571,
                            629.573042,
                            "L"
                        ]
                    ]
                },
                {
                    "category": "lane/double yellow",
                    "id": 48,
                    "attributes": {
                        "direction": "parallel",
                        "style": "solid"
                    },
                    "poly2d": [
                        [
                            370.082084,
                            448.378849,
                            "L"
                        ],
                        [
                            76.793179,
                            628.037498,
                            "L"
                        ]
                    ]
                },
                {
                    "category": "lane/double yellow",
                    "id": 49,
                    "attributes": {
                        "direction": "parallel",
                        "style": "solid"
                    },
                    "poly2d": [
                        [
                            500.603324,
                            377.743825,
                            "L"
                        ],
                        [
                            463.750268,
                            405.383617,
                            "L"
                        ]
                    ]
                },
                {
                    "category": "lane/double yellow",
                    "id": 50,
                    "attributes": {
                        "direction": "parallel",
                        "style": "solid"
                    },
                    "poly2d": [
                        [
                            485.247884,
                            379.279369,
                            "L"
                        ],
                        [
                            442.252652,
                            403.848073,
                            "L"
                        ]
                    ]
                }
            ]
        }
    ],
    "attributes": {
        "weather": "clear",
        "scene": "city street",
        "timeofday": "night"
    }
}