{
    "name": "000e0252-8523a4a9",
    "frames": [
        {
            "timestamp": 10000,
            "objects": [
                {
                    "category": "traffic sign",
                    "id": 0,
                    "attributes": {
                        "occluded": false,
                        "truncated": false,
                        "trafficLightColor": "none"
                    },
                    "box2d": {
                        "x1": 89.838291,
                        "y1": 81.104012,
                        "x2": 124.775403,
                        "y2": 114.793371
                    }
                },
                {
                    "category": "traffic sign",
                    "id": 1,
                    "attributes": {
                        "occluded": false,
                        "truncated": false,
                        "trafficLightColor": "none"
                    },
                    "box2d": {
                        "x1": 448.193249,
                        "y1": 232.082251,
                        "x2": 470.65282,
                        "y2": 254.541823
                    }
                },
                {
                    "category": "traffic sign",
                    "id": 2,
                    "attributes": {
                        "occluded": false,
                        "truncated": false,
                        "trafficLightColor": "none"
                    },
                    "box2d": {
                        "x1": 595.428225,
                        "y1": 268.267119,
                        "x2": 631.613089,
                        "y2": 280.744654
                    }
                },
                {
                    "category": "traffic sign",
                    "id": 3,
                    "attributes": {
                        "occluded": false,
                        "truncated": false,
                        "trafficLightColor": "none"
                    },
                    "box2d": {
                        "x1": 762.128192,
                        "y1": 277.001398,
                        "x2": 785.835519,
                        "y2": 298.213215
                    }
                },
                {
                    "category": "traffic sign",
                    "id": 4,
                    "attributes": {
                        "occluded": false,
                        "truncated": false,
                        "trafficLightColor": "none"
                    },
                    "box2d": {
                        "x1": 735.925359,
                        "y1": 190.90637,
                        "x2": 753.393915,
                        "y2": 215.86145
                    }
                },
                {
                    "category": "traffic sign",
                    "id": 5,
                    "attributes": {
                        "occluded": false,
                        "truncated": false,
                        "trafficLightColor": "none"
                    },
                    "box2d": {
                        "x1": 692.253968,
                        "y1": 298.961876,
                        "x2": 702.235998,
                        "y2": 320.672788
                    }
                },
                {
                    "category": "traffic sign",
                    "id": 6,
                    "attributes": {
                        "occluded": false,
                        "truncated": false,
                        "trafficLightColor": "none"
                    },
                    "box2d": {
                        "x1": 584.198457,
                        "y1": 339.3891,
                        "x2": 596.426433,
                        "y2": 353.36394
                    }
                },
                {
                    "category": "traffic sign",
                    "id": 7,
                    "attributes": {
                        "occluded": false,
                        "truncated": false,
                        "trafficLightColor": "none"
                    },
                    "box2d": {
                        "x1": 632.611301,
                        "y1": 318.177281,
                        "x2": 652.575363,
                        "y2": 338.141344
                    }
                },
                {
                    "category": "traffic light",
                    "id": 8,
                    "attributes": {
                        "occluded": false,
                        "truncated": false,
                        "trafficLightColor": "none"
                    },
                    "box2d": {
                        "x1": 148.48273,
                        "y1": 74.865242,
                        "x2": 184.667598,
                        "y2": 142.243962
                    }
                },
                {
                    "category": "traffic light",
                    "id": 9,
                    "attributes": {
                        "occluded": false,
                        "truncated": false,
                        "trafficLightColor": "green"
                    },
                    "box2d": {
                        "x1": 667.797978,
                        "y1": 291.974446,
                        "x2": 682.771024,
                        "y2": 316.929528
                    }
                },
                {
                    "category": "traffic light",
                    "id": 10,
                    "attributes": {
                        "occluded": false,
                        "truncated": false,
                        "trafficLightColor": "green"
                    },
                    "box2d": {
                        "x1": 777.10124,
                        "y1": 230.834499,
                        "x2": 801.058094,
                        "y2": 279.496906
                    }
                },
                {
                    "category": "traffic light",
                    "id": 11,
                    "attributes": {
                        "occluded": false,
                        "truncated": false,
                        "trafficLightColor": "none"
                    },
                    "box2d": {
                        "x1": 760.880441,
                        "y1": 240.81653,
                        "x2": 774.605735,
                        "y2": 275.753645
                    }
                },
                {
                    "category": "traffic light",
                    "id": 12,
                    "attributes": {
                        "occluded": false,
                        "truncated": false,
                        "trafficLightColor": "none"
                    },
                    "box2d": {
                        "x1": 693.501719,
                        "y1": 173.437812,
                        "x2": 709.722521,
                        "y2": 210.870436
                    }
                },
                {
                    "category": "traffic light",
                    "id": 13,
                    "attributes": {
                        "occluded": false,
                        "truncated": false,
                        "trafficLightColor": "red"
                    },
                    "box2d": {
                        "x1": 429.227391,
                        "y1": 229.586744,
                        "x2": 445.448196,
                        "y2": 258.285088
                    }
                },
                {
                    "category": "traffic light",
                    "id": 14,
                    "attributes": {
                        "occluded": false,
                        "truncated": false,
                        "trafficLightColor": "green"
                    },
                    "box2d": {
                        "x1": 561.48932,
                        "y1": 233.330006,
                        "x2": 576.46237,
                        "y2": 267.019368
                    }
                },
                {
                    "category": "traffic sign",
                    "id": 15,
                    "attributes": {
                        "occluded": false,
                        "truncated": false,
                        "trafficLightColor": "none"
                    },
                    "box2d": {
                        "x1": 686.8886,
                        "y1": 320.67279,
                        "x2": 705.604911,
                        "y2": 329.407068
                    }
                },
                {
                    "category": "traffic sign",
                    "id": 16,
                    "attributes": {
                        "occluded": false,
                        "truncated": false,
                        "trafficLightColor": "none"
                    },
                    "box2d": {
                        "x1": 782.965662,
                        "y1": 324.416051,
                        "x2": 812.911761,
                        "y2": 330.654821
                    }
                },
                {
                    "category": "traffic sign",
                    "id": 17,
                    "attributes": {
                        "occluded": false,
                        "truncated": false,
                        "trafficLightColor": "none"
                    },
                    "box2d": {
                        "x1": 786.708925,
                        "y1": 333.15033,
                        "x2": 812.911759,
                        "y2": 341.884612
                    }
                },
                {
                    "category": "person",
                    "id": 18,
                    "attributes": {
                        "occluded": false,
                        "truncated": false,
                        "trafficLightColor": "none"
                    },
                    "box2d": {
                        "x1": 394.290278,
                        "y1": 361.848671,
                        "x2": 401.776795,
                        "y2": 378.069476
                    }
                },
                {
                    "category": "car",
                    "id": 19,
                    "attributes": {
                        "occluded": true,
                        "truncated": false,
                        "trafficLightColor": "none"
                    },
                    "box2d": {
                        "x1": 975.340734,
                        "y1": 325.663804,
                        "x2": 1102.611648,
                        "y2": 389.299264
                    }
                },
                {
                    "category": "car",
                    "id": 20,
                    "attributes": {
                        "occluded": true,
                        "truncated": false,
                        "trafficLightColor": "none"
                    },
                    "box2d": {
                        "x1": 1065.179026,
                        "y1": 316.929527,
                        "x2": 1238.616838,
                        "y2": 390.547013
                    }
                },
                {
                    "category": "car",
                    "id": 21,
                    "attributes": {
                        "occluded": false,
                        "truncated": false,
                        "trafficLightColor": "none"
                    },
                    "box2d": {
                        "x1": 504.342199,
                        "y1": 353.363942,
                        "x2": 517.817926,
                        "y2": 366.839692
                    }
                },
                {
                    "category": "car",
                    "id": 22,
                    "attributes": {
                        "occluded": false,
                        "truncated": false,
                        "trafficLightColor": "none"
                    },
                    "box2d": {
                        "x1": 526.801772,
                        "y1": 354.611694,
                        "x2": 535.286484,
                        "y2": 365.841485
                    }
                },
                {
                    "category": "car",
                    "id": 23,
                    "attributes": {
                        "occluded": true,
                        "truncated": false,
                        "trafficLightColor": "none"
                    },
                    "box2d": {
                        "x1": 566.7299,
                        "y1": 354.611694,
                        "x2": 584.198457,
                        "y2": 368.65066
                    }
                },
                {
                    "category": "car",
                    "id": 24,
                    "attributes": {
                        "occluded": true,
                        "truncated": false,
                        "trafficLightColor": "none"
                    },
                    "box2d": {
                        "x1": 587.692154,
                        "y1": 352.698482,
                        "x2": 612.647234,
                        "y2": 372.662549
                    }
                },
                {
                    "category": "car",
                    "id": 25,
                    "attributes": {
                        "occluded": true,
                        "truncated": false,
                        "trafficLightColor": "none"
                    },
                    "box2d": {
                        "x1": 601.417449,
                        "y1": 350.202974,
                        "x2": 636.354562,
                        "y2": 376.405808
                    }
                },
                {
                    "category": "traffic light",
                    "id": 26,
                    "attributes": {
                        "occluded": false,
                        "truncated": false,
                        "trafficLightColor": "none"
                    },
                    "box2d": {
                        "x1": 809.542847,
                        "y1": 277.750059,
                        "x2": 824.515896,
                        "y2": 305.200646
                    }
                },
                {
                    "category": "traffic light",
                    "id": 27,
                    "attributes": {
                        "occluded": false,
                        "truncated": false,
                        "trafficLightColor": "none"
                    },
                    "box2d": {
                        "x1": 838.241188,
                        "y1": 276.502303,
                        "x2": 849.470976,
                        "y2": 306.448402
                    }
                },
                {
                    "category": "traffic sign",
                    "id": 28,
                    "attributes": {
                        "occluded": false,
                        "truncated": false,
                        "trafficLightColor": "none"
                    },
                    "box2d": {
                        "x1": 0,
                        "y1": 258.08268,
                        "x2": 8.379308,
                        "y2": 274.841296
                    }
                },
                {
                    "category": "traffic light",
                    "id": 29,
                    "attributes": {
                        "occluded": false,
                        "truncated": false,
                        "trafficLightColor": "none"
                    },
                    "box2d": {
                        "x1": 55.303431,
                        "y1": 301.655081,
                        "x2": 65.358601,
                        "y2": 328.468866
                    }
                },
                {
                    "category": "traffic sign",
                    "id": 30,
                    "attributes": {
                        "occluded": false,
                        "truncated": false,
                        "trafficLightColor": "none"
                    },
                    "box2d": {
                        "x1": 1252.203778,
                        "y1": 320.089558,
                        "x2": 1272.314117,
                        "y2": 340.199897
                    }
                },
                {
                    "category": "area/drivable",
                    "id": 31,
                    "attributes": {},
                    "poly2d": [
                        [
                            159.712518,
                            719.954083,
                            "L"
                        ],
                        [
                            512.826912,
                            369.335196,
                            "L"
                        ],
                        [
                            542.773009,
                            370.582952,
                            "L"
                        ],
                        [
                            1026.901577,
                            636.354562,
                            "L"
                        ],
                        [
                            937.063286,
                            627.620282,
                            "C"
                        ],
                        [
                            527.799961,
                            651.327609,
                            "C"
                        ],
                        [
                            237.073268,
                            719.954083,
                            "C"
                        ],
                        [
                            159.712518,
                            719.954083,
                            "L"
                        ]
                    ]
                },
                {
                    "category": "area/alternative",
                    "id": 32,
                    "attributes": {},
                    "poly2d": [
                        [
                            552.755041,
                            370.582952,
                            "L"
                        ],
                        [
                            1055.599919,
                            633.859053,
                            "L"
                        ],
                        [
                            1280.195649,
                            635.106809,
                            "L"
                        ],
                        [
                            1280.195649,
                            469.15552,
                            "L"
                        ],
                        [
                            1021.910561,
                            429.22739,
                            "L"
                        ],
                        [
                            822.269914,
                            436.713915,
                            "C"
                        ],
                        [
                            724.945099,
                            422.98862,
                            "C"
                        ],
                        [
                            752.395688,
                            386.803752,
                            "C"
                        ],
                        [
                            552.755041,
                            370.582952,
                            "L"
                        ]
                    ]
                },
                {
                    "category": "area/alternative",
                    "id": 33,
                    "attributes": {},
                    "poly2d": [
                        [
                            291.974446,
                            421.740866,
                            "L"
                        ],
                        [
                            0,
                            507.835896,
                            "L"
                        ],
                        [
                            0,
                            719.954083,
                            "L"
                        ],
                        [
                            108.554602,
                            719.954083,
                            "L"
                        ],
                        [
                            482.880815,
                            389.299261,
                            "L"
                        ],
                        [
                            279.496906,
                            396.785786,
                            "L"
                        ],
                        [
                            291.974446,
                            421.740866,
                            "L"
                        ]
                    ]
                },
                {
                    "category": "lane/road curb",
                    "id": 34,
                    "attributes": {
                        "direction": "parallel",
                        "style": "solid"
                    },
                    "poly2d": [
                        [
                            768.418595,
                            405.166168,
                            "C"
                        ],
                        [
                            823.305637,
                            455.063479,
                            "C"
                        ],
                        [
                            970.003732,
                            393.190813,
                            "C"
                        ],
                        [
                            1277.37117,
                            466.040888,
                            "L"
                        ]
                    ]
                },
                {
                    "category": "lane/road curb",
                    "id": 35,
                    "attributes": {
                        "direction": "parallel",
                        "style": "solid"
                    },
                    "poly2d": [
                        [
                            284.414675,
                            424.127146,
                            "L"
                        ],
                        [
                            0.997946,
                            505.958737,
                            "L"
                        ]
                    ]
                },
                {
                    "category": "lane/road curb",
                    "id": 36,
                    "attributes": {
                        "direction": "parallel",
                        "style": "solid"
                    },
                    "poly2d": [
                        [
                            356.266803,
                            386.20519,
                            "L"
                        ],
                        [
                            227.53174,
                            400.176437,
                            "L"
                        ]
                    ]
                },
                {
                    "category": "lane/crosswalk",
                    "id": 37,
                    "attributes": {
                        "direction": "vertical",
                        "style": "dashed"
                    },
                    "poly2d": [
                        [
                            730.496638,
                            382.213405,
                            "L"
                        ],
                        [
                            757.441186,
                            387.203136,
                            "L"
                        ]
                    ]
                },
                {
                    "category": "lane/crosswalk",
                    "id": 38,
                    "attributes": {
                        "direction": "vertical",
                        "style": "dashed"
                    },
                    "poly2d": [
                        [
                            295.392083,
                            419.137415,
                            "C"
                        ],
                        [
                            439.09634,
                            410.155899,
                            "C"
                        ],
                        [
                            590.784166,
                            405.166168,
                            "C"
                        ],
                        [
                            739.478154,
                            404.168222,
                            "L"
                        ]
                    ]
                },
                {
                    "category": "lane/crosswalk",
                    "id": 39,
                    "attributes": {
                        "direction": "vertical",
                        "style": "dashed"
                    },
                    "poly2d": [
                        [
                            716.525391,
                            400.176437,
                            "C"
                        ],
                        [
                            583.798543,
                            390.196975,
                            "C"
                        ],
                        [
                            413.149738,
                            405.166168,
                            "C"
                        ],
                        [
                            286.410567,
                            414.147684,
                            "L"
                        ]
                    ]
                },
                {
                    "category": "lane/crosswalk",
                    "id": 40,
                    "attributes": {
                        "direction": "vertical",
                        "style": "dashed"
                    },
                    "poly2d": [
                        [
                            273.437266,
                            397.182598,
                            "C"
                        ],
                        [
                            384.209297,
                            389.199028,
                            "C"
                        ],
                        [
                            504.960791,
                            381.215459,
                            "C"
                        ],
                        [
                            617.728714,
                            381.215459,
                            "L"
                        ]
                    ]
                },
                {
                    "category": "lane/road curb",
                    "id": 41,
                    "attributes": {
                        "direction": "parallel",
                        "style": "solid"
                    },
                    "poly2d": [
                        [
                            619.724607,
                            376.225727,
                            "C"
                        ],
                        [
                            646.669155,
                            389.199028,
                            "C"
                        ],
                        [
                            713.531552,
                            381.215459,
                            "C"
                        ],
                        [
                            760.435025,
                            383.211351,
                            "L"
                        ]
                    ]
                },
                {
                    "category": "lane/single white",
                    "id": 42,
                    "attributes": {
                        "direction": "parallel",
                        "style": "dashed"
                    },
                    "poly2d": [
                        [
                            542.882747,
                            367.244211,
                            "L"
                        ],
                        [
                            566.833457,
                            379.219566,
                            "L"
                        ]
                    ]
                },
                {
                    "category": "lane/road curb",
                    "id": 43,
                    "attributes": {
                        "direction": "parallel",
                        "style": "solid"
                    },
                    "poly2d": [
                        [
                            396.184652,
                            387.203136,
                            "L"
                        ],
                        [
                            487.995705,
                            381.215459,
                            "L"
                        ]
                    ]
                },
                {
                    "category": "lane/single white",
                    "id": 44,
                    "attributes": {
                        "direction": "parallel",
                        "style": "dashed"
                    },
                    "poly2d": [
                        [
                            614.734876,
                            406.164114,
                            "L"
                        ],
                        [
                            1025.888721,
                            631.699961,
                            "L"
                        ]
                    ]
                },
                {
                    "category": "lane/single white",
                    "id": 45,
                    "attributes": {
                        "direction": "parallel",
                        "style": "dashed"
                    },
                    "poly2d": [
                        [
                            624.714338,
                            405.166168,
                            "L"
                        ],
                        [
                            1051.835323,
                            629.704069,
                            "L"
                        ]
                    ]
                },
                {
                    "category": "lane/single white",
                    "id": 46,
                    "attributes": {
                        "direction": "parallel",
                        "style": "solid"
                    },
                    "poly2d": [
                        [
                            467.038834,
                            412.151792,
                            "L"
                        ],
                        [
                            161.667289,
                            719.519229,
                            "L"
                        ]
                    ]
                },
                {
                    "category": "lane/single white",
                    "id": 47,
                    "attributes": {
                        "direction": "parallel",
                        "style": "solid"
                    },
                    "poly2d": [
                        [
                            459.055264,
                            412.151792,
                            "L"
                        ],
                        [
                            107.778192,
                            717.523337,
                            "L"
                        ]
                    ]
                },
                {
                    "category": "lane/crosswalk",
                    "id": 48,
                    "attributes": {
                        "direction": "vertical",
                        "style": "dashed"
                    },
                    "poly2d": [
                        [
                            0,
                            436.102501,
                            "L"
                        ],
                        [
                            76.841859,
                            431.11277,
                            "L"
                        ]
                    ]
                },
                {
                    "category": "lane/crosswalk",
                    "id": 49,
                    "attributes": {
                        "direction": "vertical",
                        "style": "dashed"
                    },
                    "poly2d": [
                        [
                            91.811053,
                            424.127146,
                            "L"
                        ],
                        [
                            0.997946,
                            431.11277,
                            "L"
                        ]
                    ]
                },
                {
                    "category": "lane/single white",
                    "id": 50,
                    "attributes": {
                        "direction": "parallel",
                        "style": "solid"
                    },
                    "poly2d": [
                        [
                            0.997946,
                            419.137415,
                            "L"
                        ],
                        [
                            73.848021,
                            412.151792,
                            "L"
                        ]
                    ]
                },
                {
                    "category": "lane/road curb",
                    "id": 51,
                    "attributes": {
                        "direction": "parallel",
                        "style": "solid"
                    },
                    "poly2d": [
                        [
                            2.993839,
                            415.14563,
                            "L"
                        ],
                        [
                            59.876774,
                            411.153845,
                            "L"
                        ]
                    ]
                }
            ]
        }
    ],
    "attributes": {
        "weather": "clear",
        "scene": "city street",
        "timeofday": "daytime"
    }
}