{
    "name": "000f157f-dab3a407",
    "frames": [
        {
            "timestamp": 10000,
            "objects": [
                {
                    "category": "person",
                    "id": 0,
                    "attributes": {
                        "occluded": true,
                        "truncated": false,
                        "trafficLightColor": "none"
                    },
                    "box2d": {
                        "x1": 195.981891,
                        "y1": 293.962293,
                        "x2": 222.981873,
                        "y2": 380.024735
                    }
                },
                {
                    "category": "person",
                    "id": 1,
                    "attributes": {
                        "occluded": true,
                        "truncated": false,
                        "trafficLightColor": "none"
                    },
                    "box2d": {
                        "x1": 136.919432,
                        "y1": 288.899797,
                        "x2": 168.98191,
                        "y2": 374.962238
                    }
                },
                {
                    "category": "person",
                    "id": 2,
                    "attributes": {
                        "occluded": true,
                        "truncated": false,
                        "trafficLightColor": "none"
                    },
                    "box2d": {
                        "x1": 116.669447,
                        "y1": 287.212297,
                        "x2": 138.60693,
                        "y2": 368.212241
                    }
                },
                {
                    "category": "person",
                    "id": 3,
                    "attributes": {
                        "occluded": true,
                        "truncated": false,
                        "trafficLightColor": "none"
                    },
                    "box2d": {
                        "x1": 354.606782,
                        "y1": 307.462285,
                        "x2": 371.481771,
                        "y2": 334.462266
                    }
                },
                {
                    "category": "person",
                    "id": 4,
                    "attributes": {
                        "occluded": true,
                        "truncated": false,
                        "trafficLightColor": "none"
                    },
                    "box2d": {
                        "x1": 386.669261,
                        "y1": 307.462285,
                        "x2": 398.481752,
                        "y2": 339.524763
                    }
                },
                {
                    "category": "person",
                    "id": 5,
                    "attributes": {
                        "occluded": true,
                        "truncated": false,
                        "trafficLightColor": "none"
                    },
                    "box2d": {
                        "x1": 401.856751,
                        "y1": 300.712288,
                        "x2": 422.106737,
                        "y2": 339.524763
                    }
                },
                {
                    "category": "person",
                    "id": 6,
                    "attributes": {
                        "occluded": true,
                        "truncated": false,
                        "trafficLightColor": "none"
                    },
                    "box2d": {
                        "x1": 1124.106254,
                        "y1": 305.774785,
                        "x2": 1184.856213,
                        "y2": 447.524686
                    }
                },
                {
                    "category": "car",
                    "id": 7,
                    "attributes": {
                        "occluded": true,
                        "truncated": false,
                        "trafficLightColor": "none"
                    },
                    "box2d": {
                        "x1": 616.169103,
                        "y1": 326.024771,
                        "x2": 638.106587,
                        "y2": 373.274738
                    }
                },
                {
                    "category": "car",
                    "id": 8,
                    "attributes": {
                        "occluded": true,
                        "truncated": false,
                        "trafficLightColor": "none"
                    },
                    "box2d": {
                        "x1": 590.85662,
                        "y1": 305.774785,
                        "x2": 624.606597,
                        "y2": 381.712233
                    }
                },
                {
                    "category": "car",
                    "id": 9,
                    "attributes": {
                        "occluded": true,
                        "truncated": false,
                        "trafficLightColor": "none"
                    },
                    "box2d": {
                        "x1": 519.981669,
                        "y1": 293.962293,
                        "x2": 607.731608,
                        "y2": 395.212223
                    }
                },
                {
                    "category": "car",
                    "id": 10,
                    "attributes": {
                        "occluded": true,
                        "truncated": false,
                        "trafficLightColor": "none"
                    },
                    "box2d": {
                        "x1": 435.606727,
                        "y1": 288.899797,
                        "x2": 579.044128,
                        "y2": 415.462208
                    }
                },
                {
                    "category": "car",
                    "id": 11,
                    "attributes": {
                        "occluded": true,
                        "truncated": false,
                        "trafficLightColor": "none"
                    },
                    "box2d": {
                        "x1": 727.544026,
                        "y1": 302.399787,
                        "x2": 813.606468,
                        "y2": 347.962255
                    }
                },
                {
                    "category": "car",
                    "id": 12,
                    "attributes": {
                        "occluded": true,
                        "truncated": false,
                        "trafficLightColor": "none"
                    },
                    "box2d": {
                        "x1": 975.606356,
                        "y1": 277.087303,
                        "x2": 1189.918708,
                        "y2": 449.212186
                    }
                },
                {
                    "category": "bus",
                    "id": 13,
                    "attributes": {
                        "occluded": true,
                        "truncated": false,
                        "trafficLightColor": "none"
                    },
                    "box2d": {
                        "x1": 877.731423,
                        "y1": 295.649792,
                        "x2": 968.856359,
                        "y2": 368.21224
                    }
                },
                {
                    "category": "bus",
                    "id": 14,
                    "attributes": {
                        "occluded": true,
                        "truncated": false,
                        "trafficLightColor": "none"
                    },
                    "box2d": {
                        "x1": 626.294097,
                        "y1": 305.774785,
                        "x2": 741.044018,
                        "y2": 347.962256
                    }
                },
                {
                    "category": "car",
                    "id": 15,
                    "attributes": {
                        "occluded": false,
                        "truncated": false,
                        "trafficLightColor": "none"
                    },
                    "box2d": {
                        "x1": 666.794068,
                        "y1": 317.587276,
                        "x2": 715.731535,
                        "y2": 359.774748
                    }
                },
                {
                    "category": "car",
                    "id": 16,
                    "attributes": {
                        "occluded": false,
                        "truncated": false,
                        "trafficLightColor": "none"
                    },
                    "box2d": {
                        "x1": 703.919042,
                        "y1": 317.587276,
                        "x2": 918.231394,
                        "y2": 482.962164
                    }
                },
                {
                    "category": "car",
                    "id": 17,
                    "attributes": {
                        "occluded": true,
                        "truncated": true,
                        "trafficLightColor": "none"
                    },
                    "box2d": {
                        "x1": 1164.606227,
                        "y1": 324.337271,
                        "x2": 1279.356148,
                        "y2": 449.212186
                    }
                },
                {
                    "category": "traffic sign",
                    "id": 18,
                    "attributes": {
                        "occluded": false,
                        "truncated": false,
                        "trafficLightColor": "none"
                    },
                    "box2d": {
                        "x1": 837.231451,
                        "y1": 297.337291,
                        "x2": 849.043941,
                        "y2": 314.21228
                    }
                },
                {
                    "category": "traffic sign",
                    "id": 19,
                    "attributes": {
                        "occluded": false,
                        "truncated": false,
                        "trafficLightColor": "none"
                    },
                    "box2d": {
                        "x1": 874.356424,
                        "y1": 283.8373,
                        "x2": 891.231413,
                        "y2": 293.962293
                    }
                },
                {
                    "category": "traffic sign",
                    "id": 20,
                    "attributes": {
                        "occluded": false,
                        "truncated": false,
                        "trafficLightColor": "none"
                    },
                    "box2d": {
                        "x1": 315.794309,
                        "y1": 204.524854,
                        "x2": 332.669298,
                        "y2": 245.024825
                    }
                },
                {
                    "category": "area/drivable",
                    "id": 21,
                    "attributes": {},
                    "poly2d": [
                        [
                            657.646562,
                            362.254479,
                            "L"
                        ],
                        [
                            705.547982,
                            362.254479,
                            "L"
                        ],
                        [
                            696.566467,
                            478.016243,
                            "L"
                        ],
                        [
                            921.104367,
                            482.008027,
                            "L"
                        ],
                        [
                            1106.722365,
                            606.751306,
                            "L"
                        ],
                        [
                            740.476101,
                            584.796489,
                            "C"
                        ],
                        [
                            379.219566,
                            536.89507,
                            "C"
                        ],
                        [
                            0,
                            662.636295,
                            "C"
                        ],
                        [
                            0,
                            581.80265,
                            "L"
                        ],
                        [
                            293.396191,
                            603.757467,
                            "C"
                        ],
                        [
                            385.207243,
                            526.915608,
                            "C"
                        ],
                        [
                            549.868371,
                            428.118931,
                            "C"
                        ],
                        [
                            657.646562,
                            362.254479,
                            "L"
                        ]
                    ]
                },
                {
                    "category": "area/alternative",
                    "id": 22,
                    "attributes": {},
                    "poly2d": [
                        [
                            1280.365009,
                            534.899176,
                            "L"
                        ],
                        [
                            972.997571,
                            433.108662,
                            "L"
                        ],
                        [
                            960.02427,
                            394.18876,
                            "L"
                        ],
                        [
                            917.112582,
                            380.217512,
                            "L"
                        ],
                        [
                            930.085883,
                            479.014189,
                            "L"
                        ],
                        [
                            1124.685398,
                            608.747198,
                            "L"
                        ],
                        [
                            1280.365009,
                            623.716392,
                            "L"
                        ],
                        [
                            1280.365009,
                            534.899176,
                            "L"
                        ]
                    ]
                },
                {
                    "category": "area/alternative",
                    "id": 23,
                    "attributes": {},
                    "poly2d": [
                        [
                            1279.367063,
                            518.932039,
                            "L"
                        ],
                        [
                            1077.781925,
                            454.065533,
                            "L"
                        ],
                        [
                            1222.484129,
                            452.069641,
                            "L"
                        ],
                        [
                            1280.365009,
                            460.05321,
                            "L"
                        ],
                        [
                            1279.367063,
                            518.932039,
                            "L"
                        ]
                    ]
                },
                {
                    "category": "lane/single white",
                    "id": 24,
                    "attributes": {
                        "direction": "parallel",
                        "style": "dashed"
                    },
                    "poly2d": [
                        [
                            918.055321,
                            402.585739,
                            "L"
                        ],
                        [
                            1156.654933,
                            489.847211,
                            "L"
                        ]
                    ]
                },
                {
                    "category": "lane/single white",
                    "id": 25,
                    "attributes": {
                        "direction": "parallel",
                        "style": "dashed"
                    },
                    "poly2d": [
                        [
                            909.064573,
                            376.612465,
                            "L"
                        ],
                        [
                            974.996728,
                            394.593963,
                            "L"
                        ]
                    ]
                },
                {
                    "category": "lane/single white",
                    "id": 26,
                    "attributes": {
                        "direction": "parallel",
                        "style": "solid"
                    },
                    "poly2d": [
                        [
                            666.314363,
                            352.637136,
                            "L"
                        ],
                        [
                            540.443882,
                            428.559013,
                            "L"
                        ]
                    ]
                },
                {
                    "category": "lane/single white",
                    "id": 27,
                    "attributes": {
                        "direction": "parallel",
                        "style": "solid"
                    },
                    "poly2d": [
                        [
                            92.904402,
                            462.524063,
                            "L"
                        ],
                        [
                            337.250829,
                            412.907859,
                            "L"
                        ]
                    ]
                },
                {
                    "category": "lane/crosswalk",
                    "id": 28,
                    "attributes": {
                        "direction": "vertical",
                        "style": "dashed"
                    },
                    "poly2d": [
                        [
                            0,
                            461.525091,
                            "L"
                        ],
                        [
                            192.801607,
                            465.520979,
                            "L"
                        ]
                    ]
                },
                {
                    "category": "lane/crosswalk",
                    "id": 29,
                    "attributes": {
                        "direction": "vertical",
                        "style": "dashed"
                    },
                    "poly2d": [
                        [
                            488.497336,
                            462.524063,
                            "C"
                        ],
                        [
                            725.253714,
                            468.517895,
                            "C"
                        ],
                        [
                            1009.960749,
                            471.514811,
                            "C"
                        ],
                        [
                            1279.683206,
                            497.488085,
                            "L"
                        ]
                    ]
                },
                {
                    "category": "lane/crosswalk",
                    "id": 30,
                    "attributes": {
                        "direction": "vertical",
                        "style": "dashed"
                    },
                    "poly2d": [
                        [
                            314.676198,
                            567.416129,
                            "L"
                        ],
                        [
                            1279.683206,
                            599.383235,
                            "L"
                        ]
                    ]
                },
                {
                    "category": "lane/road curb",
                    "id": 31,
                    "attributes": {
                        "direction": "parallel",
                        "style": "solid"
                    },
                    "poly2d": [
                        [
                            0.998972,
                            447.539482,
                            "L"
                        ],
                        [
                            332.657696,
                            394.593963,
                            "L"
                        ]
                    ]
                },
                {
                    "category": "lane/road curb",
                    "id": 32,
                    "attributes": {
                        "direction": "parallel",
                        "style": "solid"
                    },
                    "poly2d": [
                        [
                            1.997944,
                            578.404822,
                            "C"
                        ],
                        [
                            306.684422,
                            577.405849,
                            "C"
                        ],
                        [
                            357.631997,
                            539.444911,
                            "C"
                        ],
                        [
                            526.458274,
                            437.549761,
                            "L"
                        ]
                    ]
                },
                {
                    "category": "lane/crosswalk",
                    "id": 33,
                    "attributes": {
                        "direction": "vertical",
                        "style": "dashed"
                    },
                    "poly2d": [
                        [
                            636.345201,
                            351.638164,
                            "L"
                        ],
                        [
                            669.311279,
                            352.637136,
                            "L"
                        ]
                    ]
                },
                {
                    "category": "lane/crosswalk",
                    "id": 34,
                    "attributes": {
                        "direction": "vertical",
                        "style": "dashed"
                    },
                    "poly2d": [
                        [
                            636.345201,
                            346.643304,
                            "L"
                        ],
                        [
                            670.310252,
                            347.642276,
                            "L"
                        ]
                    ]
                },
                {
                    "category": "lane/single white",
                    "id": 35,
                    "attributes": {
                        "direction": "parallel",
                        "style": "solid"
                    },
                    "poly2d": [
                        [
                            634.347257,
                            358.630969,
                            "L"
                        ],
                        [
                            646.334921,
                            362.626857,
                            "L"
                        ]
                    ]
                }
            ]
        }
    ],
    "attributes": {
        "weather": "undefined",
        "scene": "city street",
        "timeofday": "daytime"
    }
}