{
    "name": "000f157f-37797ff9",
    "frames": [
        {
            "timestamp": 10000,
            "objects": [
                {
                    "category": "traffic light",
                    "id": 0,
                    "attributes": {
                        "occluded": false,
                        "truncated": false,
                        "trafficLightColor": "green"
                    },
                    "box2d": {
                        "x1": 694.444436,
                        "y1": 197.695055,
                        "x2": 715.412094,
                        "y2": 223.155782
                    }
                },
                {
                    "category": "traffic light",
                    "id": 1,
                    "attributes": {
                        "occluded": false,
                        "truncated": false,
                        "trafficLightColor": "green"
                    },
                    "box2d": {
                        "x1": 967.023983,
                        "y1": 182.718157,
                        "x2": 983.49857,
                        "y2": 212.671954
                    }
                },
                {
                    "category": "traffic light",
                    "id": 2,
                    "attributes": {
                        "occluded": false,
                        "truncated": false,
                        "trafficLightColor": "green"
                    },
                    "box2d": {
                        "x1": 736.379754,
                        "y1": 301.035653,
                        "x2": 743.868202,
                        "y2": 314.514861
                    }
                },
                {
                    "category": "traffic light",
                    "id": 3,
                    "attributes": {
                        "occluded": false,
                        "truncated": false,
                        "trafficLightColor": "green"
                    },
                    "box2d": {
                        "x1": 763.338168,
                        "y1": 302.533342,
                        "x2": 772.324308,
                        "y2": 317.510239
                    }
                },
                {
                    "category": "traffic light",
                    "id": 4,
                    "attributes": {
                        "occluded": false,
                        "truncated": false,
                        "trafficLightColor": "red"
                    },
                    "box2d": {
                        "x1": 1035.917713,
                        "y1": 284.561065,
                        "x2": 1053.889991,
                        "y2": 299.537963
                    }
                },
                {
                    "category": "traffic sign",
                    "id": 5,
                    "attributes": {
                        "occluded": false,
                        "truncated": false,
                        "trafficLightColor": "none"
                    },
                    "box2d": {
                        "x1": 821.748071,
                        "y1": 314.514861,
                        "x2": 833.72959,
                        "y2": 326.49638
                    }
                },
                {
                    "category": "traffic sign",
                    "id": 6,
                    "attributes": {
                        "occluded": false,
                        "truncated": false,
                        "trafficLightColor": "none"
                    },
                    "box2d": {
                        "x1": 703.430576,
                        "y1": 295.044893,
                        "x2": 715.412094,
                        "y2": 302.533342
                    }
                },
                {
                    "category": "traffic sign",
                    "id": 7,
                    "attributes": {
                        "occluded": false,
                        "truncated": false,
                        "trafficLightColor": "none"
                    },
                    "box2d": {
                        "x1": 700.435197,
                        "y1": 305.528722,
                        "x2": 712.416715,
                        "y2": 314.514861
                    }
                },
                {
                    "category": "traffic sign",
                    "id": 8,
                    "attributes": {
                        "occluded": false,
                        "truncated": false,
                        "trafficLightColor": "none"
                    },
                    "box2d": {
                        "x1": 788.798895,
                        "y1": 317.51024,
                        "x2": 800.780413,
                        "y2": 327.994069
                    }
                },
                {
                    "category": "car",
                    "id": 9,
                    "attributes": {
                        "occluded": true,
                        "truncated": false,
                        "trafficLightColor": "none"
                    },
                    "box2d": {
                        "x1": 713.914405,
                        "y1": 326.496379,
                        "x2": 731.886682,
                        "y2": 341.473276
                    }
                },
                {
                    "category": "car",
                    "id": 10,
                    "attributes": {
                        "occluded": true,
                        "truncated": false,
                        "trafficLightColor": "none"
                    },
                    "box2d": {
                        "x1": 697.439816,
                        "y1": 323.501,
                        "x2": 712.416717,
                        "y2": 338.477897
                    }
                },
                {
                    "category": "car",
                    "id": 11,
                    "attributes": {
                        "occluded": true,
                        "truncated": false,
                        "trafficLightColor": "none"
                    },
                    "box2d": {
                        "x1": 679.467539,
                        "y1": 326.496379,
                        "x2": 700.435197,
                        "y2": 339.975588
                    }
                },
                {
                    "category": "car",
                    "id": 12,
                    "attributes": {
                        "occluded": true,
                        "truncated": false,
                        "trafficLightColor": "none"
                    },
                    "box2d": {
                        "x1": 658.499881,
                        "y1": 323.501,
                        "x2": 676.472158,
                        "y2": 339.975588
                    }
                },
                {
                    "category": "car",
                    "id": 13,
                    "attributes": {
                        "occluded": true,
                        "truncated": false,
                        "trafficLightColor": "none"
                    },
                    "box2d": {
                        "x1": 582.1177,
                        "y1": 329.491759,
                        "x2": 613.569187,
                        "y2": 342.970967
                    }
                },
                {
                    "category": "car",
                    "id": 14,
                    "attributes": {
                        "occluded": true,
                        "truncated": false,
                        "trafficLightColor": "none"
                    },
                    "box2d": {
                        "x1": 550.666214,
                        "y1": 324.998691,
                        "x2": 583.615391,
                        "y2": 344.468658
                    }
                },
                {
                    "category": "car",
                    "id": 15,
                    "attributes": {
                        "occluded": true,
                        "truncated": false,
                        "trafficLightColor": "none"
                    },
                    "box2d": {
                        "x1": 516.219349,
                        "y1": 326.496379,
                        "x2": 535.689317,
                        "y2": 345.966347
                    }
                },
                {
                    "category": "car",
                    "id": 16,
                    "attributes": {
                        "occluded": true,
                        "truncated": false,
                        "trafficLightColor": "none"
                    },
                    "box2d": {
                        "x1": 477.279413,
                        "y1": 319.00793,
                        "x2": 517.717037,
                        "y2": 353.454796
                    }
                },
                {
                    "category": "car",
                    "id": 17,
                    "attributes": {
                        "occluded": true,
                        "truncated": false,
                        "trafficLightColor": "none"
                    },
                    "box2d": {
                        "x1": 423.362582,
                        "y1": 320.505619,
                        "x2": 469.790966,
                        "y2": 359.445554
                    }
                },
                {
                    "category": "car",
                    "id": 18,
                    "attributes": {
                        "occluded": true,
                        "truncated": false,
                        "trafficLightColor": "none"
                    },
                    "box2d": {
                        "x1": 376.934196,
                        "y1": 326.496379,
                        "x2": 423.362582,
                        "y2": 353.454796
                    }
                },
                {
                    "category": "car",
                    "id": 19,
                    "attributes": {
                        "occluded": true,
                        "truncated": false,
                        "trafficLightColor": "none"
                    },
                    "box2d": {
                        "x1": 340.98964,
                        "y1": 329.491759,
                        "x2": 373.938817,
                        "y2": 353.454796
                    }
                },
                {
                    "category": "car",
                    "id": 20,
                    "attributes": {
                        "occluded": true,
                        "truncated": false,
                        "trafficLightColor": "none"
                    },
                    "box2d": {
                        "x1": 312.533535,
                        "y1": 336.980208,
                        "x2": 352.97116,
                        "y2": 356.450176
                    }
                },
                {
                    "category": "car",
                    "id": 21,
                    "attributes": {
                        "occluded": false,
                        "truncated": false,
                        "trafficLightColor": "none"
                    },
                    "box2d": {
                        "x1": 155.276105,
                        "y1": 323.501,
                        "x2": 222.672146,
                        "y2": 356.450176
                    }
                },
                {
                    "category": "car",
                    "id": 22,
                    "attributes": {
                        "occluded": true,
                        "truncated": false,
                        "trafficLightColor": "none"
                    },
                    "box2d": {
                        "x1": 752.85434,
                        "y1": 323.501,
                        "x2": 770.826617,
                        "y2": 335.482518
                    }
                },
                {
                    "category": "car",
                    "id": 23,
                    "attributes": {
                        "occluded": true,
                        "truncated": false,
                        "trafficLightColor": "none"
                    },
                    "box2d": {
                        "x1": 767.831237,
                        "y1": 322.00331,
                        "x2": 784.305825,
                        "y2": 329.491759
                    }
                },
                {
                    "category": "car",
                    "id": 24,
                    "attributes": {
                        "occluded": true,
                        "truncated": false,
                        "trafficLightColor": "none"
                    },
                    "box2d": {
                        "x1": 736.379754,
                        "y1": 323.501,
                        "x2": 748.361272,
                        "y2": 335.482518
                    }
                },
                {
                    "category": "car",
                    "id": 25,
                    "attributes": {
                        "occluded": true,
                        "truncated": false,
                        "trafficLightColor": "none"
                    },
                    "box2d": {
                        "x1": 740.872821,
                        "y1": 324.998691,
                        "x2": 754.352029,
                        "y2": 335.482518
                    }
                },
                {
                    "category": "car",
                    "id": 26,
                    "attributes": {
                        "occluded": true,
                        "truncated": false,
                        "trafficLightColor": "none"
                    },
                    "box2d": {
                        "x1": 790.296585,
                        "y1": 329.491759,
                        "x2": 803.775793,
                        "y2": 338.477898
                    }
                },
                {
                    "category": "car",
                    "id": 27,
                    "attributes": {
                        "occluded": true,
                        "truncated": false,
                        "trafficLightColor": "none"
                    },
                    "box2d": {
                        "x1": 838.222659,
                        "y1": 327.994069,
                        "x2": 851.701867,
                        "y2": 348.961728
                    }
                },
                {
                    "category": "car",
                    "id": 28,
                    "attributes": {
                        "occluded": true,
                        "truncated": false,
                        "trafficLightColor": "none"
                    },
                    "box2d": {
                        "x1": 853.199557,
                        "y1": 326.496379,
                        "x2": 874.167214,
                        "y2": 335.482518
                    }
                },
                {
                    "category": "car",
                    "id": 29,
                    "attributes": {
                        "occluded": true,
                        "truncated": false,
                        "trafficLightColor": "none"
                    },
                    "box2d": {
                        "x1": 851.701867,
                        "y1": 333.984827,
                        "x2": 874.167215,
                        "y2": 348.961728
                    }
                },
                {
                    "category": "car",
                    "id": 30,
                    "attributes": {
                        "occluded": true,
                        "truncated": false,
                        "trafficLightColor": "none"
                    },
                    "box2d": {
                        "x1": 874.167214,
                        "y1": 326.496379,
                        "x2": 889.144114,
                        "y2": 344.468656
                    }
                },
                {
                    "category": "car",
                    "id": 31,
                    "attributes": {
                        "occluded": true,
                        "truncated": false,
                        "trafficLightColor": "none"
                    },
                    "box2d": {
                        "x1": 880.157973,
                        "y1": 326.496379,
                        "x2": 911.609459,
                        "y2": 351.957105
                    }
                },
                {
                    "category": "car",
                    "id": 32,
                    "attributes": {
                        "occluded": true,
                        "truncated": false,
                        "trafficLightColor": "none"
                    },
                    "box2d": {
                        "x1": 805.273483,
                        "y1": 323.501,
                        "x2": 823.245759,
                        "y2": 332.487139
                    }
                },
                {
                    "category": "car",
                    "id": 33,
                    "attributes": {
                        "occluded": false,
                        "truncated": false,
                        "trafficLightColor": "none"
                    },
                    "box2d": {
                        "x1": 761.840479,
                        "y1": 329.491759,
                        "x2": 781.310447,
                        "y2": 344.468656
                    }
                },
                {
                    "category": "car",
                    "id": 34,
                    "attributes": {
                        "occluded": false,
                        "truncated": false,
                        "trafficLightColor": "none"
                    },
                    "box2d": {
                        "x1": 797.785034,
                        "y1": 327.994069,
                        "x2": 820.250382,
                        "y2": 344.468658
                    }
                },
                {
                    "category": "car",
                    "id": 35,
                    "attributes": {
                        "occluded": false,
                        "truncated": false,
                        "trafficLightColor": "none"
                    },
                    "box2d": {
                        "x1": 901.125631,
                        "y1": 327.994069,
                        "x2": 955.042464,
                        "y2": 360.943246
                    }
                },
                {
                    "category": "car",
                    "id": 36,
                    "attributes": {
                        "occluded": false,
                        "truncated": true,
                        "trafficLightColor": "none"
                    },
                    "box2d": {
                        "x1": 1125.779104,
                        "y1": 305.528722,
                        "x2": 1278.543465,
                        "y2": 408.869319
                    }
                },
                {
                    "category": "car",
                    "id": 37,
                    "attributes": {
                        "occluded": true,
                        "truncated": true,
                        "trafficLightColor": "none"
                    },
                    "box2d": {
                        "x1": 0,
                        "y1": 322.00331,
                        "x2": 110.345411,
                        "y2": 371.427074
                    }
                },
                {
                    "category": "person",
                    "id": 38,
                    "attributes": {
                        "occluded": true,
                        "truncated": false,
                        "trafficLightColor": "none"
                    },
                    "box2d": {
                        "x1": 1005.963919,
                        "y1": 329.491759,
                        "x2": 1014.950058,
                        "y2": 360.943245
                    }
                },
                {
                    "category": "person",
                    "id": 39,
                    "attributes": {
                        "occluded": true,
                        "truncated": false,
                        "trafficLightColor": "none"
                    },
                    "box2d": {
                        "x1": 996.977779,
                        "y1": 330.989448,
                        "x2": 1002.968538,
                        "y2": 357.947864
                    }
                },
                {
                    "category": "person",
                    "id": 40,
                    "attributes": {
                        "occluded": false,
                        "truncated": false,
                        "trafficLightColor": "none"
                    },
                    "box2d": {
                        "x1": 1074.857649,
                        "y1": 314.514861,
                        "x2": 1095.825306,
                        "y2": 363.938625
                    }
                },
                {
                    "category": "person",
                    "id": 41,
                    "attributes": {
                        "occluded": true,
                        "truncated": false,
                        "trafficLightColor": "none"
                    },
                    "box2d": {
                        "x1": 1136.262931,
                        "y1": 307.026411,
                        "x2": 1155.7329,
                        "y2": 344.468656
                    }
                },
                {
                    "category": "traffic sign",
                    "id": 42,
                    "attributes": {
                        "occluded": false,
                        "truncated": false,
                        "trafficLightColor": "none"
                    },
                    "box2d": {
                        "x1": 1026.931575,
                        "y1": 251.611889,
                        "x2": 1053.889993,
                        "y2": 263.593407
                    }
                },
                {
                    "category": "traffic sign",
                    "id": 43,
                    "attributes": {
                        "occluded": false,
                        "truncated": false,
                        "trafficLightColor": "none"
                    },
                    "box2d": {
                        "x1": 1025.433887,
                        "y1": 196.197366,
                        "x2": 1047.899235,
                        "y2": 230.644231
                    }
                },
                {
                    "category": "area/drivable",
                    "id": 44,
                    "attributes": {},
                    "poly2d": [
                        [
                            378.069475,
                            593.930924,
                            "L"
                        ],
                        [
                            665.052905,
                            571.471352,
                            "C"
                        ],
                        [
                            957.027351,
                            588.939908,
                            "C"
                        ],
                        [
                            1235.276502,
                            615.142743,
                            "C"
                        ],
                        [
                            756.13895,
                            343.132362,
                            "L"
                        ],
                        [
                            728.688361,
                            341.884608,
                            "L"
                        ],
                        [
                            378.069475,
                            593.930924,
                            "L"
                        ]
                    ]
                },
                {
                    "category": "area/alternative",
                    "id": 45,
                    "attributes": {},
                    "poly2d": [
                        [
                            1280.195648,
                            516.570174,
                            "L"
                        ],
                        [
                            1280.195648,
                            606.408465,
                            "L"
                        ],
                        [
                            778.598523,
                            349.371132,
                            "L"
                        ],
                        [
                            787.332801,
                            344.380116,
                            "L"
                        ],
                        [
                            1280.195648,
                            516.570174,
                            "L"
                        ]
                    ]
                },
                {
                    "category": "area/alternative",
                    "id": 46,
                    "attributes": {},
                    "poly2d": [
                        [
                            1280.195648,
                            455.430226,
                            "L"
                        ],
                        [
                            1280.195648,
                            502.844879,
                            "L"
                        ],
                        [
                            849.720503,
                            361.848672,
                            "L"
                        ],
                        [
                            854.711519,
                            356.857656,
                            "L"
                        ],
                        [
                            1280.195648,
                            455.430226,
                            "L"
                        ]
                    ]
                },
                {
                    "category": "lane/road curb",
                    "id": 47,
                    "attributes": {
                        "direction": "parallel",
                        "style": "solid"
                    },
                    "poly2d": [
                        [
                            634.195653,
                            391.563721,
                            "L"
                        ],
                        [
                            288.698252,
                            595.791074,
                            "L"
                        ]
                    ]
                },
                {
                    "category": "lane/single white",
                    "id": 48,
                    "attributes": {
                        "direction": "vertical",
                        "style": "solid"
                    },
                    "poly2d": [
                        [
                            655.693268,
                            390.028176,
                            "L"
                        ],
                        [
                            1079.503414,
                            403.848073,
                            "L"
                        ]
                    ]
                },
                {
                    "category": "lane/single white",
                    "id": 49,
                    "attributes": {
                        "direction": "parallel",
                        "style": "solid"
                    },
                    "poly2d": [
                        [
                            1093.821129,
                            410.343214,
                            "L"
                        ],
                        [
                            1280.6437,
                            452.985482,
                            "L"
                        ]
                    ]
                },
                {
                    "category": "lane/road curb",
                    "id": 50,
                    "attributes": {
                        "direction": "parallel",
                        "style": "solid"
                    },
                    "poly2d": [
                        [
                            1120.963102,
                            374.672737,
                            "C"
                        ],
                        [
                            1054.934711,
                            374.672737,
                            "C"
                        ],
                        [
                            965.873158,
                            370.066105,
                            "C"
                        ],
                        [
                            953.588807,
                            362.388385,
                            "L"
                        ]
                    ]
                }
            ]
        }
    ],
    "attributes": {
        "weather": "clear",
        "scene": "highway",
        "timeofday": "night"
    }
}