{
    "name": "000f8d37-d4c09a0f",
    "frames": [
        {
            "timestamp": 10000,
            "objects": [
                {
                    "category": "traffic light",
                    "id": 0,
                    "attributes": {
                        "occluded": false,
                        "truncated": false,
                        "trafficLightColor": "green"
                    },
                    "box2d": {
                        "x1": 324.231803,
                        "y1": 179.212372,
                        "x2": 336.044295,
                        "y2": 218.024845
                    }
                },
                {
                    "category": "traffic light",
                    "id": 1,
                    "attributes": {
                        "occluded": false,
                        "truncated": false,
                        "trafficLightColor": "green"
                    },
                    "box2d": {
                        "x1": 771.418996,
                        "y1": 160.649884,
                        "x2": 788.293984,
                        "y2": 199.462357
                    }
                },
                {
                    "category": "traffic light",
                    "id": 2,
                    "attributes": {
                        "occluded": false,
                        "truncated": false,
                        "trafficLightColor": "green"
                    },
                    "box2d": {
                        "x1": 936.793882,
                        "y1": 293.962293,
                        "x2": 963.793864,
                        "y2": 319.274775
                    }
                },
                {
                    "category": "traffic light",
                    "id": 3,
                    "attributes": {
                        "occluded": false,
                        "truncated": false,
                        "trafficLightColor": "green"
                    },
                    "box2d": {
                        "x1": 195.981891,
                        "y1": 300.712288,
                        "x2": 216.231879,
                        "y2": 319.274776
                    }
                },
                {
                    "category": "traffic light",
                    "id": 4,
                    "attributes": {
                        "occluded": false,
                        "truncated": false,
                        "trafficLightColor": "none"
                    },
                    "box2d": {
                        "x1": 66.044481,
                        "y1": 61.087453,
                        "x2": 96.419461,
                        "y2": 125.212409
                    }
                },
                {
                    "category": "traffic light",
                    "id": 5,
                    "attributes": {
                        "occluded": false,
                        "truncated": false,
                        "trafficLightColor": "none"
                    },
                    "box2d": {
                        "x1": 339.419293,
                        "y1": 182.587369,
                        "x2": 356.294281,
                        "y2": 219.712344
                    }
                },
                {
                    "category": "traffic sign",
                    "id": 6,
                    "attributes": {
                        "occluded": false,
                        "truncated": false,
                        "trafficLightColor": "none"
                    },
                    "box2d": {
                        "x1": 209.481882,
                        "y1": 282.149801,
                        "x2": 244.919358,
                        "y2": 293.962293
                    }
                },
                {
                    "category": "traffic sign",
                    "id": 7,
                    "attributes": {
                        "occluded": false,
                        "truncated": false,
                        "trafficLightColor": "none"
                    },
                    "box2d": {
                        "x1": 219.606875,
                        "y1": 270.337309,
                        "x2": 239.856861,
                        "y2": 282.149801
                    }
                },
                {
                    "category": "traffic sign",
                    "id": 8,
                    "attributes": {
                        "occluded": false,
                        "truncated": false,
                        "trafficLightColor": "none"
                    },
                    "box2d": {
                        "x1": 189.231896,
                        "y1": 255.14982,
                        "x2": 219.606875,
                        "y2": 268.64981
                    }
                },
                {
                    "category": "traffic sign",
                    "id": 9,
                    "attributes": {
                        "occluded": false,
                        "truncated": false,
                        "trafficLightColor": "none"
                    },
                    "box2d": {
                        "x1": 913.168898,
                        "y1": 280.462302,
                        "x2": 948.606374,
                        "y2": 295.649792
                    }
                },
                {
                    "category": "traffic sign",
                    "id": 10,
                    "attributes": {
                        "occluded": false,
                        "truncated": false,
                        "trafficLightColor": "none"
                    },
                    "box2d": {
                        "x1": 933.418884,
                        "y1": 260.212316,
                        "x2": 970.543859,
                        "y2": 275.399806
                    }
                },
                {
                    "category": "person",
                    "id": 11,
                    "attributes": {
                        "occluded": false,
                        "truncated": false,
                        "trafficLightColor": "none"
                    },
                    "box2d": {
                        "x1": 106.544453,
                        "y1": 344.587258,
                        "x2": 131.856935,
                        "y2": 412.087213
                    }
                },
                {
                    "category": "person",
                    "id": 12,
                    "attributes": {
                        "occluded": false,
                        "truncated": false,
                        "trafficLightColor": "none"
                    },
                    "box2d": {
                        "x1": 82.919469,
                        "y1": 341.21226,
                        "x2": 106.544453,
                        "y2": 412.087213
                    }
                },
                {
                    "category": "person",
                    "id": 13,
                    "attributes": {
                        "occluded": false,
                        "truncated": false,
                        "trafficLightColor": "none"
                    },
                    "box2d": {
                        "x1": 246.606857,
                        "y1": 327.71227,
                        "x2": 276.981836,
                        "y2": 400.274721
                    }
                },
                {
                    "category": "person",
                    "id": 14,
                    "attributes": {
                        "occluded": true,
                        "truncated": false,
                        "trafficLightColor": "none"
                    },
                    "box2d": {
                        "x1": 39.044499,
                        "y1": 347.962256,
                        "x2": 64.356982,
                        "y2": 412.087212
                    }
                },
                {
                    "category": "person",
                    "id": 15,
                    "attributes": {
                        "occluded": true,
                        "truncated": false,
                        "trafficLightColor": "none"
                    },
                    "box2d": {
                        "x1": 229.731868,
                        "y1": 332.774766,
                        "x2": 248.294355,
                        "y2": 396.899721
                    }
                },
                {
                    "category": "person",
                    "id": 16,
                    "attributes": {
                        "occluded": true,
                        "truncated": false,
                        "trafficLightColor": "none"
                    },
                    "box2d": {
                        "x1": 266.856843,
                        "y1": 334.462265,
                        "x2": 287.106828,
                        "y2": 395.212222
                    }
                },
                {
                    "category": "person",
                    "id": 17,
                    "attributes": {
                        "occluded": true,
                        "truncated": false,
                        "trafficLightColor": "none"
                    },
                    "box2d": {
                        "x1": 847.356444,
                        "y1": 327.71227,
                        "x2": 860.856434,
                        "y2": 359.774749
                    }
                },
                {
                    "category": "person",
                    "id": 18,
                    "attributes": {
                        "occluded": true,
                        "truncated": false,
                        "trafficLightColor": "none"
                    },
                    "box2d": {
                        "x1": 989.106346,
                        "y1": 342.899759,
                        "x2": 1019.481325,
                        "y2": 385.08723
                    }
                },
                {
                    "category": "person",
                    "id": 19,
                    "attributes": {
                        "occluded": true,
                        "truncated": false,
                        "trafficLightColor": "none"
                    },
                    "box2d": {
                        "x1": 3.607024,
                        "y1": 341.21226,
                        "x2": 33.982003,
                        "y2": 422.212205
                    }
                },
                {
                    "category": "person",
                    "id": 20,
                    "attributes": {
                        "occluded": false,
                        "truncated": true,
                        "trafficLightColor": "none"
                    },
                    "box2d": {
                        "x1": 0,
                        "y1": 347.962256,
                        "x2": 13.732018,
                        "y2": 410.399712
                    }
                },
                {
                    "category": "rider",
                    "id": 21,
                    "attributes": {
                        "occluded": true,
                        "truncated": false,
                        "trafficLightColor": "none"
                    },
                    "box2d": {
                        "x1": 739.356518,
                        "y1": 337.837263,
                        "x2": 761.294003,
                        "y2": 369.899741
                    }
                },
                {
                    "category": "bike",
                    "id": 22,
                    "attributes": {
                        "occluded": true,
                        "truncated": false,
                        "trafficLightColor": "none"
                    },
                    "box2d": {
                        "x1": 739.356518,
                        "y1": 351.337253,
                        "x2": 761.294003,
                        "y2": 388.462228
                    }
                },
                {
                    "category": "car",
                    "id": 23,
                    "attributes": {
                        "occluded": true,
                        "truncated": false,
                        "trafficLightColor": "none"
                    },
                    "box2d": {
                        "x1": 489.60669,
                        "y1": 322.649773,
                        "x2": 516.606671,
                        "y2": 341.21226
                    }
                },
                {
                    "category": "car",
                    "id": 24,
                    "attributes": {
                        "occluded": true,
                        "truncated": false,
                        "trafficLightColor": "none"
                    },
                    "box2d": {
                        "x1": 454.169214,
                        "y1": 320.962274,
                        "x2": 501.41918,
                        "y2": 354.71225
                    }
                },
                {
                    "category": "car",
                    "id": 25,
                    "attributes": {
                        "occluded": true,
                        "truncated": false,
                        "trafficLightColor": "none"
                    },
                    "box2d": {
                        "x1": 454.169214,
                        "y1": 331.087267,
                        "x2": 477.794198,
                        "y2": 364.837244
                    }
                },
                {
                    "category": "car",
                    "id": 26,
                    "attributes": {
                        "occluded": true,
                        "truncated": false,
                        "trafficLightColor": "none"
                    },
                    "box2d": {
                        "x1": 408.606745,
                        "y1": 326.024771,
                        "x2": 464.294208,
                        "y2": 369.899741
                    }
                },
                {
                    "category": "car",
                    "id": 27,
                    "attributes": {
                        "occluded": true,
                        "truncated": false,
                        "trafficLightColor": "none"
                    },
                    "box2d": {
                        "x1": 378.231766,
                        "y1": 339.524762,
                        "x2": 430.54423,
                        "y2": 381.712233
                    }
                },
                {
                    "category": "car",
                    "id": 28,
                    "attributes": {
                        "occluded": true,
                        "truncated": false,
                        "trafficLightColor": "none"
                    },
                    "box2d": {
                        "x1": 725.856527,
                        "y1": 334.462265,
                        "x2": 768.043998,
                        "y2": 356.399749
                    }
                },
                {
                    "category": "car",
                    "id": 29,
                    "attributes": {
                        "occluded": true,
                        "truncated": false,
                        "trafficLightColor": "none"
                    },
                    "box2d": {
                        "x1": 749.481511,
                        "y1": 341.21226,
                        "x2": 791.668982,
                        "y2": 374.962237
                    }
                },
                {
                    "category": "car",
                    "id": 30,
                    "attributes": {
                        "occluded": true,
                        "truncated": false,
                        "trafficLightColor": "none"
                    },
                    "box2d": {
                        "x1": 766.356499,
                        "y1": 342.899759,
                        "x2": 818.668963,
                        "y2": 381.712233
                    }
                },
                {
                    "category": "bus",
                    "id": 31,
                    "attributes": {
                        "occluded": true,
                        "truncated": false,
                        "trafficLightColor": "none"
                    },
                    "box2d": {
                        "x1": 516.606671,
                        "y1": 297.337291,
                        "x2": 580.731627,
                        "y2": 337.837263
                    }
                },
                {
                    "category": "car",
                    "id": 32,
                    "attributes": {
                        "occluded": false,
                        "truncated": false,
                        "trafficLightColor": "none"
                    },
                    "box2d": {
                        "x1": 307.356815,
                        "y1": 334.462265,
                        "x2": 395.106754,
                        "y2": 395.212222
                    }
                },
                {
                    "category": "car",
                    "id": 33,
                    "attributes": {
                        "occluded": false,
                        "truncated": false,
                        "trafficLightColor": "none"
                    },
                    "box2d": {
                        "x1": 788.293984,
                        "y1": 347.962256,
                        "x2": 867.60643,
                        "y2": 400.27472
                    }
                },
                {
                    "category": "car",
                    "id": 34,
                    "attributes": {
                        "occluded": false,
                        "truncated": true,
                        "trafficLightColor": "none"
                    },
                    "box2d": {
                        "x1": 425.481734,
                        "y1": 317.587277,
                        "x2": 800.106476,
                        "y2": 631.462061
                    }
                },
                {
                    "category": "car",
                    "id": 35,
                    "attributes": {
                        "occluded": false,
                        "truncated": true,
                        "trafficLightColor": "none"
                    },
                    "box2d": {
                        "x1": 928.356388,
                        "y1": 283.8373,
                        "x2": 1279.356147,
                        "y2": 658.462042
                    }
                },
                {
                    "category": "lane/crosswalk",
                    "id": 36,
                    "attributes": {
                        "direction": "vertical",
                        "style": "dashed"
                    },
                    "poly2d": [
                        [
                            134.289474,
                            419.494739,
                            "L"
                        ],
                        [
                            0,
                            437.400002,
                            "L"
                        ]
                    ]
                },
                {
                    "category": "lane/crosswalk",
                    "id": 37,
                    "attributes": {
                        "direction": "vertical",
                        "style": "dashed"
                    },
                    "poly2d": [
                        [
                            253.23158,
                            406.705265,
                            "L"
                        ],
                        [
                            461.700002,
                            406.705265,
                            "L"
                        ]
                    ]
                },
                {
                    "category": "lane/crosswalk",
                    "id": 38,
                    "attributes": {
                        "direction": "vertical",
                        "style": "dashed"
                    },
                    "poly2d": [
                        [
                            308.226317,
                            396.473686,
                            "L"
                        ],
                        [
                            461.700002,
                            392.636844,
                            "L"
                        ]
                    ]
                },
                {
                    "category": "lane/crosswalk",
                    "id": 39,
                    "attributes": {
                        "direction": "vertical",
                        "style": "dashed"
                    },
                    "poly2d": [
                        [
                            766.089478,
                            407.984213,
                            "L"
                        ],
                        [
                            917.005268,
                            411.821055,
                            "L"
                        ]
                    ]
                },
                {
                    "category": "lane/crosswalk",
                    "id": 40,
                    "attributes": {
                        "direction": "vertical",
                        "style": "dashed"
                    },
                    "poly2d": [
                        [
                            758.415793,
                            397.752634,
                            "L"
                        ],
                        [
                            881.194741,
                            402.868423,
                            "L"
                        ]
                    ]
                },
                {
                    "category": "lane/crosswalk",
                    "id": 41,
                    "attributes": {
                        "direction": "vertical",
                        "style": "dashed"
                    },
                    "poly2d": [
                        [
                            789.11053,
                            452.747371,
                            "L"
                        ],
                        [
                            933.631584,
                            454.026318,
                            "L"
                        ]
                    ]
                },
                {
                    "category": "lane/crosswalk",
                    "id": 42,
                    "attributes": {
                        "direction": "vertical",
                        "style": "dashed"
                    },
                    "poly2d": [
                        [
                            800.621057,
                            500.068424,
                            "L"
                        ],
                        [
                            932.352636,
                            501.347371,
                            "L"
                        ]
                    ]
                },
                {
                    "category": "lane/crosswalk",
                    "id": 43,
                    "attributes": {
                        "direction": "vertical",
                        "style": "dashed"
                    },
                    "poly2d": [
                        [
                            428.447371,
                            496.231582,
                            "L"
                        ],
                        [
                            0,
                            501.347371,
                            "L"
                        ]
                    ]
                },
                {
                    "category": "lane/crosswalk",
                    "id": 44,
                    "attributes": {
                        "direction": "vertical",
                        "style": "dashed"
                    },
                    "poly2d": [
                        [
                            1.278947,
                            457.86316,
                            "L"
                        ],
                        [
                            441.236844,
                            448.910529,
                            "L"
                        ]
                    ]
                },
                {
                    "category": "lane/road curb",
                    "id": 45,
                    "attributes": {
                        "direction": "parallel",
                        "style": "solid"
                    },
                    "poly2d": [
                        [
                            309.505265,
                            391.357897,
                            "L"
                        ],
                        [
                            244.278949,
                            407.984213,
                            "L"
                        ]
                    ]
                },
                {
                    "category": "lane/road curb",
                    "id": 46,
                    "attributes": {
                        "direction": "parallel",
                        "style": "solid"
                    },
                    "poly2d": [
                        [
                            198.236843,
                            416.936844,
                            "L"
                        ],
                        [
                            1.278947,
                            423.331581,
                            "L"
                        ]
                    ]
                },
                {
                    "category": "lane/road curb",
                    "id": 47,
                    "attributes": {
                        "direction": "parallel",
                        "style": "solid"
                    },
                    "poly2d": [
                        [
                            867.12632,
                            393.915792,
                            "L"
                        ],
                        [
                            909.331584,
                            409.26316,
                            "L"
                        ]
                    ]
                },
                {
                    "category": "lane/single white",
                    "id": 48,
                    "attributes": {
                        "direction": "parallel",
                        "style": "dashed"
                    },
                    "poly2d": [
                        [
                            483.442108,
                            367.057897,
                            "L"
                        ],
                        [
                            411.821055,
                            391.357897,
                            "L"
                        ]
                    ]
                },
                {
                    "category": "lane/single white",
                    "id": 49,
                    "attributes": {
                        "direction": "parallel",
                        "style": "solid"
                    },
                    "poly2d": [
                        [
                            323.573686,
                            570.410529,
                            "L"
                        ],
                        [
                            185.447369,
                            667.61053,
                            "L"
                        ]
                    ]
                },
                {
                    "category": "lane/single white",
                    "id": 50,
                    "attributes": {
                        "direction": "parallel",
                        "style": "solid"
                    },
                    "poly2d": [
                        [
                            355.54737,
                            570.410529,
                            "L"
                        ],
                        [
                            259.626317,
                            647.147372,
                            "L"
                        ]
                    ]
                },
                {
                    "category": "lane/single white",
                    "id": 51,
                    "attributes": {
                        "direction": "parallel",
                        "style": "solid"
                    },
                    "poly2d": [
                        [
                            892.705268,
                            575.526319,
                            "L"
                        ],
                        [
                            955.373689,
                            627.963161,
                            "L"
                        ]
                    ]
                },
                {
                    "category": "lane/single white",
                    "id": 52,
                    "attributes": {
                        "direction": "parallel",
                        "style": "solid"
                    },
                    "poly2d": [
                        [
                            911.889478,
                            575.526319,
                            "L"
                        ],
                        [
                            975.836847,
                            627.963161,
                            "L"
                        ]
                    ]
                },
                {
                    "category": "lane/single white",
                    "id": 53,
                    "attributes": {
                        "direction": "parallel",
                        "style": "solid"
                    },
                    "poly2d": [
                        [
                            57.552632,
                            571.689477,
                            "L"
                        ],
                        [
                            6.394737,
                            592.152635,
                            "L"
                        ]
                    ]
                },
                {
                    "category": "lane/single white",
                    "id": 54,
                    "attributes": {
                        "direction": "parallel",
                        "style": "solid"
                    },
                    "poly2d": [
                        [
                            93.363158,
                            570.410529,
                            "L"
                        ],
                        [
                            0,
                            612.615793,
                            "L"
                        ]
                    ]
                },
                {
                    "category": "lane/single white",
                    "id": 55,
                    "attributes": {
                        "direction": "vertical",
                        "style": "solid"
                    },
                    "poly2d": [
                        [
                            1.278947,
                            571.689477,
                            "L"
                        ],
                        [
                            427.168423,
                            567.852635,
                            "L"
                        ]
                    ]
                },
                {
                    "category": "lane/single white",
                    "id": 56,
                    "attributes": {
                        "direction": "vertical",
                        "style": "solid"
                    },
                    "poly2d": [
                        [
                            3.836842,
                            556.342108,
                            "L"
                        ],
                        [
                            427.168423,
                            551.226319,
                            "L"
                        ]
                    ]
                },
                {
                    "category": "lane/single white",
                    "id": 57,
                    "attributes": {
                        "direction": "vertical",
                        "style": "solid"
                    },
                    "poly2d": [
                        [
                            799.342109,
                            570.410529,
                            "L"
                        ],
                        [
                            945.14211,
                            575.526319,
                            "L"
                        ]
                    ]
                },
                {
                    "category": "lane/single white",
                    "id": 58,
                    "attributes": {
                        "direction": "vertical",
                        "style": "solid"
                    },
                    "poly2d": [
                        [
                            799.342109,
                            552.505266,
                            "L"
                        ],
                        [
                            937.468426,
                            556.342108,
                            "L"
                        ]
                    ]
                }
            ]
        }
    ],
    "attributes": {
        "weather": "undefined",
        "scene": "city street",
        "timeofday": "daytime"
    }
}