{
    "name": "000f157f-30b30f5e",
    "frames": [
        {
            "timestamp": 10000,
            "objects": [
                {
                    "category": "traffic sign",
                    "id": 0,
                    "attributes": {
                        "occluded": false,
                        "truncated": false,
                        "trafficLightColor": "none"
                    },
                    "box2d": {
                        "x1": 577.000187,
                        "y1": 256.986747,
                        "x2": 587.144402,
                        "y2": 280.04178
                    }
                },
                {
                    "category": "traffic sign",
                    "id": 1,
                    "attributes": {
                        "occluded": false,
                        "truncated": false,
                        "trafficLightColor": "none"
                    },
                    "box2d": {
                        "x1": 514.290503,
                        "y1": 236.69832,
                        "x2": 551.178554,
                        "y2": 269.897565
                    }
                },
                {
                    "category": "traffic sign",
                    "id": 2,
                    "attributes": {
                        "occluded": false,
                        "truncated": false,
                        "trafficLightColor": "none"
                    },
                    "box2d": {
                        "x1": 947.110303,
                        "y1": 265.286559,
                        "x2": 966.47653,
                        "y2": 281.886181
                    }
                },
                {
                    "category": "traffic sign",
                    "id": 3,
                    "attributes": {
                        "occluded": false,
                        "truncated": false,
                        "trafficLightColor": "none"
                    },
                    "box2d": {
                        "x1": 947.110303,
                        "y1": 282.808384,
                        "x2": 961.865525,
                        "y2": 304.019012
                    }
                },
                {
                    "category": "traffic sign",
                    "id": 4,
                    "attributes": {
                        "occluded": false,
                        "truncated": false,
                        "trafficLightColor": "none"
                    },
                    "box2d": {
                        "x1": 1006.131183,
                        "y1": 285.574988,
                        "x2": 1026.419611,
                        "y2": 301.252408
                    }
                },
                {
                    "category": "traffic sign",
                    "id": 5,
                    "attributes": {
                        "occluded": false,
                        "truncated": false,
                        "trafficLightColor": "none"
                    },
                    "box2d": {
                        "x1": 1007.975585,
                        "y1": 301.252408,
                        "x2": 1026.419611,
                        "y2": 309.55222
                    }
                },
                {
                    "category": "traffic sign",
                    "id": 6,
                    "attributes": {
                        "occluded": false,
                        "truncated": false,
                        "trafficLightColor": "none"
                    },
                    "box2d": {
                        "x1": 1023.653008,
                        "y1": 301.252408,
                        "x2": 1048.552441,
                        "y2": 321.540837
                    }
                },
                {
                    "category": "traffic light",
                    "id": 7,
                    "attributes": {
                        "occluded": false,
                        "truncated": false,
                        "trafficLightColor": "red"
                    },
                    "box2d": {
                        "x1": 640.324678,
                        "y1": 297.256206,
                        "x2": 653.235497,
                        "y2": 312.011425
                    }
                },
                {
                    "category": "traffic light",
                    "id": 8,
                    "attributes": {
                        "occluded": false,
                        "truncated": false,
                        "trafficLightColor": "red"
                    },
                    "box2d": {
                        "x1": 1176.738416,
                        "y1": 270.51237,
                        "x2": 1196.104642,
                        "y2": 287.111993
                    }
                },
                {
                    "category": "traffic light",
                    "id": 9,
                    "attributes": {
                        "occluded": false,
                        "truncated": true,
                        "trafficLightColor": "red"
                    },
                    "box2d": {
                        "x1": 1263.425334,
                        "y1": 259.445954,
                        "x2": 1279.102754,
                        "y2": 276.045577
                    }
                },
                {
                    "category": "car",
                    "id": 10,
                    "attributes": {
                        "occluded": true,
                        "truncated": false,
                        "trafficLightColor": "none"
                    },
                    "box2d": {
                        "x1": 895.243363,
                        "y1": 305.380368,
                        "x2": 931.209212,
                        "y2": 332.124204
                    }
                },
                {
                    "category": "car",
                    "id": 11,
                    "attributes": {
                        "occluded": true,
                        "truncated": false,
                        "trafficLightColor": "none"
                    },
                    "box2d": {
                        "x1": 902.620974,
                        "y1": 303.535967,
                        "x2": 1031.72915,
                        "y2": 416.044521
                    }
                },
                {
                    "category": "car",
                    "id": 12,
                    "attributes": {
                        "occluded": false,
                        "truncated": true,
                        "trafficLightColor": "none"
                    },
                    "box2d": {
                        "x1": 978.241476,
                        "y1": 299.847162,
                        "x2": 1278.879086,
                        "y2": 514.720055
                    }
                },
                {
                    "category": "truck",
                    "id": 13,
                    "attributes": {
                        "occluded": false,
                        "truncated": false,
                        "trafficLightColor": "none"
                    },
                    "box2d": {
                        "x1": 653.626633,
                        "y1": 93.010589,
                        "x2": 908.15418,
                        "y2": 450.824677
                    }
                },
                {
                    "category": "car",
                    "id": 14,
                    "attributes": {
                        "occluded": true,
                        "truncated": false,
                        "trafficLightColor": "none"
                    },
                    "box2d": {
                        "x1": 418.723949,
                        "y1": 326.152594,
                        "x2": 483.308621,
                        "y2": 364.903397
                    }
                },
                {
                    "category": "car",
                    "id": 15,
                    "attributes": {
                        "occluded": true,
                        "truncated": false,
                        "trafficLightColor": "none"
                    },
                    "box2d": {
                        "x1": 602.790265,
                        "y1": 314.850277,
                        "x2": 647.999535,
                        "y2": 347.142613
                    }
                },
                {
                    "category": "area/drivable",
                    "id": 16,
                    "attributes": {},
                    "poly2d": [
                        [
                            624.944091,
                            457.649679,
                            "L"
                        ],
                        [
                            466.319201,
                            585.899592,
                            "L"
                        ],
                        [
                            705.944036,
                            574.087101,
                            "C"
                        ],
                        [
                            947.25637,
                            580.837096,
                            "C"
                        ],
                        [
                            1117.693753,
                            604.462079,
                            "C"
                        ],
                        [
                            937.131377,
                            472.837169,
                            "L"
                        ],
                        [
                            624.944091,
                            457.649679,
                            "L"
                        ]
                    ]
                },
                {
                    "category": "lane/road curb",
                    "id": 17,
                    "attributes": {
                        "direction": "parallel",
                        "style": "solid"
                    },
                    "poly2d": [
                        [
                            643.408917,
                            368.530561,
                            "C"
                        ],
                        [
                            529.778661,
                            393.099265,
                            "C"
                        ],
                        [
                            300.982604,
                            574.293458,
                            "C"
                        ],
                        [
                            239.560844,
                            614.217602,
                            "L"
                        ]
                    ]
                },
                {
                    "category": "lane/single white",
                    "id": 18,
                    "attributes": {
                        "direction": "parallel",
                        "style": "dashed"
                    },
                    "poly2d": [
                        [
                            649.551093,
                            417.667969,
                            "L"
                        ],
                        [
                            400.792964,
                            595.791074,
                            "L"
                        ]
                    ]
                },
                {
                    "category": "lane/single white",
                    "id": 19,
                    "attributes": {
                        "direction": "parallel",
                        "style": "dashed"
                    },
                    "poly2d": [
                        [
                            658.764357,
                            426.881233,
                            "L"
                        ],
                        [
                            456.072548,
                            588.113354,
                            "L"
                        ]
                    ]
                },
                {
                    "category": "lane/single white",
                    "id": 20,
                    "attributes": {
                        "direction": "parallel",
                        "style": "dashed"
                    },
                    "poly2d": [
                        [
                            892.167046,
                            425.345689,
                            "L"
                        ],
                        [
                            1110.214294,
                            597.326618,
                            "L"
                        ]
                    ]
                },
                {
                    "category": "lane/single white",
                    "id": 21,
                    "attributes": {
                        "direction": "parallel",
                        "style": "dashed"
                    },
                    "poly2d": [
                        [
                            904.451398,
                            420.739057,
                            "L"
                        ],
                        [
                            1133.247453,
                            601.933251,
                            "L"
                        ]
                    ]
                }
            ]
        }
    ],
    "attributes": {
        "weather": "clear",
        "scene": "city street",
        "timeofday": "night"
    }
}