{
    "name": "00a04f65-8c891f94",
    "frames": [
        {
            "timestamp": 10000,
            "objects": [
                {
                    "category": "traffic light",
                    "id": 0,
                    "attributes": {
                        "occluded": false,
                        "truncated": false,
                        "trafficLightColor": "green"
                    },
                    "box2d": {
                        "x1": 419.245359,
                        "y1": 184.667598,
                        "x2": 444.200439,
                        "y2": 235.825514
                    }
                },
                {
                    "category": "traffic light",
                    "id": 1,
                    "attributes": {
                        "occluded": false,
                        "truncated": false,
                        "trafficLightColor": "none"
                    },
                    "box2d": {
                        "x1": 401.776802,
                        "y1": 180.924336,
                        "x2": 416.74985,
                        "y2": 237.073268
                    }
                },
                {
                    "category": "traffic light",
                    "id": 2,
                    "attributes": {
                        "occluded": false,
                        "truncated": false,
                        "trafficLightColor": "green"
                    },
                    "box2d": {
                        "x1": 575.214614,
                        "y1": 232.082252,
                        "x2": 592.683169,
                        "y2": 268.267118
                    }
                },
                {
                    "category": "traffic sign",
                    "id": 3,
                    "attributes": {
                        "occluded": true,
                        "truncated": false,
                        "trafficLightColor": "none"
                    },
                    "box2d": {
                        "x1": 707.476543,
                        "y1": 249.550809,
                        "x2": 731.18387,
                        "y2": 278.249151
                    }
                },
                {
                    "category": "traffic sign",
                    "id": 4,
                    "attributes": {
                        "occluded": false,
                        "truncated": false,
                        "trafficLightColor": "none"
                    },
                    "box2d": {
                        "x1": 712.467558,
                        "y1": 303.204232,
                        "x2": 742.413655,
                        "y2": 320.672789
                    }
                },
                {
                    "category": "traffic sign",
                    "id": 5,
                    "attributes": {
                        "occluded": false,
                        "truncated": false,
                        "trafficLightColor": "none"
                    },
                    "box2d": {
                        "x1": 862.198043,
                        "y1": 127.270912,
                        "x2": 910.86045,
                        "y2": 194.649632
                    }
                },
                {
                    "category": "traffic sign",
                    "id": 6,
                    "attributes": {
                        "occluded": false,
                        "truncated": false,
                        "trafficLightColor": "none"
                    },
                    "box2d": {
                        "x1": 882.162108,
                        "y1": 212.118187,
                        "x2": 907.117188,
                        "y2": 237.073268
                    }
                },
                {
                    "category": "traffic sign",
                    "id": 7,
                    "attributes": {
                        "occluded": false,
                        "truncated": false,
                        "trafficLightColor": "none"
                    },
                    "box2d": {
                        "x1": 883.409862,
                        "y1": 227.091235,
                        "x2": 947.045318,
                        "y2": 252.046316
                    }
                },
                {
                    "category": "traffic sign",
                    "id": 8,
                    "attributes": {
                        "occluded": false,
                        "truncated": false,
                        "trafficLightColor": "none"
                    },
                    "box2d": {
                        "x1": 892.144141,
                        "y1": 248.303055,
                        "x2": 959.522859,
                        "y2": 268.26712
                    }
                },
                {
                    "category": "traffic light",
                    "id": 9,
                    "attributes": {
                        "occluded": false,
                        "truncated": false,
                        "trafficLightColor": "red"
                    },
                    "box2d": {
                        "x1": 900.878419,
                        "y1": 275.753642,
                        "x2": 930.824516,
                        "y2": 311.93851
                    }
                },
                {
                    "category": "traffic light",
                    "id": 10,
                    "attributes": {
                        "occluded": false,
                        "truncated": false,
                        "trafficLightColor": "none"
                    },
                    "box2d": {
                        "x1": 930.824516,
                        "y1": 275.753642,
                        "x2": 955.779597,
                        "y2": 310.690756
                    }
                },
                {
                    "category": "traffic light",
                    "id": 11,
                    "attributes": {
                        "occluded": false,
                        "truncated": false,
                        "trafficLightColor": "green"
                    },
                    "box2d": {
                        "x1": 560.241565,
                        "y1": 340.636854,
                        "x2": 572.719105,
                        "y2": 358.10541
                    }
                },
                {
                    "category": "car",
                    "id": 12,
                    "attributes": {
                        "occluded": true,
                        "truncated": false,
                        "trafficLightColor": "none"
                    },
                    "box2d": {
                        "x1": 1040.626872,
                        "y1": 370.582952,
                        "x2": 1155.420244,
                        "y2": 444.200439
                    }
                },
                {
                    "category": "car",
                    "id": 13,
                    "attributes": {
                        "occluded": true,
                        "truncated": false,
                        "trafficLightColor": "none"
                    },
                    "box2d": {
                        "x1": 954.531844,
                        "y1": 359.353164,
                        "x2": 1075.563985,
                        "y2": 436.713915
                    }
                },
                {
                    "category": "car",
                    "id": 14,
                    "attributes": {
                        "occluded": true,
                        "truncated": false,
                        "trafficLightColor": "none"
                    },
                    "box2d": {
                        "x1": 583.948892,
                        "y1": 379.317229,
                        "x2": 603.912958,
                        "y2": 396.785785
                    }
                },
                {
                    "category": "car",
                    "id": 15,
                    "attributes": {
                        "occluded": true,
                        "truncated": false,
                        "trafficLightColor": "none"
                    },
                    "box2d": {
                        "x1": 600.169694,
                        "y1": 379.317229,
                        "x2": 643.841085,
                        "y2": 408.015571
                    }
                },
                {
                    "category": "car",
                    "id": 16,
                    "attributes": {
                        "occluded": false,
                        "truncated": false,
                        "trafficLightColor": "none"
                    },
                    "box2d": {
                        "x1": 632.6113,
                        "y1": 385.555999,
                        "x2": 694.999002,
                        "y2": 430.475146
                    }
                },
                {
                    "category": "car",
                    "id": 17,
                    "attributes": {
                        "occluded": false,
                        "truncated": false,
                        "trafficLightColor": "none"
                    },
                    "box2d": {
                        "x1": 558.993811,
                        "y1": 379.317229,
                        "x2": 576.462368,
                        "y2": 396.785785
                    }
                },
                {
                    "category": "truck",
                    "id": 18,
                    "attributes": {
                        "occluded": false,
                        "truncated": false,
                        "trafficLightColor": "none"
                    },
                    "box2d": {
                        "x1": 432.970653,
                        "y1": 341.884608,
                        "x2": 524.056698,
                        "y2": 430.475144
                    }
                },
                {
                    "category": "car",
                    "id": 19,
                    "attributes": {
                        "occluded": false,
                        "truncated": false,
                        "trafficLightColor": "none"
                    },
                    "box2d": {
                        "x1": 349.371131,
                        "y1": 383.060491,
                        "x2": 426.731883,
                        "y2": 439.209423
                    }
                },
                {
                    "category": "traffic light",
                    "id": 20,
                    "attributes": {
                        "occluded": false,
                        "truncated": false,
                        "trafficLightColor": "red"
                    },
                    "box2d": {
                        "x1": 557.194136,
                        "y1": 230.447674,
                        "x2": 573.930559,
                        "y2": 270.357606
                    }
                },
                {
                    "category": "person",
                    "id": 21,
                    "attributes": {
                        "occluded": false,
                        "truncated": false,
                        "trafficLightColor": "none"
                    },
                    "box2d": {
                        "x1": 799.228564,
                        "y1": 352.752305,
                        "x2": 818.539821,
                        "y2": 413.260912
                    }
                },
                {
                    "category": "area/drivable",
                    "id": 22,
                    "attributes": {},
                    "poly2d": [
                        [
                            538.140377,
                            406.823826,
                            "L"
                        ],
                        [
                            603.798652,
                            409.39866,
                            "L"
                        ],
                        [
                            983.586718,
                            699.067523,
                            "L"
                        ],
                        [
                            675.894015,
                            661.732425,
                            "C"
                        ],
                        [
                            365.626477,
                            668.169512,
                            "C"
                        ],
                        [
                            0,
                            718.378781,
                            "C"
                        ],
                        [
                            538.140377,
                            406.823826,
                            "L"
                        ]
                    ]
                },
                {
                    "category": "area/alternative",
                    "id": 23,
                    "attributes": {},
                    "poly2d": [
                        [
                            654.007923,
                            439.009255,
                            "L"
                        ],
                        [
                            718.378781,
                            427.422501,
                            "L"
                        ],
                        [
                            1279.692668,
                            589.637065,
                            "L"
                        ],
                        [
                            1279.692668,
                            719.666198,
                            "L"
                        ],
                        [
                            1139.364196,
                            719.666198,
                            "L"
                        ],
                        [
                            1000.323142,
                            699.067523,
                            "L"
                        ],
                        [
                            654.007923,
                            439.009255,
                            "L"
                        ]
                    ]
                },
                {
                    "category": "lane/road curb",
                    "id": 24,
                    "attributes": {
                        "direction": "parallel",
                        "style": "solid"
                    },
                    "poly2d": [
                        [
                            850.968257,
                            472.898782,
                            "C"
                        ],
                        [
                            979.486924,
                            515.322419,
                            "C"
                        ],
                        [
                            1144.190457,
                            560.241565,
                            "C"
                        ],
                        [
                            1275.204632,
                            588.939908,
                            "L"
                        ]
                    ]
                },
                {
                    "category": "lane/single white",
                    "id": 25,
                    "attributes": {
                        "direction": "parallel",
                        "style": "solid"
                    },
                    "poly2d": [
                        [
                            716.210822,
                            497.853863,
                            "L"
                        ],
                        [
                            1011.928528,
                            718.706329,
                            "L"
                        ]
                    ]
                },
                {
                    "category": "lane/single white",
                    "id": 26,
                    "attributes": {
                        "direction": "parallel",
                        "style": "solid"
                    },
                    "poly2d": [
                        [
                            1033.140348,
                            713.715312,
                            "L"
                        ],
                        [
                            724.945099,
                            496.606109,
                            "L"
                        ]
                    ]
                },
                {
                    "category": "lane/single white",
                    "id": 27,
                    "attributes": {
                        "direction": "parallel",
                        "style": "solid"
                    },
                    "poly2d": [
                        [
                            166.701931,
                            512.929017,
                            "L"
                        ],
                        [
                            0,
                            565.504241,
                            "L"
                        ]
                    ]
                },
                {
                    "category": "lane/crosswalk",
                    "id": 28,
                    "attributes": {
                        "direction": "vertical",
                        "style": "dashed"
                    },
                    "poly2d": [
                        [
                            91.086045,
                            514.074666,
                            "C"
                        ],
                        [
                            370.582952,
                            497.853863,
                            "C"
                        ],
                        [
                            615.142743,
                            492.862847,
                            "C"
                        ],
                        [
                            870.932322,
                            491.615093,
                            "L"
                        ]
                    ]
                },
                {
                    "category": "lane/crosswalk",
                    "id": 29,
                    "attributes": {
                        "direction": "vertical",
                        "style": "dashed"
                    },
                    "poly2d": [
                        [
                            97.324815,
                            506.588141,
                            "C"
                        ],
                        [
                            356.857656,
                            494.110602,
                            "C"
                        ],
                        [
                            607.65622,
                            487.871831,
                            "C"
                        ],
                        [
                            864.693552,
                            485.376323,
                            "L"
                        ]
                    ]
                },
                {
                    "category": "lane/crosswalk",
                    "id": 30,
                    "attributes": {
                        "direction": "vertical",
                        "style": "dashed"
                    },
                    "poly2d": [
                        [
                            117.28888,
                            489.119586,
                            "C"
                        ],
                        [
                            366.839689,
                            467.907766,
                            "C"
                        ],
                        [
                            583.948892,
                            469.15552,
                            "C"
                        ],
                        [
                            799.810341,
                            464.164504,
                            "L"
                        ]
                    ]
                },
                {
                    "category": "lane/crosswalk",
                    "id": 31,
                    "attributes": {
                        "direction": "vertical",
                        "style": "dashed"
                    },
                    "poly2d": [
                        [
                            99.820324,
                            489.119586,
                            "C"
                        ],
                        [
                            152.225993,
                            472.898782,
                            "C"
                        ],
                        [
                            204.631663,
                            462.91675,
                            "C"
                        ],
                        [
                            258.285087,
                            454.182472,
                            "L"
                        ]
                    ]
                },
                {
                    "category": "lane/crosswalk",
                    "id": 32,
                    "attributes": {
                        "direction": "vertical",
                        "style": "dashed"
                    },
                    "poly2d": [
                        [
                            82.351767,
                            487.871831,
                            "C"
                        ],
                        [
                            139.748453,
                            467.907766,
                            "C"
                        ],
                        [
                            193.401877,
                            457.925734,
                            "C"
                        ],
                        [
                            239.568775,
                            451.686963,
                            "L"
                        ]
                    ]
                },
                {
                    "category": "lane/crosswalk",
                    "id": 33,
                    "attributes": {
                        "direction": "vertical",
                        "style": "dashed"
                    },
                    "poly2d": [
                        [
                            89.838291,
                            461.668995,
                            "C"
                        ],
                        [
                            64.88321,
                            464.164504,
                            "C"
                        ],
                        [
                            31.193851,
                            475.39429,
                            "C"
                        ],
                        [
                            3.743262,
                            484.12857,
                            "L"
                        ]
                    ]
                },
                {
                    "category": "lane/road curb",
                    "id": 34,
                    "attributes": {
                        "direction": "parallel",
                        "style": "solid"
                    },
                    "poly2d": [
                        [
                            6.23877,
                            460.421242,
                            "L"
                        ],
                        [
                            162.208026,
                            455.430226,
                            "L"
                        ]
                    ]
                }
            ]
        }
    ],
    "attributes": {
        "weather": "rainy",
        "scene": "city street",
        "timeofday": "night"
    }
}