{
    "name": "00a0f008-a315437f",
    "frames": [
        {
            "timestamp": 10000,
            "objects": [
                {
                    "category": "car",
                    "id": 0,
                    "attributes": {
                        "occluded": true,
                        "truncated": false,
                        "trafficLightColor": "none"
                    },
                    "box2d": {
                        "x1": 550.620761,
                        "y1": 269.521453,
                        "x2": 561.39085,
                        "y2": 280.291542
                    }
                },
                {
                    "category": "car",
                    "id": 1,
                    "attributes": {
                        "occluded": true,
                        "truncated": false,
                        "trafficLightColor": "none"
                    },
                    "box2d": {
                        "x1": 537.158151,
                        "y1": 266.828932,
                        "x2": 551.967022,
                        "y2": 284.330325
                    }
                },
                {
                    "category": "car",
                    "id": 2,
                    "attributes": {
                        "occluded": true,
                        "truncated": false,
                        "trafficLightColor": "none"
                    },
                    "box2d": {
                        "x1": 525.0418,
                        "y1": 269.521453,
                        "x2": 541.196933,
                        "y2": 288.369108
                    }
                },
                {
                    "category": "car",
                    "id": 3,
                    "attributes": {
                        "occluded": true,
                        "truncated": false,
                        "trafficLightColor": "none"
                    },
                    "box2d": {
                        "x1": 452.343705,
                        "y1": 268.175194,
                        "x2": 487.346493,
                        "y2": 303.177982
                    }
                },
                {
                    "category": "car",
                    "id": 4,
                    "attributes": {
                        "occluded": true,
                        "truncated": false,
                        "trafficLightColor": "none"
                    },
                    "box2d": {
                        "x1": 436.188572,
                        "y1": 273.560236,
                        "x2": 476.576402,
                        "y2": 305.870501
                    }
                },
                {
                    "category": "car",
                    "id": 5,
                    "attributes": {
                        "occluded": true,
                        "truncated": false,
                        "trafficLightColor": "none"
                    },
                    "box2d": {
                        "x1": 411.955875,
                        "y1": 274.906498,
                        "x2": 452.343705,
                        "y2": 313.948068
                    }
                },
                {
                    "category": "car",
                    "id": 6,
                    "attributes": {
                        "occluded": true,
                        "truncated": false,
                        "trafficLightColor": "none"
                    },
                    "box2d": {
                        "x1": 582.931025,
                        "y1": 270.867715,
                        "x2": 592.354852,
                        "y2": 282.984063
                    }
                },
                {
                    "category": "car",
                    "id": 7,
                    "attributes": {
                        "occluded": true,
                        "truncated": false,
                        "trafficLightColor": "none"
                    },
                    "box2d": {
                        "x1": 589.662331,
                        "y1": 270.867715,
                        "x2": 601.77868,
                        "y2": 285.676587
                    }
                },
                {
                    "category": "car",
                    "id": 8,
                    "attributes": {
                        "occluded": true,
                        "truncated": false,
                        "trafficLightColor": "none"
                    },
                    "box2d": {
                        "x1": 615.24129,
                        "y1": 269.521453,
                        "x2": 632.742685,
                        "y2": 303.177979
                    }
                },
                {
                    "category": "car",
                    "id": 9,
                    "attributes": {
                        "occluded": true,
                        "truncated": false,
                        "trafficLightColor": "none"
                    },
                    "box2d": {
                        "x1": 621.972596,
                        "y1": 268.175194,
                        "x2": 666.399209,
                        "y2": 308.563024
                    }
                },
                {
                    "category": "car",
                    "id": 10,
                    "attributes": {
                        "occluded": true,
                        "truncated": false,
                        "trafficLightColor": "none"
                    },
                    "box2d": {
                        "x1": 697.363214,
                        "y1": 270.867715,
                        "x2": 748.521133,
                        "y2": 352.989639
                    }
                },
                {
                    "category": "car",
                    "id": 11,
                    "attributes": {
                        "occluded": true,
                        "truncated": false,
                        "trafficLightColor": "none"
                    },
                    "box2d": {
                        "x1": 932.958893,
                        "y1": 246.635016,
                        "x2": 978.731767,
                        "y2": 268.175192
                    }
                },
                {
                    "category": "car",
                    "id": 12,
                    "attributes": {
                        "occluded": true,
                        "truncated": false,
                        "trafficLightColor": "none"
                    },
                    "box2d": {
                        "x1": 934.305154,
                        "y1": 247.981278,
                        "x2": 1056.814908,
                        "y2": 327.410676
                    }
                },
                {
                    "category": "car",
                    "id": 13,
                    "attributes": {
                        "occluded": false,
                        "truncated": false,
                        "trafficLightColor": "none"
                    },
                    "box2d": {
                        "x1": 238.288202,
                        "y1": 264.203727,
                        "x2": 438.881095,
                        "y2": 390.752264
                    }
                },
                {
                    "category": "car",
                    "id": 14,
                    "attributes": {
                        "occluded": false,
                        "truncated": false,
                        "trafficLightColor": "none"
                    },
                    "box2d": {
                        "x1": 507.540407,
                        "y1": 272.281293,
                        "x2": 530.426845,
                        "y2": 291.128947
                    }
                },
                {
                    "category": "car",
                    "id": 15,
                    "attributes": {
                        "occluded": false,
                        "truncated": false,
                        "trafficLightColor": "none"
                    },
                    "box2d": {
                        "x1": 572.160936,
                        "y1": 268.24251,
                        "x2": 582.931027,
                        "y2": 283.051382
                    }
                },
                {
                    "category": "car",
                    "id": 16,
                    "attributes": {
                        "occluded": false,
                        "truncated": false,
                        "trafficLightColor": "none"
                    },
                    "box2d": {
                        "x1": 562.737109,
                        "y1": 269.588772,
                        "x2": 572.160936,
                        "y2": 280.35886
                    }
                },
                {
                    "category": "car",
                    "id": 17,
                    "attributes": {
                        "occluded": false,
                        "truncated": false,
                        "trafficLightColor": "none"
                    },
                    "box2d": {
                        "x1": 628.703902,
                        "y1": 270.935031,
                        "x2": 687.939386,
                        "y2": 316.707906
                    }
                },
                {
                    "category": "car",
                    "id": 18,
                    "attributes": {
                        "occluded": false,
                        "truncated": false,
                        "trafficLightColor": "none"
                    },
                    "box2d": {
                        "x1": 720.249651,
                        "y1": 229.200939,
                        "x2": 945.075243,
                        "y2": 406.907395
                    }
                },
                {
                    "category": "traffic sign",
                    "id": 19,
                    "attributes": {
                        "occluded": false,
                        "truncated": false,
                        "trafficLightColor": "none"
                    },
                    "box2d": {
                        "x1": 463.113794,
                        "y1": 238.961333,
                        "x2": 472.537622,
                        "y2": 249.731422
                    }
                },
                {
                    "category": "traffic sign",
                    "id": 20,
                    "attributes": {
                        "occluded": false,
                        "truncated": false,
                        "trafficLightColor": "none"
                    },
                    "box2d": {
                        "x1": 654.28286,
                        "y1": 222.8062,
                        "x2": 667.745472,
                        "y2": 233.576291
                    }
                },
                {
                    "category": "traffic sign",
                    "id": 21,
                    "attributes": {
                        "occluded": false,
                        "truncated": false,
                        "trafficLightColor": "none"
                    },
                    "box2d": {
                        "x1": 661.014164,
                        "y1": 244.346377,
                        "x2": 673.130515,
                        "y2": 252.423943
                    }
                },
                {
                    "category": "traffic sign",
                    "id": 22,
                    "attributes": {
                        "occluded": false,
                        "truncated": false,
                        "trafficLightColor": "none"
                    },
                    "box2d": {
                        "x1": 623.318857,
                        "y1": 252.423943,
                        "x2": 634.088946,
                        "y2": 263.194032
                    }
                },
                {
                    "category": "traffic sign",
                    "id": 23,
                    "attributes": {
                        "occluded": false,
                        "truncated": false,
                        "trafficLightColor": "none"
                    },
                    "box2d": {
                        "x1": 607.163724,
                        "y1": 257.808987,
                        "x2": 616.587551,
                        "y2": 269.925336
                    }
                },
                {
                    "category": "car",
                    "id": 24,
                    "attributes": {
                        "occluded": false,
                        "truncated": false,
                        "trafficLightColor": "none"
                    },
                    "box2d": {
                        "x1": 597.739897,
                        "y1": 272.617857,
                        "x2": 609.856245,
                        "y2": 288.77299
                    }
                },
                {
                    "category": "traffic light",
                    "id": 25,
                    "attributes": {
                        "occluded": false,
                        "truncated": false,
                        "trafficLightColor": "red"
                    },
                    "box2d": {
                        "x1": 581.584766,
                        "y1": 254.106769,
                        "x2": 588.31607,
                        "y2": 267.569381
                    }
                },
                {
                    "category": "area/drivable",
                    "id": 26,
                    "attributes": {},
                    "poly2d": [
                        [
                            263.122214,
                            575.293202,
                            "L"
                        ],
                        [
                            391.268092,
                            560.297407,
                            "C"
                        ],
                        [
                            511.234448,
                            575.293202,
                            "C"
                        ],
                        [
                            638.017073,
                            567.113678,
                            "C"
                        ],
                        [
                            653.012868,
                            523.489549,
                            "C"
                        ],
                        [
                            762.07319,
                            548.028121,
                            "C"
                        ],
                        [
                            790.701525,
                            556.207645,
                            "C"
                        ],
                        [
                            959.745025,
                            558.934154,
                            "C"
                        ],
                        [
                            1134.241541,
                            572.566694,
                            "C"
                        ],
                        [
                            1280.095537,
                            582.109472,
                            "C"
                        ],
                        [
                            1280.095537,
                            526.216057,
                            "L"
                        ],
                        [
                            943.385976,
                            410.339464,
                            "L"
                        ],
                        [
                            749.803904,
                            415.79248,
                            "L"
                        ],
                        [
                            601.209215,
                            291.736363,
                            "L"
                        ],
                        [
                            564.401356,
                            291.736363,
                            "L"
                        ],
                        [
                            263.122214,
                            575.293202,
                            "L"
                        ]
                    ]
                },
                {
                    "category": "lane/double yellow",
                    "id": 27,
                    "attributes": {
                        "direction": "parallel",
                        "style": "solid"
                    },
                    "poly2d": [
                        [
                            560.489541,
                            300.966625,
                            "L"
                        ],
                        [
                            274.878356,
                            575.829002,
                            "L"
                        ]
                    ]
                },
                {
                    "category": "lane/double yellow",
                    "id": 28,
                    "attributes": {
                        "direction": "parallel",
                        "style": "solid"
                    },
                    "poly2d": [
                        [
                            549.740733,
                            296.359993,
                            "L"
                        ],
                        [
                            188.887891,
                            580.435634,
                            "L"
                        ]
                    ]
                },
                {
                    "category": "lane/road curb",
                    "id": 29,
                    "attributes": {
                        "direction": "parallel",
                        "style": "solid"
                    },
                    "poly2d": [
                        [
                            935.162278,
                            405.383617,
                            "L"
                        ],
                        [
                            1254.555431,
                            515.942786,
                            "L"
                        ]
                    ]
                },
                {
                    "category": "lane/road curb",
                    "id": 30,
                    "attributes": {
                        "direction": "parallel",
                        "style": "solid"
                    },
                    "poly2d": [
                        [
                            238.0253,
                            350.104033,
                            "L"
                        ],
                        [
                            1.551523,
                            399.241441,
                            "L"
                        ]
                    ]
                }
            ]
        }
    ],
    "attributes": {
        "weather": "undefined",
        "scene": "residential",
        "timeofday": "daytime"
    }
}