{
    "name": "00a04f65-af2ab984",
    "frames": [
        {
            "timestamp": 10000,
            "objects": [
                {
                    "category": "traffic light",
                    "id": 0,
                    "attributes": {
                        "occluded": false,
                        "truncated": false,
                        "trafficLightColor": "green"
                    },
                    "box2d": {
                        "x1": 500.015359,
                        "y1": 282.368185,
                        "x2": 512.740434,
                        "y2": 309.77604
                    }
                },
                {
                    "category": "traffic light",
                    "id": 1,
                    "attributes": {
                        "occluded": false,
                        "truncated": false,
                        "trafficLightColor": "none"
                    },
                    "box2d": {
                        "x1": 493.163395,
                        "y1": 283.867052,
                        "x2": 502.951915,
                        "y2": 304.98374
                    }
                },
                {
                    "category": "traffic light",
                    "id": 2,
                    "attributes": {
                        "occluded": false,
                        "truncated": false,
                        "trafficLightColor": "none"
                    },
                    "box2d": {
                        "x1": 665.949658,
                        "y1": 303.724949,
                        "x2": 678.674728,
                        "y2": 326.936538
                    }
                },
                {
                    "category": "traffic light",
                    "id": 3,
                    "attributes": {
                        "occluded": false,
                        "truncated": false,
                        "trafficLightColor": "none"
                    },
                    "box2d": {
                        "x1": 509.724896,
                        "y1": 282.496658,
                        "x2": 519.513416,
                        "y2": 307.946806
                    }
                },
                {
                    "category": "car",
                    "id": 4,
                    "attributes": {
                        "occluded": true,
                        "truncated": false,
                        "trafficLightColor": "none"
                    },
                    "box2d": {
                        "x1": 541.831237,
                        "y1": 377.836836,
                        "x2": 561.408273,
                        "y2": 402.308133
                    }
                },
                {
                    "category": "car",
                    "id": 5,
                    "attributes": {
                        "occluded": true,
                        "truncated": false,
                        "trafficLightColor": "none"
                    },
                    "box2d": {
                        "x1": 520.296493,
                        "y1": 387.625354,
                        "x2": 544.767791,
                        "y2": 407.202393
                    }
                },
                {
                    "category": "car",
                    "id": 6,
                    "attributes": {
                        "occluded": true,
                        "truncated": false,
                        "trafficLightColor": "none"
                    },
                    "box2d": {
                        "x1": 484.531694,
                        "y1": 395.456169,
                        "x2": 519.77036,
                        "y2": 416.012058
                    }
                },
                {
                    "category": "car",
                    "id": 7,
                    "attributes": {
                        "occluded": true,
                        "truncated": false,
                        "trafficLightColor": "none"
                    },
                    "box2d": {
                        "x1": 558.924439,
                        "y1": 375.879131,
                        "x2": 573.607214,
                        "y2": 389.583057
                    }
                },
                {
                    "category": "car",
                    "id": 8,
                    "attributes": {
                        "occluded": true,
                        "truncated": false,
                        "trafficLightColor": "none"
                    },
                    "box2d": {
                        "x1": 572.628364,
                        "y1": 377.836836,
                        "x2": 585.353438,
                        "y2": 389.583059
                    }
                },
                {
                    "category": "car",
                    "id": 9,
                    "attributes": {
                        "occluded": true,
                        "truncated": false,
                        "trafficLightColor": "none"
                    },
                    "box2d": {
                        "x1": 386.646502,
                        "y1": 384.688798,
                        "x2": 443.419912,
                        "y2": 444.398766
                    }
                },
                {
                    "category": "car",
                    "id": 10,
                    "attributes": {
                        "occluded": true,
                        "truncated": false,
                        "trafficLightColor": "none"
                    },
                    "box2d": {
                        "x1": 277.993941,
                        "y1": 382.731095,
                        "x2": 399.371576,
                        "y2": 460.060394
                    }
                },
                {
                    "category": "car",
                    "id": 11,
                    "attributes": {
                        "occluded": true,
                        "truncated": false,
                        "trafficLightColor": "none"
                    },
                    "box2d": {
                        "x1": 184.746064,
                        "y1": 396.435022,
                        "x2": 308.081404,
                        "y2": 483.944392
                    }
                },
                {
                    "category": "traffic sign",
                    "id": 12,
                    "attributes": {
                        "occluded": false,
                        "truncated": false,
                        "trafficLightColor": "none"
                    },
                    "box2d": {
                        "x1": 665.362349,
                        "y1": 370.984872,
                        "x2": 674.172018,
                        "y2": 382.731095
                    }
                },
                {
                    "category": "car",
                    "id": 13,
                    "attributes": {
                        "occluded": true,
                        "truncated": false,
                        "trafficLightColor": "none"
                    },
                    "box2d": {
                        "x1": 634.039089,
                        "y1": 354.344389,
                        "x2": 641.869906,
                        "y2": 368.048316
                    }
                },
                {
                    "category": "traffic light",
                    "id": 14,
                    "attributes": {
                        "occluded": false,
                        "truncated": false,
                        "trafficLightColor": "green"
                    },
                    "box2d": {
                        "x1": 575.307974,
                        "y1": 350.428982,
                        "x2": 585.096494,
                        "y2": 363.154057
                    }
                },
                {
                    "category": "car",
                    "id": 15,
                    "attributes": {
                        "occluded": true,
                        "truncated": false,
                        "trafficLightColor": "none"
                    },
                    "box2d": {
                        "x1": 610.151031,
                        "y1": 378.489408,
                        "x2": 627.770366,
                        "y2": 387.625352
                    }
                },
                {
                    "category": "car",
                    "id": 16,
                    "attributes": {
                        "occluded": true,
                        "truncated": false,
                        "trafficLightColor": "none"
                    },
                    "box2d": {
                        "x1": 657.135922,
                        "y1": 384.36252,
                        "x2": 668.882146,
                        "y2": 398.252893
                    }
                },
                {
                    "category": "car",
                    "id": 17,
                    "attributes": {
                        "occluded": true,
                        "truncated": false,
                        "trafficLightColor": "none"
                    },
                    "box2d": {
                        "x1": 679.323221,
                        "y1": 382.122092,
                        "x2": 703.794517,
                        "y2": 403.939556
                    }
                },
                {
                    "category": "car",
                    "id": 18,
                    "attributes": {
                        "occluded": true,
                        "truncated": false,
                        "trafficLightColor": "none"
                    },
                    "box2d": {
                        "x1": 694.336364,
                        "y1": 386.059191,
                        "x2": 731.528651,
                        "y2": 411.444094
                    }
                },
                {
                    "category": "car",
                    "id": 19,
                    "attributes": {
                        "occluded": true,
                        "truncated": false,
                        "trafficLightColor": "none"
                    },
                    "box2d": {
                        "x1": 627.977991,
                        "y1": 385.147634,
                        "x2": 660.280103,
                        "y2": 417.449747
                    }
                },
                {
                    "category": "car",
                    "id": 20,
                    "attributes": {
                        "occluded": false,
                        "truncated": false,
                        "trafficLightColor": "none"
                    },
                    "box2d": {
                        "x1": 449.313397,
                        "y1": 403.613265,
                        "x2": 476.157074,
                        "y2": 425.708812
                    }
                },
                {
                    "category": "car",
                    "id": 21,
                    "attributes": {
                        "occluded": false,
                        "truncated": false,
                        "trafficLightColor": "none"
                    },
                    "box2d": {
                        "x1": 556.432814,
                        "y1": 382.033101,
                        "x2": 643.550635,
                        "y2": 448.595028
                    }
                },
                {
                    "category": "car",
                    "id": 22,
                    "attributes": {
                        "occluded": true,
                        "truncated": false,
                        "trafficLightColor": "none"
                    },
                    "box2d": {
                        "x1": 1079.694023,
                        "y1": 377.184262,
                        "x2": 1216.733287,
                        "y2": 516.181232
                    }
                },
                {
                    "category": "person",
                    "id": 23,
                    "attributes": {
                        "occluded": false,
                        "truncated": false,
                        "trafficLightColor": "none"
                    },
                    "box2d": {
                        "x1": 718.477302,
                        "y1": 383.723853,
                        "x2": 740.012044,
                        "y2": 435.603004
                    }
                },
                {
                    "category": "traffic light",
                    "id": 24,
                    "attributes": {
                        "occluded": false,
                        "truncated": false,
                        "trafficLightColor": "none"
                    },
                    "box2d": {
                        "x1": 431.416744,
                        "y1": 366.090612,
                        "x2": 446.099522,
                        "y2": 379.794539
                    }
                },
                {
                    "category": "traffic sign",
                    "id": 25,
                    "attributes": {
                        "occluded": false,
                        "truncated": false,
                        "trafficLightColor": "none"
                    },
                    "box2d": {
                        "x1": 452.951486,
                        "y1": 360.217501,
                        "x2": 465.67656,
                        "y2": 370.984872
                    }
                },
                {
                    "category": "car",
                    "id": 26,
                    "attributes": {
                        "occluded": false,
                        "truncated": true,
                        "trafficLightColor": "none"
                    },
                    "box2d": {
                        "x1": 1.413896,
                        "y1": 402.216366,
                        "x2": 205.993944,
                        "y2": 527.509409
                    }
                },
                {
                    "category": "car",
                    "id": 27,
                    "attributes": {
                        "occluded": false,
                        "truncated": false,
                        "trafficLightColor": "none"
                    },
                    "box2d": {
                        "x1": 800.15705,
                        "y1": 371.871956,
                        "x2": 1213.232552,
                        "y2": 601.902154
                    }
                },
                {
                    "category": "area/drivable",
                    "id": 28,
                    "attributes": {},
                    "poly2d": [
                        [
                            143.491715,
                            697.494509,
                            "L"
                        ],
                        [
                            510.331403,
                            457.925734,
                            "L"
                        ],
                        [
                            655.070872,
                            451.686962,
                            "L"
                        ],
                        [
                            867.18906,
                            696.246755,
                            "L"
                        ],
                        [
                            618.886006,
                            668.796168,
                            "C"
                        ],
                        [
                            410.511079,
                            676.282691,
                            "C"
                        ],
                        [
                            143.491715,
                            697.494509,
                            "C"
                        ]
                    ]
                },
                {
                    "category": "area/alternative",
                    "id": 29,
                    "attributes": {},
                    "poly2d": [
                        [
                            829.756437,
                            626.372529,
                            "L"
                        ],
                        [
                            1280.195649,
                            617.638252,
                            "L"
                        ],
                        [
                            1280.195649,
                            719.954084,
                            "L"
                        ],
                        [
                            999.450987,
                            719.954084,
                            "L"
                        ],
                        [
                            887.153124,
                            694.999003,
                            "L"
                        ],
                        [
                            829.756437,
                            626.372529,
                            "L"
                        ]
                    ]
                },
                {
                    "category": "area/alternative",
                    "id": 30,
                    "attributes": {},
                    "poly2d": [
                        [
                            549.011779,
                            426.731883,
                            "L"
                        ],
                        [
                            476.642045,
                            427.979637,
                            "L"
                        ],
                        [
                            0,
                            573.96686,
                            "L"
                        ],
                        [
                            0,
                            719.954084,
                            "L"
                        ],
                        [
                            14.97305,
                            719.954084,
                            "L"
                        ],
                        [
                            118.536634,
                            697.494509,
                            "L"
                        ],
                        [
                            549.011779,
                            426.731883,
                            "L"
                        ]
                    ]
                },
                {
                    "category": "lane/single white",
                    "id": 31,
                    "attributes": {
                        "direction": "parallel",
                        "style": "dashed"
                    },
                    "poly2d": [
                        [
                            643.538411,
                            434.517135,
                            "L"
                        ],
                        [
                            876.2419,
                            715.614713,
                            "L"
                        ]
                    ]
                },
                {
                    "category": "lane/single white",
                    "id": 32,
                    "attributes": {
                        "direction": "parallel",
                        "style": "dashed"
                    },
                    "poly2d": [
                        [
                            650.746041,
                            434.517135,
                            "L"
                        ],
                        [
                            887.568177,
                            710.466406,
                            "L"
                        ]
                    ]
                },
                {
                    "category": "lane/single white",
                    "id": 33,
                    "attributes": {
                        "direction": "parallel",
                        "style": "solid"
                    },
                    "poly2d": [
                        [
                            493.207838,
                            469.525625,
                            "L"
                        ],
                        [
                            143.122943,
                            698.110468,
                            "L"
                        ]
                    ]
                },
                {
                    "category": "lane/single white",
                    "id": 34,
                    "attributes": {
                        "direction": "parallel",
                        "style": "solid"
                    },
                    "poly2d": [
                        [
                            484.970548,
                            469.525625,
                            "L"
                        ],
                        [
                            118.411068,
                            700.169791,
                            "L"
                        ]
                    ]
                },
                {
                    "category": "lane/single white",
                    "id": 35,
                    "attributes": {
                        "direction": "parallel",
                        "style": "solid"
                    },
                    "poly2d": [
                        [
                            455.110364,
                            437.606119,
                            "L"
                        ],
                        [
                            0,
                            566.786564,
                            "L"
                        ]
                    ]
                },
                {
                    "category": "lane/single white",
                    "id": 36,
                    "attributes": {
                        "direction": "parallel",
                        "style": "dashed"
                    },
                    "poly2d": [
                        [
                            489.089192,
                            440.695103,
                            "L"
                        ],
                        [
                            432.457812,
                            461.288333,
                            "L"
                        ]
                    ]
                },
                {
                    "category": "lane/single white",
                    "id": 37,
                    "attributes": {
                        "direction": "parallel",
                        "style": "dashed"
                    },
                    "poly2d": [
                        [
                            476.733255,
                            439.665442,
                            "L"
                        ],
                        [
                            426.279843,
                            459.22901,
                            "L"
                        ]
                    ]
                },
                {
                    "category": "lane/single white",
                    "id": 38,
                    "attributes": {
                        "direction": "vertical",
                        "style": "solid"
                    },
                    "poly2d": [
                        [
                            460.258671,
                            438.635781,
                            "L"
                        ],
                        [
                            560.135833,
                            435.546796,
                            "L"
                        ]
                    ]
                },
                {
                    "category": "lane/single white",
                    "id": 39,
                    "attributes": {
                        "direction": "vertical",
                        "style": "solid"
                    },
                    "poly2d": [
                        [
                            751.652864,
                            433.487474,
                            "L"
                        ],
                        [
                            639.419764,
                            432.457812,
                            "L"
                        ]
                    ]
                },
                {
                    "category": "lane/crosswalk",
                    "id": 40,
                    "attributes": {
                        "direction": "vertical",
                        "style": "dashed"
                    },
                    "poly2d": [
                        [
                            807.254583,
                            429.368828,
                            "L"
                        ],
                        [
                            635.301119,
                            430.398489,
                            "L"
                        ]
                    ]
                },
                {
                    "category": "lane/crosswalk",
                    "id": 41,
                    "attributes": {
                        "direction": "vertical",
                        "style": "dashed"
                    },
                    "poly2d": [
                        [
                            560.135833,
                            430.398489,
                            "L"
                        ],
                        [
                            450.991717,
                            436.576458,
                            "L"
                        ]
                    ]
                },
                {
                    "category": "lane/crosswalk",
                    "id": 42,
                    "attributes": {
                        "direction": "vertical",
                        "style": "dashed"
                    },
                    "poly2d": [
                        [
                            557.046848,
                            424.220521,
                            "L"
                        ],
                        [
                            462.317994,
                            428.339167,
                            "L"
                        ]
                    ]
                },
                {
                    "category": "lane/crosswalk",
                    "id": 43,
                    "attributes": {
                        "direction": "vertical",
                        "style": "dashed"
                    },
                    "poly2d": [
                        [
                            646.627396,
                            423.19086,
                            "L"
                        ],
                        [
                            785.631693,
                            421.131536,
                            "L"
                        ]
                    ]
                },
                {
                    "category": "lane/crosswalk",
                    "id": 44,
                    "attributes": {
                        "direction": "vertical",
                        "style": "dashed"
                    },
                    "poly2d": [
                        [
                            712.525729,
                            415.983229,
                            "L"
                        ],
                        [
                            639.419764,
                            419.072213,
                            "L"
                        ]
                    ]
                },
                {
                    "category": "lane/crosswalk",
                    "id": 45,
                    "attributes": {
                        "direction": "vertical",
                        "style": "dashed"
                    },
                    "poly2d": [
                        [
                            560.135833,
                            421.131536,
                            "L"
                        ],
                        [
                            479.822239,
                            424.220521,
                            "L"
                        ]
                    ]
                },
                {
                    "category": "lane/single white",
                    "id": 46,
                    "attributes": {
                        "direction": "parallel",
                        "style": "dashed"
                    },
                    "poly2d": [
                        [
                            752.682526,
                            434.517135,
                            "L"
                        ],
                        [
                            812.40289,
                            454.080703,
                            "L"
                        ]
                    ]
                },
                {
                    "category": "lane/crosswalk",
                    "id": 47,
                    "attributes": {
                        "direction": "vertical",
                        "style": "dashed"
                    },
                    "poly2d": [
                        [
                            560.135833,
                            415.983229,
                            "L"
                        ],
                        [
                            522.038359,
                            415.983229,
                            "L"
                        ]
                    ]
                },
                {
                    "category": "lane/crosswalk",
                    "id": 48,
                    "attributes": {
                        "direction": "vertical",
                        "style": "dashed"
                    },
                    "poly2d": [
                        [
                            699.14013,
                            410.834921,
                            "L"
                        ],
                        [
                            655.894348,
                            413.923906,
                            "L"
                        ]
                    ]
                }
            ]
        }
    ],
    "attributes": {
        "weather": "clear",
        "scene": "city street",
        "timeofday": "night"
    }
}