{
    "name": "00a0f008-3c67908e",
    "frames": [
        {
            "timestamp": 10000,
            "objects": [
                {
                    "category": "traffic sign",
                    "id": 0,
                    "attributes": {
                        "occluded": false,
                        "truncated": false,
                        "trafficLightColor": "none"
                    },
                    "box2d": {
                        "x1": 929.413886,
                        "y1": 140.116953,
                        "x2": 959.78889,
                        "y2": 158.733891
                    }
                },
                {
                    "category": "traffic sign",
                    "id": 1,
                    "attributes": {
                        "occluded": false,
                        "truncated": false,
                        "trafficLightColor": "none"
                    },
                    "box2d": {
                        "x1": 905.897754,
                        "y1": 123.459693,
                        "x2": 921.575175,
                        "y2": 135.217759
                    }
                },
                {
                    "category": "traffic sign",
                    "id": 2,
                    "attributes": {
                        "occluded": false,
                        "truncated": false,
                        "trafficLightColor": "none"
                    },
                    "box2d": {
                        "x1": 854.946134,
                        "y1": 146.975826,
                        "x2": 874.542908,
                        "y2": 162.653246
                    }
                },
                {
                    "category": "traffic sign",
                    "id": 3,
                    "attributes": {
                        "occluded": false,
                        "truncated": false,
                        "trafficLightColor": "none"
                    },
                    "box2d": {
                        "x1": 851.02678,
                        "y1": 174.411312,
                        "x2": 878.849692,
                        "y2": 195.967766
                    }
                },
                {
                    "category": "traffic sign",
                    "id": 4,
                    "attributes": {
                        "occluded": false,
                        "truncated": false,
                        "trafficLightColor": "none"
                    },
                    "box2d": {
                        "x1": 721.688053,
                        "y1": 220.463738,
                        "x2": 735.405797,
                        "y2": 236.14116
                    }
                },
                {
                    "category": "traffic sign",
                    "id": 5,
                    "attributes": {
                        "occluded": false,
                        "truncated": false,
                        "trafficLightColor": "none"
                    },
                    "box2d": {
                        "x1": 366.006556,
                        "y1": 167.552441,
                        "x2": 377.764622,
                        "y2": 184.209701
                    }
                },
                {
                    "category": "traffic sign",
                    "id": 6,
                    "attributes": {
                        "occluded": false,
                        "truncated": false,
                        "trafficLightColor": "none"
                    },
                    "box2d": {
                        "x1": 392.462204,
                        "y1": 216.544382,
                        "x2": 412.058979,
                        "y2": 225.362934
                    }
                },
                {
                    "category": "traffic sign",
                    "id": 7,
                    "attributes": {
                        "occluded": false,
                        "truncated": false,
                        "trafficLightColor": "none"
                    },
                    "box2d": {
                        "x1": 541.397707,
                        "y1": 185.18954,
                        "x2": 579.611423,
                        "y2": 205.585642
                    }
                },
                {
                    "category": "traffic light",
                    "id": 8,
                    "attributes": {
                        "occluded": false,
                        "truncated": false,
                        "trafficLightColor": "red"
                    },
                    "box2d": {
                        "x1": 353.268651,
                        "y1": 207.725833,
                        "x2": 373.845267,
                        "y2": 229.282289
                    }
                },
                {
                    "category": "traffic light",
                    "id": 9,
                    "attributes": {
                        "occluded": false,
                        "truncated": false,
                        "trafficLightColor": "red"
                    },
                    "box2d": {
                        "x1": 745.657326,
                        "y1": 215.146069,
                        "x2": 756.435553,
                        "y2": 228.863813
                    }
                },
                {
                    "category": "traffic light",
                    "id": 10,
                    "attributes": {
                        "occluded": false,
                        "truncated": false,
                        "trafficLightColor": "none"
                    },
                    "box2d": {
                        "x1": 422.310509,
                        "y1": 219.065424,
                        "x2": 440.927446,
                        "y2": 233.763006
                    }
                },
                {
                    "category": "traffic light",
                    "id": 11,
                    "attributes": {
                        "occluded": false,
                        "truncated": false,
                        "trafficLightColor": "none"
                    },
                    "box2d": {
                        "x1": 898.512183,
                        "y1": 179.871873,
                        "x2": 923.987992,
                        "y2": 207.307357
                    }
                },
                {
                    "category": "traffic sign",
                    "id": 12,
                    "attributes": {
                        "occluded": false,
                        "truncated": false,
                        "trafficLightColor": "none"
                    },
                    "box2d": {
                        "x1": 736.838775,
                        "y1": 191.629936,
                        "x2": 747.617002,
                        "y2": 203.388001
                    }
                },
                {
                    "category": "traffic light",
                    "id": 13,
                    "attributes": {
                        "occluded": false,
                        "truncated": false,
                        "trafficLightColor": "green"
                    },
                    "box2d": {
                        "x1": 631.996018,
                        "y1": 158.315415,
                        "x2": 642.774248,
                        "y2": 182.81139
                    }
                },
                {
                    "category": "traffic light",
                    "id": 14,
                    "attributes": {
                        "occluded": false,
                        "truncated": false,
                        "trafficLightColor": "none"
                    },
                    "box2d": {
                        "x1": 502.657293,
                        "y1": 140.678317,
                        "x2": 512.455683,
                        "y2": 167.133966
                    }
                },
                {
                    "category": "traffic light",
                    "id": 15,
                    "attributes": {
                        "occluded": false,
                        "truncated": false,
                        "trafficLightColor": "green"
                    },
                    "box2d": {
                        "x1": 510.496004,
                        "y1": 138.718637,
                        "x2": 527.849814,
                        "y2": 165.085658
                    }
                },
                {
                    "category": "traffic light",
                    "id": 16,
                    "attributes": {
                        "occluded": false,
                        "truncated": false,
                        "trafficLightColor": "none"
                    },
                    "box2d": {
                        "x1": 619.258115,
                        "y1": 160.275095,
                        "x2": 628.076664,
                        "y2": 176.932353
                    }
                },
                {
                    "category": "car",
                    "id": 17,
                    "attributes": {
                        "occluded": true,
                        "truncated": false,
                        "trafficLightColor": "none"
                    },
                    "box2d": {
                        "x1": 837.762174,
                        "y1": 237.682361,
                        "x2": 926.927509,
                        "y2": 273.936399
                    }
                },
                {
                    "category": "car",
                    "id": 18,
                    "attributes": {
                        "occluded": true,
                        "truncated": false,
                        "trafficLightColor": "none"
                    },
                    "box2d": {
                        "x1": 261.616939,
                        "y1": 253.359783,
                        "x2": 327.266142,
                        "y2": 292.553339
                    }
                },
                {
                    "category": "car",
                    "id": 19,
                    "attributes": {
                        "occluded": true,
                        "truncated": false,
                        "trafficLightColor": "none"
                    },
                    "box2d": {
                        "x1": 308.649203,
                        "y1": 248.460589,
                        "x2": 376.258082,
                        "y2": 285.694465
                    }
                },
                {
                    "category": "car",
                    "id": 20,
                    "attributes": {
                        "occluded": true,
                        "truncated": false,
                        "trafficLightColor": "none"
                    },
                    "box2d": {
                        "x1": 697.318657,
                        "y1": 254.431489,
                        "x2": 714.955755,
                        "y2": 266.189555
                    }
                },
                {
                    "category": "car",
                    "id": 21,
                    "attributes": {
                        "occluded": true,
                        "truncated": false,
                        "trafficLightColor": "none"
                    },
                    "box2d": {
                        "x1": 658.125103,
                        "y1": 251.491974,
                        "x2": 702.217851,
                        "y2": 264.229877
                    }
                },
                {
                    "category": "car",
                    "id": 22,
                    "attributes": {
                        "occluded": true,
                        "truncated": false,
                        "trafficLightColor": "none"
                    },
                    "box2d": {
                        "x1": 644.407361,
                        "y1": 255.411329,
                        "x2": 659.104945,
                        "y2": 265.209717
                    }
                },
                {
                    "category": "car",
                    "id": 23,
                    "attributes": {
                        "occluded": false,
                        "truncated": false,
                        "trafficLightColor": "none"
                    },
                    "box2d": {
                        "x1": 614.249785,
                        "y1": 248.785629,
                        "x2": 643.949775,
                        "y2": 270.385622
                    }
                },
                {
                    "category": "traffic light",
                    "id": 24,
                    "attributes": {
                        "occluded": false,
                        "truncated": false,
                        "trafficLightColor": "red"
                    },
                    "box2d": {
                        "x1": 652.049772,
                        "y1": 216.385639,
                        "x2": 665.549767,
                        "y2": 229.885634
                    }
                },
                {
                    "category": "area/drivable",
                    "id": 25,
                    "attributes": {},
                    "poly2d": [
                        [
                            603.38074,
                            278.839398,
                            "L"
                        ],
                        [
                            713.656208,
                            274.113306,
                            "L"
                        ],
                        [
                            901.124504,
                            348.155406,
                            "C"
                        ],
                        [
                            1055.172806,
                            355.809304,
                            "C"
                        ],
                        [
                            1172.087083,
                            338.703224,
                            "C"
                        ],
                        [
                            1280.095536,
                            578.019709,
                            "L"
                        ],
                        [
                            1001.947789,
                            570.281707,
                            "C"
                        ],
                        [
                            680.573568,
                            552.952704,
                            "C"
                        ],
                        [
                            340.827695,
                            579.382965,
                            "C"
                        ],
                        [
                            603.38074,
                            278.839398,
                            "L"
                        ]
                    ]
                },
                {
                    "category": "lane/road curb",
                    "id": 26,
                    "attributes": {
                        "direction": "parallel",
                        "style": "solid"
                    },
                    "poly2d": [
                        [
                            789.187926,
                            292.698813,
                            "C"
                        ],
                        [
                            984.986449,
                            367.621717,
                            "C"
                        ],
                        [
                            1010.959722,
                            338.651528,
                            "C"
                        ],
                        [
                            1171.794224,
                            340.649472,
                            "L"
                        ]
                    ]
                },
                {
                    "category": "lane/road curb",
                    "id": 27,
                    "attributes": {
                        "direction": "parallel",
                        "style": "solid"
                    },
                    "poly2d": [
                        [
                            2.996916,
                            385.603214,
                            "C"
                        ],
                        [
                            153.841697,
                            376.612466,
                            "C"
                        ],
                        [
                            272.719372,
                            342.647416,
                            "C"
                        ],
                        [
                            420.567236,
                            298.692645,
                            "L"
                        ]
                    ]
                },
                {
                    "category": "lane/road curb",
                    "id": 28,
                    "attributes": {
                        "direction": "parallel",
                        "style": "solid"
                    },
                    "poly2d": [
                        [
                            397.590879,
                            282.709092,
                            "C"
                        ],
                        [
                            467.518923,
                            286.704981,
                            "C"
                        ],
                        [
                            504.480889,
                            276.71526,
                            "C"
                        ],
                        [
                            548.43566,
                            270.721428,
                            "L"
                        ]
                    ]
                },
                {
                    "category": "lane/road curb",
                    "id": 29,
                    "attributes": {
                        "direction": "parallel",
                        "style": "solid"
                    },
                    "poly2d": [
                        [
                            683.296888,
                            268.723484,
                            "C"
                        ],
                        [
                            721.257826,
                            282.709092,
                            "C"
                        ],
                        [
                            771.206429,
                            275.716288,
                            "C"
                        ],
                        [
                            806.170451,
                            275.716288,
                            "L"
                        ]
                    ]
                },
                {
                    "category": "lane/crosswalk",
                    "id": 30,
                    "attributes": {
                        "direction": "vertical",
                        "style": "dashed"
                    },
                    "poly2d": [
                        [
                            996.974114,
                            344.64536,
                            "L"
                        ],
                        [
                            1211.753106,
                            399.588823,
                            "L"
                        ]
                    ]
                },
                {
                    "category": "lane/crosswalk",
                    "id": 31,
                    "attributes": {
                        "direction": "vertical",
                        "style": "dashed"
                    },
                    "poly2d": [
                        [
                            1035.934024,
                            346.643304,
                            "L"
                        ],
                        [
                            1204.760302,
                            384.604242,
                            "L"
                        ]
                    ]
                },
                {
                    "category": "lane/single white",
                    "id": 32,
                    "attributes": {
                        "direction": "vertical",
                        "style": "solid"
                    },
                    "poly2d": [
                        [
                            589.393514,
                            295.695729,
                            "L"
                        ],
                        [
                            787.189982,
                            298.692645,
                            "L"
                        ]
                    ]
                },
                {
                    "category": "lane/crosswalk",
                    "id": 33,
                    "attributes": {
                        "direction": "vertical",
                        "style": "dashed"
                    },
                    "poly2d": [
                        [
                            432.554901,
                            299.691617,
                            "C"
                        ],
                        [
                            564.419213,
                            293.697785,
                            "C"
                        ],
                        [
                            677.303055,
                            292.698813,
                            "C"
                        ],
                        [
                            791.18587,
                            294.696757,
                            "L"
                        ]
                    ]
                },
                {
                    "category": "lane/crosswalk",
                    "id": 34,
                    "attributes": {
                        "direction": "vertical",
                        "style": "dashed"
                    },
                    "poly2d": [
                        [
                            423.564152,
                            295.695729,
                            "L"
                        ],
                        [
                            787.189982,
                            288.702925,
                            "L"
                        ]
                    ]
                },
                {
                    "category": "lane/double yellow",
                    "id": 35,
                    "attributes": {
                        "direction": "parallel",
                        "style": "solid"
                    },
                    "poly2d": [
                        [
                            582.40071,
                            295.695729,
                            "L"
                        ],
                        [
                            541.442855,
                            343.646388,
                            "L"
                        ]
                    ]
                },
                {
                    "category": "lane/double yellow",
                    "id": 36,
                    "attributes": {
                        "direction": "parallel",
                        "style": "solid"
                    },
                    "poly2d": [
                        [
                            521.463414,
                            340.649472,
                            "L"
                        ],
                        [
                            572.410989,
                            294.696757,
                            "L"
                        ]
                    ]
                },
                {
                    "category": "lane/crosswalk",
                    "id": 37,
                    "attributes": {
                        "direction": "vertical",
                        "style": "dashed"
                    },
                    "poly2d": [
                        [
                            774.203345,
                            279.712176,
                            "L"
                        ],
                        [
                            799.177646,
                            283.708064,
                            "L"
                        ]
                    ]
                },
                {
                    "category": "lane/single white",
                    "id": 38,
                    "attributes": {
                        "direction": "vertical",
                        "style": "solid"
                    },
                    "poly2d": [
                        [
                            354.635081,
                            285.706009,
                            "L"
                        ],
                        [
                            320.670031,
                            292.698813,
                            "L"
                        ]
                    ]
                },
                {
                    "category": "lane/single white",
                    "id": 39,
                    "attributes": {
                        "direction": "vertical",
                        "style": "solid"
                    },
                    "poly2d": [
                        [
                            306.684422,
                            291.699841,
                            "L"
                        ],
                        [
                            341.648444,
                            284.707036,
                            "L"
                        ]
                    ]
                }
            ]
        }
    ],
    "attributes": {
        "weather": "undefined",
        "scene": "city street",
        "timeofday": "daytime"
    }
}