{
    "name": "00a1176f-0652080e",
    "frames": [
        {
            "timestamp": 10000,
            "objects": [
                {
                    "category": "traffic sign",
                    "id": 0,
                    "attributes": {
                        "occluded": false,
                        "truncated": false,
                        "trafficLightColor": "none"
                    },
                    "box2d": {
                        "x1": 660.044072,
                        "y1": 187.649866,
                        "x2": 683.669056,
                        "y2": 196.08736
                    }
                },
                {
                    "category": "traffic sign",
                    "id": 1,
                    "attributes": {
                        "occluded": false,
                        "truncated": false,
                        "trafficLightColor": "none"
                    },
                    "box2d": {
                        "x1": 624.606597,
                        "y1": 196.08736,
                        "x2": 687.044054,
                        "y2": 238.27483
                    }
                },
                {
                    "category": "traffic sign",
                    "id": 2,
                    "attributes": {
                        "occluded": false,
                        "truncated": false,
                        "trafficLightColor": "none"
                    },
                    "box2d": {
                        "x1": 671.856564,
                        "y1": 243.337328,
                        "x2": 685.356555,
                        "y2": 255.149816
                    }
                },
                {
                    "category": "car",
                    "id": 3,
                    "attributes": {
                        "occluded": true,
                        "truncated": false,
                        "trafficLightColor": "none"
                    },
                    "box2d": {
                        "x1": 430.54423,
                        "y1": 287.212297,
                        "x2": 459.23171,
                        "y2": 312.52478
                    }
                },
                {
                    "category": "car",
                    "id": 4,
                    "attributes": {
                        "occluded": true,
                        "truncated": false,
                        "trafficLightColor": "none"
                    },
                    "box2d": {
                        "x1": 604.356611,
                        "y1": 272.024808,
                        "x2": 631.356592,
                        "y2": 297.337293
                    }
                },
                {
                    "category": "car",
                    "id": 5,
                    "attributes": {
                        "occluded": true,
                        "truncated": false,
                        "trafficLightColor": "none"
                    },
                    "box2d": {
                        "x1": 631.356592,
                        "y1": 277.087305,
                        "x2": 670.169065,
                        "y2": 305.774784
                    }
                },
                {
                    "category": "car",
                    "id": 6,
                    "attributes": {
                        "occluded": true,
                        "truncated": false,
                        "trafficLightColor": "none"
                    },
                    "box2d": {
                        "x1": 698.856546,
                        "y1": 272.024808,
                        "x2": 732.606523,
                        "y2": 285.524799
                    }
                },
                {
                    "category": "car",
                    "id": 7,
                    "attributes": {
                        "occluded": true,
                        "truncated": false,
                        "trafficLightColor": "none"
                    },
                    "box2d": {
                        "x1": 653.294077,
                        "y1": 273.712307,
                        "x2": 703.919042,
                        "y2": 324.337273
                    }
                },
                {
                    "category": "car",
                    "id": 8,
                    "attributes": {
                        "occluded": true,
                        "truncated": false,
                        "trafficLightColor": "none"
                    },
                    "box2d": {
                        "x1": 179.106903,
                        "y1": 277.087305,
                        "x2": 373.16927,
                        "y2": 368.212243
                    }
                },
                {
                    "category": "car",
                    "id": 9,
                    "attributes": {
                        "occluded": false,
                        "truncated": false,
                        "trafficLightColor": "none"
                    },
                    "box2d": {
                        "x1": 39.044499,
                        "y1": 300.712288,
                        "x2": 185.856898,
                        "y2": 378.337235
                    }
                },
                {
                    "category": "car",
                    "id": 10,
                    "attributes": {
                        "occluded": false,
                        "truncated": false,
                        "trafficLightColor": "none"
                    },
                    "box2d": {
                        "x1": 678.60656,
                        "y1": 277.087305,
                        "x2": 793.356481,
                        "y2": 356.399751
                    }
                },
                {
                    "category": "car",
                    "id": 11,
                    "attributes": {
                        "occluded": false,
                        "truncated": false,
                        "trafficLightColor": "none"
                    },
                    "box2d": {
                        "x1": 410.294245,
                        "y1": 278.774803,
                        "x2": 644.856583,
                        "y2": 459.337179
                    }
                },
                {
                    "category": "car",
                    "id": 12,
                    "attributes": {
                        "occluded": true,
                        "truncated": true,
                        "trafficLightColor": "none"
                    },
                    "box2d": {
                        "x1": 0,
                        "y1": 334.462265,
                        "x2": 44.106997,
                        "y2": 412.087212
                    }
                },
                {
                    "category": "bus",
                    "id": 13,
                    "attributes": {
                        "occluded": false,
                        "truncated": true,
                        "trafficLightColor": "none"
                    },
                    "box2d": {
                        "x1": 793.356481,
                        "y1": 72.899945,
                        "x2": 1279.356147,
                        "y2": 383.399733
                    }
                },
                {
                    "category": "area/drivable",
                    "id": 14,
                    "attributes": {},
                    "poly2d": [
                        [
                            274.505889,
                            549.011779,
                            "L"
                        ],
                        [
                            364.344181,
                            475.394289,
                            "L"
                        ],
                        [
                            757.386704,
                            451.686962,
                            "L"
                        ],
                        [
                            834.747456,
                            529.047714,
                            "L"
                        ],
                        [
                            642.593331,
                            524.056698,
                            "C"
                        ],
                        [
                            465.412258,
                            525.304452,
                            "C"
                        ],
                        [
                            274.505889,
                            549.011779,
                            "C"
                        ]
                    ]
                },
                {
                    "category": "area/alternative",
                    "id": 15,
                    "attributes": {},
                    "poly2d": [
                        [
                            690.007985,
                            371.830705,
                            "L"
                        ],
                        [
                            839.738471,
                            350.618887,
                            "L"
                        ],
                        [
                            1280.195649,
                            471.651029,
                            "L"
                        ],
                        [
                            1280.195649,
                            551.507287,
                            "L"
                        ],
                        [
                            1121.730884,
                            526.552205,
                            "C"
                        ],
                        [
                            996.95548,
                            529.047714,
                            "C"
                        ],
                        [
                            852.216012,
                            527.799961,
                            "C"
                        ],
                        [
                            690.007985,
                            371.830705,
                            "L"
                        ]
                    ]
                },
                {
                    "category": "area/alternative",
                    "id": 16,
                    "attributes": {},
                    "poly2d": [
                        [
                            1066.829708,
                            408.015572,
                            "L"
                        ],
                        [
                            1235.276502,
                            379.31723,
                            "L"
                        ],
                        [
                            1280.195649,
                            386.803752,
                            "L"
                        ],
                        [
                            1280.195649,
                            466.660011,
                            "L"
                        ],
                        [
                            1066.829708,
                            408.015572,
                            "L"
                        ]
                    ]
                },
                {
                    "category": "lane/road curb",
                    "id": 17,
                    "attributes": {
                        "direction": "parallel",
                        "style": "solid"
                    },
                    "poly2d": [
                        [
                            181.236053,
                            551.149851,
                            "L"
                        ],
                        [
                            411.880284,
                            401.38087,
                            "L"
                        ]
                    ]
                },
                {
                    "category": "lane/single yellow",
                    "id": 18,
                    "attributes": {
                        "direction": "parallel",
                        "style": "solid"
                    },
                    "poly2d": [
                        [
                            241.143645,
                            551.149851,
                            "L"
                        ],
                        [
                            407.387213,
                            425.343908,
                            "L"
                        ]
                    ]
                },
                {
                    "category": "lane/single yellow",
                    "id": 19,
                    "attributes": {
                        "direction": "parallel",
                        "style": "solid"
                    },
                    "poly2d": [
                        [
                            280.08358,
                            546.656781,
                            "L"
                        ],
                        [
                            416.373353,
                            431.334666,
                            "L"
                        ]
                    ]
                },
                {
                    "category": "lane/single white",
                    "id": 20,
                    "attributes": {
                        "direction": "parallel",
                        "style": "dashed"
                    },
                    "poly2d": [
                        [
                            642.524515,
                            338.477898,
                            "L"
                        ],
                        [
                            837.224191,
                            524.191435,
                            "L"
                        ]
                    ]
                },
                {
                    "category": "lane/single white",
                    "id": 21,
                    "attributes": {
                        "direction": "parallel",
                        "style": "dashed"
                    },
                    "poly2d": [
                        [
                            651.510654,
                            332.487139,
                            "L"
                        ],
                        [
                            859.689537,
                            524.191435,
                            "L"
                        ]
                    ]
                },
                {
                    "category": "lane/single white",
                    "id": 22,
                    "attributes": {
                        "direction": "parallel",
                        "style": "dashed"
                    },
                    "poly2d": [
                        [
                            797.834194,
                            341.92894,
                            "L"
                        ],
                        [
                            1280.632735,
                            469.992214,
                            "L"
                        ]
                    ]
                },
                {
                    "category": "lane/single white",
                    "id": 23,
                    "attributes": {
                        "direction": "parallel",
                        "style": "dashed"
                    },
                    "poly2d": [
                        [
                            793.791186,
                            333.984828,
                            "L"
                        ],
                        [
                            1280.632735,
                            454.624621,
                            "L"
                        ]
                    ]
                }
            ]
        }
    ],
    "attributes": {
        "weather": "clear",
        "scene": "highway",
        "timeofday": "daytime"
    }
}