{
    "name": "00a1176f-5121b501",
    "frames": [
        {
            "timestamp": 10000,
            "objects": [
                {
                    "category": "traffic light",
                    "id": 0,
                    "attributes": {
                        "occluded": false,
                        "truncated": false,
                        "trafficLightColor": "green"
                    },
                    "box2d": {
                        "x1": 594.231618,
                        "y1": 187.649866,
                        "x2": 604.356611,
                        "y2": 212.962349
                    }
                },
                {
                    "category": "traffic light",
                    "id": 1,
                    "attributes": {
                        "occluded": false,
                        "truncated": false,
                        "trafficLightColor": "green"
                    },
                    "box2d": {
                        "x1": 762.981502,
                        "y1": 179.212371,
                        "x2": 773.106495,
                        "y2": 206.212353
                    }
                },
                {
                    "category": "traffic light",
                    "id": 2,
                    "attributes": {
                        "occluded": false,
                        "truncated": false,
                        "trafficLightColor": "none"
                    },
                    "box2d": {
                        "x1": 420.419237,
                        "y1": 250.087323,
                        "x2": 428.85673,
                        "y2": 266.96231
                    }
                },
                {
                    "category": "traffic light",
                    "id": 3,
                    "attributes": {
                        "occluded": false,
                        "truncated": false,
                        "trafficLightColor": "none"
                    },
                    "box2d": {
                        "x1": 435.606727,
                        "y1": 251.774822,
                        "x2": 445.731719,
                        "y2": 266.96231
                    }
                },
                {
                    "category": "traffic light",
                    "id": 4,
                    "attributes": {
                        "occluded": false,
                        "truncated": false,
                        "trafficLightColor": "none"
                    },
                    "box2d": {
                        "x1": 816.981465,
                        "y1": 245.024827,
                        "x2": 833.856452,
                        "y2": 260.212317
                    }
                },
                {
                    "category": "traffic sign",
                    "id": 5,
                    "attributes": {
                        "occluded": false,
                        "truncated": false,
                        "trafficLightColor": "none"
                    },
                    "box2d": {
                        "x1": 815.293966,
                        "y1": 233.212335,
                        "x2": 830.481455,
                        "y2": 241.649829
                    }
                },
                {
                    "category": "traffic sign",
                    "id": 6,
                    "attributes": {
                        "occluded": true,
                        "truncated": false,
                        "trafficLightColor": "none"
                    },
                    "box2d": {
                        "x1": 805.168973,
                        "y1": 192.712361,
                        "x2": 825.41896,
                        "y2": 214.649847
                    }
                },
                {
                    "category": "traffic sign",
                    "id": 7,
                    "attributes": {
                        "occluded": false,
                        "truncated": false,
                        "trafficLightColor": "none"
                    },
                    "box2d": {
                        "x1": 552.044147,
                        "y1": 219.712344,
                        "x2": 579.044128,
                        "y2": 241.649829
                    }
                },
                {
                    "category": "traffic sign",
                    "id": 8,
                    "attributes": {
                        "occluded": false,
                        "truncated": false,
                        "trafficLightColor": "none"
                    },
                    "box2d": {
                        "x1": 1108.918764,
                        "y1": 185.962366,
                        "x2": 1142.668741,
                        "y2": 197.774859
                    }
                },
                {
                    "category": "traffic light",
                    "id": 9,
                    "attributes": {
                        "occluded": false,
                        "truncated": false,
                        "trafficLightColor": "none"
                    },
                    "box2d": {
                        "x1": 1093.731274,
                        "y1": 218.024845,
                        "x2": 1110.606262,
                        "y2": 236.587333
                    }
                },
                {
                    "category": "traffic light",
                    "id": 10,
                    "attributes": {
                        "occluded": false,
                        "truncated": false,
                        "trafficLightColor": "none"
                    },
                    "box2d": {
                        "x1": 1073.481287,
                        "y1": 216.337347,
                        "x2": 1083.60628,
                        "y2": 234.899834
                    }
                },
                {
                    "category": "person",
                    "id": 11,
                    "attributes": {
                        "occluded": false,
                        "truncated": false,
                        "trafficLightColor": "none"
                    },
                    "box2d": {
                        "x1": 1063.356295,
                        "y1": 266.962312,
                        "x2": 1081.918782,
                        "y2": 304.087287
                    }
                },
                {
                    "category": "person",
                    "id": 12,
                    "attributes": {
                        "occluded": false,
                        "truncated": false,
                        "trafficLightColor": "none"
                    },
                    "box2d": {
                        "x1": 990.793845,
                        "y1": 275.399807,
                        "x2": 1012.73133,
                        "y2": 310.837282
                    }
                },
                {
                    "category": "person",
                    "id": 13,
                    "attributes": {
                        "occluded": false,
                        "truncated": false,
                        "trafficLightColor": "none"
                    },
                    "box2d": {
                        "x1": 970.543859,
                        "y1": 265.274813,
                        "x2": 992.481344,
                        "y2": 314.212279
                    }
                },
                {
                    "category": "person",
                    "id": 14,
                    "attributes": {
                        "occluded": false,
                        "truncated": false,
                        "trafficLightColor": "none"
                    },
                    "box2d": {
                        "x1": 862.543933,
                        "y1": 266.962312,
                        "x2": 881.106421,
                        "y2": 305.774785
                    }
                },
                {
                    "category": "person",
                    "id": 15,
                    "attributes": {
                        "occluded": false,
                        "truncated": false,
                        "trafficLightColor": "none"
                    },
                    "box2d": {
                        "x1": 820.356462,
                        "y1": 266.962312,
                        "x2": 833.856453,
                        "y2": 302.399788
                    }
                },
                {
                    "category": "car",
                    "id": 16,
                    "attributes": {
                        "occluded": true,
                        "truncated": false,
                        "trafficLightColor": "none"
                    },
                    "box2d": {
                        "x1": 185.856898,
                        "y1": 285.524799,
                        "x2": 219.606875,
                        "y2": 307.462282
                    }
                },
                {
                    "category": "car",
                    "id": 17,
                    "attributes": {
                        "occluded": true,
                        "truncated": false,
                        "trafficLightColor": "none"
                    },
                    "box2d": {
                        "x1": 356.294282,
                        "y1": 273.712307,
                        "x2": 386.66926,
                        "y2": 290.587294
                    }
                },
                {
                    "category": "car",
                    "id": 18,
                    "attributes": {
                        "occluded": true,
                        "truncated": false,
                        "trafficLightColor": "none"
                    },
                    "box2d": {
                        "x1": 18.794512,
                        "y1": 260.212317,
                        "x2": 185.856898,
                        "y2": 320.962274
                    }
                },
                {
                    "category": "car",
                    "id": 19,
                    "attributes": {
                        "occluded": true,
                        "truncated": false,
                        "trafficLightColor": "none"
                    },
                    "box2d": {
                        "x1": 459.23171,
                        "y1": 275.399807,
                        "x2": 477.794198,
                        "y2": 290.587295
                    }
                },
                {
                    "category": "car",
                    "id": 20,
                    "attributes": {
                        "occluded": true,
                        "truncated": false,
                        "trafficLightColor": "none"
                    },
                    "box2d": {
                        "x1": 469.356704,
                        "y1": 280.462302,
                        "x2": 487.919192,
                        "y2": 292.274794
                    }
                },
                {
                    "category": "car",
                    "id": 21,
                    "attributes": {
                        "occluded": true,
                        "truncated": false,
                        "trafficLightColor": "none"
                    },
                    "box2d": {
                        "x1": 484.544193,
                        "y1": 278.774803,
                        "x2": 498.044184,
                        "y2": 292.274794
                    }
                },
                {
                    "category": "car",
                    "id": 22,
                    "attributes": {
                        "occluded": true,
                        "truncated": false,
                        "trafficLightColor": "none"
                    },
                    "box2d": {
                        "x1": 508.169177,
                        "y1": 280.462302,
                        "x2": 523.356666,
                        "y2": 293.962293
                    }
                },
                {
                    "category": "car",
                    "id": 23,
                    "attributes": {
                        "occluded": true,
                        "truncated": false,
                        "trafficLightColor": "none"
                    },
                    "box2d": {
                        "x1": 518.29417,
                        "y1": 277.087304,
                        "x2": 535.169158,
                        "y2": 293.962293
                    }
                },
                {
                    "category": "car",
                    "id": 24,
                    "attributes": {
                        "occluded": false,
                        "truncated": false,
                        "trafficLightColor": "none"
                    },
                    "box2d": {
                        "x1": 533.481659,
                        "y1": 273.712307,
                        "x2": 553.731646,
                        "y2": 293.962293
                    }
                },
                {
                    "category": "car",
                    "id": 25,
                    "attributes": {
                        "occluded": true,
                        "truncated": false,
                        "trafficLightColor": "none"
                    },
                    "box2d": {
                        "x1": 550.356648,
                        "y1": 275.399807,
                        "x2": 575.669131,
                        "y2": 297.337289
                    }
                },
                {
                    "category": "car",
                    "id": 26,
                    "attributes": {
                        "occluded": true,
                        "truncated": false,
                        "trafficLightColor": "none"
                    },
                    "box2d": {
                        "x1": 602.669112,
                        "y1": 278.774803,
                        "x2": 626.294096,
                        "y2": 297.33729
                    }
                },
                {
                    "category": "car",
                    "id": 27,
                    "attributes": {
                        "occluded": true,
                        "truncated": false,
                        "trafficLightColor": "none"
                    },
                    "box2d": {
                        "x1": 690.419052,
                        "y1": 273.712307,
                        "x2": 727.544026,
                        "y2": 300.712288
                    }
                },
                {
                    "category": "car",
                    "id": 28,
                    "attributes": {
                        "occluded": true,
                        "truncated": false,
                        "trafficLightColor": "none"
                    },
                    "box2d": {
                        "x1": 712.356536,
                        "y1": 273.712307,
                        "x2": 746.106513,
                        "y2": 307.462284
                    }
                },
                {
                    "category": "car",
                    "id": 29,
                    "attributes": {
                        "occluded": false,
                        "truncated": false,
                        "trafficLightColor": "none"
                    },
                    "box2d": {
                        "x1": 568.919136,
                        "y1": 273.712307,
                        "x2": 604.356612,
                        "y2": 305.774784
                    }
                },
                {
                    "category": "car",
                    "id": 30,
                    "attributes": {
                        "occluded": false,
                        "truncated": false,
                        "trafficLightColor": "none"
                    },
                    "box2d": {
                        "x1": 607.731608,
                        "y1": 272.024808,
                        "x2": 698.856546,
                        "y2": 341.21226
                    }
                },
                {
                    "category": "car",
                    "id": 31,
                    "attributes": {
                        "occluded": false,
                        "truncated": false,
                        "trafficLightColor": "none"
                    },
                    "box2d": {
                        "x1": 727.544026,
                        "y1": 273.712307,
                        "x2": 784.918987,
                        "y2": 307.462284
                    }
                },
                {
                    "category": "car",
                    "id": 32,
                    "attributes": {
                        "occluded": true,
                        "truncated": false,
                        "trafficLightColor": "none"
                    },
                    "box2d": {
                        "x1": 1149.418736,
                        "y1": 273.712307,
                        "x2": 1225.356184,
                        "y2": 314.212279
                    }
                },
                {
                    "category": "area/drivable",
                    "id": 33,
                    "attributes": {},
                    "poly2d": [
                        [
                            513.569168,
                            303.74979,
                            "L"
                        ],
                        [
                            554.069141,
                            302.062292,
                            "L"
                        ],
                        [
                            611.444101,
                            345.937262,
                            "L"
                        ],
                        [
                            648.569074,
                            347.62476,
                            "L"
                        ],
                        [
                            900.006402,
                            533.249633,
                            "L"
                        ],
                        [
                            709.319033,
                            529.874636,
                            "C"
                        ],
                        [
                            532.131656,
                            534.937132,
                            "C"
                        ],
                        [
                            302.631813,
                            546.749624,
                            "C"
                        ],
                        [
                            451.13171,
                            425.249708,
                            "C"
                        ],
                        [
                            515.256667,
                            359.437253,
                            "C"
                        ],
                        [
                            513.569168,
                            303.74979,
                            "C"
                        ]
                    ]
                },
                {
                    "category": "area/alternative",
                    "id": 34,
                    "attributes": {},
                    "poly2d": [
                        [
                            739.694013,
                            334.12477,
                            "L"
                        ],
                        [
                            1280.811619,
                            467.437179,
                            "L"
                        ],
                        [
                            1280.811619,
                            550.124622,
                            "L"
                        ],
                        [
                            1168.318718,
                            534.937132,
                            "C"
                        ],
                        [
                            1040.068806,
                            531.562134,
                            "C"
                        ],
                        [
                            908.443897,
                            534.937132,
                            "C"
                        ],
                        [
                            660.381567,
                            345.937262,
                            "L"
                        ],
                        [
                            739.694013,
                            334.12477,
                            "L"
                        ]
                    ]
                },
                {
                    "category": "area/alternative",
                    "id": 35,
                    "attributes": {},
                    "poly2d": [
                        [
                            729.56902,
                            302.062292,
                            "L"
                        ],
                        [
                            1280.811619,
                            389.812232,
                            "L"
                        ],
                        [
                            1280.811619,
                            462.374682,
                            "L"
                        ],
                        [
                            712.694031,
                            320.62478,
                            "L"
                        ],
                        [
                            729.56902,
                            302.062292,
                            "L"
                        ]
                    ]
                },
                {
                    "category": "area/alternative",
                    "id": 36,
                    "attributes": {},
                    "poly2d": [
                        [
                            935.443879,
                            310.499787,
                            "L"
                        ],
                        [
                            1280.811619,
                            350.999759,
                            "L"
                        ],
                        [
                            1278.006141,
                            384.749735,
                            "L"
                        ],
                        [
                            829.131451,
                            312.187285,
                            "L"
                        ],
                        [
                            935.443879,
                            310.499787,
                            "L"
                        ]
                    ]
                },
                {
                    "category": "lane/road curb",
                    "id": 37,
                    "attributes": {
                        "direction": "parallel",
                        "style": "solid"
                    },
                    "poly2d": [
                        [
                            491.39006,
                            343.961858,
                            "L"
                        ],
                        [
                            216.527683,
                            558.938017,
                            "L"
                        ]
                    ]
                },
                {
                    "category": "lane/road curb",
                    "id": 38,
                    "attributes": {
                        "direction": "parallel",
                        "style": "solid"
                    },
                    "poly2d": [
                        [
                            1271.446414,
                            351.639577,
                            "L"
                        ],
                        [
                            975.086422,
                            325.535329,
                            "L"
                        ]
                    ]
                },
                {
                    "category": "lane/single yellow",
                    "id": 39,
                    "attributes": {
                        "direction": "parallel",
                        "style": "solid"
                    },
                    "poly2d": [
                        [
                            499.06778,
                            348.56849,
                            "L"
                        ],
                        [
                            277.949444,
                            551.260298,
                            "L"
                        ]
                    ]
                },
                {
                    "category": "lane/single yellow",
                    "id": 40,
                    "attributes": {
                        "direction": "parallel",
                        "style": "solid"
                    },
                    "poly2d": [
                        [
                            509.816588,
                            354.710665,
                            "L"
                        ],
                        [
                            305.589236,
                            549.724754,
                            "L"
                        ]
                    ]
                },
                {
                    "category": "lane/single white",
                    "id": 41,
                    "attributes": {
                        "direction": "parallel",
                        "style": "solid"
                    },
                    "poly2d": [
                        [
                            635.731196,
                            340.890768,
                            "L"
                        ],
                        [
                            752.432541,
                            426.881233,
                            "L"
                        ]
                    ]
                },
                {
                    "category": "lane/single white",
                    "id": 42,
                    "attributes": {
                        "direction": "parallel",
                        "style": "solid"
                    },
                    "poly2d": [
                        [
                            652.622181,
                            343.961858,
                            "L"
                        ],
                        [
                            766.252437,
                            417.667969,
                            "L"
                        ]
                    ]
                },
                {
                    "category": "lane/single white",
                    "id": 43,
                    "attributes": {
                        "direction": "parallel",
                        "style": "solid"
                    },
                    "poly2d": [
                        [
                            786.214509,
                            340.890768,
                            "L"
                        ],
                        [
                            1085.64559,
                            414.596881,
                            "L"
                        ]
                    ]
                },
                {
                    "category": "lane/single white",
                    "id": 44,
                    "attributes": {
                        "direction": "parallel",
                        "style": "solid"
                    },
                    "poly2d": [
                        [
                            907.522487,
                            337.819681,
                            "L"
                        ],
                        [
                            1280.6437,
                            390.028176,
                            "L"
                        ]
                    ]
                },
                {
                    "category": "lane/crosswalk",
                    "id": 45,
                    "attributes": {
                        "direction": "vertical",
                        "style": "dashed"
                    },
                    "poly2d": [
                        [
                            968.944246,
                            330.141961,
                            "L"
                        ],
                        [
                            506.7455,
                            351.639577,
                            "L"
                        ]
                    ]
                },
                {
                    "category": "lane/crosswalk",
                    "id": 46,
                    "attributes": {
                        "direction": "vertical",
                        "style": "dashed"
                    },
                    "poly2d": [
                        [
                            503.674412,
                            334.748593,
                            "L"
                        ],
                        [
                            609.626949,
                            331.677505,
                            "L"
                        ]
                    ]
                },
                {
                    "category": "lane/crosswalk",
                    "id": 47,
                    "attributes": {
                        "direction": "vertical",
                        "style": "dashed"
                    },
                    "poly2d": [
                        [
                            704.830677,
                            328.606417,
                            "L"
                        ],
                        [
                            953.588805,
                            319.393153,
                            "L"
                        ]
                    ]
                },
                {
                    "category": "lane/crosswalk",
                    "id": 48,
                    "attributes": {
                        "direction": "vertical",
                        "style": "dashed"
                    },
                    "poly2d": [
                        [
                            506.7455,
                            323.999785,
                            "L"
                        ],
                        [
                            606.555861,
                            319.393153,
                            "L"
                        ]
                    ]
                },
                {
                    "category": "lane/crosswalk",
                    "id": 49,
                    "attributes": {
                        "direction": "vertical",
                        "style": "dashed"
                    },
                    "poly2d": [
                        [
                            601.949229,
                            310.179889,
                            "L"
                        ],
                        [
                            502.138868,
                            316.322065,
                            "L"
                        ]
                    ]
                }
            ]
        }
    ],
    "attributes": {
        "weather": "clear",
        "scene": "city street",
        "timeofday": "daytime"
    }
}