{
    "name": "00a2e3ca-5c856cde",
    "frames": [
        {
            "timestamp": 10000,
            "objects": [
                {
                    "category": "traffic sign",
                    "id": 0,
                    "attributes": {
                        "occluded": false,
                        "truncated": false,
                        "trafficLightColor": "none"
                    },
                    "box2d": {
                        "x1": 256.812699,
                        "y1": 216.90953,
                        "x2": 310.016924,
                        "y2": 269.090598
                    }
                },
                {
                    "category": "traffic sign",
                    "id": 1,
                    "attributes": {
                        "occluded": false,
                        "truncated": false,
                        "trafficLightColor": "none"
                    },
                    "box2d": {
                        "x1": 210.770581,
                        "y1": 273.183229,
                        "x2": 235.326377,
                        "y2": 296.715867
                    }
                },
                {
                    "category": "traffic sign",
                    "id": 2,
                    "attributes": {
                        "occluded": false,
                        "truncated": false,
                        "trafficLightColor": "none"
                    },
                    "box2d": {
                        "x1": 500.324341,
                        "y1": 294.669551,
                        "x2": 519.981669,
                        "y2": 329.456927
                    }
                },
                {
                    "category": "traffic sign",
                    "id": 3,
                    "attributes": {
                        "occluded": false,
                        "truncated": false,
                        "trafficLightColor": "none"
                    },
                    "box2d": {
                        "x1": 596.501207,
                        "y1": 275.229545,
                        "x2": 607.755947,
                        "y2": 287.507441
                    }
                },
                {
                    "category": "traffic sign",
                    "id": 4,
                    "attributes": {
                        "occluded": false,
                        "truncated": false,
                        "trafficLightColor": "none"
                    },
                    "box2d": {
                        "x1": 822.619162,
                        "y1": 257.835857,
                        "x2": 864.568647,
                        "y2": 271.136914
                    }
                },
                {
                    "category": "traffic sign",
                    "id": 5,
                    "attributes": {
                        "occluded": false,
                        "truncated": false,
                        "trafficLightColor": "none"
                    },
                    "box2d": {
                        "x1": 820.356462,
                        "y1": 272.160071,
                        "x2": 859.452856,
                        "y2": 306.449789
                    }
                },
                {
                    "category": "traffic sign",
                    "id": 6,
                    "attributes": {
                        "occluded": false,
                        "truncated": false,
                        "trafficLightColor": "none"
                    },
                    "box2d": {
                        "x1": 1138.775034,
                        "y1": 163.705305,
                        "x2": 1173.562413,
                        "y2": 188.261102
                    }
                },
                {
                    "category": "person",
                    "id": 7,
                    "attributes": {
                        "occluded": true,
                        "truncated": false,
                        "trafficLightColor": "none"
                    },
                    "box2d": {
                        "x1": 1059.991856,
                        "y1": 311.040081,
                        "x2": 1093.756075,
                        "y2": 350.943251
                    }
                },
                {
                    "category": "car",
                    "id": 8,
                    "attributes": {
                        "occluded": true,
                        "truncated": false,
                        "trafficLightColor": "none"
                    },
                    "box2d": {
                        "x1": 410.286423,
                        "y1": 348.896933,
                        "x2": 465.536964,
                        "y2": 388.800101
                    }
                },
                {
                    "category": "person",
                    "id": 9,
                    "attributes": {
                        "occluded": true,
                        "truncated": false,
                        "trafficLightColor": "none"
                    },
                    "box2d": {
                        "x1": 259.882174,
                        "y1": 324.341136,
                        "x2": 275.229547,
                        "y2": 346.850616
                    }
                },
                {
                    "category": "person",
                    "id": 10,
                    "attributes": {
                        "occluded": true,
                        "truncated": false,
                        "trafficLightColor": "none"
                    },
                    "box2d": {
                        "x1": 229.187429,
                        "y1": 314.109556,
                        "x2": 246.581117,
                        "y2": 345.827458
                    }
                },
                {
                    "category": "person",
                    "id": 11,
                    "attributes": {
                        "occluded": true,
                        "truncated": false,
                        "trafficLightColor": "none"
                    },
                    "box2d": {
                        "x1": 202.585316,
                        "y1": 312.063239,
                        "x2": 221.002163,
                        "y2": 338.665354
                    }
                },
                {
                    "category": "traffic sign",
                    "id": 12,
                    "attributes": {
                        "occluded": true,
                        "truncated": false,
                        "trafficLightColor": "none"
                    },
                    "box2d": {
                        "x1": 154.496882,
                        "y1": 268.067438,
                        "x2": 208.724266,
                        "y2": 286.484285
                    }
                },
                {
                    "category": "car",
                    "id": 13,
                    "attributes": {
                        "occluded": true,
                        "truncated": false,
                        "trafficLightColor": "none"
                    },
                    "box2d": {
                        "x1": 275.229545,
                        "y1": 329.456927,
                        "x2": 440.981169,
                        "y2": 454.282224
                    }
                },
                {
                    "category": "car",
                    "id": 14,
                    "attributes": {
                        "occluded": false,
                        "truncated": true,
                        "trafficLightColor": "none"
                    },
                    "box2d": {
                        "x1": 1.023158,
                        "y1": 492.139075,
                        "x2": 124.825295,
                        "y2": 693.701233
                    }
                },
                {
                    "category": "car",
                    "id": 15,
                    "attributes": {
                        "occluded": true,
                        "truncated": true,
                        "trafficLightColor": "none"
                    },
                    "box2d": {
                        "x1": 0,
                        "y1": 344.804301,
                        "x2": 354.606782,
                        "y2": 584.8871
                    }
                },
                {
                    "category": "car",
                    "id": 16,
                    "attributes": {
                        "occluded": true,
                        "truncated": false,
                        "trafficLightColor": "none"
                    },
                    "box2d": {
                        "x1": 737.697035,
                        "y1": 325.364296,
                        "x2": 862.522328,
                        "y2": 417.448529
                    }
                },
                {
                    "category": "car",
                    "id": 17,
                    "attributes": {
                        "occluded": true,
                        "truncated": false,
                        "trafficLightColor": "none"
                    },
                    "box2d": {
                        "x1": 817.503371,
                        "y1": 314.109556,
                        "x2": 1051.806589,
                        "y2": 461.44433
                    }
                },
                {
                    "category": "car",
                    "id": 18,
                    "attributes": {
                        "occluded": false,
                        "truncated": true,
                        "trafficLightColor": "none"
                    },
                    "box2d": {
                        "x1": 958.699198,
                        "y1": 333.549561,
                        "x2": 1278.947701,
                        "y2": 558.644355
                    }
                },
                {
                    "category": "area/drivable",
                    "id": 19,
                    "attributes": {},
                    "poly2d": [
                        [
                            489.854516,
                            391.563722,
                            "L"
                        ],
                        [
                            704.830677,
                            388.492633,
                            "L"
                        ],
                        [
                            1280.6437,
                            617.28869,
                            "L"
                        ],
                        [
                            1280.6437,
                            686.38817,
                            "L"
                        ],
                        [
                            1120.963101,
                            657.212834,
                            "C"
                        ],
                        [
                            918.346975,
                            645.08884,
                            "C"
                        ],
                        [
                            987.370774,
                            695.601434,
                            "C"
                        ],
                        [
                            728.688361,
                            657.566381,
                            "C"
                        ],
                        [
                            419.219492,
                            663.35501,
                            "C"
                        ],
                        [
                            97.324815,
                            681.273707,
                            "C"
                        ],
                        [
                            489.854516,
                            391.563722,
                            "L"
                        ]
                    ]
                }
            ]
        }
    ],
    "attributes": {
        "weather": "undefined",
        "scene": "residential",
        "timeofday": "daytime"
    }
}