{
    "name": "00a2e3ca-62992459",
    "frames": [
        {
            "timestamp": 10000,
            "objects": [
                {
                    "category": "traffic sign",
                    "id": 0,
                    "attributes": {
                        "occluded": false,
                        "truncated": false,
                        "trafficLightColor": "none"
                    },
                    "box2d": {
                        "x1": 557.945587,
                        "y1": 312.253764,
                        "x2": 584.374588,
                        "y2": 321.06343
                    }
                },
                {
                    "category": "traffic sign",
                    "id": 1,
                    "attributes": {
                        "occluded": false,
                        "truncated": false,
                        "trafficLightColor": "none"
                    },
                    "box2d": {
                        "x1": 544.731086,
                        "y1": 318.126877,
                        "x2": 582.90631,
                        "y2": 337.214489
                    }
                },
                {
                    "category": "traffic sign",
                    "id": 2,
                    "attributes": {
                        "occluded": false,
                        "truncated": false,
                        "trafficLightColor": "none"
                    },
                    "box2d": {
                        "x1": 621.081533,
                        "y1": 313.722042,
                        "x2": 643.105701,
                        "y2": 322.531709
                    }
                },
                {
                    "category": "traffic sign",
                    "id": 3,
                    "attributes": {
                        "occluded": false,
                        "truncated": false,
                        "trafficLightColor": "none"
                    },
                    "box2d": {
                        "x1": 596.12081,
                        "y1": 319.595153,
                        "x2": 644.573979,
                        "y2": 338.682765
                    }
                },
                {
                    "category": "traffic sign",
                    "id": 4,
                    "attributes": {
                        "occluded": false,
                        "truncated": false,
                        "trafficLightColor": "none"
                    },
                    "box2d": {
                        "x1": 654.851923,
                        "y1": 342.108741,
                        "x2": 663.661591,
                        "y2": 355.323241
                    }
                },
                {
                    "category": "car",
                    "id": 5,
                    "attributes": {
                        "occluded": true,
                        "truncated": false,
                        "trafficLightColor": "none"
                    },
                    "box2d": {
                        "x1": 654.362506,
                        "y1": 358.749239,
                        "x2": 679.323229,
                        "y2": 382.241684
                    }
                },
                {
                    "category": "car",
                    "id": 6,
                    "attributes": {
                        "occluded": true,
                        "truncated": false,
                        "trafficLightColor": "none"
                    },
                    "box2d": {
                        "x1": 729.244676,
                        "y1": 348.471294,
                        "x2": 764.483345,
                        "y2": 370.495461
                    }
                },
                {
                    "category": "car",
                    "id": 7,
                    "attributes": {
                        "occluded": true,
                        "truncated": false,
                        "trafficLightColor": "none"
                    },
                    "box2d": {
                        "x1": 765.951624,
                        "y1": 341.129904,
                        "x2": 830.55585,
                        "y2": 374.900294
                    }
                },
                {
                    "category": "car",
                    "id": 8,
                    "attributes": {
                        "occluded": true,
                        "truncated": false,
                        "trafficLightColor": "none"
                    },
                    "box2d": {
                        "x1": 680.791508,
                        "y1": 348.471294,
                        "x2": 736.586067,
                        "y2": 396.924463
                    }
                },
                {
                    "category": "car",
                    "id": 9,
                    "attributes": {
                        "occluded": true,
                        "truncated": false,
                        "trafficLightColor": "none"
                    },
                    "box2d": {
                        "x1": 566.265834,
                        "y1": 339.661626,
                        "x2": 617.65556,
                        "y2": 352.876128
                    }
                },
                {
                    "category": "car",
                    "id": 10,
                    "attributes": {
                        "occluded": false,
                        "truncated": true,
                        "trafficLightColor": "none"
                    },
                    "box2d": {
                        "x1": 1122.253724,
                        "y1": 333.788514,
                        "x2": 1279.359452,
                        "y2": 445.377633
                    }
                },
                {
                    "category": "car",
                    "id": 11,
                    "attributes": {
                        "occluded": false,
                        "truncated": false,
                        "trafficLightColor": "none"
                    },
                    "box2d": {
                        "x1": 486.489411,
                        "y1": 351.407847,
                        "x2": 692.048309,
                        "y2": 511.450134
                    }
                },
                {
                    "category": "car",
                    "id": 12,
                    "attributes": {
                        "occluded": false,
                        "truncated": false,
                        "trafficLightColor": "none"
                    },
                    "box2d": {
                        "x1": 715.540758,
                        "y1": 355.323241,
                        "x2": 844.749211,
                        "y2": 431.673691
                    }
                },
                {
                    "category": "car",
                    "id": 13,
                    "attributes": {
                        "occluded": false,
                        "truncated": false,
                        "trafficLightColor": "none"
                    },
                    "box2d": {
                        "x1": 921.099657,
                        "y1": 345.045296,
                        "x2": 1032.688775,
                        "y2": 409.649522
                    }
                },
                {
                    "category": "area/drivable",
                    "id": 14,
                    "attributes": {},
                    "poly2d": [
                        [
                            302.518149,
                            669.497186,
                            "L"
                        ],
                        [
                            572.773893,
                            644.928482,
                            "C"
                        ],
                        [
                            812.318757,
                            660.283921,
                            "C"
                        ],
                        [
                            1051.863622,
                            663.35501,
                            "C"
                        ],
                        [
                            824.603109,
                            508.265065,
                            "L"
                        ],
                        [
                            454.537003,
                            520.549419,
                            "L"
                        ],
                        [
                            302.518149,
                            669.497186,
                            "L"
                        ]
                    ]
                },
                {
                    "category": "area/alternative",
                    "id": 15,
                    "attributes": {},
                    "poly2d": [
                        [
                            488.318972,
                            394.634809,
                            "L"
                        ],
                        [
                            0,
                            558.938018,
                            "L"
                        ],
                        [
                            0,
                            680.245993,
                            "L"
                        ],
                        [
                            78.328723,
                            674.103818,
                            "C"
                        ],
                        [
                            170.461363,
                            672.568275,
                            "C"
                        ],
                        [
                            242.631933,
                            675.639362,
                            "C"
                        ],
                        [
                            479.105708,
                            469.876465,
                            "L"
                        ],
                        [
                            488.318972,
                            394.634809,
                            "L"
                        ]
                    ]
                },
                {
                    "category": "area/alternative",
                    "id": 16,
                    "attributes": {},
                    "poly2d": [
                        [
                            870.66943,
                            426.881233,
                            "L"
                        ],
                        [
                            1280.6437,
                            519.013874,
                            "L"
                        ],
                        [
                            1280.6437,
                            680.245993,
                            "L"
                        ],
                        [
                            1234.593359,
                            674.103818,
                            "C"
                        ],
                        [
                            1165.493879,
                            663.35501,
                            "C"
                        ],
                        [
                            1101.001029,
                            663.35501,
                            "C"
                        ],
                        [
                            770.859069,
                            454.521025,
                            "L"
                        ],
                        [
                            870.66943,
                            426.881233,
                            "L"
                        ]
                    ]
                },
                {
                    "category": "area/alternative",
                    "id": 17,
                    "attributes": {},
                    "poly2d": [
                        [
                            852.216011,
                            416.74985,
                            "L"
                        ],
                        [
                            1280.195648,
                            511.579158,
                            "L"
                        ],
                        [
                            1280.195648,
                            455.430226,
                            "L"
                        ],
                        [
                            852.216011,
                            400.529048,
                            "L"
                        ],
                        [
                            852.216011,
                            416.74985,
                            "L"
                        ]
                    ]
                },
                {
                    "category": "lane/road curb",
                    "id": 18,
                    "attributes": {
                        "direction": "parallel",
                        "style": "solid"
                    },
                    "poly2d": [
                        [
                            0,
                            563.13137,
                            "L"
                        ],
                        [
                            510.72781,
                            389.399352,
                            "L"
                        ]
                    ]
                },
                {
                    "category": "lane/road curb",
                    "id": 19,
                    "attributes": {
                        "direction": "parallel",
                        "style": "solid"
                    },
                    "poly2d": [
                        [
                            1124.780634,
                            416.357768,
                            "L"
                        ],
                        [
                            1028.928487,
                            404.37625,
                            "L"
                        ]
                    ]
                },
                {
                    "category": "lane/road curb",
                    "id": 20,
                    "attributes": {
                        "direction": "parallel",
                        "style": "solid"
                    },
                    "poly2d": [
                        [
                            921.09482,
                            395.390111,
                            "L"
                        ],
                        [
                            840.21957,
                            389.399352,
                            "L"
                        ]
                    ]
                },
                {
                    "category": "lane/single white",
                    "id": 21,
                    "attributes": {
                        "direction": "parallel",
                        "style": "dashed"
                    },
                    "poly2d": [
                        [
                            844.71264,
                            420.850838,
                            "L"
                        ],
                        [
                            1280.524791,
                            521.196056,
                            "L"
                        ]
                    ]
                },
                {
                    "category": "lane/single white",
                    "id": 22,
                    "attributes": {
                        "direction": "parallel",
                        "style": "dashed"
                    },
                    "poly2d": [
                        [
                            843.214951,
                            413.362389,
                            "L"
                        ],
                        [
                            1280.524791,
                            512.209916,
                            "L"
                        ]
                    ]
                },
                {
                    "category": "lane/single white",
                    "id": 23,
                    "attributes": {
                        "direction": "parallel",
                        "style": "dashed"
                    },
                    "poly2d": [
                        [
                            690.450589,
                            414.860078,
                            "L"
                        ],
                        [
                            1072.361491,
                            672.462726,
                            "L"
                        ]
                    ]
                },
                {
                    "category": "lane/single white",
                    "id": 24,
                    "attributes": {
                        "direction": "parallel",
                        "style": "dashed"
                    },
                    "poly2d": [
                        [
                            1096.324528,
                            661.978898,
                            "L"
                        ],
                        [
                            699.436728,
                            407.371629,
                            "L"
                        ]
                    ]
                },
                {
                    "category": "lane/single yellow",
                    "id": 25,
                    "attributes": {
                        "direction": "parallel",
                        "style": "solid"
                    },
                    "poly2d": [
                        [
                            247.134404,
                            679.951176,
                            "L"
                        ],
                        [
                            489.760154,
                            467.279222,
                            "L"
                        ]
                    ]
                },
                {
                    "category": "lane/single yellow",
                    "id": 26,
                    "attributes": {
                        "direction": "parallel",
                        "style": "solid"
                    },
                    "poly2d": [
                        [
                            295.060478,
                            676.955796,
                            "L"
                        ],
                        [
                            491.257844,
                            485.251501,
                            "L"
                        ]
                    ]
                }
            ]
        }
    ],
    "attributes": {
        "weather": "clear",
        "scene": "highway",
        "timeofday": "daytime"
    }
}