{
    "name": "00a2f5b6-d4217a96",
    "frames": [
        {
            "timestamp": 10000,
            "objects": [
                {
                    "category": "car",
                    "id": 0,
                    "attributes": {
                        "occluded": true,
                        "truncated": false,
                        "trafficLightColor": "none"
                    },
                    "box2d": {
                        "x1": 204.18736,
                        "y1": 311.849791,
                        "x2": 226.124845,
                        "y2": 348.974764
                    }
                },
                {
                    "category": "car",
                    "id": 1,
                    "attributes": {
                        "occluded": true,
                        "truncated": false,
                        "trafficLightColor": "none"
                    },
                    "box2d": {
                        "x1": 80.999944,
                        "y1": 298.3498,
                        "x2": 180.562377,
                        "y2": 360.787256
                    }
                },
                {
                    "category": "car",
                    "id": 2,
                    "attributes": {
                        "occluded": false,
                        "truncated": true,
                        "trafficLightColor": "none"
                    },
                    "box2d": {
                        "x1": 0,
                        "y1": 305.099795,
                        "x2": 107.999926,
                        "y2": 370.91225
                    }
                },
                {
                    "category": "truck",
                    "id": 3,
                    "attributes": {
                        "occluded": false,
                        "truncated": false,
                        "trafficLightColor": "none"
                    },
                    "box2d": {
                        "x1": 214.312353,
                        "y1": 240.974839,
                        "x2": 332.437271,
                        "y2": 355.72476
                    }
                },
                {
                    "category": "truck",
                    "id": 4,
                    "attributes": {
                        "occluded": true,
                        "truncated": false,
                        "trafficLightColor": "none"
                    },
                    "box2d": {
                        "x1": 587.249596,
                        "y1": 291.599805,
                        "x2": 614.249579,
                        "y2": 313.537291
                    }
                },
                {
                    "category": "car",
                    "id": 5,
                    "attributes": {
                        "occluded": true,
                        "truncated": false,
                        "trafficLightColor": "none"
                    },
                    "box2d": {
                        "x1": 588.937095,
                        "y1": 310.162292,
                        "x2": 622.687073,
                        "y2": 335.474775
                    }
                },
                {
                    "category": "car",
                    "id": 6,
                    "attributes": {
                        "occluded": true,
                        "truncated": false,
                        "trafficLightColor": "none"
                    },
                    "box2d": {
                        "x1": 620.999573,
                        "y1": 306.787294,
                        "x2": 669.937038,
                        "y2": 348.974764
                    }
                },
                {
                    "category": "car",
                    "id": 7,
                    "attributes": {
                        "occluded": true,
                        "truncated": false,
                        "trafficLightColor": "none"
                    },
                    "box2d": {
                        "x1": 634.499564,
                        "y1": 311.849791,
                        "x2": 700.312019,
                        "y2": 357.412258
                    }
                },
                {
                    "category": "car",
                    "id": 8,
                    "attributes": {
                        "occluded": true,
                        "truncated": false,
                        "trafficLightColor": "none"
                    },
                    "box2d": {
                        "x1": 1008.111797,
                        "y1": 290.587308,
                        "x2": 1234.236641,
                        "y2": 477.899665
                    }
                },
                {
                    "category": "car",
                    "id": 9,
                    "attributes": {
                        "occluded": false,
                        "truncated": true,
                        "trafficLightColor": "none"
                    },
                    "box2d": {
                        "x1": 669.937039,
                        "y1": 259.874821,
                        "x2": 1122.186729,
                        "y2": 543.374626
                    }
                },
                {
                    "category": "car",
                    "id": 10,
                    "attributes": {
                        "occluded": false,
                        "truncated": true,
                        "trafficLightColor": "none"
                    },
                    "box2d": {
                        "x1": 1135.686719,
                        "y1": 307.68728,
                        "x2": 1279.124121,
                        "y2": 532.124626
                    }
                },
                {
                    "category": "car",
                    "id": 11,
                    "attributes": {
                        "occluded": false,
                        "truncated": false,
                        "trafficLightColor": "none"
                    },
                    "box2d": {
                        "x1": 300.374793,
                        "y1": 220.724847,
                        "x2": 595.68709,
                        "y2": 483.187159
                    }
                },
                {
                    "category": "person",
                    "id": 12,
                    "attributes": {
                        "occluded": true,
                        "truncated": false,
                        "trafficLightColor": "none"
                    },
                    "box2d": {
                        "x1": 1092.486739,
                        "y1": 273.374812,
                        "x2": 1111.049226,
                        "y2": 295.312297
                    }
                },
                {
                    "category": "person",
                    "id": 13,
                    "attributes": {
                        "occluded": true,
                        "truncated": false,
                        "trafficLightColor": "none"
                    },
                    "box2d": {
                        "x1": 1122.861718,
                        "y1": 273.374812,
                        "x2": 1141.424206,
                        "y2": 296.999796
                    }
                },
                {
                    "category": "car",
                    "id": 14,
                    "attributes": {
                        "occluded": false,
                        "truncated": true,
                        "trafficLightColor": "none"
                    },
                    "box2d": {
                        "x1": 1141.424205,
                        "y1": 266.624817,
                        "x2": 1186.986673,
                        "y2": 318.937281
                    }
                },
                {
                    "category": "person",
                    "id": 15,
                    "attributes": {
                        "occluded": true,
                        "truncated": true,
                        "trafficLightColor": "none"
                    },
                    "box2d": {
                        "x1": 1251.11163,
                        "y1": 280.124807,
                        "x2": 1278.111611,
                        "y2": 339.187267
                    }
                },
                {
                    "category": "traffic sign",
                    "id": 16,
                    "attributes": {
                        "occluded": false,
                        "truncated": false,
                        "trafficLightColor": "none"
                    },
                    "box2d": {
                        "x1": 713.812009,
                        "y1": 251.437327,
                        "x2": 742.49949,
                        "y2": 261.56232
                    }
                },
                {
                    "category": "traffic sign",
                    "id": 17,
                    "attributes": {
                        "occluded": false,
                        "truncated": false,
                        "trafficLightColor": "none"
                    },
                    "box2d": {
                        "x1": 722.249503,
                        "y1": 268.312316,
                        "x2": 739.124492,
                        "y2": 281.812306
                    }
                },
                {
                    "category": "traffic sign",
                    "id": 18,
                    "attributes": {
                        "occluded": false,
                        "truncated": false,
                        "trafficLightColor": "none"
                    },
                    "box2d": {
                        "x1": 1004.06181,
                        "y1": 199.124863,
                        "x2": 1042.874283,
                        "y2": 224.437346
                    }
                },
                {
                    "category": "traffic light",
                    "id": 19,
                    "attributes": {
                        "occluded": false,
                        "truncated": true,
                        "trafficLightColor": "none"
                    },
                    "box2d": {
                        "x1": 64.356982,
                        "y1": 3.374998,
                        "x2": 91.356963,
                        "y2": 43.87497
                    }
                },
                {
                    "category": "traffic light",
                    "id": 20,
                    "attributes": {
                        "occluded": false,
                        "truncated": false,
                        "trafficLightColor": "red"
                    },
                    "box2d": {
                        "x1": 548.437123,
                        "y1": 177.187378,
                        "x2": 556.874617,
                        "y2": 202.499861
                    }
                },
                {
                    "category": "traffic light",
                    "id": 21,
                    "attributes": {
                        "occluded": false,
                        "truncated": false,
                        "trafficLightColor": "red"
                    },
                    "box2d": {
                        "x1": 722.249503,
                        "y1": 188.99987,
                        "x2": 739.124492,
                        "y2": 224.437346
                    }
                },
                {
                    "category": "traffic light",
                    "id": 22,
                    "attributes": {
                        "occluded": false,
                        "truncated": false,
                        "trafficLightColor": "red"
                    },
                    "box2d": {
                        "x1": 923.061865,
                        "y1": 119.812418,
                        "x2": 944.99935,
                        "y2": 182.249875
                    }
                },
                {
                    "category": "traffic light",
                    "id": 23,
                    "attributes": {
                        "occluded": false,
                        "truncated": false,
                        "trafficLightColor": "none"
                    },
                    "box2d": {
                        "x1": 933.861848,
                        "y1": 224.437346,
                        "x2": 969.299322,
                        "y2": 256.499825
                    }
                },
                {
                    "category": "traffic light",
                    "id": 24,
                    "attributes": {
                        "occluded": false,
                        "truncated": false,
                        "trafficLightColor": "none"
                    },
                    "box2d": {
                        "x1": 209.249856,
                        "y1": 267.299819,
                        "x2": 231.187341,
                        "y2": 287.549805
                    }
                },
                {
                    "category": "traffic light",
                    "id": 25,
                    "attributes": {
                        "occluded": false,
                        "truncated": false,
                        "trafficLightColor": "none"
                    },
                    "box2d": {
                        "x1": 636.187063,
                        "y1": 284.174807,
                        "x2": 656.437049,
                        "y2": 301.049796
                    }
                },
                {
                    "category": "area/drivable",
                    "id": 26,
                    "attributes": {},
                    "poly2d": [
                        [
                            225.740948,
                            487.279289,
                            "L"
                        ],
                        [
                            700.224045,
                            485.743745,
                            "L"
                        ],
                        [
                            703.295133,
                            516.454625,
                            "L"
                        ],
                        [
                            568.167261,
                            513.383537,
                            "C"
                        ],
                        [
                            379.295348,
                            511.847993,
                            "C"
                        ],
                        [
                            175.067995,
                            522.596801,
                            "C"
                        ],
                        [
                            225.740948,
                            487.279289,
                            "L"
                        ]
                    ]
                },
                {
                    "category": "lane/road curb",
                    "id": 27,
                    "attributes": {
                        "direction": "parallel",
                        "style": "solid"
                    },
                    "poly2d": [
                        [
                            173.66872,
                            352.127581,
                            "L"
                        ],
                        [
                            208.671718,
                            348.088797,
                            "L"
                        ]
                    ]
                },
                {
                    "category": "lane/crosswalk",
                    "id": 28,
                    "attributes": {
                        "direction": "vertical",
                        "style": "dashed"
                    },
                    "poly2d": [
                        [
                            599.089773,
                            372.321495,
                            "L"
                        ],
                        [
                            677.173384,
                            373.667756,
                            "L"
                        ]
                    ]
                },
                {
                    "category": "lane/crosswalk",
                    "id": 29,
                    "attributes": {
                        "direction": "vertical",
                        "style": "dashed"
                    },
                    "poly2d": [
                        [
                            596.397234,
                            393.861672,
                            "L"
                        ],
                        [
                            673.134575,
                            392.515411,
                            "L"
                        ]
                    ]
                },
                {
                    "category": "lane/crosswalk",
                    "id": 30,
                    "attributes": {
                        "direction": "vertical",
                        "style": "dashed"
                    },
                    "poly2d": [
                        [
                            296.179213,
                            395.207933,
                            "L"
                        ],
                        [
                            0,
                            401.939239,
                            "L"
                        ]
                    ]
                },
                {
                    "category": "lane/crosswalk",
                    "id": 31,
                    "attributes": {
                        "direction": "vertical",
                        "style": "dashed"
                    },
                    "poly2d": [
                        [
                            297.525482,
                            373.667756,
                            "L"
                        ],
                        [
                            2.692538,
                            381.745322,
                            "L"
                        ]
                    ]
                },
                {
                    "category": "lane/single white",
                    "id": 32,
                    "attributes": {
                        "direction": "vertical",
                        "style": "solid"
                    },
                    "poly2d": [
                        [
                            137.319453,
                            415.401847,
                            "L"
                        ],
                        [
                            301.564289,
                            412.709326,
                            "L"
                        ]
                    ]
                },
                {
                    "category": "lane/single white",
                    "id": 33,
                    "attributes": {
                        "direction": "vertical",
                        "style": "solid"
                    },
                    "poly2d": [
                        [
                            130.588107,
                            422.133153,
                            "L"
                        ],
                        [
                            301.564289,
                            420.786893,
                            "L"
                        ]
                    ]
                },
                {
                    "category": "lane/single white",
                    "id": 34,
                    "attributes": {
                        "direction": "vertical",
                        "style": "solid"
                    },
                    "poly2d": [
                        [
                            593.704696,
                            416.748109,
                            "L"
                        ],
                        [
                            671.788305,
                            416.748109,
                            "L"
                        ]
                    ]
                },
                {
                    "category": "lane/single white",
                    "id": 35,
                    "attributes": {
                        "direction": "vertical",
                        "style": "solid"
                    },
                    "poly2d": [
                        [
                            592.358427,
                            410.016803,
                            "L"
                        ],
                        [
                            670.442037,
                            410.016803,
                            "L"
                        ]
                    ]
                },
                {
                    "category": "lane/crosswalk",
                    "id": 36,
                    "attributes": {
                        "direction": "vertical",
                        "style": "dashed"
                    },
                    "poly2d": [
                        [
                            595.050965,
                            342.703754,
                            "L"
                        ],
                        [
                            624.668886,
                            342.703754,
                            "L"
                        ]
                    ]
                },
                {
                    "category": "lane/crosswalk",
                    "id": 37,
                    "attributes": {
                        "direction": "vertical",
                        "style": "dashed"
                    },
                    "poly2d": [
                        [
                            592.358427,
                            337.318708,
                            "L"
                        ],
                        [
                            623.322616,
                            337.318708,
                            "L"
                        ]
                    ]
                }
            ]
        }
    ],
    "attributes": {
        "weather": "overcast",
        "scene": "city street",
        "timeofday": "daytime"
    }
}