{
    "name": "00a820ef-2b98dcf5",
    "frames": [
        {
            "timestamp": 10000,
            "objects": [
                {
                    "category": "traffic light",
                    "id": 0,
                    "attributes": {
                        "occluded": false,
                        "truncated": false,
                        "trafficLightColor": "red"
                    },
                    "box2d": {
                        "x1": 593.38418,
                        "y1": 217.979197,
                        "x2": 610.957059,
                        "y2": 264.108
                    }
                },
                {
                    "category": "traffic light",
                    "id": 1,
                    "attributes": {
                        "occluded": false,
                        "truncated": false,
                        "trafficLightColor": "red"
                    },
                    "box2d": {
                        "x1": 594.482484,
                        "y1": 290.467319,
                        "x2": 614.251972,
                        "y2": 305.843586
                    }
                },
                {
                    "category": "traffic light",
                    "id": 2,
                    "attributes": {
                        "occluded": false,
                        "truncated": false,
                        "trafficLightColor": "none"
                    },
                    "box2d": {
                        "x1": 741.655338,
                        "y1": 204.799537,
                        "x2": 761.424828,
                        "y2": 248.731731
                    }
                },
                {
                    "category": "traffic light",
                    "id": 3,
                    "attributes": {
                        "occluded": false,
                        "truncated": false,
                        "trafficLightColor": "none"
                    },
                    "box2d": {
                        "x1": 753.736691,
                        "y1": 272.894439,
                        "x2": 765.818045,
                        "y2": 294.860536
                    }
                },
                {
                    "category": "traffic sign",
                    "id": 4,
                    "attributes": {
                        "occluded": false,
                        "truncated": false,
                        "trafficLightColor": "none"
                    },
                    "box2d": {
                        "x1": 780.096008,
                        "y1": 125.721587,
                        "x2": 804.258716,
                        "y2": 156.474124
                    }
                },
                {
                    "category": "traffic sign",
                    "id": 5,
                    "attributes": {
                        "occluded": false,
                        "truncated": false,
                        "trafficLightColor": "none"
                    },
                    "box2d": {
                        "x1": 581.302826,
                        "y1": 276.189354,
                        "x2": 593.38418,
                        "y2": 292.663927
                    }
                },
                {
                    "category": "car",
                    "id": 6,
                    "attributes": {
                        "occluded": false,
                        "truncated": true,
                        "trafficLightColor": "none"
                    },
                    "box2d": {
                        "x1": 1089.817985,
                        "y1": 314.630024,
                        "x2": 1277.628117,
                        "y2": 393.707975
                    }
                },
                {
                    "category": "car",
                    "id": 7,
                    "attributes": {
                        "occluded": false,
                        "truncated": false,
                        "trafficLightColor": "none"
                    },
                    "box2d": {
                        "x1": 196.89612,
                        "y1": 348.677476,
                        "x2": 294.645254,
                        "y2": 403.592719
                    }
                },
                {
                    "category": "person",
                    "id": 8,
                    "attributes": {
                        "occluded": true,
                        "truncated": false,
                        "trafficLightColor": "none"
                    },
                    "box2d": {
                        "x1": 180.421547,
                        "y1": 356.36561,
                        "x2": 193.601206,
                        "y2": 378.331708
                    }
                },
                {
                    "category": "car",
                    "id": 9,
                    "attributes": {
                        "occluded": true,
                        "truncated": false,
                        "trafficLightColor": "none"
                    },
                    "box2d": {
                        "x1": 283.662204,
                        "y1": 354.169001,
                        "x2": 313.316436,
                        "y2": 383.823231
                    }
                },
                {
                    "category": "car",
                    "id": 10,
                    "attributes": {
                        "occluded": true,
                        "truncated": false,
                        "trafficLightColor": "none"
                    },
                    "box2d": {
                        "x1": 311.119826,
                        "y1": 353.070695,
                        "x2": 324.299486,
                        "y2": 379.43001
                    }
                },
                {
                    "category": "car",
                    "id": 11,
                    "attributes": {
                        "occluded": true,
                        "truncated": false,
                        "trafficLightColor": "none"
                    },
                    "box2d": {
                        "x1": 319.906265,
                        "y1": 353.070695,
                        "x2": 344.068972,
                        "y2": 377.233402
                    }
                },
                {
                    "category": "car",
                    "id": 12,
                    "attributes": {
                        "occluded": true,
                        "truncated": false,
                        "trafficLightColor": "none"
                    },
                    "box2d": {
                        "x1": 349.560497,
                        "y1": 347.57917,
                        "x2": 366.035072,
                        "y2": 372.840182
                    }
                },
                {
                    "category": "car",
                    "id": 13,
                    "attributes": {
                        "occluded": true,
                        "truncated": false,
                        "trafficLightColor": "none"
                    },
                    "box2d": {
                        "x1": 370.428291,
                        "y1": 350.874085,
                        "x2": 391.296084,
                        "y2": 369.545268
                    }
                },
                {
                    "category": "car",
                    "id": 14,
                    "attributes": {
                        "occluded": true,
                        "truncated": false,
                        "trafficLightColor": "none"
                    },
                    "box2d": {
                        "x1": 391.296083,
                        "y1": 351.972391,
                        "x2": 402.279133,
                        "y2": 362.955441
                    }
                },
                {
                    "category": "car",
                    "id": 15,
                    "attributes": {
                        "occluded": true,
                        "truncated": false,
                        "trafficLightColor": "none"
                    },
                    "box2d": {
                        "x1": 402.279133,
                        "y1": 348.677476,
                        "x2": 413.262179,
                        "y2": 362.955439
                    }
                },
                {
                    "category": "car",
                    "id": 16,
                    "attributes": {
                        "occluded": true,
                        "truncated": false,
                        "trafficLightColor": "none"
                    },
                    "box2d": {
                        "x1": 417.6554,
                        "y1": 351.972391,
                        "x2": 428.63845,
                        "y2": 359.660526
                    }
                },
                {
                    "category": "truck",
                    "id": 17,
                    "attributes": {
                        "occluded": true,
                        "truncated": false,
                        "trafficLightColor": "none"
                    },
                    "box2d": {
                        "x1": 451.702851,
                        "y1": 312.433415,
                        "x2": 525.289279,
                        "y2": 382.724927
                    }
                },
                {
                    "category": "area/drivable",
                    "id": 18,
                    "attributes": {},
                    "poly2d": [
                        [
                            0,
                            424.464186,
                            "L"
                        ],
                        [
                            144.177486,
                            404.694526,
                            "L"
                        ],
                        [
                            267.187633,
                            409.087784,
                            "L"
                        ],
                        [
                            435.228278,
                            358.565323,
                            "L"
                        ],
                        [
                            446.211327,
                            362.958582,
                            "L"
                        ],
                        [
                            447.309631,
                            387.121497,
                            "L"
                        ],
                        [
                            530.780803,
                            384.924868,
                            "L"
                        ],
                        [
                            552.746901,
                            428.857443,
                            "C"
                        ],
                        [
                            662.277841,
                            405.274499,
                            "C"
                        ],
                        [
                            727.377375,
                            415.67767,
                            "C"
                        ],
                        [
                            1279.525181,
                            390.41644,
                            "L"
                        ],
                        [
                            1279.525181,
                            712.222553,
                            "L"
                        ],
                        [
                            874.550228,
                            633.143917,
                            "C"
                        ],
                        [
                            516.50284,
                            601.2928,
                            "C"
                        ],
                        [
                            0,
                            661.700092,
                            "C"
                        ],
                        [
                            0,
                            424.464186,
                            "L"
                        ]
                    ]
                },
                {
                    "category": "lane/road curb",
                    "id": 19,
                    "attributes": {
                        "direction": "parallel",
                        "style": "solid"
                    },
                    "poly2d": [
                        [
                            1275.763602,
                            383.399866,
                            "L"
                        ],
                        [
                            800.781751,
                            411.299863,
                            "C"
                        ],
                        [
                            614.481816,
                            411.974863,
                            "C"
                        ],
                        [
                            557.781836,
                            428.174856,
                            "C"
                        ],
                        [
                            521.331849,
                            373.499877,
                            "L"
                        ]
                    ]
                },
                {
                    "category": "lane/crosswalk",
                    "id": 20,
                    "attributes": {
                        "direction": "parallel",
                        "style": "dashed"
                    },
                    "poly2d": [
                        [
                            1278.4636,
                            507.599822,
                            "L"
                        ],
                        [
                            1252.356593,
                            481.724835,
                            "L"
                        ],
                        [
                            1111.956642,
                            445.949849,
                            "L"
                        ],
                        [
                            887.18172,
                            406.799861,
                            "L"
                        ]
                    ]
                },
                {
                    "category": "lane/crosswalk",
                    "id": 21,
                    "attributes": {
                        "direction": "parallel",
                        "style": "dashed"
                    },
                    "poly2d": [
                        [
                            838.363754,
                            602.099789,
                            "L"
                        ],
                        [
                            696.831787,
                            483.749833,
                            "L"
                        ],
                        [
                            584.563845,
                            411.749857,
                            "L"
                        ]
                    ]
                },
                {
                    "category": "lane/crosswalk",
                    "id": 22,
                    "attributes": {
                        "direction": "vertical",
                        "style": "dashed"
                    },
                    "poly2d": [
                        [
                            508.96387,
                            413.099856,
                            "L"
                        ],
                        [
                            332.113933,
                            414.449855,
                            "L"
                        ],
                        [
                            90.464016,
                            422.549852,
                            "L"
                        ]
                    ]
                },
                {
                    "category": "lane/crosswalk",
                    "id": 23,
                    "attributes": {
                        "direction": "vertical",
                        "style": "dashed"
                    },
                    "poly2d": [
                        [
                            506.931847,
                            401.399863,
                            "L"
                        ],
                        [
                            351.681901,
                            400.724863,
                            "L"
                        ],
                        [
                            140.406975,
                            409.49986,
                            "L"
                        ]
                    ]
                },
                {
                    "category": "lane/single white",
                    "id": 24,
                    "attributes": {
                        "direction": "parallel",
                        "style": "solid"
                    },
                    "poly2d": [
                        [
                            481.956854,
                            379.799872,
                            "L"
                        ],
                        [
                            478.581857,
                            400.049864,
                            "L"
                        ]
                    ]
                },
                {
                    "category": "lane/single white",
                    "id": 25,
                    "attributes": {
                        "direction": "parallel",
                        "style": "solid"
                    },
                    "poly2d": [
                        [
                            1278.006585,
                            443.249848,
                            "L"
                        ],
                        [
                            1124.781638,
                            449.999846,
                            "L"
                        ]
                    ]
                },
                {
                    "category": "lane/single yellow",
                    "id": 26,
                    "attributes": {
                        "direction": "parallel",
                        "style": "solid"
                    },
                    "poly2d": [
                        [
                            1278.681583,
                            409.949864,
                            "L"
                        ],
                        [
                            994.506683,
                            423.449859,
                            "L"
                        ]
                    ]
                },
                {
                    "category": "lane/single white",
                    "id": 27,
                    "attributes": {
                        "direction": "vertical",
                        "style": "solid"
                    },
                    "poly2d": [
                        [
                            0.014048,
                            643.949775,
                            "L"
                        ],
                        [
                            272.713952,
                            629.099781,
                            "L"
                        ],
                        [
                            954.463714,
                            610.199786,
                            "L"
                        ]
                    ]
                },
                {
                    "category": "lane/single white",
                    "id": 28,
                    "attributes": {
                        "direction": "vertical",
                        "style": "solid"
                    },
                    "poly2d": [
                        [
                            861.313747,
                            638.549777,
                            "L"
                        ],
                        [
                            387.463913,
                            652.049772,
                            "L"
                        ],
                        [
                            0,
                            669.599766,
                            "L"
                        ]
                    ]
                },
                {
                    "category": "lane/single white",
                    "id": 29,
                    "attributes": {
                        "direction": "parallel",
                        "style": "solid"
                    },
                    "poly2d": [
                        [
                            959.863711,
                            612.899784,
                            "L"
                        ],
                        [
                            1108.36366,
                            719.549749,
                            "L"
                        ]
                    ]
                },
                {
                    "category": "lane/single white",
                    "id": 30,
                    "attributes": {
                        "direction": "parallel",
                        "style": "solid"
                    },
                    "poly2d": [
                        [
                            864.013746,
                            641.249775,
                            "L"
                        ],
                        [
                            938.26372,
                            719.549749,
                            "L"
                        ]
                    ]
                }
            ]
        }
    ],
    "attributes": {
        "weather": "partly cloudy",
        "scene": "city street",
        "timeofday": "daytime"
    }
}