{
    "name": "00a820ef-98a12e22",
    "frames": [
        {
            "timestamp": 10000,
            "objects": [
                {
                    "category": "car",
                    "id": 0,
                    "attributes": {
                        "occluded": false,
                        "truncated": true,
                        "trafficLightColor": "none"
                    },
                    "box2d": {
                        "x1": 1.247754,
                        "y1": 333.150329,
                        "x2": 329.407067,
                        "y2": 576.462369
                    }
                },
                {
                    "category": "car",
                    "id": 1,
                    "attributes": {
                        "occluded": true,
                        "truncated": false,
                        "trafficLightColor": "none"
                    },
                    "box2d": {
                        "x1": 283.240168,
                        "y1": 369.335197,
                        "x2": 343.132362,
                        "y2": 432.970653
                    }
                },
                {
                    "category": "car",
                    "id": 2,
                    "attributes": {
                        "occluded": false,
                        "truncated": false,
                        "trafficLightColor": "none"
                    },
                    "box2d": {
                        "x1": 336.893592,
                        "y1": 346.875624,
                        "x2": 460.421242,
                        "y2": 442.952684
                    }
                },
                {
                    "category": "car",
                    "id": 3,
                    "attributes": {
                        "occluded": false,
                        "truncated": false,
                        "trafficLightColor": "none"
                    },
                    "box2d": {
                        "x1": 476.642044,
                        "y1": 356.857656,
                        "x2": 525.304452,
                        "y2": 400.529048
                    }
                },
                {
                    "category": "car",
                    "id": 4,
                    "attributes": {
                        "occluded": false,
                        "truncated": false,
                        "trafficLightColor": "none"
                    },
                    "box2d": {
                        "x1": 545.268518,
                        "y1": 351.86664,
                        "x2": 606.408465,
                        "y2": 403.024556
                    }
                },
                {
                    "category": "car",
                    "id": 5,
                    "attributes": {
                        "occluded": true,
                        "truncated": false,
                        "trafficLightColor": "none"
                    },
                    "box2d": {
                        "x1": 521.561191,
                        "y1": 366.839689,
                        "x2": 542.77301,
                        "y2": 388.051507
                    }
                },
                {
                    "category": "car",
                    "id": 6,
                    "attributes": {
                        "occluded": true,
                        "truncated": false,
                        "trafficLightColor": "none"
                    },
                    "box2d": {
                        "x1": 741.165901,
                        "y1": 336.893592,
                        "x2": 793.571572,
                        "y2": 376.821721
                    }
                },
                {
                    "category": "car",
                    "id": 7,
                    "attributes": {
                        "occluded": true,
                        "truncated": false,
                        "trafficLightColor": "none"
                    },
                    "box2d": {
                        "x1": 968.257137,
                        "y1": 321.920543,
                        "x2": 1018.167299,
                        "y2": 361.848672
                    }
                },
                {
                    "category": "traffic sign",
                    "id": 8,
                    "attributes": {
                        "occluded": false,
                        "truncated": false,
                        "trafficLightColor": "none"
                    },
                    "box2d": {
                        "x1": 706.228788,
                        "y1": 291.974447,
                        "x2": 729.936115,
                        "y2": 316.929527
                    }
                },
                {
                    "category": "traffic sign",
                    "id": 9,
                    "attributes": {
                        "occluded": false,
                        "truncated": false,
                        "trafficLightColor": "none"
                    },
                    "box2d": {
                        "x1": 706.228788,
                        "y1": 272.010381,
                        "x2": 733.679377,
                        "y2": 286.98343
                    }
                },
                {
                    "category": "traffic sign",
                    "id": 10,
                    "attributes": {
                        "occluded": false,
                        "truncated": false,
                        "trafficLightColor": "none"
                    },
                    "box2d": {
                        "x1": 742.413655,
                        "y1": 257.037332,
                        "x2": 756.13895,
                        "y2": 272.01038
                    }
                },
                {
                    "category": "traffic sign",
                    "id": 11,
                    "attributes": {
                        "occluded": false,
                        "truncated": false,
                        "trafficLightColor": "none"
                    },
                    "box2d": {
                        "x1": 743.661409,
                        "y1": 277.001397,
                        "x2": 761.129965,
                        "y2": 291.974445
                    }
                },
                {
                    "category": "traffic sign",
                    "id": 12,
                    "attributes": {
                        "occluded": false,
                        "truncated": false,
                        "trafficLightColor": "none"
                    },
                    "box2d": {
                        "x1": 742.413655,
                        "y1": 293.2222,
                        "x2": 759.882212,
                        "y2": 306.947495
                    }
                },
                {
                    "category": "area/drivable",
                    "id": 13,
                    "attributes": {},
                    "poly2d": [
                        [
                            516.944166,
                            411.749717,
                            "L"
                        ],
                        [
                            631.694087,
                            411.749717,
                            "L"
                        ],
                        [
                            871.318922,
                            644.624557,
                            "L"
                        ],
                        [
                            662.069066,
                            619.312075,
                            "C"
                        ],
                        [
                            462.944203,
                            631.124566,
                            "C"
                        ],
                        [
                            206.444379,
                            646.312056,
                            "C"
                        ],
                        [
                            516.944166,
                            411.749717,
                            "L"
                        ]
                    ]
                },
                {
                    "category": "area/alternative",
                    "id": 14,
                    "attributes": {},
                    "poly2d": [
                        [
                            638.444082,
                            377.99974,
                            "L"
                        ],
                        [
                            1280.811619,
                            531.562134,
                            "L"
                        ],
                        [
                            1280.811619,
                            720.562005,
                            "L"
                        ],
                        [
                            1188.568704,
                            690.187025,
                            "C"
                        ],
                        [
                            1056.943794,
                            637.874561,
                            "C"
                        ],
                        [
                            884.818913,
                            641.24956,
                            "C"
                        ],
                        [
                            614.819098,
                            388.124733,
                            "L"
                        ],
                        [
                            638.444082,
                            377.99974,
                            "L"
                        ]
                    ]
                },
                {
                    "category": "lane/road curb",
                    "id": 15,
                    "attributes": {
                        "direction": "parallel",
                        "style": "solid"
                    },
                    "poly2d": [
                        [
                            722.276863,
                            402.118679,
                            "L"
                        ],
                        [
                            1280.632735,
                            530.181952,
                            "L"
                        ]
                    ]
                },
                {
                    "category": "lane/single white",
                    "id": 16,
                    "attributes": {
                        "direction": "parallel",
                        "style": "dashed"
                    },
                    "poly2d": [
                        [
                            628.790673,
                            411.083108,
                            "L"
                        ],
                        [
                            861.865831,
                            637.755102,
                            "L"
                        ]
                    ]
                },
                {
                    "category": "lane/single white",
                    "id": 17,
                    "attributes": {
                        "direction": "parallel",
                        "style": "dashed"
                    },
                    "poly2d": [
                        [
                            636.474469,
                            412.363741,
                            "L"
                        ],
                        [
                            892.601016,
                            639.035735,
                            "L"
                        ]
                    ]
                },
                {
                    "category": "lane/single white",
                    "id": 18,
                    "attributes": {
                        "direction": "parallel",
                        "style": "dashed"
                    },
                    "poly2d": [
                        [
                            510.972461,
                            417.486272,
                            "L"
                        ],
                        [
                            211.304401,
                            650.561429,
                            "L"
                        ]
                    ]
                },
                {
                    "category": "lane/single white",
                    "id": 19,
                    "attributes": {
                        "direction": "parallel",
                        "style": "dashed"
                    },
                    "poly2d": [
                        [
                            502.008032,
                            414.925006,
                            "L"
                        ],
                        [
                            174.166052,
                            650.561429,
                            "L"
                        ]
                    ]
                }
            ]
        }
    ],
    "attributes": {
        "weather": "undefined",
        "scene": "city street",
        "timeofday": "daytime"
    }
}