{
    "name": "00a820ef-d655700e",
    "frames": [
        {
            "timestamp": 10000,
            "objects": [
                {
                    "category": "car",
                    "id": 0,
                    "attributes": {
                        "occluded": true,
                        "truncated": false,
                        "trafficLightColor": "none"
                    },
                    "box2d": {
                        "x1": 479.924832,
                        "y1": 371.587369,
                        "x2": 490.724828,
                        "y2": 383.737367
                    }
                },
                {
                    "category": "car",
                    "id": 1,
                    "attributes": {
                        "occluded": true,
                        "truncated": false,
                        "trafficLightColor": "none"
                    },
                    "box2d": {
                        "x1": 600.074789,
                        "y1": 363.487374,
                        "x2": 610.874785,
                        "y2": 375.637371
                    }
                },
                {
                    "category": "car",
                    "id": 2,
                    "attributes": {
                        "occluded": true,
                        "truncated": false,
                        "trafficLightColor": "none"
                    },
                    "box2d": {
                        "x1": 606.824789,
                        "y1": 366.187371,
                        "x2": 617.624785,
                        "y2": 381.037366
                    }
                },
                {
                    "category": "car",
                    "id": 3,
                    "attributes": {
                        "occluded": true,
                        "truncated": false,
                        "trafficLightColor": "none"
                    },
                    "box2d": {
                        "x1": 614.924784,
                        "y1": 367.537371,
                        "x2": 625.724779,
                        "y2": 383.737367
                    }
                },
                {
                    "category": "car",
                    "id": 4,
                    "attributes": {
                        "occluded": true,
                        "truncated": false,
                        "trafficLightColor": "none"
                    },
                    "box2d": {
                        "x1": 624.374781,
                        "y1": 367.537371,
                        "x2": 641.924775,
                        "y2": 385.087365
                    }
                },
                {
                    "category": "car",
                    "id": 5,
                    "attributes": {
                        "occluded": true,
                        "truncated": false,
                        "trafficLightColor": "none"
                    },
                    "box2d": {
                        "x1": 667.574765,
                        "y1": 374.287369,
                        "x2": 686.474759,
                        "y2": 397.237364
                    }
                },
                {
                    "category": "car",
                    "id": 6,
                    "attributes": {
                        "occluded": true,
                        "truncated": false,
                        "trafficLightColor": "none"
                    },
                    "box2d": {
                        "x1": 675.674762,
                        "y1": 376.987367,
                        "x2": 722.924745,
                        "y2": 399.93736
                    }
                },
                {
                    "category": "car",
                    "id": 7,
                    "attributes": {
                        "occluded": true,
                        "truncated": false,
                        "trafficLightColor": "none"
                    },
                    "box2d": {
                        "x1": 892.805308,
                        "y1": 362.069873,
                        "x2": 1011.605267,
                        "y2": 468.719835
                    }
                },
                {
                    "category": "car",
                    "id": 8,
                    "attributes": {
                        "occluded": false,
                        "truncated": false,
                        "trafficLightColor": "none"
                    },
                    "box2d": {
                        "x1": 496.799827,
                        "y1": 371.92487,
                        "x2": 512.999818,
                        "y2": 384.074867
                    }
                },
                {
                    "category": "car",
                    "id": 9,
                    "attributes": {
                        "occluded": false,
                        "truncated": false,
                        "trafficLightColor": "none"
                    },
                    "box2d": {
                        "x1": 433.349847,
                        "y1": 371.92487,
                        "x2": 454.949842,
                        "y2": 392.174863
                    }
                },
                {
                    "category": "car",
                    "id": 10,
                    "attributes": {
                        "occluded": false,
                        "truncated": false,
                        "trafficLightColor": "none"
                    },
                    "box2d": {
                        "x1": 383.399865,
                        "y1": 365.174872,
                        "x2": 425.24985,
                        "y2": 397.574863
                    }
                },
                {
                    "category": "car",
                    "id": 11,
                    "attributes": {
                        "occluded": true,
                        "truncated": false,
                        "trafficLightColor": "none"
                    },
                    "box2d": {
                        "x1": 423.899852,
                        "y1": 373.274868,
                        "x2": 441.449844,
                        "y2": 388.124862
                    }
                },
                {
                    "category": "car",
                    "id": 12,
                    "attributes": {
                        "occluded": false,
                        "truncated": false,
                        "trafficLightColor": "none"
                    },
                    "box2d": {
                        "x1": 588.599794,
                        "y1": 364.949864,
                        "x2": 604.799788,
                        "y2": 381.149861
                    }
                },
                {
                    "category": "car",
                    "id": 13,
                    "attributes": {
                        "occluded": false,
                        "truncated": false,
                        "trafficLightColor": "none"
                    },
                    "box2d": {
                        "x1": 631.799778,
                        "y1": 370.349864,
                        "x2": 661.499768,
                        "y2": 388.800002
                    }
                },
                {
                    "category": "car",
                    "id": 14,
                    "attributes": {
                        "occluded": false,
                        "truncated": false,
                        "trafficLightColor": "none"
                    },
                    "box2d": {
                        "x1": 710.801614,
                        "y1": 349.43894,
                        "x2": 905.201545,
                        "y2": 491.188892
                    }
                },
                {
                    "category": "car",
                    "id": 15,
                    "attributes": {
                        "occluded": false,
                        "truncated": true,
                        "trafficLightColor": "none"
                    },
                    "box2d": {
                        "x1": 1.199997,
                        "y1": 386.451425,
                        "x2": 99.749963,
                        "y2": 453.951401
                    }
                },
                {
                    "category": "car",
                    "id": 16,
                    "attributes": {
                        "occluded": false,
                        "truncated": true,
                        "trafficLightColor": "none"
                    },
                    "box2d": {
                        "x1": 1241.849563,
                        "y1": 456.651399,
                        "x2": 1278.299549,
                        "y2": 575.768137
                    }
                },
                {
                    "category": "car",
                    "id": 17,
                    "attributes": {
                        "occluded": true,
                        "truncated": false,
                        "trafficLightColor": "none"
                    },
                    "box2d": {
                        "x1": 129.599955,
                        "y1": 375.299868,
                        "x2": 195.74993,
                        "y2": 404.999857
                    }
                },
                {
                    "category": "car",
                    "id": 18,
                    "attributes": {
                        "occluded": false,
                        "truncated": false,
                        "trafficLightColor": "none"
                    },
                    "box2d": {
                        "x1": 466.559987,
                        "y1": 372.173686,
                        "x2": 481.907355,
                        "y2": 386.242107
                    }
                },
                {
                    "category": "car",
                    "id": 19,
                    "attributes": {
                        "occluded": true,
                        "truncated": false,
                        "trafficLightColor": "none"
                    },
                    "box2d": {
                        "x1": 513.497371,
                        "y1": 369.935528,
                        "x2": 519.892108,
                        "y2": 380.167107
                    }
                },
                {
                    "category": "car",
                    "id": 20,
                    "attributes": {
                        "occluded": true,
                        "truncated": false,
                        "trafficLightColor": "none"
                    },
                    "box2d": {
                        "x1": 519.892108,
                        "y1": 368.656581,
                        "x2": 528.84474,
                        "y2": 378.88816
                    }
                },
                {
                    "category": "car",
                    "id": 21,
                    "attributes": {
                        "occluded": false,
                        "truncated": false,
                        "trafficLightColor": "none"
                    },
                    "box2d": {
                        "x1": 536.902092,
                        "y1": 365.778949,
                        "x2": 545.854724,
                        "y2": 377.289476
                    }
                },
                {
                    "category": "car",
                    "id": 22,
                    "attributes": {
                        "occluded": false,
                        "truncated": false,
                        "trafficLightColor": "none"
                    },
                    "box2d": {
                        "x1": 547.133671,
                        "y1": 363.221055,
                        "x2": 561.202093,
                        "y2": 377.289476
                    }
                },
                {
                    "category": "area/drivable",
                    "id": 23,
                    "attributes": {},
                    "poly2d": [
                        [
                            150.978239,
                            651.32761,
                            "L"
                        ],
                        [
                            558.993812,
                            385.555999,
                            "L"
                        ],
                        [
                            587.692154,
                            384.308245,
                            "L"
                        ],
                        [
                            853.463765,
                            658.814135,
                            "L"
                        ],
                        [
                            633.859055,
                            623.87702,
                            "C"
                        ],
                        [
                            388.051507,
                            622.629267,
                            "C"
                        ],
                        [
                            150.978239,
                            651.32761,
                            "C"
                        ]
                    ]
                },
                {
                    "category": "area/alternative",
                    "id": 24,
                    "attributes": {},
                    "poly2d": [
                        [
                            713.715312,
                            496.606109,
                            "L"
                        ],
                        [
                            920.842483,
                            500.34937,
                            "L"
                        ],
                        [
                            1280.195647,
                            621.381513,
                            "L"
                        ],
                        [
                            1280.195647,
                            719.954082,
                            "L"
                        ],
                        [
                            1195.348373,
                            719.954082,
                            "L"
                        ],
                        [
                            1121.730884,
                            678.778199,
                            "C"
                        ],
                        [
                            985.725694,
                            651.32761,
                            "C"
                        ],
                        [
                            865.941306,
                            656.318626,
                            "C"
                        ],
                        [
                            713.715312,
                            496.606109,
                            "L"
                        ]
                    ]
                },
                {
                    "category": "area/alternative",
                    "id": 25,
                    "attributes": {},
                    "poly2d": [
                        [
                            917.999679,
                            472.499835,
                            "L"
                        ],
                        [
                            1013.849645,
                            475.199834,
                            "L"
                        ],
                        [
                            1241.999565,
                            521.099818,
                            "L"
                        ],
                        [
                            1251.449562,
                            604.799788,
                            "L"
                        ],
                        [
                            928.799675,
                            498.149826,
                            "L"
                        ],
                        [
                            917.999679,
                            472.499835,
                            "L"
                        ]
                    ]
                },
                {
                    "category": "lane/road curb",
                    "id": 26,
                    "attributes": {
                        "direction": "parallel",
                        "style": "solid"
                    },
                    "poly2d": [
                        [
                            1246.09351,
                            527.186814,
                            "L"
                        ],
                        [
                            1003.467761,
                            470.274601,
                            "L"
                        ]
                    ]
                },
                {
                    "category": "lane/road curb",
                    "id": 27,
                    "attributes": {
                        "direction": "parallel",
                        "style": "solid"
                    },
                    "poly2d": [
                        [
                            103.848724,
                            446.097579,
                            "L"
                        ],
                        [
                            289.562248,
                            417.641474,
                            "L"
                        ]
                    ]
                },
                {
                    "category": "lane/single white",
                    "id": 28,
                    "attributes": {
                        "direction": "parallel",
                        "style": "dashed"
                    },
                    "poly2d": [
                        [
                            0.508135,
                            488.032891,
                            "L"
                        ],
                        [
                            354.968071,
                            411.864699,
                            "L"
                        ]
                    ]
                },
                {
                    "category": "lane/single white",
                    "id": 29,
                    "attributes": {
                        "direction": "parallel",
                        "style": "dashed"
                    },
                    "poly2d": [
                        [
                            880.657195,
                            657.485828,
                            "L"
                        ],
                        [
                            612.570719,
                            401.380869,
                            "L"
                        ]
                    ]
                },
                {
                    "category": "lane/single white",
                    "id": 30,
                    "attributes": {
                        "direction": "parallel",
                        "style": "dashed"
                    },
                    "poly2d": [
                        [
                            855.196468,
                            660.481208,
                            "L"
                        ],
                        [
                            608.077649,
                            404.37625,
                            "L"
                        ]
                    ]
                },
                {
                    "category": "lane/double yellow",
                    "id": 31,
                    "attributes": {
                        "direction": "parallel",
                        "style": "solid"
                    },
                    "poly2d": [
                        [
                            0,
                            549.011779,
                            "L"
                        ],
                        [
                            238.148266,
                            476.265361,
                            "L"
                        ],
                        [
                            470.403274,
                            403.024556,
                            "L"
                        ]
                    ]
                },
                {
                    "category": "lane/double yellow",
                    "id": 32,
                    "attributes": {
                        "direction": "parallel",
                        "style": "solid"
                    },
                    "poly2d": [
                        [
                            0.015584,
                            567.624439,
                            "L"
                        ],
                        [
                            238.148266,
                            488.246879,
                            "L"
                        ],
                        [
                            475.39429,
                            409.263326,
                            "L"
                        ]
                    ]
                },
                {
                    "category": "lane/double yellow",
                    "id": 33,
                    "attributes": {
                        "direction": "parallel",
                        "style": "solid"
                    },
                    "poly2d": [
                        [
                            79.393145,
                            658.983518,
                            "L"
                        ],
                        [
                            506.234742,
                            410.367009,
                            "L"
                        ]
                    ]
                },
                {
                    "category": "lane/double yellow",
                    "id": 34,
                    "attributes": {
                        "direction": "parallel",
                        "style": "solid"
                    },
                    "poly2d": [
                        [
                            151.282256,
                            651.495069,
                            "L"
                        ],
                        [
                            522.709329,
                            411.864699,
                            "L"
                        ]
                    ]
                },
                {
                    "category": "lane/crosswalk",
                    "id": 35,
                    "attributes": {
                        "direction": "vertical",
                        "style": "dashed"
                    },
                    "poly2d": [
                        [
                            313.032756,
                            407.371629,
                            "L"
                        ],
                        [
                            654.506033,
                            389.399352,
                            "L"
                        ]
                    ]
                }
            ]
        }
    ],
    "attributes": {
        "weather": "clear",
        "scene": "highway",
        "timeofday": "daytime"
    }
}