{
    "name": "00a9cd6b-b39be004",
    "frames": [
        {
            "timestamp": 10000,
            "objects": [
                {
                    "category": "car",
                    "id": 0,
                    "attributes": {
                        "occluded": false,
                        "truncated": false,
                        "trafficLightColor": "none"
                    },
                    "box2d": {
                        "x1": 645.269,
                        "y1": 328.779919,
                        "x2": 954.588426,
                        "y2": 499.827416
                    }
                },
                {
                    "category": "car",
                    "id": 1,
                    "attributes": {
                        "occluded": false,
                        "truncated": false,
                        "trafficLightColor": "none"
                    },
                    "box2d": {
                        "x1": 133.150746,
                        "y1": 337.998049,
                        "x2": 186.411045,
                        "y2": 383.064454
                    }
                },
                {
                    "category": "car",
                    "id": 2,
                    "attributes": {
                        "occluded": false,
                        "truncated": false,
                        "trafficLightColor": "none"
                    },
                    "box2d": {
                        "x1": 218.162376,
                        "y1": 345.167703,
                        "x2": 255.034891,
                        "y2": 370.773616
                    }
                },
                {
                    "category": "car",
                    "id": 3,
                    "attributes": {
                        "occluded": true,
                        "truncated": false,
                        "trafficLightColor": "none"
                    },
                    "box2d": {
                        "x1": 106.520597,
                        "y1": 337.998049,
                        "x2": 141.344637,
                        "y2": 367.700907
                    }
                },
                {
                    "category": "car",
                    "id": 4,
                    "attributes": {
                        "occluded": true,
                        "truncated": false,
                        "trafficLightColor": "none"
                    },
                    "box2d": {
                        "x1": 498.803181,
                        "y1": 339.022284,
                        "x2": 678.04457,
                        "y2": 449.639827
                    }
                },
                {
                    "category": "car",
                    "id": 5,
                    "attributes": {
                        "occluded": true,
                        "truncated": false,
                        "trafficLightColor": "none"
                    },
                    "box2d": {
                        "x1": 414.815787,
                        "y1": 339.022284,
                        "x2": 553.087716,
                        "y2": 429.155097
                    }
                },
                {
                    "category": "car",
                    "id": 6,
                    "attributes": {
                        "occluded": true,
                        "truncated": false,
                        "trafficLightColor": "none"
                    },
                    "box2d": {
                        "x1": 244.792526,
                        "y1": 339.022284,
                        "x2": 300.708724,
                        "y2": 352.116187
                    }
                },
                {
                    "category": "truck",
                    "id": 7,
                    "attributes": {
                        "occluded": true,
                        "truncated": false,
                        "trafficLightColor": "none"
                    },
                    "box2d": {
                        "x1": 13.315075,
                        "y1": 324.682973,
                        "x2": 44.04217,
                        "y2": 343.11923
                    }
                },
                {
                    "category": "traffic sign",
                    "id": 8,
                    "attributes": {
                        "occluded": false,
                        "truncated": false,
                        "trafficLightColor": "none"
                    },
                    "box2d": {
                        "x1": 535.675694,
                        "y1": 282.689276,
                        "x2": 558.208896,
                        "y2": 303.174007
                    }
                },
                {
                    "category": "traffic sign",
                    "id": 9,
                    "attributes": {
                        "occluded": false,
                        "truncated": false,
                        "trafficLightColor": "none"
                    },
                    "box2d": {
                        "x1": 381.015981,
                        "y1": 304.198243,
                        "x2": 401.500711,
                        "y2": 319.561791
                    }
                },
                {
                    "category": "traffic sign",
                    "id": 10,
                    "attributes": {
                        "occluded": false,
                        "truncated": false,
                        "trafficLightColor": "none"
                    },
                    "box2d": {
                        "x1": 272.446911,
                        "y1": 322.6345,
                        "x2": 287.810459,
                        "y2": 333.901103
                    }
                },
                {
                    "category": "traffic light",
                    "id": 11,
                    "attributes": {
                        "occluded": false,
                        "truncated": false,
                        "trafficLightColor": "green"
                    },
                    "box2d": {
                        "x1": 173.09597,
                        "y1": 291.907405,
                        "x2": 180.265624,
                        "y2": 309.319426
                    }
                },
                {
                    "category": "traffic light",
                    "id": 12,
                    "attributes": {
                        "occluded": false,
                        "truncated": false,
                        "trafficLightColor": "green"
                    },
                    "box2d": {
                        "x1": 99.350941,
                        "y1": 323.658737,
                        "x2": 106.520597,
                        "y2": 337.998047
                    }
                },
                {
                    "category": "area/alternative",
                    "id": 13,
                    "attributes": {},
                    "poly2d": [
                        [
                            548.170057,
                            585.596717,
                            "L"
                        ],
                        [
                            784.805047,
                            596.080545,
                            "C"
                        ],
                        [
                            1045.403076,
                            626.034342,
                            "C"
                        ],
                        [
                            1280.524791,
                            620.043583,
                            "C"
                        ],
                        [
                            1276.047306,
                            575.112889,
                            "L"
                        ],
                        [
                            946.555548,
                            504.721468,
                            "L"
                        ],
                        [
                            813.261155,
                            515.205296,
                            "L"
                        ],
                        [
                            411.880284,
                            425.343907,
                            "L"
                        ],
                        [
                            404.391836,
                            395.390111,
                            "L"
                        ],
                        [
                            274.878356,
                            370.577945,
                            "L"
                        ],
                        [
                            193.494523,
                            390.540017,
                            "L"
                        ],
                        [
                            357.797732,
                            510.312449,
                            "L"
                        ],
                        [
                            552.663126,
                            509.214537,
                            "C"
                        ],
                        [
                            558.653885,
                            491.24226,
                            "C"
                        ],
                        [
                            548.170057,
                            585.596717,
                            "C"
                        ]
                    ]
                },
                {
                    "category": "area/drivable",
                    "id": 14,
                    "attributes": {},
                    "poly2d": [
                        [
                            0,
                            418.179809,
                            "L"
                        ],
                        [
                            92.148619,
                            370.577945,
                            "L"
                        ],
                        [
                            129.001675,
                            370.577945,
                            "L"
                        ],
                        [
                            129.001675,
                            387.468929,
                            "L"
                        ],
                        [
                            173.532451,
                            389.004473,
                            "L"
                        ],
                        [
                            325.014274,
                            507.716847,
                            "L"
                        ],
                        [
                            67.411627,
                            537.670643,
                            "L"
                        ],
                        [
                            70.407007,
                            596.080545,
                            "L"
                        ],
                        [
                            0,
                            597.578237,
                            "L"
                        ],
                        [
                            0,
                            418.179809,
                            "L"
                        ]
                    ]
                },
                {
                    "category": "lane/road curb",
                    "id": 15,
                    "attributes": {
                        "direction": "parallel",
                        "style": "solid"
                    },
                    "poly2d": [
                        [
                            104.967727,
                            359.745396,
                            "L"
                        ],
                        [
                            0.999985,
                            412.711223,
                            "L"
                        ]
                    ]
                },
                {
                    "category": "lane/road curb",
                    "id": 16,
                    "attributes": {
                        "direction": "parallel",
                        "style": "solid"
                    },
                    "poly2d": [
                        [
                            260.919341,
                            368.573034,
                            "L"
                        ],
                        [
                            412.947643,
                            388.190007,
                            "L"
                        ]
                    ]
                },
                {
                    "category": "lane/single white",
                    "id": 17,
                    "attributes": {
                        "direction": "parallel",
                        "style": "dashed"
                    },
                    "poly2d": [
                        [
                            252.091892,
                            379.362368,
                            "L"
                        ],
                        [
                            389.407778,
                            412.711223,
                            "L"
                        ]
                    ]
                },
                {
                    "category": "lane/road curb",
                    "id": 18,
                    "attributes": {
                        "direction": "parallel",
                        "style": "solid"
                    },
                    "poly2d": [
                        [
                            948.4796,
                            475.485534,
                            "L"
                        ],
                        [
                            1279.980227,
                            530.413058,
                            "L"
                        ]
                    ]
                },
                {
                    "category": "lane/single white",
                    "id": 19,
                    "attributes": {
                        "direction": "parallel",
                        "style": "dashed"
                    },
                    "poly2d": [
                        [
                            853.339308,
                            477.447233,
                            "L"
                        ],
                        [
                            1279.980227,
                            551.010879,
                            "L"
                        ]
                    ]
                },
                {
                    "category": "lane/single white",
                    "id": 20,
                    "attributes": {
                        "direction": "parallel",
                        "style": "dashed"
                    },
                    "poly2d": [
                        [
                            168.721531,
                            383.285763,
                            "L"
                        ],
                        [
                            331.538939,
                            508.834389,
                            "L"
                        ]
                    ]
                },
                {
                    "category": "lane/single white",
                    "id": 21,
                    "attributes": {
                        "direction": "parallel",
                        "style": "dashed"
                    },
                    "poly2d": [
                        [
                            177.548982,
                            383.285763,
                            "L"
                        ],
                        [
                            350.174667,
                            506.872691,
                            "L"
                        ]
                    ]
                }
            ]
        }
    ],
    "attributes": {
        "weather": "overcast",
        "scene": "city street",
        "timeofday": "daytime"
    }
}