{
    "name": "00abf44e-421f6ed7",
    "frames": [
        {
            "timestamp": 10000,
            "objects": [
                {
                    "category": "traffic sign",
                    "id": 0,
                    "attributes": {
                        "occluded": true,
                        "truncated": false,
                        "trafficLightColor": "none"
                    },
                    "box2d": {
                        "x1": 319.835285,
                        "y1": 329.830136,
                        "x2": 352.318556,
                        "y2": 342.323703
                    }
                },
                {
                    "category": "traffic sign",
                    "id": 1,
                    "attributes": {
                        "occluded": false,
                        "truncated": false,
                        "trafficLightColor": "none"
                    },
                    "box2d": {
                        "x1": 898.287383,
                        "y1": 324.832711,
                        "x2": 924.523871,
                        "y2": 336.076921
                    }
                },
                {
                    "category": "traffic sign",
                    "id": 2,
                    "attributes": {
                        "occluded": false,
                        "truncated": false,
                        "trafficLightColor": "none"
                    },
                    "box2d": {
                        "x1": 897.038024,
                        "y1": 291.100082,
                        "x2": 922.025157,
                        "y2": 324.83271
                    }
                },
                {
                    "category": "traffic sign",
                    "id": 3,
                    "attributes": {
                        "occluded": false,
                        "truncated": false,
                        "trafficLightColor": "none"
                    },
                    "box2d": {
                        "x1": 421.033168,
                        "y1": 342.323703,
                        "x2": 444.770942,
                        "y2": 352.318556
                    }
                },
                {
                    "category": "traffic light",
                    "id": 4,
                    "attributes": {
                        "occluded": false,
                        "truncated": false,
                        "trafficLightColor": "none"
                    },
                    "box2d": {
                        "x1": 326.082068,
                        "y1": 347.321129,
                        "x2": 341.074348,
                        "y2": 361.064051
                    }
                },
                {
                    "category": "traffic light",
                    "id": 5,
                    "attributes": {
                        "occluded": false,
                        "truncated": false,
                        "trafficLightColor": "none"
                    },
                    "box2d": {
                        "x1": 341.074348,
                        "y1": 303.593649,
                        "x2": 349.819844,
                        "y2": 331.079493
                    }
                },
                {
                    "category": "traffic sign",
                    "id": 6,
                    "attributes": {
                        "occluded": false,
                        "truncated": false,
                        "trafficLightColor": "none"
                    },
                    "box2d": {
                        "x1": 318.585928,
                        "y1": 274.858448,
                        "x2": 342.323703,
                        "y2": 312.339145
                    }
                },
                {
                    "category": "traffic light",
                    "id": 7,
                    "attributes": {
                        "occluded": true,
                        "truncated": false,
                        "trafficLightColor": "none"
                    },
                    "box2d": {
                        "x1": 439.773517,
                        "y1": 351.069199,
                        "x2": 449.768369,
                        "y2": 363.562766
                    }
                },
                {
                    "category": "traffic light",
                    "id": 8,
                    "attributes": {
                        "occluded": false,
                        "truncated": false,
                        "trafficLightColor": "red"
                    },
                    "box2d": {
                        "x1": 512.236198,
                        "y1": 294.848154,
                        "x2": 523.480407,
                        "y2": 317.336573
                    }
                },
                {
                    "category": "traffic light",
                    "id": 9,
                    "attributes": {
                        "occluded": false,
                        "truncated": false,
                        "trafficLightColor": "red"
                    },
                    "box2d": {
                        "x1": 779.598507,
                        "y1": 274.858448,
                        "x2": 788.344003,
                        "y2": 299.84558
                    }
                },
                {
                    "category": "traffic light",
                    "id": 10,
                    "attributes": {
                        "occluded": false,
                        "truncated": false,
                        "trafficLightColor": "none"
                    },
                    "box2d": {
                        "x1": 764.606227,
                        "y1": 274.858448,
                        "x2": 777.099794,
                        "y2": 297.346864
                    }
                },
                {
                    "category": "traffic light",
                    "id": 11,
                    "attributes": {
                        "occluded": false,
                        "truncated": false,
                        "trafficLightColor": "none"
                    },
                    "box2d": {
                        "x1": 502.241346,
                        "y1": 297.346865,
                        "x2": 512.236198,
                        "y2": 318.585927
                    }
                },
                {
                    "category": "traffic sign",
                    "id": 12,
                    "attributes": {
                        "occluded": false,
                        "truncated": false,
                        "trafficLightColor": "none"
                    },
                    "box2d": {
                        "x1": 482.25164,
                        "y1": 299.84558,
                        "x2": 494.745206,
                        "y2": 313.588502
                    }
                },
                {
                    "category": "person",
                    "id": 13,
                    "attributes": {
                        "occluded": true,
                        "truncated": false,
                        "trafficLightColor": "none"
                    },
                    "box2d": {
                        "x1": 377.305689,
                        "y1": 369.809547,
                        "x2": 392.297968,
                        "y2": 397.295392
                    }
                },
                {
                    "category": "person",
                    "id": 14,
                    "attributes": {
                        "occluded": true,
                        "truncated": false,
                        "trafficLightColor": "none"
                    },
                    "box2d": {
                        "x1": 362.313409,
                        "y1": 381.053757,
                        "x2": 378.555044,
                        "y2": 426.030594
                    }
                },
                {
                    "category": "person",
                    "id": 15,
                    "attributes": {
                        "occluded": true,
                        "truncated": false,
                        "trafficLightColor": "none"
                    },
                    "box2d": {
                        "x1": 339.824989,
                        "y1": 373.557619,
                        "x2": 362.313409,
                        "y2": 426.030594
                    }
                },
                {
                    "category": "person",
                    "id": 16,
                    "attributes": {
                        "occluded": true,
                        "truncated": false,
                        "trafficLightColor": "none"
                    },
                    "box2d": {
                        "x1": 847.063762,
                        "y1": 366.061477,
                        "x2": 863.305398,
                        "y2": 419.783809
                    }
                },
                {
                    "category": "person",
                    "id": 17,
                    "attributes": {
                        "occluded": false,
                        "truncated": false,
                        "trafficLightColor": "none"
                    },
                    "box2d": {
                        "x1": 958.256498,
                        "y1": 363.562766,
                        "x2": 978.246203,
                        "y2": 414.786386
                    }
                },
                {
                    "category": "car",
                    "id": 18,
                    "attributes": {
                        "occluded": true,
                        "truncated": false,
                        "trafficLightColor": "none"
                    },
                    "box2d": {
                        "x1": 267.362308,
                        "y1": 374.806974,
                        "x2": 319.835285,
                        "y2": 403.542177
                    }
                },
                {
                    "category": "car",
                    "id": 19,
                    "attributes": {
                        "occluded": true,
                        "truncated": false,
                        "trafficLightColor": "none"
                    },
                    "box2d": {
                        "x1": 238.627107,
                        "y1": 372.30826,
                        "x2": 267.362308,
                        "y2": 397.295393
                    }
                },
                {
                    "category": "car",
                    "id": 20,
                    "attributes": {
                        "occluded": true,
                        "truncated": false,
                        "trafficLightColor": "none"
                    },
                    "box2d": {
                        "x1": 192.400914,
                        "y1": 376.05633,
                        "x2": 246.123246,
                        "y2": 402.292818
                    }
                },
                {
                    "category": "car",
                    "id": 21,
                    "attributes": {
                        "occluded": true,
                        "truncated": false,
                        "trafficLightColor": "none"
                    },
                    "box2d": {
                        "x1": 852.061189,
                        "y1": 364.812122,
                        "x2": 888.29253,
                        "y2": 396.046037
                    }
                },
                {
                    "category": "car",
                    "id": 22,
                    "attributes": {
                        "occluded": true,
                        "truncated": false,
                        "trafficLightColor": "none"
                    },
                    "box2d": {
                        "x1": 899.536739,
                        "y1": 361.064052,
                        "x2": 932.02001,
                        "y2": 393.547323
                    }
                },
                {
                    "category": "car",
                    "id": 23,
                    "attributes": {
                        "occluded": true,
                        "truncated": false,
                        "trafficLightColor": "none"
                    },
                    "box2d": {
                        "x1": 932.02001,
                        "y1": 367.310836,
                        "x2": 999.485266,
                        "y2": 403.542177
                    }
                },
                {
                    "category": "car",
                    "id": 24,
                    "attributes": {
                        "occluded": true,
                        "truncated": false,
                        "trafficLightColor": "none"
                    },
                    "box2d": {
                        "x1": 1090.688295,
                        "y1": 352.318556,
                        "x2": 1129.41835,
                        "y2": 364.812122
                    }
                },
                {
                    "category": "car",
                    "id": 25,
                    "attributes": {
                        "occluded": true,
                        "truncated": true,
                        "trafficLightColor": "none"
                    },
                    "box2d": {
                        "x1": 1191.886178,
                        "y1": 357.315982,
                        "x2": 1279.341138,
                        "y2": 416.035743
                    }
                },
                {
                    "category": "car",
                    "id": 26,
                    "attributes": {
                        "occluded": false,
                        "truncated": false,
                        "trafficLightColor": "none"
                    },
                    "box2d": {
                        "x1": 950.760358,
                        "y1": 362.313409,
                        "x2": 1274.343713,
                        "y2": 533.47526
                    }
                },
                {
                    "category": "car",
                    "id": 27,
                    "attributes": {
                        "occluded": false,
                        "truncated": true,
                        "trafficLightColor": "none"
                    },
                    "box2d": {
                        "x1": 0,
                        "y1": 288.601371,
                        "x2": 231.130968,
                        "y2": 678.400624
                    }
                },
                {
                    "category": "traffic light",
                    "id": 28,
                    "attributes": {
                        "occluded": false,
                        "truncated": false,
                        "trafficLightColor": "none"
                    },
                    "box2d": {
                        "x1": 886.168917,
                        "y1": 336.824768,
                        "x2": 913.168898,
                        "y2": 352.012258
                    }
                },
                {
                    "category": "truck",
                    "id": 29,
                    "attributes": {
                        "occluded": false,
                        "truncated": false,
                        "trafficLightColor": "none"
                    },
                    "box2d": {
                        "x1": 417.044239,
                        "y1": 287.212297,
                        "x2": 850.731441,
                        "y2": 633.14956
                    }
                },
                {
                    "category": "lane/double yellow",
                    "id": 30,
                    "attributes": {
                        "direction": "parallel",
                        "style": "solid"
                    },
                    "poly2d": [
                        [
                            435.466161,
                            556.498303,
                            "L"
                        ],
                        [
                            281.992414,
                            688.760233,
                            "L"
                        ]
                    ]
                },
                {
                    "category": "lane/double yellow",
                    "id": 31,
                    "attributes": {
                        "direction": "parallel",
                        "style": "solid"
                    },
                    "poly2d": [
                        [
                            371.830705,
                            672.539429,
                            "L"
                        ],
                        [
                            440.457177,
                            600.169695,
                            "L"
                        ]
                    ]
                },
                {
                    "category": "lane/road curb",
                    "id": 32,
                    "attributes": {
                        "direction": "parallel",
                        "style": "solid"
                    },
                    "poly2d": [
                        [
                            849.720502,
                            432.970653,
                            "L"
                        ],
                        [
                            893.391894,
                            444.200439,
                            "L"
                        ]
                    ]
                },
                {
                    "category": "lane/road curb",
                    "id": 33,
                    "attributes": {
                        "direction": "parallel",
                        "style": "solid"
                    },
                    "poly2d": [
                        [
                            415.502096,
                            429.22739,
                            "L"
                        ],
                        [
                            218.356958,
                            465.412258,
                            "L"
                        ]
                    ]
                },
                {
                    "category": "lane/road curb",
                    "id": 34,
                    "attributes": {
                        "direction": "parallel",
                        "style": "solid"
                    },
                    "poly2d": [
                        [
                            189.658614,
                            404.27231,
                            "L"
                        ],
                        [
                            417.997605,
                            405.520064,
                            "L"
                        ]
                    ]
                },
                {
                    "category": "lane/single white",
                    "id": 35,
                    "attributes": {
                        "direction": "vertical",
                        "style": "solid"
                    },
                    "poly2d": [
                        [
                            421.740866,
                            435.466161,
                            "L"
                        ],
                        [
                            390.547014,
                            437.961669,
                            "L"
                        ]
                    ]
                },
                {
                    "category": "lane/single white",
                    "id": 36,
                    "attributes": {
                        "direction": "parallel",
                        "style": "solid"
                    },
                    "poly2d": [
                        [
                            205.879417,
                            413.006589,
                            "L"
                        ],
                        [
                            286.98343,
                            413.006589,
                            "L"
                        ]
                    ]
                },
                {
                    "category": "lane/single white",
                    "id": 37,
                    "attributes": {
                        "direction": "vertical",
                        "style": "solid"
                    },
                    "poly2d": [
                        [
                            280.74466,
                            420.493112,
                            "L"
                        ],
                        [
                            325.663805,
                            414.254342,
                            "L"
                        ]
                    ]
                },
                {
                    "category": "lane/single white",
                    "id": 38,
                    "attributes": {
                        "direction": "vertical",
                        "style": "solid"
                    },
                    "poly2d": [
                        [
                            270.762627,
                            417.997605,
                            "L"
                        ],
                        [
                            324.416051,
                            411.758834,
                            "L"
                        ]
                    ]
                }
            ]
        }
    ],
    "attributes": {
        "weather": "clear",
        "scene": "city street",
        "timeofday": "daytime"
    }
}