{
    "name": "00abf44e-04004ca0",
    "frames": [
        {
            "timestamp": 10000,
            "objects": [
                {
                    "category": "traffic light",
                    "id": 0,
                    "attributes": {
                        "occluded": false,
                        "truncated": false,
                        "trafficLightColor": "none"
                    },
                    "box2d": {
                        "x1": 755.62634,
                        "y1": 360.215554,
                        "x2": 761.686056,
                        "y2": 370.009011
                    }
                },
                {
                    "category": "traffic light",
                    "id": 1,
                    "attributes": {
                        "occluded": false,
                        "truncated": false,
                        "trafficLightColor": "none"
                    },
                    "box2d": {
                        "x1": 693.193058,
                        "y1": 366.336464,
                        "x2": 696.865604,
                        "y2": 376.129921
                    }
                },
                {
                    "category": "traffic light",
                    "id": 2,
                    "attributes": {
                        "occluded": false,
                        "truncated": false,
                        "trafficLightColor": "none"
                    },
                    "box2d": {
                        "x1": 689.520512,
                        "y1": 366.336464,
                        "x2": 694.41724,
                        "y2": 376.129921
                    }
                },
                {
                    "category": "car",
                    "id": 3,
                    "attributes": {
                        "occluded": true,
                        "truncated": false,
                        "trafficLightColor": "none"
                    },
                    "box2d": {
                        "x1": 692.887012,
                        "y1": 392.044287,
                        "x2": 706.353014,
                        "y2": 401.837743
                    }
                },
                {
                    "category": "car",
                    "id": 4,
                    "attributes": {
                        "occluded": true,
                        "truncated": false,
                        "trafficLightColor": "none"
                    },
                    "box2d": {
                        "x1": 672.075918,
                        "y1": 387.147558,
                        "x2": 692.887012,
                        "y2": 404.286106
                    }
                },
                {
                    "category": "car",
                    "id": 5,
                    "attributes": {
                        "occluded": true,
                        "truncated": false,
                        "trafficLightColor": "none"
                    },
                    "box2d": {
                        "x1": 754.096114,
                        "y1": 384.699194,
                        "x2": 770.010478,
                        "y2": 401.837742
                    }
                },
                {
                    "category": "car",
                    "id": 6,
                    "attributes": {
                        "occluded": true,
                        "truncated": false,
                        "trafficLightColor": "none"
                    },
                    "box2d": {
                        "x1": 765.113751,
                        "y1": 378.578284,
                        "x2": 785.924845,
                        "y2": 410.407015
                    }
                },
                {
                    "category": "car",
                    "id": 7,
                    "attributes": {
                        "occluded": true,
                        "truncated": false,
                        "trafficLightColor": "none"
                    },
                    "box2d": {
                        "x1": 771.234661,
                        "y1": 373.681555,
                        "x2": 825.098669,
                        "y2": 422.648836
                    }
                },
                {
                    "category": "car",
                    "id": 8,
                    "attributes": {
                        "occluded": true,
                        "truncated": false,
                        "trafficLightColor": "none"
                    },
                    "box2d": {
                        "x1": 505.587166,
                        "y1": 390.820105,
                        "x2": 541.088444,
                        "y2": 432.442293
                    }
                },
                {
                    "category": "car",
                    "id": 9,
                    "attributes": {
                        "occluded": true,
                        "truncated": false,
                        "trafficLightColor": "none"
                    },
                    "box2d": {
                        "x1": 439.481339,
                        "y1": 383.475012,
                        "x2": 516.604805,
                        "y2": 445.908294
                    }
                },
                {
                    "category": "car",
                    "id": 10,
                    "attributes": {
                        "occluded": true,
                        "truncated": false,
                        "trafficLightColor": "none"
                    },
                    "box2d": {
                        "x1": 337.874232,
                        "y1": 393.268467,
                        "x2": 452.947341,
                        "y2": 463.046842
                    }
                },
                {
                    "category": "car",
                    "id": 11,
                    "attributes": {
                        "occluded": false,
                        "truncated": false,
                        "trafficLightColor": "none"
                    },
                    "box2d": {
                        "x1": 55.08819,
                        "y1": 374.905737,
                        "x2": 350.116052,
                        "y2": 504.669031
                    }
                },
                {
                    "category": "car",
                    "id": 12,
                    "attributes": {
                        "occluded": false,
                        "truncated": false,
                        "trafficLightColor": "none"
                    },
                    "box2d": {
                        "x1": 537.415899,
                        "y1": 357.76719,
                        "x2": 681.869375,
                        "y2": 469.167752
                    }
                },
                {
                    "category": "car",
                    "id": 13,
                    "attributes": {
                        "occluded": false,
                        "truncated": false,
                        "trafficLightColor": "none"
                    },
                    "box2d": {
                        "x1": 800.615029,
                        "y1": 385.923376,
                        "x2": 889.980315,
                        "y2": 448.356658
                    }
                },
                {
                    "category": "traffic sign",
                    "id": 14,
                    "attributes": {
                        "occluded": false,
                        "truncated": false,
                        "trafficLightColor": "none"
                    },
                    "box2d": {
                        "x1": 957.310325,
                        "y1": 245.142447,
                        "x2": 989.139057,
                        "y2": 281.867905
                    }
                },
                {
                    "category": "traffic sign",
                    "id": 15,
                    "attributes": {
                        "occluded": false,
                        "truncated": false,
                        "trafficLightColor": "none"
                    },
                    "box2d": {
                        "x1": 914.463955,
                        "y1": 268.401903,
                        "x2": 946.292687,
                        "y2": 278.19536
                    }
                },
                {
                    "category": "traffic sign",
                    "id": 16,
                    "attributes": {
                        "occluded": false,
                        "truncated": false,
                        "trafficLightColor": "none"
                    },
                    "box2d": {
                        "x1": 915.688137,
                        "y1": 279.419542,
                        "x2": 932.826685,
                        "y2": 294.109726
                    }
                },
                {
                    "category": "traffic sign",
                    "id": 17,
                    "attributes": {
                        "occluded": false,
                        "truncated": false,
                        "trafficLightColor": "none"
                    },
                    "box2d": {
                        "x1": 893.652861,
                        "y1": 301.454818,
                        "x2": 937.723413,
                        "y2": 316.145002
                    }
                },
                {
                    "category": "traffic sign",
                    "id": 18,
                    "attributes": {
                        "occluded": false,
                        "truncated": false,
                        "trafficLightColor": "none"
                    },
                    "box2d": {
                        "x1": 765.358602,
                        "y1": 362.602705,
                        "x2": 777.600422,
                        "y2": 367.499433
                    }
                },
                {
                    "category": "car",
                    "id": 19,
                    "attributes": {
                        "occluded": false,
                        "truncated": true,
                        "trafficLightColor": "none"
                    },
                    "box2d": {
                        "x1": 976.081119,
                        "y1": 337.874232,
                        "x2": 1278.454072,
                        "y2": 686.766103
                    }
                },
                {
                    "category": "area/drivable",
                    "id": 20,
                    "attributes": {},
                    "poly2d": [
                        [
                            516.944166,
                            474.187174,
                            "L"
                        ],
                        [
                            0,
                            688.499527,
                            "L"
                        ],
                        [
                            0,
                            720.562005,
                            "L"
                        ],
                        [
                            241.881855,
                            720.562005,
                            "L"
                        ],
                        [
                            495.00668,
                            641.24956,
                            "C"
                        ],
                        [
                            827.443952,
                            658.124548,
                            "C"
                        ],
                        [
                            1065.381289,
                            676.687035,
                            "C"
                        ],
                        [
                            974.495907,
                            590.187662,
                            "L"
                        ],
                        [
                            969.504891,
                            455.430226,
                            "L"
                        ],
                        [
                            799.810341,
                            451.686963,
                            "L"
                        ],
                        [
                            736.174885,
                            393.042523,
                            "L"
                        ],
                        [
                            693.751248,
                            414.254342,
                            "L"
                        ],
                        [
                            697.49451,
                            441.704931,
                            "L"
                        ],
                        [
                            665.444064,
                            477.562172,
                            "L"
                        ],
                        [
                            516.944166,
                            474.187174,
                            "L"
                        ]
                    ]
                },
                {
                    "category": "lane/road curb",
                    "id": 21,
                    "attributes": {
                        "direction": "parallel",
                        "style": "solid"
                    },
                    "poly2d": [
                        [
                            53.944491,
                            492.493223,
                            "L"
                        ],
                        [
                            5.993832,
                            498.487056,
                            "L"
                        ]
                    ]
                },
                {
                    "category": "lane/road curb",
                    "id": 22,
                    "attributes": {
                        "direction": "parallel",
                        "style": "solid"
                    },
                    "poly2d": [
                        [
                            882.092327,
                            449.537426,
                            "L"
                        ],
                        [
                            1007.962806,
                            457.529202,
                            "L"
                        ]
                    ]
                },
                {
                    "category": "lane/double yellow",
                    "id": 23,
                    "attributes": {
                        "direction": "parallel",
                        "style": "solid"
                    },
                    "poly2d": [
                        [
                            280.711148,
                            570.413045,
                            "L"
                        ],
                        [
                            0,
                            687.292777,
                            "L"
                        ]
                    ]
                },
                {
                    "category": "lane/double yellow",
                    "id": 24,
                    "attributes": {
                        "direction": "parallel",
                        "style": "solid"
                    },
                    "poly2d": [
                        [
                            231.761517,
                            571.412017,
                            "L"
                        ],
                        [
                            0,
                            662.318475,
                            "L"
                        ]
                    ]
                },
                {
                    "category": "lane/double yellow",
                    "id": 25,
                    "attributes": {
                        "direction": "parallel",
                        "style": "solid"
                    },
                    "poly2d": [
                        [
                            707.272218,
                            402.585739,
                            "L"
                        ],
                        [
                            681.298942,
                            412.57546,
                            "L"
                        ]
                    ]
                }
            ]
        }
    ],
    "attributes": {
        "weather": "clear",
        "scene": "city street",
        "timeofday": "daytime"
    }
}