{
    "name": "00abd8a7-ecd6fc56",
    "frames": [
        {
            "timestamp": 10000,
            "objects": [
                {
                    "category": "car",
                    "id": 0,
                    "attributes": {
                        "occluded": true,
                        "truncated": false,
                        "trafficLightColor": "none"
                    },
                    "box2d": {
                        "x1": 490.695959,
                        "y1": 202.906246,
                        "x2": 509.672092,
                        "y2": 225.045068
                    }
                },
                {
                    "category": "car",
                    "id": 1,
                    "attributes": {
                        "occluded": true,
                        "truncated": false,
                        "trafficLightColor": "none"
                    },
                    "box2d": {
                        "x1": 475.815214,
                        "y1": 197.592735,
                        "x2": 494.791346,
                        "y2": 248.195753
                    }
                },
                {
                    "category": "car",
                    "id": 2,
                    "attributes": {
                        "occluded": true,
                        "truncated": false,
                        "trafficLightColor": "none"
                    },
                    "box2d": {
                        "x1": 433.646031,
                        "y1": 193.375818,
                        "x2": 478.977903,
                        "y2": 256.629592
                    }
                },
                {
                    "category": "car",
                    "id": 3,
                    "attributes": {
                        "occluded": true,
                        "truncated": false,
                        "trafficLightColor": "none"
                    },
                    "box2d": {
                        "x1": 408.344521,
                        "y1": 195.484278,
                        "x2": 467.38138,
                        "y2": 265.06343
                    }
                },
                {
                    "category": "car",
                    "id": 4,
                    "attributes": {
                        "occluded": true,
                        "truncated": false,
                        "trafficLightColor": "none"
                    },
                    "box2d": {
                        "x1": 367.229568,
                        "y1": 197.592735,
                        "x2": 429.429114,
                        "y2": 279.822643
                    }
                },
                {
                    "category": "car",
                    "id": 5,
                    "attributes": {
                        "occluded": true,
                        "truncated": false,
                        "trafficLightColor": "none"
                    },
                    "box2d": {
                        "x1": 197.498607,
                        "y1": 167.02008,
                        "x2": 383.043011,
                        "y2": 310.3953
                    }
                },
                {
                    "category": "car",
                    "id": 6,
                    "attributes": {
                        "occluded": true,
                        "truncated": false,
                        "trafficLightColor": "none"
                    },
                    "box2d": {
                        "x1": 613.919287,
                        "y1": 211.297721,
                        "x2": 640.275027,
                        "y2": 233.436542
                    }
                },
                {
                    "category": "car",
                    "id": 7,
                    "attributes": {
                        "occluded": true,
                        "truncated": false,
                        "trafficLightColor": "none"
                    },
                    "box2d": {
                        "x1": 572.804334,
                        "y1": 190.213128,
                        "x2": 612.865058,
                        "y2": 235.545
                    }
                },
                {
                    "category": "truck",
                    "id": 8,
                    "attributes": {
                        "occluded": true,
                        "truncated": false,
                        "trafficLightColor": "none"
                    },
                    "box2d": {
                        "x1": 640.275027,
                        "y1": 184.941982,
                        "x2": 687.715357,
                        "y2": 240.816149
                    }
                },
                {
                    "category": "truck",
                    "id": 9,
                    "attributes": {
                        "occluded": true,
                        "truncated": false,
                        "trafficLightColor": "none"
                    },
                    "box2d": {
                        "x1": 672.956142,
                        "y1": 197.592735,
                        "x2": 745.697983,
                        "y2": 258.73805
                    }
                },
                {
                    "category": "car",
                    "id": 10,
                    "attributes": {
                        "occluded": false,
                        "truncated": false,
                        "trafficLightColor": "none"
                    },
                    "box2d": {
                        "x1": 508.496329,
                        "y1": 195.484278,
                        "x2": 592.834696,
                        "y2": 276.659954
                    }
                },
                {
                    "category": "car",
                    "id": 11,
                    "attributes": {
                        "occluded": false,
                        "truncated": true,
                        "trafficLightColor": "none"
                    },
                    "box2d": {
                        "x1": 1.411908,
                        "y1": 113.25437,
                        "x2": 229.125495,
                        "y2": 391.570977
                    }
                },
                {
                    "category": "person",
                    "id": 12,
                    "attributes": {
                        "occluded": false,
                        "truncated": false,
                        "trafficLightColor": "none"
                    },
                    "box2d": {
                        "x1": 809.554188,
                        "y1": 203.918114,
                        "x2": 828.530321,
                        "y2": 257.683821
                    }
                },
                {
                    "category": "person",
                    "id": 13,
                    "attributes": {
                        "occluded": true,
                        "truncated": false,
                        "trafficLightColor": "none"
                    },
                    "box2d": {
                        "x1": 835.793189,
                        "y1": 212.954373,
                        "x2": 851.606634,
                        "y2": 255.123555
                    }
                },
                {
                    "category": "person",
                    "id": 14,
                    "attributes": {
                        "occluded": true,
                        "truncated": false,
                        "trafficLightColor": "none"
                    },
                    "box2d": {
                        "x1": 839.675031,
                        "y1": 212.35195,
                        "x2": 854.434246,
                        "y2": 252.412674
                    }
                },
                {
                    "category": "person",
                    "id": 15,
                    "attributes": {
                        "occluded": true,
                        "truncated": false,
                        "trafficLightColor": "none"
                    },
                    "box2d": {
                        "x1": 907.145723,
                        "y1": 214.460409,
                        "x2": 922.959168,
                        "y2": 271.388807
                    }
                },
                {
                    "category": "person",
                    "id": 16,
                    "attributes": {
                        "occluded": true,
                        "truncated": false,
                        "trafficLightColor": "none"
                    },
                    "box2d": {
                        "x1": 922.959168,
                        "y1": 204.972342,
                        "x2": 939.826841,
                        "y2": 266.117657
                    }
                },
                {
                    "category": "person",
                    "id": 17,
                    "attributes": {
                        "occluded": true,
                        "truncated": false,
                        "trafficLightColor": "none"
                    },
                    "box2d": {
                        "x1": 942.98953,
                        "y1": 203.918114,
                        "x2": 957.748746,
                        "y2": 262.954972
                    }
                },
                {
                    "category": "person",
                    "id": 18,
                    "attributes": {
                        "occluded": true,
                        "truncated": false,
                        "trafficLightColor": "none"
                    },
                    "box2d": {
                        "x1": 972.507956,
                        "y1": 197.592735,
                        "x2": 1002.026385,
                        "y2": 262.954969
                    }
                },
                {
                    "category": "rider",
                    "id": 19,
                    "attributes": {
                        "occluded": true,
                        "truncated": false,
                        "trafficLightColor": "none"
                    },
                    "box2d": {
                        "x1": 1069.497076,
                        "y1": 196.538506,
                        "x2": 1106.395112,
                        "y2": 258.73805
                    }
                },
                {
                    "category": "person",
                    "id": 20,
                    "attributes": {
                        "occluded": false,
                        "truncated": false,
                        "trafficLightColor": "none"
                    },
                    "box2d": {
                        "x1": 1007.749347,
                        "y1": 200.755425,
                        "x2": 1047.810071,
                        "y2": 284.039563
                    }
                },
                {
                    "category": "rider",
                    "id": 21,
                    "attributes": {
                        "occluded": true,
                        "truncated": false,
                        "trafficLightColor": "none"
                    },
                    "box2d": {
                        "x1": 1060.460825,
                        "y1": 206.026573,
                        "x2": 1115.28076,
                        "y2": 323.046055
                    }
                },
                {
                    "category": "bike",
                    "id": 22,
                    "attributes": {
                        "occluded": true,
                        "truncated": false,
                        "trafficLightColor": "none"
                    },
                    "box2d": {
                        "x1": 1061.398317,
                        "y1": 254.069326,
                        "x2": 1115.164025,
                        "y2": 318.377332
                    }
                },
                {
                    "category": "person",
                    "id": 23,
                    "attributes": {
                        "occluded": false,
                        "truncated": false,
                        "trafficLightColor": "none"
                    },
                    "box2d": {
                        "x1": 930.673851,
                        "y1": 211.900143,
                        "x2": 982.331099,
                        "y2": 309.943493
                    }
                },
                {
                    "category": "traffic light",
                    "id": 24,
                    "attributes": {
                        "occluded": false,
                        "truncated": false,
                        "trafficLightColor": "green"
                    },
                    "box2d": {
                        "x1": 589.10347,
                        "y1": 163.405583,
                        "x2": 602.808456,
                        "y2": 180.273256
                    }
                },
                {
                    "category": "traffic light",
                    "id": 25,
                    "attributes": {
                        "occluded": false,
                        "truncated": false,
                        "trafficLightColor": "green"
                    },
                    "box2d": {
                        "x1": 499.008265,
                        "y1": 171.236997,
                        "x2": 507.442102,
                        "y2": 189.158899
                    }
                },
                {
                    "category": "traffic sign",
                    "id": 26,
                    "attributes": {
                        "occluded": false,
                        "truncated": false,
                        "trafficLightColor": "none"
                    },
                    "box2d": {
                        "x1": 388.589025,
                        "y1": 112.802565,
                        "x2": 408.619386,
                        "y2": 153.917518
                    }
                },
                {
                    "category": "traffic light",
                    "id": 27,
                    "attributes": {
                        "occluded": false,
                        "truncated": false,
                        "trafficLightColor": "none"
                    },
                    "box2d": {
                        "x1": 478.977903,
                        "y1": 175.604524,
                        "x2": 486.35751,
                        "y2": 188.255277
                    }
                },
                {
                    "category": "person",
                    "id": 28,
                    "attributes": {
                        "occluded": true,
                        "truncated": false,
                        "trafficLightColor": "none"
                    },
                    "box2d": {
                        "x1": 751.571561,
                        "y1": 207.532626,
                        "x2": 767.385006,
                        "y2": 245.48489
                    }
                },
                {
                    "category": "person",
                    "id": 29,
                    "attributes": {
                        "occluded": true,
                        "truncated": false,
                        "trafficLightColor": "none"
                    },
                    "box2d": {
                        "x1": 740.912528,
                        "y1": 214.008604,
                        "x2": 755.671743,
                        "y2": 250.906638
                    }
                },
                {
                    "category": "person",
                    "id": 30,
                    "attributes": {
                        "occluded": false,
                        "truncated": false,
                        "trafficLightColor": "none"
                    },
                    "box2d": {
                        "x1": 818.439824,
                        "y1": 214.460409,
                        "x2": 838.470186,
                        "y2": 272.443034
                    }
                },
                {
                    "category": "traffic sign",
                    "id": 31,
                    "attributes": {
                        "occluded": false,
                        "truncated": false,
                        "trafficLightColor": "none"
                    },
                    "box2d": {
                        "x1": 1149.472622,
                        "y1": 125.45332,
                        "x2": 1168.448753,
                        "y2": 143.375222
                    }
                },
                {
                    "category": "car",
                    "id": 32,
                    "attributes": {
                        "occluded": true,
                        "truncated": true,
                        "trafficLightColor": "none"
                    },
                    "box2d": {
                        "x1": 1187.216625,
                        "y1": 208.165807,
                        "x2": 1277.869477,
                        "y2": 260.207259
                    }
                },
                {
                    "category": "area/drivable",
                    "id": 33,
                    "attributes": {},
                    "poly2d": [
                        [
                            481.010081,
                            275.433159,
                            "L"
                        ],
                        [
                            619.724607,
                            280.422891,
                            "L"
                        ],
                        [
                            844.411406,
                            516.719336,
                            "L"
                        ],
                        [
                            789.273672,
                            500.965698,
                            "C"
                        ],
                        [
                            439.542902,
                            494.664243,
                            "C"
                        ],
                        [
                            372.233943,
                            511.946414,
                            "C"
                        ],
                        [
                            405.166168,
                            477.018296,
                            "C"
                        ],
                        [
                            356.266804,
                            446.081963,
                            "C"
                        ],
                        [
                            261.461911,
                            430.114824,
                            "C"
                        ],
                        [
                            481.010081,
                            275.433159,
                            "L"
                        ]
                    ]
                },
                {
                    "category": "area/alternative",
                    "id": 34,
                    "attributes": {},
                    "poly2d": [
                        [
                            593.778004,
                            246.492719,
                            "L"
                        ],
                        [
                            628.586562,
                            242.60603,
                            "L"
                        ],
                        [
                            1280.365009,
                            450.073748,
                            "L"
                        ],
                        [
                            1280.770794,
                            532.472975,
                            "L"
                        ],
                        [
                            1222.498726,
                            529.322247,
                            "C"
                        ],
                        [
                            1057.085523,
                            507.267153,
                            "C"
                        ],
                        [
                            896.398413,
                            516.719336,
                            "C"
                        ],
                        [
                            593.778004,
                            246.492719,
                            "L"
                        ]
                    ]
                },
                {
                    "category": "area/alternative",
                    "id": 35,
                    "attributes": {},
                    "poly2d": [
                        [
                            723.511013,
                            264.45575,
                            "L"
                        ],
                        [
                            749.457616,
                            261.461911,
                            "L"
                        ],
                        [
                            1280.365009,
                            389.199028,
                            "L"
                        ],
                        [
                            1280.365009,
                            446.081963,
                            "L"
                        ],
                        [
                            723.511013,
                            264.45575,
                            "L"
                        ]
                    ]
                },
                {
                    "category": "lane/single white",
                    "id": 36,
                    "attributes": {
                        "direction": "parallel",
                        "style": "solid"
                    },
                    "poly2d": [
                        [
                            592.735965,
                            242.615952,
                            "L"
                        ],
                        [
                            895.238135,
                            522.084962,
                            "L"
                        ]
                    ]
                },
                {
                    "category": "lane/single white",
                    "id": 37,
                    "attributes": {
                        "direction": "parallel",
                        "style": "solid"
                    },
                    "poly2d": [
                        [
                            588.129333,
                            248.758129,
                            "L"
                        ],
                        [
                            849.171814,
                            515.942785,
                            "L"
                        ]
                    ]
                },
                {
                    "category": "lane/single white",
                    "id": 38,
                    "attributes": {
                        "direction": "parallel",
                        "style": "solid"
                    },
                    "poly2d": [
                        [
                            697.152957,
                            256.435849,
                            "L"
                        ],
                        [
                            1280.6437,
                            445.307761,
                            "L"
                        ]
                    ]
                },
                {
                    "category": "lane/single white",
                    "id": 39,
                    "attributes": {
                        "direction": "parallel",
                        "style": "solid"
                    },
                    "poly2d": [
                        [
                            1280.6437,
                            454.521025,
                            "L"
                        ],
                        [
                            695.617414,
                            259.506936,
                            "L"
                        ]
                    ]
                },
                {
                    "category": "lane/road curb",
                    "id": 40,
                    "attributes": {
                        "direction": "parallel",
                        "style": "solid"
                    },
                    "poly2d": [
                        [
                            732.47047,
                            256.435849,
                            "L"
                        ],
                        [
                            1280.6437,
                            380.814913,
                            "L"
                        ]
                    ]
                },
                {
                    "category": "lane/double yellow",
                    "id": 41,
                    "attributes": {
                        "direction": "parallel",
                        "style": "solid"
                    },
                    "poly2d": [
                        [
                            513.569168,
                            249.749828,
                            "L"
                        ],
                        [
                            256.451828,
                            433.023409,
                            "L"
                        ]
                    ]
                },
                {
                    "category": "lane/double yellow",
                    "id": 42,
                    "attributes": {
                        "direction": "parallel",
                        "style": "solid"
                    },
                    "poly2d": [
                        [
                            505.131674,
                            246.374831,
                            "L"
                        ],
                        [
                            210.385507,
                            423.810145,
                            "L"
                        ]
                    ]
                }
            ]
        }
    ],
    "attributes": {
        "weather": "undefined",
        "scene": "city street",
        "timeofday": "daytime"
    }
}