{
    "name": "00ac3256-0f8e2cda",
    "frames": [
        {
            "timestamp": 10000,
            "objects": [
                {
                    "category": "bike",
                    "id": 0,
                    "attributes": {
                        "occluded": false,
                        "truncated": false,
                        "trafficLightColor": "none"
                    },
                    "box2d": {
                        "x1": 901.845935,
                        "y1": 536.969025,
                        "x2": 1002.348159,
                        "y2": 605.884835
                    }
                },
                {
                    "category": "bike",
                    "id": 1,
                    "attributes": {
                        "occluded": false,
                        "truncated": false,
                        "trafficLightColor": "none"
                    },
                    "box2d": {
                        "x1": 735.299392,
                        "y1": 460.409418,
                        "x2": 827.187139,
                        "y2": 564.2482
                    }
                },
                {
                    "category": "bike",
                    "id": 2,
                    "attributes": {
                        "occluded": true,
                        "truncated": false,
                        "trafficLightColor": "none"
                    },
                    "box2d": {
                        "x1": 583.110312,
                        "y1": 433.595309,
                        "x2": 646.283138,
                        "y2": 513.997086
                    }
                },
                {
                    "category": "bike",
                    "id": 3,
                    "attributes": {
                        "occluded": true,
                        "truncated": false,
                        "trafficLightColor": "none"
                    },
                    "box2d": {
                        "x1": 600.339262,
                        "y1": 445.081278,
                        "x2": 686.484026,
                        "y2": 529.790294
                    }
                },
                {
                    "category": "bike",
                    "id": 4,
                    "attributes": {
                        "occluded": true,
                        "truncated": false,
                        "trafficLightColor": "none"
                    },
                    "box2d": {
                        "x1": 636.232915,
                        "y1": 442.209786,
                        "x2": 735.299392,
                        "y2": 539.840517
                    }
                },
                {
                    "category": "car",
                    "id": 5,
                    "attributes": {
                        "occluded": false,
                        "truncated": false,
                        "trafficLightColor": "none"
                    },
                    "box2d": {
                        "x1": 82.034937,
                        "y1": 400.57315,
                        "x2": 106.44262,
                        "y2": 416.366356
                    }
                },
                {
                    "category": "car",
                    "id": 6,
                    "attributes": {
                        "occluded": false,
                        "truncated": false,
                        "trafficLightColor": "none"
                    },
                    "box2d": {
                        "x1": 11.683378,
                        "y1": 403.444643,
                        "x2": 38.962553,
                        "y2": 417.802102
                    }
                },
                {
                    "category": "car",
                    "id": 7,
                    "attributes": {
                        "occluded": false,
                        "truncated": false,
                        "trafficLightColor": "none"
                    },
                    "box2d": {
                        "x1": 112.185603,
                        "y1": 400.57315,
                        "x2": 140.900522,
                        "y2": 416.366356
                    }
                },
                {
                    "category": "car",
                    "id": 8,
                    "attributes": {
                        "occluded": false,
                        "truncated": false,
                        "trafficLightColor": "none"
                    },
                    "box2d": {
                        "x1": 140.900523,
                        "y1": 400.57315,
                        "x2": 155.257984,
                        "y2": 416.366356
                    }
                },
                {
                    "category": "car",
                    "id": 9,
                    "attributes": {
                        "occluded": false,
                        "truncated": false,
                        "trafficLightColor": "none"
                    },
                    "box2d": {
                        "x1": 155.257984,
                        "y1": 403.444643,
                        "x2": 166.743953,
                        "y2": 413.494865
                    }
                },
                {
                    "category": "person",
                    "id": 10,
                    "attributes": {
                        "occluded": true,
                        "truncated": false,
                        "trafficLightColor": "none"
                    },
                    "box2d": {
                        "x1": 499.728719,
                        "y1": 390.996536,
                        "x2": 510.711767,
                        "y2": 423.945682
                    }
                },
                {
                    "category": "person",
                    "id": 11,
                    "attributes": {
                        "occluded": true,
                        "truncated": false,
                        "trafficLightColor": "none"
                    },
                    "box2d": {
                        "x1": 520.596511,
                        "y1": 389.898231,
                        "x2": 532.677865,
                        "y2": 418.454158
                    }
                },
                {
                    "category": "person",
                    "id": 12,
                    "attributes": {
                        "occluded": true,
                        "truncated": false,
                        "trafficLightColor": "none"
                    },
                    "box2d": {
                        "x1": 511.810072,
                        "y1": 389.898231,
                        "x2": 519.498206,
                        "y2": 421.749072
                    }
                },
                {
                    "category": "person",
                    "id": 13,
                    "attributes": {
                        "occluded": true,
                        "truncated": false,
                        "trafficLightColor": "none"
                    },
                    "box2d": {
                        "x1": 505.220243,
                        "y1": 410.766024,
                        "x2": 538.169389,
                        "y2": 471.172792
                    }
                },
                {
                    "category": "person",
                    "id": 14,
                    "attributes": {
                        "occluded": true,
                        "truncated": false,
                        "trafficLightColor": "none"
                    },
                    "box2d": {
                        "x1": 534.874475,
                        "y1": 405.274499,
                        "x2": 574.41345,
                        "y2": 482.155841
                    }
                },
                {
                    "category": "person",
                    "id": 15,
                    "attributes": {
                        "occluded": true,
                        "truncated": false,
                        "trafficLightColor": "none"
                    },
                    "box2d": {
                        "x1": 388.799926,
                        "y1": 396.48806,
                        "x2": 398.68467,
                        "y2": 423.945682
                    }
                },
                {
                    "category": "bike",
                    "id": 16,
                    "attributes": {
                        "occluded": true,
                        "truncated": false,
                        "trafficLightColor": "none"
                    },
                    "box2d": {
                        "x1": 742.893428,
                        "y1": 423.067052,
                        "x2": 841.740867,
                        "y2": 563.650076
                    }
                },
                {
                    "category": "area/drivable",
                    "id": 17,
                    "attributes": {},
                    "poly2d": [
                        [
                            435.843321,
                            718.89111,
                            "L"
                        ],
                        [
                            269.59975,
                            426.841596,
                            "L"
                        ],
                        [
                            298.055858,
                            428.339287,
                            "L"
                        ],
                        [
                            1058.882283,
                            720.3888,
                            "L"
                        ],
                        [
                            435.843321,
                            718.89111,
                            "L"
                        ]
                    ]
                },
                {
                    "category": "area/alternative",
                    "id": 18,
                    "attributes": {},
                    "poly2d": [
                        [
                            250.129784,
                            422.348526,
                            "L"
                        ],
                        [
                            374.438038,
                            720.3888,
                            "L"
                        ],
                        [
                            0,
                            719.954083,
                            "L"
                        ],
                        [
                            0,
                            545.159092,
                            "L"
                        ],
                        [
                            211.18985,
                            422.348526,
                            "L"
                        ],
                        [
                            250.129784,
                            422.348526,
                            "L"
                        ]
                    ]
                },
                {
                    "category": "area/alternative",
                    "id": 19,
                    "attributes": {},
                    "poly2d": [
                        [
                            193.217571,
                            425.343907,
                            "L"
                        ],
                        [
                            0,
                            527.186814,
                            "L"
                        ],
                        [
                            0,
                            464.283842,
                            "L"
                        ],
                        [
                            179.738363,
                            416.357769,
                            "L"
                        ],
                        [
                            193.217571,
                            425.343907,
                            "L"
                        ]
                    ]
                },
                {
                    "category": "lane/road curb",
                    "id": 20,
                    "attributes": {
                        "direction": "parallel",
                        "style": "solid"
                    },
                    "poly2d": [
                        [
                            304.389475,
                            423.331581,
                            "L"
                        ],
                        [
                            1057.689479,
                            720.047372,
                            "L"
                        ]
                    ]
                },
                {
                    "category": "lane/road curb",
                    "id": 21,
                    "attributes": {
                        "direction": "parallel",
                        "style": "solid"
                    },
                    "poly2d": [
                        [
                            176.494738,
                            416.936844,
                            "L"
                        ],
                        [
                            1.278947,
                            454.026318,
                            "L"
                        ]
                    ]
                },
                {
                    "category": "lane/single white",
                    "id": 22,
                    "attributes": {
                        "direction": "parallel",
                        "style": "dashed"
                    },
                    "poly2d": [
                        [
                            198.236843,
                            422.052634,
                            "L"
                        ],
                        [
                            1.278947,
                            529.484213,
                            "L"
                        ]
                    ]
                },
                {
                    "category": "lane/single white",
                    "id": 23,
                    "attributes": {
                        "direction": "parallel",
                        "style": "dashed"
                    },
                    "poly2d": [
                        [
                            205.910527,
                            423.331581,
                            "L"
                        ],
                        [
                            0,
                            539.715792,
                            "L"
                        ]
                    ]
                },
                {
                    "category": "lane/double white",
                    "id": 24,
                    "attributes": {
                        "direction": "parallel",
                        "style": "dashed"
                    },
                    "poly2d": [
                        [
                            251.952633,
                            428.447371,
                            "L"
                        ],
                        [
                            355.54737,
                            703.421056,
                            "L"
                        ]
                    ]
                },
                {
                    "category": "lane/double white",
                    "id": 25,
                    "attributes": {
                        "direction": "parallel",
                        "style": "dashed"
                    },
                    "poly2d": [
                        [
                            263.463159,
                            428.447371,
                            "L"
                        ],
                        [
                            425.889476,
                            703.421056,
                            "L"
                        ]
                    ]
                }
            ]
        }
    ],
    "attributes": {
        "weather": "undefined",
        "scene": "residential",
        "timeofday": "daytime"
    }
}