{
    "name": "00adbb3f-7757d4ea",
    "frames": [
        {
            "timestamp": 10000,
            "objects": [
                {
                    "category": "traffic sign",
                    "id": 0,
                    "attributes": {
                        "occluded": false,
                        "truncated": false,
                        "trafficLightColor": "none"
                    },
                    "box2d": {
                        "x1": 730.729434,
                        "y1": 362.36614,
                        "x2": 774.324086,
                        "y2": 375.283074
                    }
                },
                {
                    "category": "traffic sign",
                    "id": 1,
                    "attributes": {
                        "occluded": false,
                        "truncated": false,
                        "trafficLightColor": "none"
                    },
                    "box2d": {
                        "x1": 674.217845,
                        "y1": 370.439224,
                        "x2": 774.324086,
                        "y2": 394.658476
                    }
                },
                {
                    "category": "traffic sign",
                    "id": 2,
                    "attributes": {
                        "occluded": true,
                        "truncated": false,
                        "trafficLightColor": "none"
                    },
                    "box2d": {
                        "x1": 436.869174,
                        "y1": 343.221404,
                        "x2": 472.390744,
                        "y2": 356.138338
                    }
                },
                {
                    "category": "traffic sign",
                    "id": 3,
                    "attributes": {
                        "occluded": true,
                        "truncated": false,
                        "trafficLightColor": "none"
                    },
                    "box2d": {
                        "x1": 436.869174,
                        "y1": 352.909105,
                        "x2": 525.673098,
                        "y2": 404.576843
                    }
                },
                {
                    "category": "traffic sign",
                    "id": 4,
                    "attributes": {
                        "occluded": true,
                        "truncated": false,
                        "trafficLightColor": "none"
                    },
                    "box2d": {
                        "x1": 335.148315,
                        "y1": 346.450637,
                        "x2": 372.284502,
                        "y2": 359.367571
                    }
                },
                {
                    "category": "traffic sign",
                    "id": 5,
                    "attributes": {
                        "occluded": true,
                        "truncated": false,
                        "trafficLightColor": "none"
                    },
                    "box2d": {
                        "x1": 333.533699,
                        "y1": 357.752954,
                        "x2": 417.493772,
                        "y2": 399.732992
                    }
                },
                {
                    "category": "traffic sign",
                    "id": 6,
                    "attributes": {
                        "occluded": false,
                        "truncated": false,
                        "trafficLightColor": "none"
                    },
                    "box2d": {
                        "x1": 713.891289,
                        "y1": 440.32907,
                        "x2": 728.42284,
                        "y2": 456.475237
                    }
                },
                {
                    "category": "truck",
                    "id": 7,
                    "attributes": {
                        "occluded": true,
                        "truncated": true,
                        "trafficLightColor": "none"
                    },
                    "box2d": {
                        "x1": 2.537255,
                        "y1": 396.503759,
                        "x2": 81.653478,
                        "y2": 469.161514
                    }
                },
                {
                    "category": "car",
                    "id": 8,
                    "attributes": {
                        "occluded": true,
                        "truncated": false,
                        "trafficLightColor": "none"
                    },
                    "box2d": {
                        "x1": 2.537255,
                        "y1": 451.631389,
                        "x2": 146.23815,
                        "y2": 495.226041
                    }
                },
                {
                    "category": "car",
                    "id": 9,
                    "attributes": {
                        "occluded": true,
                        "truncated": false,
                        "trafficLightColor": "none"
                    },
                    "box2d": {
                        "x1": 141.3943,
                        "y1": 443.558303,
                        "x2": 289.939045,
                        "y2": 488.767574
                    }
                },
                {
                    "category": "bus",
                    "id": 10,
                    "attributes": {
                        "occluded": true,
                        "truncated": false,
                        "trafficLightColor": "none"
                    },
                    "box2d": {
                        "x1": 238.271308,
                        "y1": 430.641369,
                        "x2": 370.669885,
                        "y2": 474.236023
                    }
                },
                {
                    "category": "car",
                    "id": 11,
                    "attributes": {
                        "occluded": true,
                        "truncated": false,
                        "trafficLightColor": "none"
                    },
                    "box2d": {
                        "x1": 301.241363,
                        "y1": 450.016771,
                        "x2": 372.284502,
                        "y2": 483.923724
                    }
                },
                {
                    "category": "car",
                    "id": 12,
                    "attributes": {
                        "occluded": true,
                        "truncated": false,
                        "trafficLightColor": "none"
                    },
                    "box2d": {
                        "x1": 362.596802,
                        "y1": 461.319088,
                        "x2": 396.503754,
                        "y2": 482.309107
                    }
                },
                {
                    "category": "car",
                    "id": 13,
                    "attributes": {
                        "occluded": true,
                        "truncated": false,
                        "trafficLightColor": "none"
                    },
                    "box2d": {
                        "x1": 467.546894,
                        "y1": 462.933705,
                        "x2": 506.297697,
                        "y2": 485.53834
                    }
                },
                {
                    "category": "car",
                    "id": 14,
                    "attributes": {
                        "occluded": true,
                        "truncated": false,
                        "trafficLightColor": "none"
                    },
                    "box2d": {
                        "x1": 509.526931,
                        "y1": 464.548322,
                        "x2": 540.20465,
                        "y2": 480.694489
                    }
                },
                {
                    "category": "car",
                    "id": 15,
                    "attributes": {
                        "occluded": true,
                        "truncated": false,
                        "trafficLightColor": "none"
                    },
                    "box2d": {
                        "x1": 541.819267,
                        "y1": 466.162939,
                        "x2": 562.809284,
                        "y2": 479.079874
                    }
                },
                {
                    "category": "car",
                    "id": 16,
                    "attributes": {
                        "occluded": true,
                        "truncated": false,
                        "trafficLightColor": "none"
                    },
                    "box2d": {
                        "x1": 648.383975,
                        "y1": 462.933705,
                        "x2": 667.759376,
                        "y2": 472.621406
                    }
                },
                {
                    "category": "car",
                    "id": 17,
                    "attributes": {
                        "occluded": true,
                        "truncated": false,
                        "trafficLightColor": "none"
                    },
                    "box2d": {
                        "x1": 654.842443,
                        "y1": 467.777556,
                        "x2": 677.447079,
                        "y2": 482.309107
                    }
                },
                {
                    "category": "car",
                    "id": 18,
                    "attributes": {
                        "occluded": true,
                        "truncated": false,
                        "trafficLightColor": "none"
                    },
                    "box2d": {
                        "x1": 691.978629,
                        "y1": 474.236023,
                        "x2": 716.197881,
                        "y2": 493.611423
                    }
                },
                {
                    "category": "car",
                    "id": 19,
                    "attributes": {
                        "occluded": true,
                        "truncated": false,
                        "trafficLightColor": "none"
                    },
                    "box2d": {
                        "x1": 710.662055,
                        "y1": 469.392171,
                        "x2": 754.256709,
                        "y2": 500.069891
                    }
                },
                {
                    "category": "car",
                    "id": 20,
                    "attributes": {
                        "occluded": false,
                        "truncated": false,
                        "trafficLightColor": "none"
                    },
                    "box2d": {
                        "x1": 737.1879,
                        "y1": 474.236023,
                        "x2": 785.626404,
                        "y2": 504.913741
                    }
                },
                {
                    "category": "car",
                    "id": 21,
                    "attributes": {
                        "occluded": false,
                        "truncated": false,
                        "trafficLightColor": "none"
                    },
                    "box2d": {
                        "x1": 805.001806,
                        "y1": 477.465256,
                        "x2": 890.576496,
                        "y2": 527.518376
                    }
                },
                {
                    "category": "car",
                    "id": 22,
                    "attributes": {
                        "occluded": false,
                        "truncated": false,
                        "trafficLightColor": "none"
                    },
                    "box2d": {
                        "x1": 1007.751547,
                        "y1": 480.69449,
                        "x2": 1264.475617,
                        "y2": 585.644583
                    }
                },
                {
                    "category": "car",
                    "id": 23,
                    "attributes": {
                        "occluded": false,
                        "truncated": false,
                        "trafficLightColor": "none"
                    },
                    "box2d": {
                        "x1": 577.340836,
                        "y1": 469.392171,
                        "x2": 661.30091,
                        "y2": 538.820694
                    }
                },
                {
                    "category": "car",
                    "id": 24,
                    "attributes": {
                        "occluded": false,
                        "truncated": false,
                        "trafficLightColor": "none"
                    },
                    "box2d": {
                        "x1": 372.284502,
                        "y1": 461.319088,
                        "x2": 491.766146,
                        "y2": 546.89378
                    }
                },
                {
                    "category": "area/drivable",
                    "id": 25,
                    "attributes": {},
                    "poly2d": [
                        [
                            535.286483,
                            541.525254,
                            "L"
                        ],
                        [
                            228.33899,
                            719.954083,
                            "L"
                        ],
                        [
                            838.490717,
                            719.954083,
                            "L"
                        ],
                        [
                            696.246756,
                            542.77301,
                            "L"
                        ],
                        [
                            535.286483,
                            541.525254,
                            "L"
                        ]
                    ]
                },
                {
                    "category": "area/alternative",
                    "id": 26,
                    "attributes": {},
                    "poly2d": [
                        [
                            475.394289,
                            561.48932,
                            "L"
                        ],
                        [
                            340.636855,
                            546.516271,
                            "L"
                        ],
                        [
                            0,
                            625.124775,
                            "L"
                        ],
                        [
                            0,
                            719.954083,
                            "L"
                        ],
                        [
                            202.136155,
                            719.954083,
                            "L"
                        ],
                        [
                            475.394289,
                            561.48932,
                            "L"
                        ]
                    ]
                },
                {
                    "category": "area/alternative",
                    "id": 27,
                    "attributes": {},
                    "poly2d": [
                        [
                            670.043921,
                            506.588141,
                            "L"
                        ],
                        [
                            870.932322,
                            719.954083,
                            "L"
                        ],
                        [
                            1280.195648,
                            719.954083,
                            "L"
                        ],
                        [
                            1280.195648,
                            681.273708,
                            "L"
                        ],
                        [
                            714.963066,
                            501.597125,
                            "L"
                        ],
                        [
                            670.043921,
                            506.588141,
                            "L"
                        ]
                    ]
                },
                {
                    "category": "area/alternative",
                    "id": 28,
                    "attributes": {},
                    "poly2d": [
                        [
                            1093.032541,
                            610.151727,
                            "L"
                        ],
                        [
                            1280.195648,
                            586.4444,
                            "L"
                        ],
                        [
                            1280.6437,
                            667.961642,
                            "L"
                        ],
                        [
                            1093.032541,
                            610.151727,
                            "L"
                        ]
                    ]
                },
                {
                    "category": "lane/single yellow",
                    "id": 29,
                    "attributes": {
                        "direction": "parallel",
                        "style": "solid"
                    },
                    "poly2d": [
                        [
                            361.415412,
                            545.31293,
                            "L"
                        ],
                        [
                            0.898323,
                            629.077422,
                            "L"
                        ]
                    ]
                },
                {
                    "category": "lane/single yellow",
                    "id": 30,
                    "attributes": {
                        "direction": "parallel",
                        "style": "solid"
                    },
                    "poly2d": [
                        [
                            355.897912,
                            541.634596,
                            "L"
                        ],
                        [
                            0,
                            619.799181,
                            "L"
                        ]
                    ]
                },
                {
                    "category": "lane/road curb",
                    "id": 31,
                    "attributes": {
                        "direction": "parallel",
                        "style": "solid"
                    },
                    "poly2d": [
                        [
                            368.772079,
                            536.117096,
                            "L"
                        ],
                        [
                            0,
                            615.201265,
                            "L"
                        ]
                    ]
                },
                {
                    "category": "lane/road curb",
                    "id": 32,
                    "attributes": {
                        "direction": "parallel",
                        "style": "solid"
                    },
                    "poly2d": [
                        [
                            578.437083,
                            491.057512,
                            "L"
                        ],
                        [
                            491.076665,
                            510.368762,
                            "L"
                        ]
                    ]
                },
                {
                    "category": "lane/single white",
                    "id": 33,
                    "attributes": {
                        "direction": "parallel",
                        "style": "dashed"
                    },
                    "poly2d": [
                        [
                            578.437083,
                            515.886262,
                            "L"
                        ],
                        [
                            236.352075,
                            716.355434,
                            "L"
                        ]
                    ]
                },
                {
                    "category": "lane/single white",
                    "id": 34,
                    "attributes": {
                        "direction": "parallel",
                        "style": "dashed"
                    },
                    "poly2d": [
                        [
                            575.678333,
                            510.368762,
                            "L"
                        ],
                        [
                            195.890408,
                            720.033767,
                            "L"
                        ]
                    ]
                },
                {
                    "category": "lane/single white",
                    "id": 35,
                    "attributes": {
                        "direction": "parallel",
                        "style": "dashed"
                    },
                    "poly2d": [
                        [
                            663.958336,
                            505.770845,
                            "L"
                        ],
                        [
                            844.196673,
                            720.033767,
                            "L"
                        ]
                    ]
                },
                {
                    "category": "lane/single white",
                    "id": 36,
                    "attributes": {
                        "direction": "parallel",
                        "style": "dashed"
                    },
                    "poly2d": [
                        [
                            666.717086,
                            501.172929,
                            "L"
                        ],
                        [
                            877.67437,
                            718.013858,
                            "L"
                        ]
                    ]
                },
                {
                    "category": "lane/single white",
                    "id": 37,
                    "attributes": {
                        "direction": "parallel",
                        "style": "solid"
                    },
                    "poly2d": [
                        [
                            815.689589,
                            534.277929,
                            "L"
                        ],
                        [
                            1280.06003,
                            675.893766,
                            "L"
                        ]
                    ]
                },
                {
                    "category": "lane/single white",
                    "id": 38,
                    "attributes": {
                        "direction": "parallel",
                        "style": "solid"
                    },
                    "poly2d": [
                        [
                            824.885423,
                            531.519179,
                            "L"
                        ],
                        [
                            1280.06003,
                            664.858766,
                            "L"
                        ]
                    ]
                },
                {
                    "category": "lane/road curb",
                    "id": 39,
                    "attributes": {
                        "direction": "parallel",
                        "style": "solid"
                    },
                    "poly2d": [
                        [
                            780.745422,
                            504.851262,
                            "L"
                        ],
                        [
                            806.493756,
                            509.449179,
                            "L"
                        ]
                    ]
                },
                {
                    "category": "lane/road curb",
                    "id": 40,
                    "attributes": {
                        "direction": "parallel",
                        "style": "solid"
                    },
                    "poly2d": [
                        [
                            881.267715,
                            520.377335,
                            "L"
                        ],
                        [
                            1011.526451,
                            540.140988,
                            "L"
                        ]
                    ]
                },
                {
                    "category": "lane/road curb",
                    "id": 41,
                    "attributes": {
                        "direction": "parallel",
                        "style": "solid"
                    },
                    "poly2d": [
                        [
                            1251.572099,
                            574.739597,
                            "L"
                        ],
                        [
                            1280.06003,
                            578.41793,
                            "L"
                        ]
                    ]
                }
            ]
        }
    ],
    "attributes": {
        "weather": "partly cloudy",
        "scene": "highway",
        "timeofday": "daytime"
    }
}