{
    "name": "00afa6b9-4efe0141",
    "frames": [
        {
            "timestamp": 10000,
            "objects": [
                {
                    "category": "traffic light",
                    "id": 0,
                    "attributes": {
                        "occluded": false,
                        "truncated": false,
                        "trafficLightColor": "green"
                    },
                    "box2d": {
                        "x1": 876.942226,
                        "y1": 254.238633,
                        "x2": 890.92785,
                        "y2": 266.476053
                    }
                },
                {
                    "category": "traffic light",
                    "id": 1,
                    "attributes": {
                        "occluded": false,
                        "truncated": false,
                        "trafficLightColor": "green"
                    },
                    "box2d": {
                        "x1": 826.244345,
                        "y1": 255.986836,
                        "x2": 843.726375,
                        "y2": 269.97246
                    }
                },
                {
                    "category": "traffic light",
                    "id": 2,
                    "attributes": {
                        "occluded": false,
                        "truncated": false,
                        "trafficLightColor": "green"
                    },
                    "box2d": {
                        "x1": 810.510517,
                        "y1": 254.238633,
                        "x2": 827.992547,
                        "y2": 268.224256
                    }
                },
                {
                    "category": "traffic light",
                    "id": 3,
                    "attributes": {
                        "occluded": false,
                        "truncated": false,
                        "trafficLightColor": "green"
                    },
                    "box2d": {
                        "x1": 492.337601,
                        "y1": 182.562317,
                        "x2": 511.567832,
                        "y2": 200.044345
                    }
                },
                {
                    "category": "traffic sign",
                    "id": 4,
                    "attributes": {
                        "occluded": false,
                        "truncated": false,
                        "trafficLightColor": "none"
                    },
                    "box2d": {
                        "x1": 876.942226,
                        "y1": 261.231445,
                        "x2": 901.417067,
                        "y2": 271.720662
                    }
                },
                {
                    "category": "traffic sign",
                    "id": 5,
                    "attributes": {
                        "occluded": false,
                        "truncated": false,
                        "trafficLightColor": "none"
                    },
                    "box2d": {
                        "x1": 866.45301,
                        "y1": 255.986836,
                        "x2": 887.431443,
                        "y2": 264.72785
                    }
                },
                {
                    "category": "traffic sign",
                    "id": 6,
                    "attributes": {
                        "occluded": false,
                        "truncated": false,
                        "trafficLightColor": "none"
                    },
                    "box2d": {
                        "x1": 490.589398,
                        "y1": 166.828491,
                        "x2": 522.057048,
                        "y2": 179.06591
                    }
                },
                {
                    "category": "traffic sign",
                    "id": 7,
                    "attributes": {
                        "occluded": false,
                        "truncated": false,
                        "trafficLightColor": "none"
                    },
                    "box2d": {
                        "x1": 883.935039,
                        "y1": 208.785359,
                        "x2": 953.863152,
                        "y2": 222.770983
                    }
                },
                {
                    "category": "traffic sign",
                    "id": 8,
                    "attributes": {
                        "occluded": false,
                        "truncated": false,
                        "trafficLightColor": "none"
                    },
                    "box2d": {
                        "x1": 880.438633,
                        "y1": 219.274576,
                        "x2": 948.618544,
                        "y2": 235.008402
                    }
                },
                {
                    "category": "traffic sign",
                    "id": 9,
                    "attributes": {
                        "occluded": false,
                        "truncated": false,
                        "trafficLightColor": "none"
                    },
                    "box2d": {
                        "x1": 1235.323811,
                        "y1": 156.339274,
                        "x2": 1268.539667,
                        "y2": 193.051535
                    }
                },
                {
                    "category": "traffic sign",
                    "id": 10,
                    "attributes": {
                        "occluded": false,
                        "truncated": false,
                        "trafficLightColor": "none"
                    },
                    "box2d": {
                        "x1": 1249.309434,
                        "y1": 191.303332,
                        "x2": 1277.280681,
                        "y2": 214.029969
                    }
                },
                {
                    "category": "car",
                    "id": 11,
                    "attributes": {
                        "occluded": true,
                        "truncated": false,
                        "trafficLightColor": "none"
                    },
                    "box2d": {
                        "x1": 869.949416,
                        "y1": 278.713473,
                        "x2": 894.424257,
                        "y2": 290.950893
                    }
                },
                {
                    "category": "car",
                    "id": 12,
                    "attributes": {
                        "occluded": true,
                        "truncated": false,
                        "trafficLightColor": "none"
                    },
                    "box2d": {
                        "x1": 864.704808,
                        "y1": 276.965271,
                        "x2": 880.438633,
                        "y2": 290.950894
                    }
                },
                {
                    "category": "car",
                    "id": 13,
                    "attributes": {
                        "occluded": true,
                        "truncated": false,
                        "trafficLightColor": "none"
                    },
                    "box2d": {
                        "x1": 840.229967,
                        "y1": 276.965271,
                        "x2": 854.215592,
                        "y2": 289.20269
                    }
                },
                {
                    "category": "car",
                    "id": 14,
                    "attributes": {
                        "occluded": true,
                        "truncated": false,
                        "trafficLightColor": "none"
                    },
                    "box2d": {
                        "x1": 824.496142,
                        "y1": 276.965271,
                        "x2": 843.726373,
                        "y2": 290.950894
                    }
                },
                {
                    "category": "car",
                    "id": 15,
                    "attributes": {
                        "occluded": true,
                        "truncated": false,
                        "trafficLightColor": "none"
                    },
                    "box2d": {
                        "x1": 812.258722,
                        "y1": 278.713473,
                        "x2": 826.244345,
                        "y2": 292.699097
                    }
                },
                {
                    "category": "car",
                    "id": 16,
                    "attributes": {
                        "occluded": false,
                        "truncated": false,
                        "trafficLightColor": "none"
                    },
                    "box2d": {
                        "x1": 800.021302,
                        "y1": 282.209878,
                        "x2": 817.50333,
                        "y2": 296.195503
                    }
                },
                {
                    "category": "car",
                    "id": 17,
                    "attributes": {
                        "occluded": false,
                        "truncated": false,
                        "trafficLightColor": "none"
                    },
                    "box2d": {
                        "x1": 848.970982,
                        "y1": 282.209878,
                        "x2": 866.453011,
                        "y2": 297.943704
                    }
                },
                {
                    "category": "car",
                    "id": 18,
                    "attributes": {
                        "occluded": false,
                        "truncated": false,
                        "trafficLightColor": "none"
                    },
                    "box2d": {
                        "x1": 887.431443,
                        "y1": 269.97246,
                        "x2": 946.870341,
                        "y2": 332.907761
                    }
                },
                {
                    "category": "car",
                    "id": 19,
                    "attributes": {
                        "occluded": true,
                        "truncated": false,
                        "trafficLightColor": "none"
                    },
                    "box2d": {
                        "x1": 945.122138,
                        "y1": 289.20269,
                        "x2": 966.100571,
                        "y2": 318.922139
                    }
                },
                {
                    "category": "car",
                    "id": 20,
                    "attributes": {
                        "occluded": true,
                        "truncated": false,
                        "trafficLightColor": "none"
                    },
                    "box2d": {
                        "x1": 406.675661,
                        "y1": 257.984787,
                        "x2": 490.589398,
                        "y2": 289.452438
                    }
                },
                {
                    "category": "car",
                    "id": 21,
                    "attributes": {
                        "occluded": true,
                        "truncated": false,
                        "trafficLightColor": "none"
                    },
                    "box2d": {
                        "x1": 343.740359,
                        "y1": 254.488381,
                        "x2": 415.416675,
                        "y2": 285.956033
                    }
                },
                {
                    "category": "car",
                    "id": 22,
                    "attributes": {
                        "occluded": true,
                        "truncated": false,
                        "trafficLightColor": "none"
                    },
                    "box2d": {
                        "x1": 251.085608,
                        "y1": 243.999164,
                        "x2": 303.531694,
                        "y2": 263.229396
                    }
                },
                {
                    "category": "car",
                    "id": 23,
                    "attributes": {
                        "occluded": true,
                        "truncated": false,
                        "trafficLightColor": "none"
                    },
                    "box2d": {
                        "x1": 279.056853,
                        "y1": 259.732992,
                        "x2": 350.733169,
                        "y2": 292.948846
                    }
                },
                {
                    "category": "car",
                    "id": 24,
                    "attributes": {
                        "occluded": true,
                        "truncated": false,
                        "trafficLightColor": "none"
                    },
                    "box2d": {
                        "x1": 237.099985,
                        "y1": 249.243775,
                        "x2": 291.294273,
                        "y2": 292.948846
                    }
                },
                {
                    "category": "car",
                    "id": 25,
                    "attributes": {
                        "occluded": true,
                        "truncated": false,
                        "trafficLightColor": "none"
                    },
                    "box2d": {
                        "x1": 177.661088,
                        "y1": 242.250962,
                        "x2": 237.099985,
                        "y2": 264.977599
                    }
                },
                {
                    "category": "car",
                    "id": 26,
                    "attributes": {
                        "occluded": true,
                        "truncated": false,
                        "trafficLightColor": "none"
                    },
                    "box2d": {
                        "x1": 133.956017,
                        "y1": 252.74018,
                        "x2": 203.884129,
                        "y2": 277.215018
                    }
                },
                {
                    "category": "car",
                    "id": 27,
                    "attributes": {
                        "occluded": true,
                        "truncated": false,
                        "trafficLightColor": "none"
                    },
                    "box2d": {
                        "x1": 132.207812,
                        "y1": 252.74018,
                        "x2": 247.589201,
                        "y2": 305.186264
                    }
                },
                {
                    "category": "car",
                    "id": 28,
                    "attributes": {
                        "occluded": false,
                        "truncated": true,
                        "trafficLightColor": "none"
                    },
                    "box2d": {
                        "x1": 0,
                        "y1": 237.006355,
                        "x2": 135.70422,
                        "y2": 319.171889
                    }
                },
                {
                    "category": "car",
                    "id": 29,
                    "attributes": {
                        "occluded": true,
                        "truncated": false,
                        "trafficLightColor": "none"
                    },
                    "box2d": {
                        "x1": 782.539273,
                        "y1": 275.466816,
                        "x2": 803.517708,
                        "y2": 296.1955
                    }
                },
                {
                    "category": "car",
                    "id": 30,
                    "attributes": {
                        "occluded": true,
                        "truncated": false,
                        "trafficLightColor": "none"
                    },
                    "box2d": {
                        "x1": 765.057243,
                        "y1": 282.209878,
                        "x2": 786.035676,
                        "y2": 297.943704
                    }
                },
                {
                    "category": "car",
                    "id": 31,
                    "attributes": {
                        "occluded": false,
                        "truncated": false,
                        "trafficLightColor": "none"
                    },
                    "box2d": {
                        "x1": 733.589594,
                        "y1": 282.209878,
                        "x2": 772.050056,
                        "y2": 306.68472
                    }
                },
                {
                    "category": "area/drivable",
                    "id": 32,
                    "attributes": {},
                    "poly2d": [
                        [
                            846.100726,
                            299.431081,
                            "L"
                        ],
                        [
                            389.299261,
                            534.038729,
                            "L"
                        ],
                        [
                            631.363546,
                            507.835895,
                            "C"
                        ],
                        [
                            969.504891,
                            526.552206,
                            "C"
                        ],
                        [
                            1058.095428,
                            549.011779,
                            "C"
                        ],
                        [
                            860.950288,
                            295.717709,
                            "L"
                        ],
                        [
                            846.100726,
                            299.431081,
                            "L"
                        ]
                    ]
                },
                {
                    "category": "area/alternative",
                    "id": 33,
                    "attributes": {},
                    "poly2d": [
                        [
                            904.451398,
                            334.748593,
                            "L"
                        ],
                        [
                            1016.919545,
                            329.407067,
                            "L"
                        ],
                        [
                            1280.195648,
                            389.299261,
                            "L"
                        ],
                        [
                            1280.195648,
                            600.169695,
                            "L"
                        ],
                        [
                            1239.199991,
                            574.293458,
                            "C"
                        ],
                        [
                            1193.133671,
                            555.86693,
                            "C"
                        ],
                        [
                            1093.032541,
                            552.755041,
                            "C"
                        ],
                        [
                            904.451398,
                            334.748593,
                            "L"
                        ]
                    ]
                },
                {
                    "category": "area/alternative",
                    "id": 34,
                    "attributes": {},
                    "poly2d": [
                        [
                            821.022159,
                            291.974445,
                            "L"
                        ],
                        [
                            0,
                            476.642045,
                            "L"
                        ],
                        [
                            0,
                            570.223598,
                            "L"
                        ],
                        [
                            139.750483,
                            542.047034,
                            "C"
                        ],
                        [
                            238.0253,
                            534.369314,
                            "C"
                        ],
                        [
                            369.335197,
                            535.286483,
                            "C"
                        ],
                        [
                            833.499701,
                            294.469953,
                            "L"
                        ],
                        [
                            821.022159,
                            291.974445,
                            "L"
                        ]
                    ]
                },
                {
                    "category": "area/alternative",
                    "id": 35,
                    "attributes": {},
                    "poly2d": [
                        [
                            680.025954,
                            310.690757,
                            "L"
                        ],
                        [
                            0,
                            414.254341,
                            "L"
                        ],
                        [
                            1.551523,
                            465.269833,
                            "L"
                        ],
                        [
                            699.990017,
                            315.681772,
                            "L"
                        ],
                        [
                            680.025954,
                            310.690757,
                            "L"
                        ]
                    ]
                },
                {
                    "category": "lane/road curb",
                    "id": 36,
                    "attributes": {
                        "direction": "parallel",
                        "style": "solid"
                    },
                    "poly2d": [
                        [
                            1.247754,
                            403.024556,
                            "C"
                        ],
                        [
                            242.064284,
                            378.069475,
                            "C"
                        ],
                        [
                            492.862847,
                            341.884608,
                            "C"
                        ],
                        [
                            742.413655,
                            305.69974,
                            "L"
                        ]
                    ]
                },
                {
                    "category": "lane/road curb",
                    "id": 37,
                    "attributes": {
                        "direction": "parallel",
                        "style": "solid"
                    },
                    "poly2d": [
                        [
                            969.504891,
                            314.434019,
                            "C"
                        ],
                        [
                            1069.325215,
                            345.62787,
                            "C"
                        ],
                        [
                            1169.145538,
                            366.839689,
                            "C"
                        ],
                        [
                            1280.195648,
                            389.299261,
                            "L"
                        ]
                    ]
                },
                {
                    "category": "lane/single white",
                    "id": 38,
                    "attributes": {
                        "direction": "parallel",
                        "style": "solid"
                    },
                    "poly2d": [
                        [
                            501.597125,
                            363.096426,
                            "C"
                        ],
                        [
                            408.015573,
                            391.794769,
                            "C"
                        ],
                        [
                            165.951288,
                            436.713915,
                            "C"
                        ],
                        [
                            0,
                            471.651027,
                            "L"
                        ]
                    ]
                },
                {
                    "category": "lane/single white",
                    "id": 39,
                    "attributes": {
                        "direction": "parallel",
                        "style": "solid"
                    },
                    "poly2d": [
                        [
                            642.593332,
                            336.893592,
                            "L"
                        ],
                        [
                            724.945099,
                            319.425035,
                            "L"
                        ]
                    ]
                },
                {
                    "category": "lane/single white",
                    "id": 40,
                    "attributes": {
                        "direction": "parallel",
                        "style": "dashed"
                    },
                    "poly2d": [
                        [
                            729.936115,
                            356.857656,
                            "L"
                        ],
                        [
                            386.803753,
                            525.304452,
                            "L"
                        ]
                    ]
                },
                {
                    "category": "lane/single white",
                    "id": 41,
                    "attributes": {
                        "direction": "parallel",
                        "style": "dashed"
                    },
                    "poly2d": [
                        [
                            724.945099,
                            351.86664,
                            "L"
                        ],
                        [
                            370.582952,
                            522.808944,
                            "L"
                        ]
                    ]
                },
                {
                    "category": "lane/single white",
                    "id": 42,
                    "attributes": {
                        "direction": "parallel",
                        "style": "solid"
                    },
                    "poly2d": [
                        [
                            872.180077,
                            311.938511,
                            "L"
                        ],
                        [
                            1049.361149,
                            547.764024,
                            "L"
                        ]
                    ]
                },
                {
                    "category": "lane/single white",
                    "id": 43,
                    "attributes": {
                        "direction": "parallel",
                        "style": "solid"
                    },
                    "poly2d": [
                        [
                            1095.52805,
                            554.002795,
                            "L"
                        ],
                        [
                            879.6666,
                            311.938511,
                            "L"
                        ]
                    ]
                },
                {
                    "category": "lane/single white",
                    "id": 44,
                    "attributes": {
                        "direction": "parallel",
                        "style": "solid"
                    },
                    "poly2d": [
                        [
                            1.282323,
                            428.295729,
                            "L"
                        ],
                        [
                            423.166439,
                            361.614957,
                            "L"
                        ]
                    ]
                }
            ]
        }
    ],
    "attributes": {
        "weather": "clear",
        "scene": "city street",
        "timeofday": "night"
    }
}