{
    "name": "00afa5b2-c14a542f",
    "frames": [
        {
            "timestamp": 10000,
            "objects": [
                {
                    "category": "traffic light",
                    "id": 0,
                    "attributes": {
                        "occluded": false,
                        "truncated": false,
                        "trafficLightColor": "red"
                    },
                    "box2d": {
                        "x1": 629.669093,
                        "y1": 40.837468,
                        "x2": 644.856583,
                        "y2": 89.774934
                    }
                },
                {
                    "category": "traffic light",
                    "id": 1,
                    "attributes": {
                        "occluded": false,
                        "truncated": false,
                        "trafficLightColor": "red"
                    },
                    "box2d": {
                        "x1": 901.356407,
                        "y1": 206.212353,
                        "x2": 924.98139,
                        "y2": 226.462339
                    }
                },
                {
                    "category": "traffic light",
                    "id": 2,
                    "attributes": {
                        "occluded": true,
                        "truncated": false,
                        "trafficLightColor": "none"
                    },
                    "box2d": {
                        "x1": 891.231413,
                        "y1": 206.212353,
                        "x2": 903.043906,
                        "y2": 226.462339
                    }
                },
                {
                    "category": "traffic light",
                    "id": 3,
                    "attributes": {
                        "occluded": false,
                        "truncated": true,
                        "trafficLightColor": "none"
                    },
                    "box2d": {
                        "x1": 13.732017,
                        "y1": 2.024994,
                        "x2": 47.481995,
                        "y2": 50.96246
                    }
                },
                {
                    "category": "traffic light",
                    "id": 4,
                    "attributes": {
                        "occluded": false,
                        "truncated": false,
                        "trafficLightColor": "none"
                    },
                    "box2d": {
                        "x1": 651.606578,
                        "y1": 45.899963,
                        "x2": 671.856564,
                        "y2": 89.774933
                    }
                },
                {
                    "category": "traffic sign",
                    "id": 5,
                    "attributes": {
                        "occluded": false,
                        "truncated": false,
                        "trafficLightColor": "none"
                    },
                    "box2d": {
                        "x1": 1171.356221,
                        "y1": 155.587388,
                        "x2": 1184.856213,
                        "y2": 194.39986
                    }
                },
                {
                    "category": "traffic sign",
                    "id": 6,
                    "attributes": {
                        "occluded": false,
                        "truncated": false,
                        "trafficLightColor": "none"
                    },
                    "box2d": {
                        "x1": 865.918931,
                        "y1": 145.462395,
                        "x2": 906.418903,
                        "y2": 158.962386
                    }
                },
                {
                    "category": "traffic sign",
                    "id": 7,
                    "attributes": {
                        "occluded": false,
                        "truncated": false,
                        "trafficLightColor": "none"
                    },
                    "box2d": {
                        "x1": 874.356425,
                        "y1": 81.337439,
                        "x2": 913.168897,
                        "y2": 98.212426
                    }
                },
                {
                    "category": "person",
                    "id": 8,
                    "attributes": {
                        "occluded": true,
                        "truncated": false,
                        "trafficLightColor": "none"
                    },
                    "box2d": {
                        "x1": 131.856936,
                        "y1": 253.462322,
                        "x2": 152.106924,
                        "y2": 310.837282
                    }
                },
                {
                    "category": "person",
                    "id": 9,
                    "attributes": {
                        "occluded": true,
                        "truncated": false,
                        "trafficLightColor": "none"
                    },
                    "box2d": {
                        "x1": 98.106959,
                        "y1": 256.837318,
                        "x2": 125.10694,
                        "y2": 304.087285
                    }
                },
                {
                    "category": "person",
                    "id": 10,
                    "attributes": {
                        "occluded": true,
                        "truncated": false,
                        "trafficLightColor": "none"
                    },
                    "box2d": {
                        "x1": 855.793938,
                        "y1": 233.212335,
                        "x2": 869.29393,
                        "y2": 272.024808
                    }
                },
                {
                    "category": "person",
                    "id": 11,
                    "attributes": {
                        "occluded": false,
                        "truncated": false,
                        "trafficLightColor": "none"
                    },
                    "box2d": {
                        "x1": 12.044519,
                        "y1": 245.024827,
                        "x2": 165.606913,
                        "y2": 545.399621
                    }
                },
                {
                    "category": "car",
                    "id": 12,
                    "attributes": {
                        "occluded": true,
                        "truncated": false,
                        "trafficLightColor": "none"
                    },
                    "box2d": {
                        "x1": 265.169344,
                        "y1": 239.96233,
                        "x2": 361.356778,
                        "y2": 280.462303
                    }
                },
                {
                    "category": "car",
                    "id": 13,
                    "attributes": {
                        "occluded": true,
                        "truncated": false,
                        "trafficLightColor": "none"
                    },
                    "box2d": {
                        "x1": 206.106884,
                        "y1": 263.587314,
                        "x2": 280.356833,
                        "y2": 282.149802
                    }
                },
                {
                    "category": "car",
                    "id": 14,
                    "attributes": {
                        "occluded": true,
                        "truncated": false,
                        "trafficLightColor": "none"
                    },
                    "box2d": {
                        "x1": 300.60682,
                        "y1": 243.337328,
                        "x2": 381.606764,
                        "y2": 283.8373
                    }
                },
                {
                    "category": "car",
                    "id": 15,
                    "attributes": {
                        "occluded": true,
                        "truncated": false,
                        "trafficLightColor": "none"
                    },
                    "box2d": {
                        "x1": 388.356759,
                        "y1": 234.899833,
                        "x2": 484.544193,
                        "y2": 266.96231
                    }
                },
                {
                    "category": "car",
                    "id": 16,
                    "attributes": {
                        "occluded": true,
                        "truncated": false,
                        "trafficLightColor": "none"
                    },
                    "box2d": {
                        "x1": 359.669279,
                        "y1": 239.96233,
                        "x2": 477.794198,
                        "y2": 366.524743
                    }
                },
                {
                    "category": "car",
                    "id": 17,
                    "attributes": {
                        "occluded": true,
                        "truncated": false,
                        "trafficLightColor": "none"
                    },
                    "box2d": {
                        "x1": 732.606523,
                        "y1": 239.96233,
                        "x2": 764.669,
                        "y2": 268.64981
                    }
                },
                {
                    "category": "car",
                    "id": 18,
                    "attributes": {
                        "occluded": true,
                        "truncated": false,
                        "trafficLightColor": "none"
                    },
                    "box2d": {
                        "x1": 99.794457,
                        "y1": 280.462302,
                        "x2": 430.544229,
                        "y2": 466.087174
                    }
                },
                {
                    "category": "car",
                    "id": 19,
                    "attributes": {
                        "occluded": false,
                        "truncated": false,
                        "trafficLightColor": "none"
                    },
                    "box2d": {
                        "x1": 449.106717,
                        "y1": 197.774859,
                        "x2": 768.043997,
                        "y2": 494.774656
                    }
                },
                {
                    "category": "car",
                    "id": 20,
                    "attributes": {
                        "occluded": false,
                        "truncated": true,
                        "trafficLightColor": "none"
                    },
                    "box2d": {
                        "x1": 1032.981316,
                        "y1": 287.212297,
                        "x2": 1279.356148,
                        "y2": 381.712234
                    }
                },
                {
                    "category": "traffic sign",
                    "id": 21,
                    "attributes": {
                        "occluded": false,
                        "truncated": false,
                        "trafficLightColor": "none"
                    },
                    "box2d": {
                        "x1": 701.237772,
                        "y1": 62.387702,
                        "x2": 731.183869,
                        "y2": 93.581553
                    }
                },
                {
                    "category": "traffic sign",
                    "id": 22,
                    "attributes": {
                        "occluded": false,
                        "truncated": false,
                        "trafficLightColor": "none"
                    },
                    "box2d": {
                        "x1": 895.887403,
                        "y1": 189.658614,
                        "x2": 929.576762,
                        "y2": 199.640647
                    }
                },
                {
                    "category": "area/drivable",
                    "id": 23,
                    "attributes": {},
                    "poly2d": [
                        [
                            1021.910561,
                            556.498303,
                            "L"
                        ],
                        [
                            942.054302,
                            496.606109,
                            "L"
                        ],
                        [
                            208.374925,
                            501.597125,
                            "L"
                        ],
                        [
                            138.500699,
                            566.480335,
                            "L"
                        ],
                        [
                            536.534238,
                            510.331403,
                            "C"
                        ],
                        [
                            747.404672,
                            540.2775,
                            "C"
                        ],
                        [
                            1021.910561,
                            556.498303,
                            "C"
                        ]
                    ]
                },
                {
                    "category": "lane/crosswalk",
                    "id": 24,
                    "attributes": {
                        "direction": "vertical",
                        "style": "dashed"
                    },
                    "poly2d": [
                        [
                            1.551523,
                            520.549418,
                            "C"
                        ],
                        [
                            311.715433,
                            520.549418,
                            "C"
                        ],
                        [
                            608.091405,
                            512.871698,
                            "C"
                        ],
                        [
                            932.09119,
                            519.013874,
                            "L"
                        ]
                    ]
                },
                {
                    "category": "lane/crosswalk",
                    "id": 25,
                    "attributes": {
                        "direction": "vertical",
                        "style": "dashed"
                    },
                    "poly2d": [
                        [
                            827.674197,
                            433.023409,
                            "L"
                        ],
                        [
                            0,
                            436.094497,
                            "L"
                        ]
                    ]
                },
                {
                    "category": "lane/road curb",
                    "id": 26,
                    "attributes": {
                        "direction": "parallel",
                        "style": "solid"
                    },
                    "poly2d": [
                        [
                            764.716893,
                            270.255745,
                            "C"
                        ],
                        [
                            884.489326,
                            359.317297,
                            "C"
                        ],
                        [
                            878.34715,
                            348.568489,
                            "C"
                        ],
                        [
                            1033.437094,
                            359.317297,
                            "L"
                        ]
                    ]
                },
                {
                    "category": "lane/single white",
                    "id": 27,
                    "attributes": {
                        "direction": "parallel",
                        "style": "solid"
                    },
                    "poly2d": [
                        [
                            868.213217,
                            438.098394,
                            "L"
                        ],
                        [
                            1021.896936,
                            556.853994,
                            "L"
                        ]
                    ]
                },
                {
                    "category": "lane/double white",
                    "id": 28,
                    "attributes": {
                        "direction": "parallel",
                        "style": "solid"
                    },
                    "poly2d": [
                        [
                            901.145443,
                            435.104555,
                            "L"
                        ],
                        [
                            1096.742903,
                            561.843726,
                            "L"
                        ]
                    ]
                }
            ]
        }
    ],
    "attributes": {
        "weather": "overcast",
        "scene": "city street",
        "timeofday": "daytime"
    }
}