{
    "name": "00b04b12-a7d7eb85",
    "frames": [
        {
            "timestamp": 10000,
            "objects": [
                {
                    "category": "traffic light",
                    "id": 0,
                    "attributes": {
                        "occluded": false,
                        "truncated": false,
                        "trafficLightColor": "red"
                    },
                    "box2d": {
                        "x1": 518.518013,
                        "y1": 246.19888,
                        "x2": 533.873453,
                        "y2": 274.387311
                    }
                },
                {
                    "category": "traffic light",
                    "id": 1,
                    "attributes": {
                        "occluded": false,
                        "truncated": false,
                        "trafficLightColor": "red"
                    },
                    "box2d": {
                        "x1": 943.863702,
                        "y1": 220.094633,
                        "x2": 962.290231,
                        "y2": 247.734425
                    }
                },
                {
                    "category": "traffic light",
                    "id": 2,
                    "attributes": {
                        "occluded": false,
                        "truncated": false,
                        "trafficLightColor": "yellow"
                    },
                    "box2d": {
                        "x1": 968.432408,
                        "y1": 230.843441,
                        "x2": 1006.821009,
                        "y2": 267.696497
                    }
                },
                {
                    "category": "traffic sign",
                    "id": 3,
                    "attributes": {
                        "occluded": false,
                        "truncated": false,
                        "trafficLightColor": "none"
                    },
                    "box2d": {
                        "x1": 966.896862,
                        "y1": 190.919295,
                        "x2": 1012.963184,
                        "y2": 227.772353
                    }
                },
                {
                    "category": "traffic light",
                    "id": 4,
                    "attributes": {
                        "occluded": false,
                        "truncated": false,
                        "trafficLightColor": "red"
                    },
                    "box2d": {
                        "x1": 371.105788,
                        "y1": 319.904994,
                        "x2": 386.461227,
                        "y2": 335.260433
                    }
                },
                {
                    "category": "traffic light",
                    "id": 5,
                    "attributes": {
                        "occluded": false,
                        "truncated": false,
                        "trafficLightColor": "red"
                    },
                    "box2d": {
                        "x1": 865.550958,
                        "y1": 335.260433,
                        "x2": 877.83531,
                        "y2": 346.009241
                    }
                },
                {
                    "category": "car",
                    "id": 6,
                    "attributes": {
                        "occluded": true,
                        "truncated": false,
                        "trafficLightColor": "none"
                    },
                    "box2d": {
                        "x1": 552.299982,
                        "y1": 367.506857,
                        "x2": 613.721742,
                        "y2": 404.359913
                    }
                },
                {
                    "category": "car",
                    "id": 7,
                    "attributes": {
                        "occluded": true,
                        "truncated": false,
                        "trafficLightColor": "none"
                    },
                    "box2d": {
                        "x1": 555.371069,
                        "y1": 359.829137,
                        "x2": 822.555725,
                        "y2": 455.032866
                    }
                },
                {
                    "category": "car",
                    "id": 8,
                    "attributes": {
                        "occluded": false,
                        "truncated": true,
                        "trafficLightColor": "none"
                    },
                    "box2d": {
                        "x1": 782.631582,
                        "y1": 304.549553,
                        "x2": 1280,
                        "y2": 646.975865
                    }
                },
                {
                    "category": "traffic sign",
                    "id": 9,
                    "attributes": {
                        "occluded": true,
                        "truncated": false,
                        "trafficLightColor": "none"
                    },
                    "box2d": {
                        "x1": 957.683597,
                        "y1": 279.980849,
                        "x2": 1006.821007,
                        "y2": 309.156185
                    }
                },
                {
                    "category": "car",
                    "id": 10,
                    "attributes": {
                        "occluded": false,
                        "truncated": false,
                        "trafficLightColor": "none"
                    },
                    "box2d": {
                        "x1": 311.219572,
                        "y1": 322.976081,
                        "x2": 584.546405,
                        "y2": 553.307682
                    }
                },
                {
                    "category": "car",
                    "id": 11,
                    "attributes": {
                        "occluded": false,
                        "truncated": true,
                        "trafficLightColor": "none"
                    },
                    "box2d": {
                        "x1": 0,
                        "y1": 332.189346,
                        "x2": 219.086932,
                        "y2": 547.165507
                    }
                },
                {
                    "category": "traffic light",
                    "id": 12,
                    "attributes": {
                        "occluded": false,
                        "truncated": false,
                        "trafficLightColor": "none"
                    },
                    "box2d": {
                        "x1": 158.856917,
                        "y1": 246.712325,
                        "x2": 175.731905,
                        "y2": 287.212297
                    }
                },
                {
                    "category": "traffic light",
                    "id": 13,
                    "attributes": {
                        "occluded": false,
                        "truncated": false,
                        "trafficLightColor": "red"
                    },
                    "box2d": {
                        "x1": 862.543933,
                        "y1": 201.149857,
                        "x2": 887.856416,
                        "y2": 245.024826
                    }
                },
                {
                    "category": "traffic light",
                    "id": 14,
                    "attributes": {
                        "occluded": true,
                        "truncated": false,
                        "trafficLightColor": "red"
                    },
                    "box2d": {
                        "x1": 962.106365,
                        "y1": 81.337439,
                        "x2": 1014.418829,
                        "y2": 157.274887
                    }
                },
                {
                    "category": "area/drivable",
                    "id": 15,
                    "attributes": {},
                    "poly2d": [
                        [
                            739.918147,
                            615.142743,
                            "L"
                        ],
                        [
                            590.187662,
                            611.399481,
                            "C"
                        ],
                        [
                            411.758834,
                            601.417449,
                            "C"
                        ],
                        [
                            229.586744,
                            628.868038,
                            "C"
                        ],
                        [
                            150.978239,
                            566.480335,
                            "L"
                        ],
                        [
                            169.69455,
                            557.746057,
                            "L"
                        ],
                        [
                            673.787183,
                            561.489319,
                            "L"
                        ],
                        [
                            739.918147,
                            615.142743,
                            "L"
                        ]
                    ]
                },
                {
                    "category": "lane/single white",
                    "id": 16,
                    "attributes": {
                        "direction": "parallel",
                        "style": "dashed"
                    },
                    "poly2d": [
                        [
                            243.709339,
                            506.632813,
                            "L"
                        ],
                        [
                            138.857646,
                            573.227971,
                            "L"
                        ]
                    ]
                },
                {
                    "category": "lane/single white",
                    "id": 17,
                    "attributes": {
                        "direction": "parallel",
                        "style": "dashed"
                    },
                    "poly2d": [
                        [
                            228.123276,
                            505.215894,
                            "L"
                        ],
                        [
                            107.685521,
                            573.227971,
                            "L"
                        ]
                    ]
                },
                {
                    "category": "lane/single white",
                    "id": 18,
                    "attributes": {
                        "direction": "parallel",
                        "style": "dashed"
                    },
                    "poly2d": [
                        [
                            613.52409,
                            512.300487,
                            "L"
                        ],
                        [
                            743.880248,
                            617.152437,
                            "L"
                        ]
                    ]
                },
                {
                    "category": "lane/single white",
                    "id": 19,
                    "attributes": {
                        "direction": "parallel",
                        "style": "dashed"
                    },
                    "poly2d": [
                        [
                            636.194726,
                            515.134323,
                            "L"
                        ],
                        [
                            770.801629,
                            614.318602,
                            "L"
                        ]
                    ]
                },
                {
                    "category": "lane/single white",
                    "id": 20,
                    "attributes": {
                        "direction": "vertical",
                        "style": "solid"
                    },
                    "poly2d": [
                        [
                            579.518137,
                            509.466649,
                            "L"
                        ],
                        [
                            786.387691,
                            516.551242,
                            "L"
                        ]
                    ]
                },
                {
                    "category": "lane/single white",
                    "id": 21,
                    "attributes": {
                        "direction": "vertical",
                        "style": "solid"
                    },
                    "poly2d": [
                        [
                            317.388907,
                            503.798977,
                            "L"
                        ],
                        [
                            141.691477,
                            499.548222,
                            "L"
                        ]
                    ]
                },
                {
                    "category": "lane/crosswalk",
                    "id": 22,
                    "attributes": {
                        "direction": "vertical",
                        "style": "dashed"
                    },
                    "poly2d": [
                        [
                            787.804605,
                            502.382059,
                            "L"
                        ],
                        [
                            578.101221,
                            498.131303,
                            "L"
                        ]
                    ]
                },
                {
                    "category": "lane/crosswalk",
                    "id": 23,
                    "attributes": {
                        "direction": "vertical",
                        "style": "dashed"
                    },
                    "poly2d": [
                        [
                            314.555076,
                            491.046712,
                            "L"
                        ],
                        [
                            212.537214,
                            486.795959,
                            "L"
                        ]
                    ]
                },
                {
                    "category": "lane/crosswalk",
                    "id": 24,
                    "attributes": {
                        "direction": "vertical",
                        "style": "dashed"
                    },
                    "poly2d": [
                        [
                            213.954129,
                            452.789918,
                            "L"
                        ],
                        [
                            314.555076,
                            457.040674,
                            "L"
                        ]
                    ]
                },
                {
                    "category": "lane/crosswalk",
                    "id": 25,
                    "attributes": {
                        "direction": "vertical",
                        "style": "dashed"
                    },
                    "poly2d": [
                        [
                            582.351965,
                            459.874511,
                            "L"
                        ],
                        [
                            784.970776,
                            461.29143,
                            "L"
                        ]
                    ]
                },
                {
                    "category": "lane/road curb",
                    "id": 26,
                    "attributes": {
                        "direction": "parallel",
                        "style": "solid"
                    },
                    "poly2d": [
                        [
                            201.910353,
                            398.357308,
                            "C"
                        ],
                        [
                            233.790935,
                            400.482682,
                            "C"
                        ],
                        [
                            270.629859,
                            399.568693,
                            "C"
                        ],
                        [
                            304.636673,
                            399.774225,
                            "L"
                        ]
                    ]
                }
            ]
        }
    ],
    "attributes": {
        "weather": "clear",
        "scene": "city street",
        "timeofday": "night"
    }
}