{
    "name": "00b04b30-501822fa",
    "frames": [
        {
            "timestamp": 10000,
            "objects": [
                {
                    "category": "car",
                    "id": 0,
                    "attributes": {
                        "occluded": true,
                        "truncated": true,
                        "trafficLightColor": "none"
                    },
                    "box2d": {
                        "x1": 0,
                        "y1": 339.187267,
                        "x2": 84.606967,
                        "y2": 371.249746
                    }
                },
                {
                    "category": "car",
                    "id": 1,
                    "attributes": {
                        "occluded": true,
                        "truncated": false,
                        "trafficLightColor": "none"
                    },
                    "box2d": {
                        "x1": 45.794495,
                        "y1": 329.062274,
                        "x2": 130.169437,
                        "y2": 361.124751
                    }
                },
                {
                    "category": "car",
                    "id": 2,
                    "attributes": {
                        "occluded": true,
                        "truncated": false,
                        "trafficLightColor": "none"
                    },
                    "box2d": {
                        "x1": 131.856935,
                        "y1": 291.937299,
                        "x2": 287.106828,
                        "y2": 359.437253
                    }
                },
                {
                    "category": "car",
                    "id": 3,
                    "attributes": {
                        "occluded": true,
                        "truncated": false,
                        "trafficLightColor": "none"
                    },
                    "box2d": {
                        "x1": 288.794328,
                        "y1": 327.374776,
                        "x2": 336.044294,
                        "y2": 345.937262
                    }
                },
                {
                    "category": "car",
                    "id": 4,
                    "attributes": {
                        "occluded": true,
                        "truncated": false,
                        "trafficLightColor": "none"
                    },
                    "box2d": {
                        "x1": 307.356814,
                        "y1": 310.499787,
                        "x2": 347.856787,
                        "y2": 334.12477
                    }
                },
                {
                    "category": "car",
                    "id": 5,
                    "attributes": {
                        "occluded": true,
                        "truncated": false,
                        "trafficLightColor": "none"
                    },
                    "box2d": {
                        "x1": 427.169234,
                        "y1": 318.937281,
                        "x2": 462.606709,
                        "y2": 337.499767
                    }
                },
                {
                    "category": "car",
                    "id": 6,
                    "attributes": {
                        "occluded": true,
                        "truncated": false,
                        "trafficLightColor": "none"
                    },
                    "box2d": {
                        "x1": 401.85675,
                        "y1": 313.874783,
                        "x2": 428.856732,
                        "y2": 334.12477
                    }
                },
                {
                    "category": "car",
                    "id": 7,
                    "attributes": {
                        "occluded": true,
                        "truncated": false,
                        "trafficLightColor": "none"
                    },
                    "box2d": {
                        "x1": 465.74968,
                        "y1": 312.187272,
                        "x2": 492.749662,
                        "y2": 330.749758
                    }
                },
                {
                    "category": "car",
                    "id": 8,
                    "attributes": {
                        "occluded": true,
                        "truncated": false,
                        "trafficLightColor": "none"
                    },
                    "box2d": {
                        "x1": 448.874692,
                        "y1": 308.812274,
                        "x2": 467.437178,
                        "y2": 317.249767
                    }
                },
                {
                    "category": "car",
                    "id": 9,
                    "attributes": {
                        "occluded": true,
                        "truncated": false,
                        "trafficLightColor": "none"
                    },
                    "box2d": {
                        "x1": 69.187452,
                        "y1": 300.374782,
                        "x2": 113.062422,
                        "y2": 312.187272
                    }
                },
                {
                    "category": "car",
                    "id": 10,
                    "attributes": {
                        "occluded": true,
                        "truncated": false,
                        "trafficLightColor": "none"
                    },
                    "box2d": {
                        "x1": 40.499972,
                        "y1": 300.374782,
                        "x2": 62.437457,
                        "y2": 310.499777
                    }
                },
                {
                    "category": "car",
                    "id": 11,
                    "attributes": {
                        "occluded": true,
                        "truncated": false,
                        "trafficLightColor": "none"
                    },
                    "box2d": {
                        "x1": 15.18749,
                        "y1": 303.749778,
                        "x2": 37.124972,
                        "y2": 313.874773
                    }
                },
                {
                    "category": "car",
                    "id": 12,
                    "attributes": {
                        "occluded": true,
                        "truncated": true,
                        "trafficLightColor": "none"
                    },
                    "box2d": {
                        "x1": 0,
                        "y1": 300.374782,
                        "x2": 13.499991,
                        "y2": 313.874771
                    }
                },
                {
                    "category": "car",
                    "id": 13,
                    "attributes": {
                        "occluded": false,
                        "truncated": true,
                        "trafficLightColor": "none"
                    },
                    "box2d": {
                        "x1": 1232.106179,
                        "y1": 320.62478,
                        "x2": 1279.356147,
                        "y2": 415.124716
                    }
                },
                {
                    "category": "traffic sign",
                    "id": 14,
                    "attributes": {
                        "occluded": false,
                        "truncated": true,
                        "trafficLightColor": "none"
                    },
                    "box2d": {
                        "x1": 820.356462,
                        "y1": 156.937392,
                        "x2": 962.106366,
                        "y2": 226.124846
                    }
                },
                {
                    "category": "traffic sign",
                    "id": 15,
                    "attributes": {
                        "occluded": false,
                        "truncated": true,
                        "trafficLightColor": "none"
                    },
                    "box2d": {
                        "x1": 916.543896,
                        "y1": 138.374904,
                        "x2": 962.106364,
                        "y2": 158.624891
                    }
                },
                {
                    "category": "car",
                    "id": 16,
                    "attributes": {
                        "occluded": false,
                        "truncated": true,
                        "trafficLightColor": "none"
                    },
                    "box2d": {
                        "x1": 504.562153,
                        "y1": 315.140407,
                        "x2": 529.874636,
                        "y2": 326.9529
                    }
                },
                {
                    "category": "car",
                    "id": 17,
                    "attributes": {
                        "occluded": false,
                        "truncated": true,
                        "trafficLightColor": "none"
                    },
                    "box2d": {
                        "x1": 558.562116,
                        "y1": 306.702914,
                        "x2": 578.812102,
                        "y2": 318.515407
                    }
                },
                {
                    "category": "car",
                    "id": 18,
                    "attributes": {
                        "occluded": false,
                        "truncated": true,
                        "trafficLightColor": "none"
                    },
                    "box2d": {
                        "x1": 578.812102,
                        "y1": 310.077912,
                        "x2": 592.312093,
                        "y2": 318.515405
                    }
                },
                {
                    "category": "car",
                    "id": 19,
                    "attributes": {
                        "occluded": false,
                        "truncated": false,
                        "trafficLightColor": "none"
                    },
                    "box2d": {
                        "x1": 646.733931,
                        "y1": 311.765411,
                        "x2": 678.79641,
                        "y2": 338.765393
                    }
                },
                {
                    "category": "car",
                    "id": 20,
                    "attributes": {
                        "occluded": false,
                        "truncated": false,
                        "trafficLightColor": "none"
                    },
                    "box2d": {
                        "x1": 729.674489,
                        "y1": 309.149794,
                        "x2": 787.04945,
                        "y2": 358.087261
                    }
                },
                {
                    "category": "car",
                    "id": 21,
                    "attributes": {
                        "occluded": true,
                        "truncated": false,
                        "trafficLightColor": "none"
                    },
                    "box2d": {
                        "x1": 712.124509,
                        "y1": 314.437275,
                        "x2": 739.124491,
                        "y2": 341.437256
                    }
                },
                {
                    "category": "car",
                    "id": 22,
                    "attributes": {
                        "occluded": true,
                        "truncated": false,
                        "trafficLightColor": "none"
                    },
                    "box2d": {
                        "x1": 695.249522,
                        "y1": 307.687279,
                        "x2": 712.124511,
                        "y2": 329.624764
                    }
                },
                {
                    "category": "car",
                    "id": 23,
                    "attributes": {
                        "occluded": true,
                        "truncated": false,
                        "trafficLightColor": "none"
                    },
                    "box2d": {
                        "x1": 683.43703,
                        "y1": 302.624783,
                        "x2": 695.249522,
                        "y2": 319.499772
                    }
                },
                {
                    "category": "car",
                    "id": 24,
                    "attributes": {
                        "occluded": false,
                        "truncated": false,
                        "trafficLightColor": "none"
                    },
                    "box2d": {
                        "x1": 788.061959,
                        "y1": 312.749777,
                        "x2": 836.999426,
                        "y2": 353.249749
                    }
                },
                {
                    "category": "car",
                    "id": 25,
                    "attributes": {
                        "occluded": false,
                        "truncated": false,
                        "trafficLightColor": "none"
                    },
                    "box2d": {
                        "x1": 838.686923,
                        "y1": 312.749777,
                        "x2": 863.999406,
                        "y2": 334.687261
                    }
                },
                {
                    "category": "traffic sign",
                    "id": 26,
                    "attributes": {
                        "occluded": false,
                        "truncated": false,
                        "trafficLightColor": "none"
                    },
                    "box2d": {
                        "x1": 791.436956,
                        "y1": 274.218561,
                        "x2": 823.499434,
                        "y2": 289.40605
                    }
                },
                {
                    "category": "traffic sign",
                    "id": 27,
                    "attributes": {
                        "occluded": false,
                        "truncated": false,
                        "trafficLightColor": "none"
                    },
                    "box2d": {
                        "x1": 749.249486,
                        "y1": 277.593558,
                        "x2": 776.249467,
                        "y2": 291.093548
                    }
                },
                {
                    "category": "traffic sign",
                    "id": 28,
                    "attributes": {
                        "occluded": false,
                        "truncated": false,
                        "trafficLightColor": "none"
                    },
                    "box2d": {
                        "x1": 767.811972,
                        "y1": 279.281058,
                        "x2": 777.936965,
                        "y2": 292.781047
                    }
                },
                {
                    "category": "car",
                    "id": 29,
                    "attributes": {
                        "occluded": false,
                        "truncated": false,
                        "trafficLightColor": "none"
                    },
                    "box2d": {
                        "x1": 615.937077,
                        "y1": 304.593542,
                        "x2": 629.437066,
                        "y2": 313.031035
                    }
                },
                {
                    "category": "area/drivable",
                    "id": 30,
                    "attributes": {},
                    "poly2d": [
                        [
                            308.211594,
                            550.009799,
                            "L"
                        ],
                        [
                            535.801854,
                            545.268334,
                            "C"
                        ],
                        [
                            749.167726,
                            567.395167,
                            "C"
                        ],
                        [
                            915.118957,
                            597.424436,
                            "C"
                        ],
                        [
                            687.528695,
                            346.126856,
                            "L"
                        ],
                        [
                            636.953082,
                            341.385393,
                            "L"
                        ],
                        [
                            308.211594,
                            550.009799,
                            "L"
                        ]
                    ]
                },
                {
                    "category": "area/alternative",
                    "id": 31,
                    "attributes": {},
                    "poly2d": [
                        [
                            625.889666,
                            327.161001,
                            "L"
                        ],
                        [
                            0,
                            474.146379,
                            "L"
                        ],
                        [
                            0.016446,
                            600.585414,
                            "L"
                        ],
                        [
                            252.894514,
                            556.33175,
                            "L"
                        ],
                        [
                            635.372595,
                            331.902464,
                            "L"
                        ],
                        [
                            625.889666,
                            327.161001,
                            "L"
                        ]
                    ]
                },
                {
                    "category": "area/alternative",
                    "id": 32,
                    "attributes": {},
                    "poly2d": [
                        [
                            723.879918,
                            368.253687,
                            "L"
                        ],
                        [
                            802.904314,
                            361.931736,
                            "L"
                        ],
                        [
                            1280.195222,
                            499.434185,
                            "L"
                        ],
                        [
                            1280.195222,
                            651.161026,
                            "L"
                        ],
                        [
                            1191.704343,
                            625.87322,
                            "C"
                        ],
                        [
                            1068.426286,
                            589.521997,
                            "C"
                        ],
                        [
                            956.211643,
                            597.424436,
                            "C"
                        ],
                        [
                            723.879918,
                            368.253687,
                            "L"
                        ]
                    ]
                },
                {
                    "category": "area/alternative",
                    "id": 33,
                    "attributes": {},
                    "poly2d": [
                        [
                            848.738465,
                            347.707344,
                            "L"
                        ],
                        [
                            990.982377,
                            380.897591,
                            "C"
                        ],
                        [
                            1141.128731,
                            398.282958,
                            "C"
                        ],
                        [
                            1280.195222,
                            425.151252,
                            "C"
                        ],
                        [
                            1280.195222,
                            491.531746,
                            "L"
                        ],
                        [
                            812.387242,
                            357.190272,
                            "L"
                        ],
                        [
                            848.738465,
                            347.707344,
                            "L"
                        ]
                    ]
                },
                {
                    "category": "area/alternative",
                    "id": 34,
                    "attributes": {},
                    "poly2d": [
                        [
                            861.382367,
                            338.224417,
                            "L"
                        ],
                        [
                            1228.055568,
                            388.80003,
                            "L"
                        ],
                        [
                            1232.797031,
                            409.346373,
                            "L"
                        ],
                        [
                            861.382367,
                            349.287832,
                            "L"
                        ],
                        [
                            858.221391,
                            346.126856,
                            "L"
                        ],
                        [
                            861.382367,
                            338.224417,
                            "L"
                        ]
                    ]
                },
                {
                    "category": "area/alternative",
                    "id": 35,
                    "attributes": {},
                    "poly2d": [
                        [
                            900.894567,
                            331.902464,
                            "L"
                        ],
                        [
                            1226.475078,
                            369.834175,
                            "L"
                        ],
                        [
                            1224.89459,
                            380.897591,
                            "L"
                        ],
                        [
                            870.865295,
                            335.063442,
                            "L"
                        ],
                        [
                            900.894567,
                            331.902464,
                            "L"
                        ]
                    ]
                },
                {
                    "category": "lane/road curb",
                    "id": 36,
                    "attributes": {
                        "direction": "parallel",
                        "style": "solid"
                    },
                    "poly2d": [
                        [
                            640.752635,
                            322.294739,
                            "L"
                        ],
                        [
                            6.394737,
                            475.768424,
                            "L"
                        ]
                    ]
                },
                {
                    "category": "lane/road curb",
                    "id": 37,
                    "attributes": {
                        "direction": "parallel",
                        "style": "solid"
                    },
                    "poly2d": [
                        [
                            980.952637,
                            341.478949,
                            "L"
                        ],
                        [
                            1234.184217,
                            367.057897,
                            "L"
                        ]
                    ]
                },
                {
                    "category": "lane/single yellow",
                    "id": 38,
                    "attributes": {
                        "direction": "parallel",
                        "style": "solid"
                    },
                    "poly2d": [
                        [
                            640.752635,
                            332.526318,
                            "L"
                        ],
                        [
                            272.415791,
                            551.226319,
                            "L"
                        ]
                    ]
                },
                {
                    "category": "lane/single yellow",
                    "id": 39,
                    "attributes": {
                        "direction": "parallel",
                        "style": "solid"
                    },
                    "poly2d": [
                        [
                            647.147372,
                            335.084212,
                            "L"
                        ],
                        [
                            295.436844,
                            555.063161,
                            "L"
                        ]
                    ]
                },
                {
                    "category": "lane/single white",
                    "id": 40,
                    "attributes": {
                        "direction": "parallel",
                        "style": "dashed"
                    },
                    "poly2d": [
                        [
                            688.073688,
                            335.084212,
                            "C"
                        ],
                        [
                            748.184214,
                            419.494739,
                            "C"
                        ],
                        [
                            847.94211,
                            512.857897,
                            "C"
                        ],
                        [
                            927.236847,
                            601.105266,
                            "L"
                        ]
                    ]
                },
                {
                    "category": "lane/single white",
                    "id": 41,
                    "attributes": {
                        "direction": "parallel",
                        "style": "dashed"
                    },
                    "poly2d": [
                        [
                            697.026319,
                            336.36316,
                            "C"
                        ],
                        [
                            768.647372,
                            429.726318,
                            "C"
                        ],
                        [
                            870.963162,
                            512.857897,
                            "C"
                        ],
                        [
                            957.931584,
                            601.105266,
                            "L"
                        ]
                    ]
                },
                {
                    "category": "lane/single white",
                    "id": 42,
                    "attributes": {
                        "direction": "parallel",
                        "style": "dashed"
                    },
                    "poly2d": [
                        [
                            789.11053,
                            355.54737,
                            "L"
                        ],
                        [
                            1275.110533,
                            505.184213,
                            "L"
                        ]
                    ]
                },
                {
                    "category": "lane/single white",
                    "id": 43,
                    "attributes": {
                        "direction": "parallel",
                        "style": "dashed"
                    },
                    "poly2d": [
                        [
                            794.22632,
                            351.710528,
                            "L"
                        ],
                        [
                            1276.38948,
                            494.952634,
                            "L"
                        ]
                    ]
                },
                {
                    "category": "lane/single white",
                    "id": 44,
                    "attributes": {
                        "direction": "parallel",
                        "style": "dashed"
                    },
                    "poly2d": [
                        [
                            842.82632,
                            346.594739,
                            "L"
                        ],
                        [
                            1262.321059,
                            422.052634,
                            "L"
                        ]
                    ]
                },
                {
                    "category": "lane/single white",
                    "id": 45,
                    "attributes": {
                        "direction": "parallel",
                        "style": "dashed"
                    },
                    "poly2d": [
                        [
                            845.384215,
                            337.642107,
                            "L"
                        ],
                        [
                            1234.184217,
                            387.521055,
                            "L"
                        ]
                    ]
                }
            ]
        }
    ],
    "attributes": {
        "weather": "clear",
        "scene": "highway",
        "timeofday": "daytime"
    }
}