{
    "name": "00b04b30-2e874876",
    "frames": [
        {
            "timestamp": 10000,
            "objects": [
                {
                    "category": "traffic sign",
                    "id": 0,
                    "attributes": {
                        "occluded": false,
                        "truncated": false,
                        "trafficLightColor": "none"
                    },
                    "box2d": {
                        "x1": 274.505889,
                        "y1": 227.091237,
                        "x2": 288.231184,
                        "y2": 247.0553
                    }
                },
                {
                    "category": "traffic sign",
                    "id": 1,
                    "attributes": {
                        "occluded": false,
                        "truncated": false,
                        "trafficLightColor": "none"
                    },
                    "box2d": {
                        "x1": 270.762627,
                        "y1": 247.0553,
                        "x2": 291.974446,
                        "y2": 262.028349
                    }
                },
                {
                    "category": "traffic sign",
                    "id": 2,
                    "attributes": {
                        "occluded": false,
                        "truncated": false,
                        "trafficLightColor": "none"
                    },
                    "box2d": {
                        "x1": 791.076064,
                        "y1": 260.780595,
                        "x2": 821.02216,
                        "y2": 269.514873
                    }
                },
                {
                    "category": "traffic sign",
                    "id": 3,
                    "attributes": {
                        "occluded": false,
                        "truncated": false,
                        "trafficLightColor": "none"
                    },
                    "box2d": {
                        "x1": 849.720504,
                        "y1": 253.294071,
                        "x2": 859.702536,
                        "y2": 265.771611
                    }
                },
                {
                    "category": "traffic sign",
                    "id": 4,
                    "attributes": {
                        "occluded": false,
                        "truncated": false,
                        "trafficLightColor": "none"
                    },
                    "box2d": {
                        "x1": 853.463765,
                        "y1": 265.771611,
                        "x2": 865.941306,
                        "y2": 281.992413
                    }
                },
                {
                    "category": "car",
                    "id": 5,
                    "attributes": {
                        "occluded": true,
                        "truncated": false,
                        "trafficLightColor": "none"
                    },
                    "box2d": {
                        "x1": 756.13895,
                        "y1": 300.708724,
                        "x2": 835.995208,
                        "y2": 385.555998
                    }
                },
                {
                    "category": "traffic sign",
                    "id": 6,
                    "attributes": {
                        "occluded": false,
                        "truncated": false,
                        "trafficLightColor": "none"
                    },
                    "box2d": {
                        "x1": 420.493112,
                        "y1": 303.204232,
                        "x2": 431.722899,
                        "y2": 316.929527
                    }
                },
                {
                    "category": "traffic light",
                    "id": 7,
                    "attributes": {
                        "occluded": false,
                        "truncated": false,
                        "trafficLightColor": "green"
                    },
                    "box2d": {
                        "x1": 776.103015,
                        "y1": 258.285087,
                        "x2": 786.085047,
                        "y2": 277.001396
                    }
                },
                {
                    "category": "traffic light",
                    "id": 8,
                    "attributes": {
                        "occluded": false,
                        "truncated": false,
                        "trafficLightColor": "none"
                    },
                    "box2d": {
                        "x1": 767.368736,
                        "y1": 259.53284,
                        "x2": 778.598523,
                        "y2": 277.001396
                    }
                },
                {
                    "category": "person",
                    "id": 9,
                    "attributes": {
                        "occluded": true,
                        "truncated": false,
                        "trafficLightColor": "none"
                    },
                    "box2d": {
                        "x1": 406.767818,
                        "y1": 319.425035,
                        "x2": 417.997605,
                        "y2": 346.875624
                    }
                },
                {
                    "category": "person",
                    "id": 10,
                    "attributes": {
                        "occluded": true,
                        "truncated": false,
                        "trafficLightColor": "none"
                    },
                    "box2d": {
                        "x1": 343.132362,
                        "y1": 316.929527,
                        "x2": 360.600918,
                        "y2": 360.600918
                    }
                },
                {
                    "category": "car",
                    "id": 11,
                    "attributes": {
                        "occluded": true,
                        "truncated": false,
                        "trafficLightColor": "none"
                    },
                    "box2d": {
                        "x1": 228.33899,
                        "y1": 306.947495,
                        "x2": 356.857656,
                        "y2": 393.042522
                    }
                },
                {
                    "category": "car",
                    "id": 12,
                    "attributes": {
                        "occluded": false,
                        "truncated": true,
                        "trafficLightColor": "none"
                    },
                    "box2d": {
                        "x1": 366.83969,
                        "y1": 253.294071,
                        "x2": 811.040129,
                        "y2": 587.692154
                    }
                },
                {
                    "category": "car",
                    "id": 13,
                    "attributes": {
                        "occluded": false,
                        "truncated": true,
                        "trafficLightColor": "none"
                    },
                    "box2d": {
                        "x1": 831.004192,
                        "y1": 64.88321,
                        "x2": 1278.947895,
                        "y2": 558.993811
                    }
                },
                {
                    "category": "person",
                    "id": 14,
                    "attributes": {
                        "occluded": true,
                        "truncated": false,
                        "trafficLightColor": "none"
                    },
                    "box2d": {
                        "x1": 185.376151,
                        "y1": 328.72686,
                        "x2": 207.291275,
                        "y2": 360.954984
                    }
                },
                {
                    "category": "lane/single white",
                    "id": 15,
                    "attributes": {
                        "direction": "parallel",
                        "style": "dashed"
                    },
                    "poly2d": [
                        [
                            812.131582,
                            488.557896,
                            "L"
                        ],
                        [
                            891.42632,
                            597.268424,
                            "L"
                        ]
                    ]
                },
                {
                    "category": "lane/single white",
                    "id": 16,
                    "attributes": {
                        "direction": "parallel",
                        "style": "dashed"
                    },
                    "poly2d": [
                        [
                            810.852635,
                            470.652633,
                            "L"
                        ],
                        [
                            911.889478,
                            597.268424,
                            "L"
                        ]
                    ]
                },
                {
                    "category": "lane/single white",
                    "id": 17,
                    "attributes": {
                        "direction": "parallel",
                        "style": "dashed"
                    },
                    "poly2d": [
                        [
                            6.394737,
                            525.647371,
                            "L"
                        ],
                        [
                            361.942107,
                            416.936844,
                            "L"
                        ]
                    ]
                },
                {
                    "category": "lane/single white",
                    "id": 18,
                    "attributes": {
                        "direction": "parallel",
                        "style": "dashed"
                    },
                    "poly2d": [
                        [
                            6.394737,
                            516.69474,
                            "L"
                        ],
                        [
                            355.54737,
                            411.821055,
                            "L"
                        ]
                    ]
                },
                {
                    "category": "lane/single white",
                    "id": 19,
                    "attributes": {
                        "direction": "parallel",
                        "style": "solid"
                    },
                    "poly2d": [
                        [
                            1.278947,
                            459.142108,
                            "L"
                        ],
                        [
                            396.473686,
                            376.01053,
                            "L"
                        ]
                    ]
                },
                {
                    "category": "lane/single yellow",
                    "id": 20,
                    "attributes": {
                        "direction": "parallel",
                        "style": "solid"
                    },
                    "poly2d": [
                        [
                            370.582951,
                            525.304452,
                            "L"
                        ],
                        [
                            330.654821,
                            554.002795,
                            "L"
                        ]
                    ]
                },
                {
                    "category": "lane/single yellow",
                    "id": 21,
                    "attributes": {
                        "direction": "parallel",
                        "style": "solid"
                    },
                    "poly2d": [
                        [
                            373.07846,
                            539.029746,
                            "L"
                        ],
                        [
                            359.384212,
                            549.947371,
                            "L"
                        ]
                    ]
                }
            ]
        }
    ],
    "attributes": {
        "weather": "snowy",
        "scene": "city street",
        "timeofday": "daytime"
    }
}