{
    "name": "00b93c6e-6298aa25",
    "frames": [
        {
            "timestamp": 10000,
            "objects": [
                {
                    "category": "car",
                    "id": 0,
                    "attributes": {
                        "occluded": false,
                        "truncated": false,
                        "trafficLightColor": "none"
                    },
                    "box2d": {
                        "x1": 790.311975,
                        "y1": 248.062329,
                        "x2": 904.499377,
                        "y2": 359.774762
                    }
                },
                {
                    "category": "car",
                    "id": 1,
                    "attributes": {
                        "occluded": true,
                        "truncated": false,
                        "trafficLightColor": "none"
                    },
                    "box2d": {
                        "x1": 766.686989,
                        "y1": 250.874829,
                        "x2": 791.999472,
                        "y2": 303.187295
                    }
                },
                {
                    "category": "car",
                    "id": 2,
                    "attributes": {
                        "occluded": true,
                        "truncated": false,
                        "trafficLightColor": "none"
                    },
                    "box2d": {
                        "x1": 743.624523,
                        "y1": 260.99982,
                        "x2": 765.562009,
                        "y2": 294.749798
                    }
                },
                {
                    "category": "car",
                    "id": 3,
                    "attributes": {
                        "occluded": true,
                        "truncated": false,
                        "trafficLightColor": "none"
                    },
                    "box2d": {
                        "x1": 677.812068,
                        "y1": 250.874828,
                        "x2": 750.374518,
                        "y2": 309.937288
                    }
                },
                {
                    "category": "car",
                    "id": 4,
                    "attributes": {
                        "occluded": true,
                        "truncated": false,
                        "trafficLightColor": "none"
                    },
                    "box2d": {
                        "x1": 543.937143,
                        "y1": 274.499812,
                        "x2": 597.937105,
                        "y2": 311.624785
                    }
                },
                {
                    "category": "car",
                    "id": 5,
                    "attributes": {
                        "occluded": false,
                        "truncated": false,
                        "trafficLightColor": "none"
                    },
                    "box2d": {
                        "x1": 572.624622,
                        "y1": 266.062319,
                        "x2": 732.93701,
                        "y2": 384.187238
                    }
                },
                {
                    "category": "person",
                    "id": 6,
                    "attributes": {
                        "occluded": false,
                        "truncated": false,
                        "trafficLightColor": "none"
                    },
                    "box2d": {
                        "x1": 1146.052788,
                        "y1": 229.499829,
                        "x2": 1196.677754,
                        "y2": 359.437238
                    }
                },
                {
                    "category": "person",
                    "id": 7,
                    "attributes": {
                        "occluded": false,
                        "truncated": false,
                        "trafficLightColor": "none"
                    },
                    "box2d": {
                        "x1": 1078.552836,
                        "y1": 239.624822,
                        "x2": 1122.427804,
                        "y2": 345.937248
                    }
                },
                {
                    "category": "person",
                    "id": 8,
                    "attributes": {
                        "occluded": false,
                        "truncated": false,
                        "trafficLightColor": "none"
                    },
                    "box2d": {
                        "x1": 1044.224635,
                        "y1": 246.374819,
                        "x2": 1068.427842,
                        "y2": 339.187254
                    }
                },
                {
                    "category": "person",
                    "id": 9,
                    "attributes": {
                        "occluded": true,
                        "truncated": false,
                        "trafficLightColor": "none"
                    },
                    "box2d": {
                        "x1": 1002.615389,
                        "y1": 246.374819,
                        "x2": 1031.30287,
                        "y2": 337.499755
                    }
                },
                {
                    "category": "person",
                    "id": 10,
                    "attributes": {
                        "occluded": false,
                        "truncated": false,
                        "trafficLightColor": "none"
                    },
                    "box2d": {
                        "x1": 458.999684,
                        "y1": 249.749815,
                        "x2": 486.240744,
                        "y2": 320.38369
                    }
                },
                {
                    "category": "traffic light",
                    "id": 11,
                    "attributes": {
                        "occluded": false,
                        "truncated": false,
                        "trafficLightColor": "green"
                    },
                    "box2d": {
                        "x1": 673.535465,
                        "y1": 196.871149,
                        "x2": 694.403258,
                        "y2": 214.444027
                    }
                },
                {
                    "category": "traffic light",
                    "id": 12,
                    "attributes": {
                        "occluded": false,
                        "truncated": false,
                        "trafficLightColor": "green"
                    },
                    "box2d": {
                        "x1": 733.942234,
                        "y1": 204.428422,
                        "x2": 747.12189,
                        "y2": 223.230465
                    }
                },
                {
                    "category": "traffic light",
                    "id": 13,
                    "attributes": {
                        "occluded": false,
                        "truncated": false,
                        "trafficLightColor": "green"
                    },
                    "box2d": {
                        "x1": 722.959185,
                        "y1": 238.606734,
                        "x2": 733.942235,
                        "y2": 249.412321
                    }
                },
                {
                    "category": "traffic light",
                    "id": 14,
                    "attributes": {
                        "occluded": false,
                        "truncated": false,
                        "trafficLightColor": "green"
                    },
                    "box2d": {
                        "x1": 759.374478,
                        "y1": 251.437327,
                        "x2": 776.249465,
                        "y2": 259.874821
                    }
                },
                {
                    "category": "traffic light",
                    "id": 15,
                    "attributes": {
                        "occluded": false,
                        "truncated": false,
                        "trafficLightColor": "green"
                    },
                    "box2d": {
                        "x1": 757.92831,
                        "y1": 234.321344,
                        "x2": 771.428305,
                        "y2": 250.521339
                    }
                },
                {
                    "category": "car",
                    "id": 16,
                    "attributes": {
                        "occluded": false,
                        "truncated": false,
                        "trafficLightColor": "none"
                    },
                    "box2d": {
                        "x1": 63.449978,
                        "y1": 281.378471,
                        "x2": 202.499929,
                        "y2": 374.528438
                    }
                },
                {
                    "category": "traffic sign",
                    "id": 17,
                    "attributes": {
                        "occluded": false,
                        "truncated": false,
                        "trafficLightColor": "none"
                    },
                    "box2d": {
                        "x1": 472.499835,
                        "y1": 37.799987,
                        "x2": 491.399828,
                        "y2": 56.69998
                    }
                },
                {
                    "category": "area/alternative",
                    "id": 18,
                    "attributes": {},
                    "poly2d": [
                        [
                            838.721881,
                            396.887801,
                            "L"
                        ],
                        [
                            822.247294,
                            372.924764,
                            "L"
                        ],
                        [
                            988.490861,
                            356.450176,
                            "L"
                        ],
                        [
                            1229.618922,
                            419.353148,
                            "L"
                        ],
                        [
                            838.721881,
                            396.887801,
                            "L"
                        ]
                    ]
                },
                {
                    "category": "area/alternative",
                    "id": 19,
                    "attributes": {},
                    "poly2d": [
                        [
                            567.640024,
                            375.920142,
                            "L"
                        ],
                        [
                            549.667747,
                            389.399352,
                            "L"
                        ],
                        [
                            334.000413,
                            389.399352,
                            "L"
                        ],
                        [
                            567.640024,
                            329.491759,
                            "L"
                        ],
                        [
                            567.640024,
                            375.920142,
                            "L"
                        ]
                    ]
                },
                {
                    "category": "area/alternative",
                    "id": 20,
                    "attributes": {},
                    "poly2d": [
                        [
                            307.041997,
                            389.399352,
                            "L"
                        ],
                        [
                            563.146955,
                            319.007929,
                            "L"
                        ],
                        [
                            537.686229,
                            314.514861,
                            "L"
                        ],
                        [
                            244.139025,
                            375.920142,
                            "L"
                        ],
                        [
                            307.041997,
                            389.399352,
                            "L"
                        ]
                    ]
                },
                {
                    "category": "lane/single white",
                    "id": 21,
                    "attributes": {
                        "direction": "parallel",
                        "style": "dashed"
                    },
                    "poly2d": [
                        [
                            569.131582,
                            321.015791,
                            "L"
                        ],
                        [
                            297.994738,
                            393.915792,
                            "L"
                        ]
                    ]
                },
                {
                    "category": "lane/single white",
                    "id": 22,
                    "attributes": {
                        "direction": "parallel",
                        "style": "dashed"
                    },
                    "poly2d": [
                        [
                            584.47895,
                            365.778949,
                            "L"
                        ],
                        [
                            544.831582,
                            392.636844,
                            "L"
                        ]
                    ]
                },
                {
                    "category": "lane/single white",
                    "id": 23,
                    "attributes": {
                        "direction": "parallel",
                        "style": "dashed"
                    },
                    "poly2d": [
                        [
                            584.47895,
                            370.894739,
                            "L"
                        ],
                        [
                            553.784213,
                            392.636844,
                            "L"
                        ]
                    ]
                },
                {
                    "category": "lane/single white",
                    "id": 24,
                    "attributes": {
                        "direction": "parallel",
                        "style": "dashed"
                    },
                    "poly2d": [
                        [
                            776.321057,
                            304.389475,
                            "L"
                        ],
                        [
                            827.478952,
                            401.589476,
                            "L"
                        ]
                    ]
                },
                {
                    "category": "lane/single white",
                    "id": 25,
                    "attributes": {
                        "direction": "parallel",
                        "style": "dashed"
                    },
                    "poly2d": [
                        [
                            807.015794,
                            341.478949,
                            "L"
                        ],
                        [
                            837.710531,
                            401.589476,
                            "L"
                        ]
                    ]
                },
                {
                    "category": "lane/single white",
                    "id": 26,
                    "attributes": {
                        "direction": "parallel",
                        "style": "dashed"
                    },
                    "poly2d": [
                        [
                            781.436846,
                            304.389475,
                            "L"
                        ],
                        [
                            791.668425,
                            321.015791,
                            "L"
                        ]
                    ]
                },
                {
                    "category": "lane/road curb",
                    "id": 27,
                    "attributes": {
                        "direction": "parallel",
                        "style": "solid"
                    },
                    "poly2d": [
                        [
                            914.447373,
                            321.015791,
                            "L"
                        ],
                        [
                            1239.300007,
                            423.331581,
                            "L"
                        ]
                    ]
                },
                {
                    "category": "lane/road curb",
                    "id": 28,
                    "attributes": {
                        "direction": "parallel",
                        "style": "solid"
                    },
                    "poly2d": [
                        [
                            546.110529,
                            309.505265,
                            "L"
                        ],
                        [
                            198.236843,
                            378.568423,
                            "L"
                        ]
                    ]
                },
                {
                    "category": "lane/crosswalk",
                    "id": 29,
                    "attributes": {
                        "direction": "vertical",
                        "style": "dashed"
                    },
                    "poly2d": [
                        [
                            750.742109,
                            300.552633,
                            "L"
                        ],
                        [
                            791.668425,
                            300.552633,
                            "L"
                        ]
                    ]
                },
                {
                    "category": "lane/crosswalk",
                    "id": 30,
                    "attributes": {
                        "direction": "vertical",
                        "style": "dashed"
                    },
                    "poly2d": [
                        [
                            748.184214,
                            294.157896,
                            "L"
                        ],
                        [
                            794.22632,
                            295.436844,
                            "L"
                        ]
                    ]
                },
                {
                    "category": "lane/crosswalk",
                    "id": 31,
                    "attributes": {
                        "direction": "vertical",
                        "style": "dashed"
                    },
                    "poly2d": [
                        [
                            748.184214,
                            289.042107,
                            "L"
                        ],
                        [
                            796.784215,
                            289.042107,
                            "L"
                        ]
                    ]
                }
            ]
        }
    ],
    "attributes": {
        "weather": "clear",
        "scene": "city street",
        "timeofday": "night"
    }
}