{
    "name": "00beeb02-ba0790aa",
    "frames": [
        {
            "timestamp": 10000,
            "objects": [
                {
                    "category": "traffic sign",
                    "id": 0,
                    "attributes": {
                        "occluded": false,
                        "truncated": false,
                        "trafficLightColor": "none"
                    },
                    "box2d": {
                        "x1": 728.981628,
                        "y1": 215.220661,
                        "x2": 745.754014,
                        "y2": 239.979897
                    }
                },
                {
                    "category": "traffic sign",
                    "id": 1,
                    "attributes": {
                        "occluded": false,
                        "truncated": false,
                        "trafficLightColor": "none"
                    },
                    "box2d": {
                        "x1": 798.467227,
                        "y1": 192.058794,
                        "x2": 820.830409,
                        "y2": 202.4417
                    }
                },
                {
                    "category": "traffic sign",
                    "id": 2,
                    "attributes": {
                        "occluded": false,
                        "truncated": false,
                        "trafficLightColor": "none"
                    },
                    "box2d": {
                        "x1": 796.071172,
                        "y1": 208.83118,
                        "x2": 808.85013,
                        "y2": 230.395679
                    }
                },
                {
                    "category": "traffic light",
                    "id": 3,
                    "attributes": {
                        "occluded": false,
                        "truncated": false,
                        "trafficLightColor": "green"
                    },
                    "box2d": {
                        "x1": 433.526233,
                        "y1": 164.529119,
                        "x2": 442.311768,
                        "y2": 192.483097
                    }
                },
                {
                    "category": "traffic light",
                    "id": 4,
                    "attributes": {
                        "occluded": false,
                        "truncated": false,
                        "trafficLightColor": "green"
                    },
                    "box2d": {
                        "x1": 614.029053,
                        "y1": 158.139639,
                        "x2": 624.411958,
                        "y2": 183.697558
                    }
                },
                {
                    "category": "truck",
                    "id": 5,
                    "attributes": {
                        "occluded": true,
                        "truncated": false,
                        "trafficLightColor": "none"
                    },
                    "box2d": {
                        "x1": 593.263242,
                        "y1": 230.819978,
                        "x2": 656.35936,
                        "y2": 309.889799
                    }
                },
                {
                    "category": "truck",
                    "id": 6,
                    "attributes": {
                        "occluded": true,
                        "truncated": false,
                        "trafficLightColor": "none"
                    },
                    "box2d": {
                        "x1": 514.992107,
                        "y1": 224.430498,
                        "x2": 593.263243,
                        "y2": 297.110837
                    }
                },
                {
                    "category": "truck",
                    "id": 7,
                    "attributes": {
                        "occluded": false,
                        "truncated": true,
                        "trafficLightColor": "none"
                    },
                    "box2d": {
                        "x1": 0.638938,
                        "y1": 0,
                        "x2": 398.384093,
                        "y2": 517.547907
                    }
                },
                {
                    "category": "car",
                    "id": 8,
                    "attributes": {
                        "occluded": true,
                        "truncated": false,
                        "trafficLightColor": "none"
                    },
                    "box2d": {
                        "x1": 408.447532,
                        "y1": 293.756362,
                        "x2": 443.589674,
                        "y2": 324.905079
                    }
                },
                {
                    "category": "car",
                    "id": 9,
                    "attributes": {
                        "occluded": true,
                        "truncated": false,
                        "trafficLightColor": "none"
                    },
                    "box2d": {
                        "x1": 500.296312,
                        "y1": 272.990551,
                        "x2": 513.075273,
                        "y2": 288.325302
                    }
                },
                {
                    "category": "car",
                    "id": 10,
                    "attributes": {
                        "occluded": true,
                        "truncated": false,
                        "trafficLightColor": "none"
                    },
                    "box2d": {
                        "x1": 442.790989,
                        "y1": 284.331876,
                        "x2": 501.094997,
                        "y2": 345.830624
                    }
                },
                {
                    "category": "car",
                    "id": 11,
                    "attributes": {
                        "occluded": true,
                        "truncated": false,
                        "trafficLightColor": "none"
                    },
                    "box2d": {
                        "x1": 661.630686,
                        "y1": 265.96212,
                        "x2": 690.383347,
                        "y2": 284.331876
                    }
                },
                {
                    "category": "car",
                    "id": 12,
                    "attributes": {
                        "occluded": true,
                        "truncated": false,
                        "trafficLightColor": "none"
                    },
                    "box2d": {
                        "x1": 667.221482,
                        "y1": 278.741081,
                        "x2": 688.785978,
                        "y2": 299.506892
                    }
                },
                {
                    "category": "car",
                    "id": 13,
                    "attributes": {
                        "occluded": true,
                        "truncated": false,
                        "trafficLightColor": "none"
                    },
                    "box2d": {
                        "x1": 676.007042,
                        "y1": 273.94897,
                        "x2": 728.720255,
                        "y2": 309.889797
                    }
                },
                {
                    "category": "car",
                    "id": 14,
                    "attributes": {
                        "occluded": true,
                        "truncated": false,
                        "trafficLightColor": "none"
                    },
                    "box2d": {
                        "x1": 929.190201,
                        "y1": 268.358175,
                        "x2": 1017.844241,
                        "y2": 311.487166
                    }
                },
                {
                    "category": "car",
                    "id": 15,
                    "attributes": {
                        "occluded": true,
                        "truncated": true,
                        "trafficLightColor": "none"
                    },
                    "box2d": {
                        "x1": 987.449264,
                        "y1": 217.774789,
                        "x2": 1279.76799,
                        "y2": 388.693388
                    }
                },
                {
                    "category": "car",
                    "id": 16,
                    "attributes": {
                        "occluded": false,
                        "truncated": false,
                        "trafficLightColor": "none"
                    },
                    "box2d": {
                        "x1": 469.368894,
                        "y1": 278.741081,
                        "x2": 612.333517,
                        "y2": 397.74515
                    }
                },
                {
                    "category": "car",
                    "id": 17,
                    "attributes": {
                        "occluded": false,
                        "truncated": false,
                        "trafficLightColor": "none"
                    },
                    "box2d": {
                        "x1": 716.695033,
                        "y1": 261.436246,
                        "x2": 1013.80587,
                        "y2": 440.341696
                    }
                },
                {
                    "category": "area/drivable",
                    "id": 18,
                    "attributes": {},
                    "poly2d": [
                        [
                            220.852466,
                            636.354562,
                            "L"
                        ],
                        [
                            450.439208,
                            586.444401,
                            "C"
                        ],
                        [
                            685.016968,
                            560.241565,
                            "C"
                        ],
                        [
                            915.851467,
                            581.453383,
                            "C"
                        ],
                        [
                            687.512478,
                            399.281294,
                            "L"
                        ],
                        [
                            445.448193,
                            416.74985,
                            "L"
                        ],
                        [
                            220.852466,
                            636.354562,
                            "L"
                        ]
                    ]
                },
                {
                    "category": "area/alternative",
                    "id": 19,
                    "attributes": {},
                    "poly2d": [
                        [
                            948.293071,
                            582.701138,
                            "L"
                        ],
                        [
                            1079.307246,
                            576.462368,
                            "C"
                        ],
                        [
                            1179.12757,
                            586.444401,
                            "C"
                        ],
                        [
                            1280.195648,
                            583.948892,
                            "C"
                        ],
                        [
                            1280.195648,
                            472.898781,
                            "L"
                        ],
                        [
                            1080.555001,
                            426.731883,
                            "L"
                        ],
                        [
                            831.004192,
                            496.606109,
                            "L"
                        ],
                        [
                            948.293071,
                            582.701138,
                            "L"
                        ]
                    ]
                },
                {
                    "category": "lane/single white",
                    "id": 20,
                    "attributes": {
                        "direction": "parallel",
                        "style": "dashed"
                    },
                    "poly2d": [
                        [
                            471.427988,
                            391.563721,
                            "L"
                        ],
                        [
                            218.063228,
                            638.786306,
                            "L"
                        ]
                    ]
                },
                {
                    "category": "lane/single white",
                    "id": 21,
                    "attributes": {
                        "direction": "parallel",
                        "style": "dashed"
                    },
                    "poly2d": [
                        [
                            462.214724,
                            383.886001,
                            "L"
                        ],
                        [
                            191.958979,
                            638.786306,
                            "L"
                        ]
                    ]
                },
                {
                    "category": "lane/single white",
                    "id": 22,
                    "attributes": {
                        "direction": "parallel",
                        "style": "dashed"
                    },
                    "poly2d": [
                        [
                            617.304669,
                            350.104033,
                            "L"
                        ],
                        [
                            918.271294,
                            583.506722,
                            "L"
                        ]
                    ]
                },
                {
                    "category": "lane/single white",
                    "id": 23,
                    "attributes": {
                        "direction": "parallel",
                        "style": "dashed"
                    },
                    "poly2d": [
                        [
                            628.053477,
                            347.032945,
                            "L"
                        ],
                        [
                            947.44663,
                            578.90009,
                            "L"
                        ]
                    ]
                },
                {
                    "category": "lane/single white",
                    "id": 24,
                    "attributes": {
                        "direction": "parallel",
                        "style": "solid"
                    },
                    "poly2d": [
                        [
                            1004.93185,
                            397.182598,
                            "L"
                        ],
                        [
                            1280.6437,
                            462.198745,
                            "L"
                        ]
                    ]
                }
            ]
        }
    ],
    "attributes": {
        "weather": "clear",
        "scene": "city street",
        "timeofday": "daytime"
    }
}