{
    "name": "00beeb02-50440dcd",
    "frames": [
        {
            "timestamp": 10000,
            "objects": [
                {
                    "category": "traffic sign",
                    "id": 0,
                    "attributes": {
                        "occluded": false,
                        "truncated": false,
                        "trafficLightColor": "none"
                    },
                    "box2d": {
                        "x1": 223.854587,
                        "y1": 303.509958,
                        "x2": 237.941546,
                        "y2": 322.719449
                    }
                },
                {
                    "category": "traffic sign",
                    "id": 1,
                    "attributes": {
                        "occluded": false,
                        "truncated": false,
                        "trafficLightColor": "none"
                    },
                    "box2d": {
                        "x1": 652.802537,
                        "y1": 284.300467,
                        "x2": 673.292658,
                        "y2": 295.826162
                    }
                },
                {
                    "category": "traffic sign",
                    "id": 2,
                    "attributes": {
                        "occluded": false,
                        "truncated": false,
                        "trafficLightColor": "none"
                    },
                    "box2d": {
                        "x1": 668.170129,
                        "y1": 290.703631,
                        "x2": 682.257091,
                        "y2": 304.790591
                    }
                },
                {
                    "category": "traffic sign",
                    "id": 3,
                    "attributes": {
                        "occluded": false,
                        "truncated": false,
                        "trafficLightColor": "none"
                    },
                    "box2d": {
                        "x1": 655.363803,
                        "y1": 297.106795,
                        "x2": 665.608865,
                        "y2": 307.351855
                    }
                },
                {
                    "category": "car",
                    "id": 4,
                    "attributes": {
                        "occluded": true,
                        "truncated": false,
                        "trafficLightColor": "none"
                    },
                    "box2d": {
                        "x1": 617.008836,
                        "y1": 299.66806,
                        "x2": 629.751148,
                        "y2": 312.474386
                    }
                },
                {
                    "category": "car",
                    "id": 5,
                    "attributes": {
                        "occluded": false,
                        "truncated": false,
                        "trafficLightColor": "none"
                    },
                    "box2d": {
                        "x1": 623.347984,
                        "y1": 294.545531,
                        "x2": 641.276842,
                        "y2": 313.755023
                    }
                },
                {
                    "category": "car",
                    "id": 6,
                    "attributes": {
                        "occluded": false,
                        "truncated": false,
                        "trafficLightColor": "none"
                    },
                    "box2d": {
                        "x1": 404.359785,
                        "y1": 311.193755,
                        "x2": 424.998217,
                        "y2": 325.280714
                    }
                },
                {
                    "category": "area/alternative",
                    "id": 7,
                    "attributes": {},
                    "poly2d": [
                        [
                            1.513276,
                            494.237638,
                            "L"
                        ],
                        [
                            0,
                            663.476587,
                            "L"
                        ],
                        [
                            73.402386,
                            642.50893,
                            "C"
                        ],
                        [
                            166.259154,
                            633.522791,
                            "C"
                        ],
                        [
                            209.692159,
                            635.020481,
                            "C"
                        ],
                        [
                            593.100752,
                            326.496378,
                            "L"
                        ],
                        [
                            578.916069,
                            316.833905,
                            "L"
                        ],
                        [
                            1.513276,
                            494.237638,
                            "L"
                        ]
                    ]
                },
                {
                    "category": "area/drivable",
                    "id": 8,
                    "attributes": {},
                    "poly2d": [
                        [
                            241.143646,
                            638.015861,
                            "L"
                        ],
                        [
                            542.179296,
                            545.159092,
                            "C"
                        ],
                        [
                            885.150265,
                            573.615199,
                            "C"
                        ],
                        [
                            1144.250602,
                            578.108268,
                            "C"
                        ],
                        [
                            981.212619,
                            491.374082,
                            "C"
                        ],
                        [
                            798.498861,
                            385.933385,
                            "C"
                        ],
                        [
                            654.506032,
                            316.012552,
                            "C"
                        ],
                        [
                            606.57996,
                            317.51024,
                            "L"
                        ],
                        [
                            241.143646,
                            638.015861,
                            "L"
                        ]
                    ]
                },
                {
                    "category": "lane/single yellow",
                    "id": 9,
                    "attributes": {
                        "direction": "parallel",
                        "style": "solid"
                    },
                    "poly2d": [
                        [
                            562.033463,
                            320.51145,
                            "L"
                        ],
                        [
                            0,
                            495.102508,
                            "L"
                        ]
                    ]
                },
                {
                    "category": "lane/single yellow",
                    "id": 10,
                    "attributes": {
                        "direction": "parallel",
                        "style": "solid"
                    },
                    "poly2d": [
                        [
                            561.052635,
                            319.530601,
                            "L"
                        ],
                        [
                            0,
                            489.217416,
                            "L"
                        ]
                    ]
                },
                {
                    "category": "lane/road curb",
                    "id": 11,
                    "attributes": {
                        "direction": "parallel",
                        "style": "solid"
                    },
                    "poly2d": [
                        [
                            594.400779,
                            313.645509,
                            "C"
                        ],
                        [
                            547.321047,
                            308.741265,
                            "C"
                        ],
                        [
                            193.242224,
                            421.538859,
                            "C"
                        ],
                        [
                            0,
                            472.542988,
                            "L"
                        ]
                    ]
                },
                {
                    "category": "lane/road curb",
                    "id": 12,
                    "attributes": {
                        "direction": "parallel",
                        "style": "solid"
                    },
                    "poly2d": [
                        [
                            653.250446,
                            312.664662,
                            "L"
                        ],
                        [
                            1279.980227,
                            501.968449,
                            "L"
                        ]
                    ]
                },
                {
                    "category": "lane/single white",
                    "id": 13,
                    "attributes": {
                        "direction": "parallel",
                        "style": "solid"
                    },
                    "poly2d": [
                        [
                            647.365478,
                            313.645509,
                            "C"
                        ],
                        [
                            767.026465,
                            369.553881,
                            "C"
                        ],
                        [
                            982.789415,
                            492.375536,
                            "C"
                        ],
                        [
                            1150.530119,
                            582.398038,
                            "L"
                        ]
                    ]
                },
                {
                    "category": "lane/single white",
                    "id": 14,
                    "attributes": {
                        "direction": "parallel",
                        "style": "solid"
                    },
                    "poly2d": [
                        [
                            648.346307,
                            309.722116,
                            "C"
                        ],
                        [
                            800.374608,
                            379.362368,
                            "C"
                        ],
                        [
                            1010.252592,
                            492.375536,
                            "C"
                        ],
                        [
                            1191.724884,
                            583.378886,
                            "L"
                        ]
                    ]
                },
                {
                    "category": "lane/single white",
                    "id": 15,
                    "attributes": {
                        "direction": "parallel",
                        "style": "dashed"
                    },
                    "poly2d": [
                        [
                            617.940645,
                            312.664662,
                            "L"
                        ],
                        [
                            238.360302,
                            632.421318,
                            "L"
                        ]
                    ]
                },
                {
                    "category": "lane/single white",
                    "id": 16,
                    "attributes": {
                        "direction": "parallel",
                        "style": "dashed"
                    },
                    "poly2d": [
                        [
                            614.998162,
                            310.702964,
                            "L"
                        ],
                        [
                            211.877953,
                            634.383015,
                            "L"
                        ]
                    ]
                }
            ]
        }
    ],
    "attributes": {
        "weather": "clear",
        "scene": "highway",
        "timeofday": "daytime"
    }
}