{
    "name": "00be7020-457a6db4",
    "frames": [
        {
            "timestamp": 10000,
            "objects": [
                {
                    "category": "car",
                    "id": 0,
                    "attributes": {
                        "occluded": true,
                        "truncated": false,
                        "trafficLightColor": "none"
                    },
                    "box2d": {
                        "x1": 506.207356,
                        "y1": 309.505266,
                        "x2": 530.507357,
                        "y2": 326.131582
                    }
                },
                {
                    "category": "car",
                    "id": 1,
                    "attributes": {
                        "occluded": true,
                        "truncated": false,
                        "trafficLightColor": "none"
                    },
                    "box2d": {
                        "x1": 469.117882,
                        "y1": 306.94737,
                        "x2": 494.696828,
                        "y2": 314.621053
                    }
                },
                {
                    "category": "car",
                    "id": 2,
                    "attributes": {
                        "occluded": true,
                        "truncated": false,
                        "trafficLightColor": "none"
                    },
                    "box2d": {
                        "x1": 446.096829,
                        "y1": 313.342107,
                        "x2": 469.117883,
                        "y2": 329.968423
                    }
                },
                {
                    "category": "car",
                    "id": 3,
                    "attributes": {
                        "occluded": true,
                        "truncated": false,
                        "trafficLightColor": "none"
                    },
                    "box2d": {
                        "x1": 419.238934,
                        "y1": 303.110529,
                        "x2": 444.81788,
                        "y2": 332.526319
                    }
                },
                {
                    "category": "car",
                    "id": 4,
                    "attributes": {
                        "occluded": true,
                        "truncated": false,
                        "trafficLightColor": "none"
                    },
                    "box2d": {
                        "x1": 240.186301,
                        "y1": 304.389475,
                        "x2": 327.154723,
                        "y2": 364.500002
                    }
                },
                {
                    "category": "car",
                    "id": 5,
                    "attributes": {
                        "occluded": true,
                        "truncated": false,
                        "trafficLightColor": "none"
                    },
                    "box2d": {
                        "x1": 580.386303,
                        "y1": 303.110529,
                        "x2": 625.149461,
                        "y2": 335.084212
                    }
                },
                {
                    "category": "car",
                    "id": 6,
                    "attributes": {
                        "occluded": true,
                        "truncated": false,
                        "trafficLightColor": "none"
                    },
                    "box2d": {
                        "x1": 1003.717884,
                        "y1": 297.994738,
                        "x2": 1056.154726,
                        "y2": 317.178949
                    }
                },
                {
                    "category": "car",
                    "id": 7,
                    "attributes": {
                        "occluded": true,
                        "truncated": false,
                        "trafficLightColor": "none"
                    },
                    "box2d": {
                        "x1": 1024.181042,
                        "y1": 292.878949,
                        "x2": 1167.423147,
                        "y2": 359.384212
                    }
                },
                {
                    "category": "car",
                    "id": 8,
                    "attributes": {
                        "occluded": false,
                        "truncated": false,
                        "trafficLightColor": "none"
                    },
                    "box2d": {
                        "x1": 476.791566,
                        "y1": 315.900002,
                        "x2": 506.207356,
                        "y2": 335.084212
                    }
                },
                {
                    "category": "car",
                    "id": 9,
                    "attributes": {
                        "occluded": false,
                        "truncated": false,
                        "trafficLightColor": "none"
                    },
                    "box2d": {
                        "x1": 517.717882,
                        "y1": 304.389475,
                        "x2": 590.617882,
                        "y2": 355.54737
                    }
                },
                {
                    "category": "car",
                    "id": 10,
                    "attributes": {
                        "occluded": false,
                        "truncated": false,
                        "trafficLightColor": "none"
                    },
                    "box2d": {
                        "x1": 319.481039,
                        "y1": 291.600002,
                        "x2": 374.475776,
                        "y2": 344.036845
                    }
                },
                {
                    "category": "car",
                    "id": 11,
                    "attributes": {
                        "occluded": false,
                        "truncated": false,
                        "trafficLightColor": "none"
                    },
                    "box2d": {
                        "x1": 2.30209,
                        "y1": 266.021055,
                        "x2": 244.023145,
                        "y2": 406.705266
                    }
                },
                {
                    "category": "truck",
                    "id": 12,
                    "attributes": {
                        "occluded": false,
                        "truncated": false,
                        "trafficLightColor": "none"
                    },
                    "box2d": {
                        "x1": 620.033672,
                        "y1": 162.426316,
                        "x2": 1031.854726,
                        "y2": 445.073686
                    }
                },
                {
                    "category": "car",
                    "id": 13,
                    "attributes": {
                        "occluded": false,
                        "truncated": true,
                        "trafficLightColor": "none"
                    },
                    "box2d": {
                        "x1": 1075.338937,
                        "y1": 296.715792,
                        "x2": 1279.970517,
                        "y2": 427.168423
                    }
                },
                {
                    "category": "car",
                    "id": 14,
                    "attributes": {
                        "occluded": false,
                        "truncated": false,
                        "trafficLightColor": "none"
                    },
                    "box2d": {
                        "x1": 384.707356,
                        "y1": 306.94737,
                        "x2": 432.028409,
                        "y2": 338.921053
                    }
                },
                {
                    "category": "truck",
                    "id": 15,
                    "attributes": {
                        "occluded": true,
                        "truncated": false,
                        "trafficLightColor": "none"
                    },
                    "box2d": {
                        "x1": 31.193851,
                        "y1": 272.010381,
                        "x2": 84.847275,
                        "y2": 301.956478
                    }
                },
                {
                    "category": "area/drivable",
                    "id": 16,
                    "attributes": {},
                    "poly2d": [
                        [
                            1.09832,
                            537.590565,
                            "L"
                        ],
                        [
                            257.003357,
                            506.837764,
                            "C"
                        ],
                        [
                            509.613479,
                            506.837764,
                            "C"
                        ],
                        [
                            749.043942,
                            500.247877,
                            "C"
                        ],
                        [
                            461.288066,
                            336.599035,
                            "L"
                        ],
                        [
                            393.193162,
                            339.893978,
                            "L"
                        ],
                        [
                            1.09832,
                            537.590565,
                            "L"
                        ]
                    ]
                },
                {
                    "category": "lane/single white",
                    "id": 17,
                    "attributes": {
                        "direction": "parallel",
                        "style": "solid"
                    },
                    "poly2d": [
                        [
                            1020.509812,
                            409.880552,
                            "L"
                        ],
                        [
                            1280.129072,
                            445.814466,
                            "L"
                        ]
                    ]
                },
                {
                    "category": "lane/single white",
                    "id": 18,
                    "attributes": {
                        "direction": "parallel",
                        "style": "solid"
                    },
                    "poly2d": [
                        [
                            1032.711261,
                            402.777511,
                            "L"
                        ],
                        [
                            1280.06003,
                            439.560844,
                            "L"
                        ]
                    ]
                },
                {
                    "category": "lane/single white",
                    "id": 19,
                    "attributes": {
                        "direction": "parallel",
                        "style": "solid"
                    },
                    "poly2d": [
                        [
                            1031.791678,
                            390.822926,
                            "L"
                        ],
                        [
                            1089.725428,
                            395.420843,
                            "L"
                        ]
                    ]
                },
                {
                    "category": "lane/single white",
                    "id": 20,
                    "attributes": {
                        "direction": "parallel",
                        "style": "solid"
                    },
                    "poly2d": [
                        [
                            1032.188183,
                            385.625161,
                            "L"
                        ],
                        [
                            1095.970046,
                            391.913594,
                            "L"
                        ]
                    ]
                },
                {
                    "category": "lane/road curb",
                    "id": 21,
                    "attributes": {
                        "direction": "parallel",
                        "style": "solid"
                    },
                    "poly2d": [
                        [
                            478.813135,
                            349.691248,
                            "C"
                        ],
                        [
                            499.474866,
                            361.36977,
                            "C"
                        ],
                        [
                            505.763219,
                            370.353248,
                            "C"
                        ],
                        [
                            541.696663,
                            364.963161,
                            "L"
                        ]
                    ]
                },
                {
                    "category": "lane/road curb",
                    "id": 22,
                    "attributes": {
                        "direction": "parallel",
                        "style": "solid"
                    },
                    "poly2d": [
                        [
                            543.492916,
                            388.064176,
                            "C"
                        ],
                        [
                            639.6153,
                            436.830987,
                            "C"
                        ],
                        [
                            672.853736,
                            478.154987,
                            "C"
                        ],
                        [
                            787.840758,
                            461.086379,
                            "L"
                        ]
                    ]
                },
                {
                    "category": "lane/single white",
                    "id": 23,
                    "attributes": {
                        "direction": "parallel",
                        "style": "solid"
                    },
                    "poly2d": [
                        [
                            947.744587,
                            416.168987,
                            "C"
                        ],
                        [
                            1280.129072,
                            473.663247,
                            "C"
                        ],
                        [
                            1105.851742,
                            477.256639,
                            "C"
                        ],
                        [
                            889.35274,
                            417.965683,
                            "L"
                        ]
                    ]
                },
                {
                    "category": "lane/single white",
                    "id": 24,
                    "attributes": {
                        "direction": "parallel",
                        "style": "solid"
                    },
                    "poly2d": [
                        [
                            916.302824,
                            419.762379,
                            "C"
                        ],
                        [
                            1100.461727,
                            461.086379,
                            "C"
                        ],
                        [
                            1228.025455,
                            475.459944,
                            "C"
                        ],
                        [
                            931.574537,
                            416.168987,
                            "L"
                        ]
                    ]
                }
            ]
        }
    ],
    "attributes": {
        "weather": "partly cloudy",
        "scene": "city street",
        "timeofday": "daytime"
    }
}