{
    "name": "00c12bd0-bb46e479",
    "frames": [
        {
            "timestamp": 10000,
            "objects": [
                {
                    "category": "traffic sign",
                    "id": 0,
                    "attributes": {
                        "occluded": false,
                        "truncated": false,
                        "trafficLightColor": "none"
                    },
                    "box2d": {
                        "x1": 997.54384,
                        "y1": 89.437439,
                        "x2": 1043.106309,
                        "y2": 121.499915
                    }
                },
                {
                    "category": "person",
                    "id": 1,
                    "attributes": {
                        "occluded": false,
                        "truncated": false,
                        "trafficLightColor": "none"
                    },
                    "box2d": {
                        "x1": 40.731998,
                        "y1": 253.124826,
                        "x2": 91.356963,
                        "y2": 357.749754
                    }
                },
                {
                    "category": "person",
                    "id": 2,
                    "attributes": {
                        "occluded": true,
                        "truncated": false,
                        "trafficLightColor": "none"
                    },
                    "box2d": {
                        "x1": 25.544509,
                        "y1": 264.937318,
                        "x2": 50.856991,
                        "y2": 361.124752
                    }
                },
                {
                    "category": "car",
                    "id": 3,
                    "attributes": {
                        "occluded": true,
                        "truncated": false,
                        "trafficLightColor": "none"
                    },
                    "box2d": {
                        "x1": 518.29417,
                        "y1": 259.874821,
                        "x2": 538.544156,
                        "y2": 281.812306
                    }
                },
                {
                    "category": "car",
                    "id": 4,
                    "attributes": {
                        "occluded": true,
                        "truncated": false,
                        "trafficLightColor": "none"
                    },
                    "box2d": {
                        "x1": 509.856676,
                        "y1": 264.937318,
                        "x2": 528.419163,
                        "y2": 286.874803
                    }
                },
                {
                    "category": "car",
                    "id": 5,
                    "attributes": {
                        "occluded": true,
                        "truncated": false,
                        "trafficLightColor": "none"
                    },
                    "box2d": {
                        "x1": 484.544193,
                        "y1": 264.937318,
                        "x2": 509.856676,
                        "y2": 295.312297
                    }
                },
                {
                    "category": "car",
                    "id": 6,
                    "attributes": {
                        "occluded": true,
                        "truncated": false,
                        "trafficLightColor": "none"
                    },
                    "box2d": {
                        "x1": 476.106699,
                        "y1": 271.687313,
                        "x2": 492.981687,
                        "y2": 305.43729
                    }
                },
                {
                    "category": "car",
                    "id": 7,
                    "attributes": {
                        "occluded": true,
                        "truncated": false,
                        "trafficLightColor": "none"
                    },
                    "box2d": {
                        "x1": 435.606727,
                        "y1": 266.624817,
                        "x2": 481.169195,
                        "y2": 312.187285
                    }
                },
                {
                    "category": "car",
                    "id": 8,
                    "attributes": {
                        "occluded": false,
                        "truncated": false,
                        "trafficLightColor": "none"
                    },
                    "box2d": {
                        "x1": 381.606764,
                        "y1": 275.062311,
                        "x2": 464.294207,
                        "y2": 322.312278
                    }
                },
                {
                    "category": "car",
                    "id": 9,
                    "attributes": {
                        "occluded": true,
                        "truncated": false,
                        "trafficLightColor": "none"
                    },
                    "box2d": {
                        "x1": 570.606634,
                        "y1": 264.937318,
                        "x2": 584.106625,
                        "y2": 283.499805
                    }
                },
                {
                    "category": "car",
                    "id": 10,
                    "attributes": {
                        "occluded": true,
                        "truncated": false,
                        "trafficLightColor": "none"
                    },
                    "box2d": {
                        "x1": 582.419126,
                        "y1": 259.874821,
                        "x2": 597.606615,
                        "y2": 286.874803
                    }
                },
                {
                    "category": "car",
                    "id": 11,
                    "attributes": {
                        "occluded": true,
                        "truncated": false,
                        "trafficLightColor": "none"
                    },
                    "box2d": {
                        "x1": 587.481622,
                        "y1": 266.624817,
                        "x2": 611.106606,
                        "y2": 300.374793
                    }
                },
                {
                    "category": "car",
                    "id": 12,
                    "attributes": {
                        "occluded": true,
                        "truncated": false,
                        "trafficLightColor": "none"
                    },
                    "box2d": {
                        "x1": 602.669112,
                        "y1": 259.874821,
                        "x2": 636.419089,
                        "y2": 300.374793
                    }
                },
                {
                    "category": "car",
                    "id": 13,
                    "attributes": {
                        "occluded": true,
                        "truncated": false,
                        "trafficLightColor": "none"
                    },
                    "box2d": {
                        "x1": 611.106606,
                        "y1": 266.624817,
                        "x2": 646.544082,
                        "y2": 310.499787
                    }
                },
                {
                    "category": "car",
                    "id": 14,
                    "attributes": {
                        "occluded": true,
                        "truncated": false,
                        "trafficLightColor": "none"
                    },
                    "box2d": {
                        "x1": 624.606597,
                        "y1": 275.062311,
                        "x2": 649.919079,
                        "y2": 315.562283
                    }
                },
                {
                    "category": "car",
                    "id": 15,
                    "attributes": {
                        "occluded": true,
                        "truncated": false,
                        "trafficLightColor": "none"
                    },
                    "box2d": {
                        "x1": 638.106587,
                        "y1": 276.74981,
                        "x2": 665.106569,
                        "y2": 327.374775
                    }
                },
                {
                    "category": "truck",
                    "id": 16,
                    "attributes": {
                        "occluded": false,
                        "truncated": false,
                        "trafficLightColor": "none"
                    },
                    "box2d": {
                        "x1": 644.856583,
                        "y1": 217.68735,
                        "x2": 941.856379,
                        "y2": 420.187211
                    }
                },
                {
                    "category": "car",
                    "id": 17,
                    "attributes": {
                        "occluded": true,
                        "truncated": false,
                        "trafficLightColor": "none"
                    },
                    "box2d": {
                        "x1": 940.16888,
                        "y1": 264.937318,
                        "x2": 975.606355,
                        "y2": 312.187285
                    }
                },
                {
                    "category": "car",
                    "id": 18,
                    "attributes": {
                        "occluded": true,
                        "truncated": false,
                        "trafficLightColor": "none"
                    },
                    "box2d": {
                        "x1": 955.356369,
                        "y1": 258.187322,
                        "x2": 1115.668759,
                        "y2": 344.249763
                    }
                },
                {
                    "category": "car",
                    "id": 19,
                    "attributes": {
                        "occluded": false,
                        "truncated": true,
                        "trafficLightColor": "none"
                    },
                    "box2d": {
                        "x1": 906.418903,
                        "y1": 280.462302,
                        "x2": 1279.356147,
                        "y2": 496.462154
                    }
                },
                {
                    "category": "area/drivable",
                    "id": 20,
                    "attributes": {},
                    "poly2d": [
                        [
                            544.04981,
                            282.149901,
                            "L"
                        ],
                        [
                            566.999802,
                            284.8499,
                            "L"
                        ],
                        [
                            645.299774,
                            334.799883,
                            "L"
                        ],
                        [
                            639.899776,
                            433.349849,
                            "L"
                        ],
                        [
                            890.999688,
                            448.199843,
                            "L"
                        ],
                        [
                            905.849683,
                            481.949831,
                            "L"
                        ],
                        [
                            681.749761,
                            473.849834,
                            "C"
                        ],
                        [
                            294.299897,
                            473.849834,
                            "C"
                        ],
                        [
                            0,
                            500.247878,
                            "C"
                        ],
                        [
                            0,
                            457.64984,
                            "L"
                        ],
                        [
                            375.299869,
                            333.449883,
                            "L"
                        ],
                        [
                            450.899842,
                            332.099884,
                            "L"
                        ],
                        [
                            544.04981,
                            282.149901,
                            "L"
                        ]
                    ]
                },
                {
                    "category": "lane/road curb",
                    "id": 21,
                    "attributes": {
                        "direction": "parallel",
                        "style": "solid"
                    },
                    "poly2d": [
                        [
                            379.807079,
                            331.969591,
                            "L"
                        ],
                        [
                            0,
                            465.309178,
                            "L"
                        ]
                    ]
                }
            ]
        }
    ],
    "attributes": {
        "weather": "snowy",
        "scene": "city street",
        "timeofday": "daytime"
    }
}