{
    "name": "00c17a92-d4803287",
    "frames": [
        {
            "timestamp": 10000,
            "objects": [
                {
                    "category": "car",
                    "id": 0,
                    "attributes": {
                        "occluded": false,
                        "truncated": true,
                        "trafficLightColor": "none"
                    },
                    "box2d": {
                        "x1": 0,
                        "y1": 268.897917,
                        "x2": 306.808099,
                        "y2": 467.265222
                    }
                },
                {
                    "category": "car",
                    "id": 1,
                    "attributes": {
                        "occluded": false,
                        "truncated": true,
                        "trafficLightColor": "none"
                    },
                    "box2d": {
                        "x1": 477.403981,
                        "y1": 328.848919,
                        "x2": 675.771285,
                        "y2": 447.869301
                    }
                },
                {
                    "category": "car",
                    "id": 2,
                    "attributes": {
                        "occluded": false,
                        "truncated": true,
                        "trafficLightColor": "none"
                    },
                    "box2d": {
                        "x1": 731.314133,
                        "y1": 356.179529,
                        "x2": 900.587568,
                        "y2": 448.750939
                    }
                },
                {
                    "category": "car",
                    "id": 3,
                    "attributes": {
                        "occluded": true,
                        "truncated": true,
                        "trafficLightColor": "none"
                    },
                    "box2d": {
                        "x1": 690.318222,
                        "y1": 357.501978,
                        "x2": 782.889631,
                        "y2": 444.783593
                    }
                },
                {
                    "category": "car",
                    "id": 4,
                    "attributes": {
                        "occluded": true,
                        "truncated": false,
                        "trafficLightColor": "none"
                    },
                    "box2d": {
                        "x1": 673.126387,
                        "y1": 374.69381,
                        "x2": 722.056991,
                        "y2": 443.461143
                    }
                },
                {
                    "category": "car",
                    "id": 5,
                    "attributes": {
                        "occluded": false,
                        "truncated": true,
                        "trafficLightColor": "none"
                    },
                    "box2d": {
                        "x1": 878.546807,
                        "y1": 266.253019,
                        "x2": 1279.248762,
                        "y2": 456.685631
                    }
                },
                {
                    "category": "car",
                    "id": 6,
                    "attributes": {
                        "occluded": false,
                        "truncated": true,
                        "trafficLightColor": "none"
                    },
                    "box2d": {
                        "x1": 315.183621,
                        "y1": 385.714212,
                        "x2": 401.700018,
                        "y2": 438.501992
                    }
                },
                {
                    "category": "truck",
                    "id": 7,
                    "attributes": {
                        "occluded": true,
                        "truncated": false,
                        "trafficLightColor": "none"
                    },
                    "box2d": {
                        "x1": 446.987662,
                        "y1": 346.922389,
                        "x2": 493.273365,
                        "y2": 420.979517
                    }
                },
                {
                    "category": "traffic light",
                    "id": 8,
                    "attributes": {
                        "occluded": false,
                        "truncated": false,
                        "trafficLightColor": "green"
                    },
                    "box2d": {
                        "x1": 467.70603,
                        "y1": 282.563212,
                        "x2": 480.048879,
                        "y2": 307.248929
                    }
                },
                {
                    "category": "traffic light",
                    "id": 9,
                    "attributes": {
                        "occluded": false,
                        "truncated": false,
                        "trafficLightColor": "green"
                    },
                    "box2d": {
                        "x1": 594.661104,
                        "y1": 295.787699,
                        "x2": 603.036606,
                        "y2": 317.828515
                    }
                },
                {
                    "category": "traffic light",
                    "id": 10,
                    "attributes": {
                        "occluded": false,
                        "truncated": false,
                        "trafficLightColor": "none"
                    },
                    "box2d": {
                        "x1": 458.448889,
                        "y1": 286.530557,
                        "x2": 466.383583,
                        "y2": 301.077493
                    }
                },
                {
                    "category": "traffic light",
                    "id": 11,
                    "attributes": {
                        "occluded": false,
                        "truncated": false,
                        "trafficLightColor": "none"
                    },
                    "box2d": {
                        "x1": 584.081515,
                        "y1": 298.432597,
                        "x2": 593.338655,
                        "y2": 312.979533
                    }
                },
                {
                    "category": "traffic light",
                    "id": 12,
                    "attributes": {
                        "occluded": false,
                        "truncated": false,
                        "trafficLightColor": "none"
                    },
                    "box2d": {
                        "x1": 309.893806,
                        "y1": 345.159111,
                        "x2": 327.08564,
                        "y2": 361.028495
                    }
                },
                {
                    "category": "traffic light",
                    "id": 13,
                    "attributes": {
                        "occluded": false,
                        "truncated": false,
                        "trafficLightColor": "none"
                    },
                    "box2d": {
                        "x1": 401.142764,
                        "y1": 355.738697,
                        "x2": 414.367251,
                        "y2": 370.285635
                    }
                },
                {
                    "category": "traffic sign",
                    "id": 14,
                    "attributes": {
                        "occluded": true,
                        "truncated": false,
                        "trafficLightColor": "none"
                    },
                    "box2d": {
                        "x1": 319.150947,
                        "y1": 330.773975,
                        "x2": 347.836009,
                        "y2": 340.75095
                    }
                },
                {
                    "category": "traffic sign",
                    "id": 15,
                    "attributes": {
                        "occluded": false,
                        "truncated": false,
                        "trafficLightColor": "none"
                    },
                    "box2d": {
                        "x1": 904.99572,
                        "y1": 261.404026,
                        "x2": 936.734488,
                        "y2": 280.359125
                    }
                }
            ]
        }
    ],
    "attributes": {
        "weather": "rainy",
        "scene": "city street",
        "timeofday": "daytime"
    }
}