{
    "name": "00c29c52-f9524f1e",
    "frames": [
        {
            "timestamp": 10000,
            "objects": [
                {
                    "category": "car",
                    "id": 0,
                    "attributes": {
                        "occluded": true,
                        "truncated": false,
                        "trafficLightColor": "none"
                    },
                    "box2d": {
                        "x1": 312.77831,
                        "y1": 202.601997,
                        "x2": 397.246818,
                        "y2": 283.397961
                    }
                },
                {
                    "category": "car",
                    "id": 1,
                    "attributes": {
                        "occluded": true,
                        "truncated": false,
                        "trafficLightColor": "none"
                    },
                    "box2d": {
                        "x1": 490.590637,
                        "y1": 227.238645,
                        "x2": 504.362677,
                        "y2": 240.245572
                    }
                },
                {
                    "category": "bus",
                    "id": 2,
                    "attributes": {
                        "occluded": true,
                        "truncated": false,
                        "trafficLightColor": "none"
                    },
                    "box2d": {
                        "x1": 414.385355,
                        "y1": 200.612703,
                        "x2": 554.554107,
                        "y2": 245.90741
                    }
                },
                {
                    "category": "car",
                    "id": 3,
                    "attributes": {
                        "occluded": false,
                        "truncated": false,
                        "trafficLightColor": "none"
                    },
                    "box2d": {
                        "x1": 439.48107,
                        "y1": 225.126944,
                        "x2": 491.508774,
                        "y2": 247.774297
                    }
                },
                {
                    "category": "car",
                    "id": 4,
                    "attributes": {
                        "occluded": false,
                        "truncated": false,
                        "trafficLightColor": "none"
                    },
                    "box2d": {
                        "x1": 502.526405,
                        "y1": 224.514853,
                        "x2": 536.803479,
                        "y2": 248.998477
                    }
                },
                {
                    "category": "truck",
                    "id": 5,
                    "attributes": {
                        "occluded": true,
                        "truncated": false,
                        "trafficLightColor": "none"
                    },
                    "box2d": {
                        "x1": 543.944549,
                        "y1": 200.561698,
                        "x2": 564.14354,
                        "y2": 226.881594
                    }
                },
                {
                    "category": "bus",
                    "id": 6,
                    "attributes": {
                        "occluded": true,
                        "truncated": true,
                        "trafficLightColor": "none"
                    },
                    "box2d": {
                        "x1": 0.262325,
                        "y1": 76.686212,
                        "x2": 301.410913,
                        "y2": 102.394017
                    }
                },
                {
                    "category": "truck",
                    "id": 7,
                    "attributes": {
                        "occluded": true,
                        "truncated": false,
                        "trafficLightColor": "none"
                    },
                    "box2d": {
                        "x1": 451.518865,
                        "y1": 48.35516,
                        "x2": 698.803478,
                        "y2": 89.977322
                    }
                },
                {
                    "category": "car",
                    "id": 8,
                    "attributes": {
                        "occluded": true,
                        "truncated": false,
                        "trafficLightColor": "none"
                    },
                    "box2d": {
                        "x1": 803.266958,
                        "y1": 78.143573,
                        "x2": 823.48446,
                        "y2": 82.428207
                    }
                },
                {
                    "category": "traffic sign",
                    "id": 9,
                    "attributes": {
                        "occluded": false,
                        "truncated": false,
                        "trafficLightColor": "none"
                    },
                    "box2d": {
                        "x1": 310.125916,
                        "y1": 103.443316,
                        "x2": 343.17881,
                        "y2": 132.823666
                    }
                },
                {
                    "category": "traffic sign",
                    "id": 10,
                    "attributes": {
                        "occluded": false,
                        "truncated": false,
                        "trafficLightColor": "none"
                    },
                    "box2d": {
                        "x1": 728.387846,
                        "y1": 76.511328,
                        "x2": 752.259381,
                        "y2": 107.11586
                    }
                },
                {
                    "category": "traffic sign",
                    "id": 11,
                    "attributes": {
                        "occluded": false,
                        "truncated": false,
                        "trafficLightColor": "none"
                    },
                    "box2d": {
                        "x1": 727.775755,
                        "y1": 159.347595,
                        "x2": 755.319834,
                        "y2": 170.977315
                    }
                },
                {
                    "category": "traffic sign",
                    "id": 12,
                    "attributes": {
                        "occluded": false,
                        "truncated": false,
                        "trafficLightColor": "none"
                    },
                    "box2d": {
                        "x1": 738.181296,
                        "y1": 171.589407,
                        "x2": 752.87147,
                        "y2": 181.994948
                    }
                },
                {
                    "category": "traffic sign",
                    "id": 13,
                    "attributes": {
                        "occluded": false,
                        "truncated": false,
                        "trafficLightColor": "none"
                    },
                    "box2d": {
                        "x1": 710.025125,
                        "y1": 152.614598,
                        "x2": 726.551572,
                        "y2": 172.201498
                    }
                },
                {
                    "category": "traffic sign",
                    "id": 14,
                    "attributes": {
                        "occluded": false,
                        "truncated": false,
                        "trafficLightColor": "none"
                    },
                    "box2d": {
                        "x1": 711.249308,
                        "y1": 175.87404,
                        "x2": 728.387844,
                        "y2": 186.891673
                    }
                },
                {
                    "category": "traffic sign",
                    "id": 15,
                    "attributes": {
                        "occluded": false,
                        "truncated": false,
                        "trafficLightColor": "none"
                    },
                    "box2d": {
                        "x1": 710.025125,
                        "y1": 185.055401,
                        "x2": 726.551572,
                        "y2": 201.581847
                    }
                },
                {
                    "category": "traffic sign",
                    "id": 16,
                    "attributes": {
                        "occluded": false,
                        "truncated": false,
                        "trafficLightColor": "none"
                    },
                    "box2d": {
                        "x1": 665.342511,
                        "y1": 175.261951,
                        "x2": 685.541501,
                        "y2": 189.340034
                    }
                },
                {
                    "category": "traffic sign",
                    "id": 17,
                    "attributes": {
                        "occluded": false,
                        "truncated": false,
                        "trafficLightColor": "none"
                    },
                    "box2d": {
                        "x1": 897.936949,
                        "y1": 138.128451,
                        "x2": 926.705208,
                        "y2": 163.917871
                    }
                },
                {
                    "category": "traffic sign",
                    "id": 18,
                    "attributes": {
                        "occluded": false,
                        "truncated": false,
                        "trafficLightColor": "none"
                    },
                    "box2d": {
                        "x1": 907.52638,
                        "y1": 190.768244,
                        "x2": 917.31983,
                        "y2": 203.010057
                    }
                },
                {
                    "category": "traffic sign",
                    "id": 19,
                    "attributes": {
                        "occluded": false,
                        "truncated": false,
                        "trafficLightColor": "none"
                    },
                    "box2d": {
                        "x1": 942.415546,
                        "y1": 117.5214,
                        "x2": 973.632168,
                        "y2": 137.720391
                    }
                },
                {
                    "category": "traffic sign",
                    "id": 20,
                    "attributes": {
                        "occluded": false,
                        "truncated": false,
                        "trafficLightColor": "none"
                    },
                    "box2d": {
                        "x1": 960.166175,
                        "y1": 136.49621,
                        "x2": 977.304712,
                        "y2": 147.513841
                    }
                },
                {
                    "category": "traffic sign",
                    "id": 21,
                    "attributes": {
                        "occluded": false,
                        "truncated": false,
                        "trafficLightColor": "none"
                    },
                    "box2d": {
                        "x1": 1057.080512,
                        "y1": 71.614603,
                        "x2": 1074.21905,
                        "y2": 103.443316
                    }
                },
                {
                    "category": "traffic sign",
                    "id": 22,
                    "attributes": {
                        "occluded": false,
                        "truncated": false,
                        "trafficLightColor": "none"
                    },
                    "box2d": {
                        "x1": 1055.24424,
                        "y1": 105.279588,
                        "x2": 1074.831139,
                        "y2": 120.581853
                    }
                },
                {
                    "category": "traffic sign",
                    "id": 23,
                    "attributes": {
                        "occluded": false,
                        "truncated": false,
                        "trafficLightColor": "none"
                    },
                    "box2d": {
                        "x1": 867.74049,
                        "y1": 2.244325,
                        "x2": 891.612025,
                        "y2": 26.115859
                    }
                },
                {
                    "category": "traffic sign",
                    "id": 24,
                    "attributes": {
                        "occluded": false,
                        "truncated": false,
                        "trafficLightColor": "none"
                    },
                    "box2d": {
                        "x1": 520.277032,
                        "y1": 98.424172,
                        "x2": 531.294663,
                        "y2": 108.829713
                    }
                },
                {
                    "category": "traffic sign",
                    "id": 25,
                    "attributes": {
                        "occluded": false,
                        "truncated": false,
                        "trafficLightColor": "none"
                    },
                    "box2d": {
                        "x1": 463.352604,
                        "y1": 129.028704,
                        "x2": 471.717854,
                        "y2": 137.516363
                    }
                },
                {
                    "category": "traffic sign",
                    "id": 26,
                    "attributes": {
                        "occluded": true,
                        "truncated": false,
                        "trafficLightColor": "none"
                    },
                    "box2d": {
                        "x1": 321.347579,
                        "y1": 91.691175,
                        "x2": 337.874026,
                        "y2": 100.872535
                    }
                },
                {
                    "category": "traffic sign",
                    "id": 27,
                    "attributes": {
                        "occluded": true,
                        "truncated": false,
                        "trafficLightColor": "none"
                    },
                    "box2d": {
                        "x1": 327.468485,
                        "y1": 133.925429,
                        "x2": 341.546569,
                        "y2": 144.943059
                    }
                },
                {
                    "category": "traffic sign",
                    "id": 28,
                    "attributes": {
                        "occluded": true,
                        "truncated": false,
                        "trafficLightColor": "none"
                    },
                    "box2d": {
                        "x1": 313.390402,
                        "y1": 152.900241,
                        "x2": 348.891657,
                        "y2": 166.366235
                    }
                },
                {
                    "category": "traffic sign",
                    "id": 29,
                    "attributes": {
                        "occluded": true,
                        "truncated": false,
                        "trafficLightColor": "none"
                    },
                    "box2d": {
                        "x1": 312.166219,
                        "y1": 166.366235,
                        "x2": 353.788382,
                        "y2": 192.686131
                    }
                },
                {
                    "category": "traffic sign",
                    "id": 30,
                    "attributes": {
                        "occluded": true,
                        "truncated": false,
                        "trafficLightColor": "none"
                    },
                    "box2d": {
                        "x1": 322.57176,
                        "y1": 196.970775,
                        "x2": 352.564201,
                        "y2": 215.333492
                    }
                },
                {
                    "category": "traffic sign",
                    "id": 31,
                    "attributes": {
                        "occluded": true,
                        "truncated": false,
                        "trafficLightColor": "none"
                    },
                    "box2d": {
                        "x1": 818.977258,
                        "y1": 102.708809,
                        "x2": 920.584302,
                        "y2": 162.69369
                    }
                },
                {
                    "category": "traffic sign",
                    "id": 32,
                    "attributes": {
                        "occluded": false,
                        "truncated": false,
                        "trafficLightColor": "none"
                    },
                    "box2d": {
                        "x1": 542.312295,
                        "y1": 174.935504,
                        "x2": 550.881566,
                        "y2": 185.341043
                    }
                },
                {
                    "category": "traffic light",
                    "id": 33,
                    "attributes": {
                        "occluded": false,
                        "truncated": false,
                        "trafficLightColor": "green"
                    },
                    "box2d": {
                        "x1": 862.546946,
                        "y1": 55.604607,
                        "x2": 884.582209,
                        "y2": 114.977397
                    }
                },
                {
                    "category": "traffic light",
                    "id": 34,
                    "attributes": {
                        "occluded": false,
                        "truncated": false,
                        "trafficLightColor": "green"
                    },
                    "box2d": {
                        "x1": 353.176291,
                        "y1": 187.605777,
                        "x2": 359.297198,
                        "y2": 199.235499
                    }
                },
                {
                    "category": "traffic light",
                    "id": 35,
                    "attributes": {
                        "occluded": false,
                        "truncated": false,
                        "trafficLightColor": "red"
                    },
                    "box2d": {
                        "x1": 829.178782,
                        "y1": 128.74306,
                        "x2": 867.740492,
                        "y2": 155.675046
                    }
                },
                {
                    "category": "traffic light",
                    "id": 36,
                    "attributes": {
                        "occluded": false,
                        "truncated": false,
                        "trafficLightColor": "none"
                    },
                    "box2d": {
                        "x1": 533.539008,
                        "y1": 174.241801,
                        "x2": 539.047824,
                        "y2": 185.813224
                    }
                },
                {
                    "category": "traffic light",
                    "id": 37,
                    "attributes": {
                        "occluded": false,
                        "truncated": false,
                        "trafficLightColor": "none"
                    },
                    "box2d": {
                        "x1": 554.35009,
                        "y1": 184.035251,
                        "x2": 559.858904,
                        "y2": 191.99243
                    }
                },
                {
                    "category": "traffic light",
                    "id": 38,
                    "attributes": {
                        "occluded": false,
                        "truncated": false,
                        "trafficLightColor": "none"
                    },
                    "box2d": {
                        "x1": 553.125907,
                        "y1": 184.035251,
                        "x2": 556.798451,
                        "y2": 193.216611
                    }
                },
                {
                    "category": "traffic sign",
                    "id": 39,
                    "attributes": {
                        "occluded": false,
                        "truncated": false,
                        "trafficLightColor": "none"
                    },
                    "box2d": {
                        "x1": 579.853878,
                        "y1": 183.423161,
                        "x2": 598.012542,
                        "y2": 189.544067
                    }
                },
                {
                    "category": "traffic sign",
                    "id": 40,
                    "attributes": {
                        "occluded": false,
                        "truncated": false,
                        "trafficLightColor": "none"
                    },
                    "box2d": {
                        "x1": 609.234228,
                        "y1": 191.99243,
                        "x2": 615.967225,
                        "y2": 199.949608
                    }
                },
                {
                    "category": "traffic sign",
                    "id": 41,
                    "attributes": {
                        "occluded": false,
                        "truncated": false,
                        "trafficLightColor": "none"
                    },
                    "box2d": {
                        "x1": 611.0705,
                        "y1": 200.561698,
                        "x2": 617.191405,
                        "y2": 207.294695
                    }
                },
                {
                    "category": "car",
                    "id": 42,
                    "attributes": {
                        "occluded": true,
                        "truncated": false,
                        "trafficLightColor": "none"
                    },
                    "box2d": {
                        "x1": 654.528935,
                        "y1": 209.947085,
                        "x2": 667.382839,
                        "y2": 221.576807
                    }
                },
                {
                    "category": "car",
                    "id": 43,
                    "attributes": {
                        "occluded": true,
                        "truncated": false,
                        "trafficLightColor": "none"
                    },
                    "box2d": {
                        "x1": 582.914331,
                        "y1": 211.171266,
                        "x2": 620.251858,
                        "y2": 228.309804
                    }
                },
                {
                    "category": "car",
                    "id": 44,
                    "attributes": {
                        "occluded": true,
                        "truncated": false,
                        "trafficLightColor": "none"
                    },
                    "box2d": {
                        "x1": 576.793425,
                        "y1": 212.395447,
                        "x2": 591.4836,
                        "y2": 222.188897
                    }
                },
                {
                    "category": "car",
                    "id": 45,
                    "attributes": {
                        "occluded": true,
                        "truncated": false,
                        "trafficLightColor": "none"
                    },
                    "box2d": {
                        "x1": 571.8967,
                        "y1": 208.722905,
                        "x2": 585.974784,
                        "y2": 220.352625
                    }
                },
                {
                    "category": "traffic light",
                    "id": 46,
                    "attributes": {
                        "occluded": false,
                        "truncated": false,
                        "trafficLightColor": "none"
                    },
                    "box2d": {
                        "x1": 528.23421,
                        "y1": 174.445828,
                        "x2": 533.743026,
                        "y2": 186.07555
                    }
                },
                {
                    "category": "traffic light",
                    "id": 47,
                    "attributes": {
                        "occluded": false,
                        "truncated": false,
                        "trafficLightColor": "none"
                    },
                    "box2d": {
                        "x1": 447.438248,
                        "y1": 189.136003,
                        "x2": 451.722882,
                        "y2": 197.093183
                    }
                },
                {
                    "category": "area/drivable",
                    "id": 48,
                    "attributes": {},
                    "poly2d": [
                        [
                            244.036658,
                            511.220262,
                            "L"
                        ],
                        [
                            459.430795,
                            468.959386,
                            "C"
                        ],
                        [
                            674.824933,
                            466.232879,
                            "C"
                        ],
                        [
                            845.231686,
                            470.322641,
                            "C"
                        ],
                        [
                            606.662231,
                            252.201996,
                            "L"
                        ],
                        [
                            497.532236,
                            261.554321,
                            "L"
                        ],
                        [
                            453.00146,
                            318.369449,
                            "C"
                        ],
                        [
                            328.606417,
                            428.416777,
                            "C"
                        ],
                        [
                            244.036658,
                            511.220262,
                            "C"
                        ]
                    ]
                },
                {
                    "category": "lane/road curb",
                    "id": 49,
                    "attributes": {
                        "direction": "parallel",
                        "style": "solid"
                    },
                    "poly2d": [
                        [
                            220.852466,
                            344.380116,
                            "C"
                        ],
                        [
                            288.231184,
                            351.86664,
                            "C"
                        ],
                        [
                            325.663805,
                            329.407067,
                            "C"
                        ],
                        [
                            405.520064,
                            290.726692,
                            "L"
                        ]
                    ]
                },
                {
                    "category": "lane/road curb",
                    "id": 50,
                    "attributes": {
                        "direction": "parallel",
                        "style": "solid"
                    },
                    "poly2d": [
                        [
                            675.034937,
                            279.496906,
                            "C"
                        ],
                        [
                            742.413655,
                            310.690757,
                            "C"
                        ],
                        [
                            769.864244,
                            320.672789,
                            "C"
                        ],
                        [
                            801.058095,
                            319.425035,
                            "L"
                        ]
                    ]
                },
                {
                    "category": "lane/road curb",
                    "id": 51,
                    "attributes": {
                        "direction": "parallel",
                        "style": "solid"
                    },
                    "poly2d": [
                        [
                            1.247754,
                            334.398083,
                            "L"
                        ],
                        [
                            210.870433,
                            294.469954,
                            "L"
                        ]
                    ]
                },
                {
                    "category": "lane/single white",
                    "id": 52,
                    "attributes": {
                        "direction": "parallel",
                        "style": "solid"
                    },
                    "poly2d": [
                        [
                            1.247754,
                            359.353164,
                            "L"
                        ],
                        [
                            295.717708,
                            285.735676,
                            "L"
                        ]
                    ]
                },
                {
                    "category": "lane/single white",
                    "id": 53,
                    "attributes": {
                        "direction": "parallel",
                        "style": "solid"
                    },
                    "poly2d": [
                        [
                            365.591935,
                            284.487922,
                            "L"
                        ],
                        [
                            414.254342,
                            264.523857,
                            "L"
                        ]
                    ]
                },
                {
                    "category": "lane/double yellow",
                    "id": 54,
                    "attributes": {
                        "direction": "parallel",
                        "style": "solid"
                    },
                    "poly2d": [
                        [
                            3.743262,
                            432.970653,
                            "L"
                        ],
                        [
                            213.365941,
                            343.132362,
                            "L"
                        ]
                    ]
                },
                {
                    "category": "lane/double yellow",
                    "id": 55,
                    "attributes": {
                        "direction": "parallel",
                        "style": "solid"
                    },
                    "poly2d": [
                        [
                            0,
                            421.740866,
                            "L"
                        ],
                        [
                            208.374925,
                            336.893592,
                            "L"
                        ]
                    ]
                },
                {
                    "category": "lane/double yellow",
                    "id": 56,
                    "attributes": {
                        "direction": "parallel",
                        "style": "solid"
                    },
                    "poly2d": [
                        [
                            439.209423,
                            329.407067,
                            "L"
                        ],
                        [
                            474.146536,
                            284.487922,
                            "L"
                        ]
                    ]
                },
                {
                    "category": "lane/double yellow",
                    "id": 57,
                    "attributes": {
                        "direction": "parallel",
                        "style": "solid"
                    },
                    "poly2d": [
                        [
                            414.254342,
                            325.663805,
                            "L"
                        ],
                        [
                            461.668996,
                            281.992414,
                            "L"
                        ]
                    ]
                },
                {
                    "category": "lane/single yellow",
                    "id": 58,
                    "attributes": {
                        "direction": "parallel",
                        "style": "dashed"
                    },
                    "poly2d": [
                        [
                            371.830705,
                            364.34418,
                            "L"
                        ],
                        [
                            210.870433,
                            516.570174,
                            "L"
                        ]
                    ]
                },
                {
                    "category": "lane/single yellow",
                    "id": 59,
                    "attributes": {
                        "direction": "parallel",
                        "style": "dashed"
                    },
                    "poly2d": [
                        [
                            383.060491,
                            364.34418,
                            "L"
                        ],
                        [
                            238.321022,
                            511.579158,
                            "L"
                        ]
                    ]
                },
                {
                    "category": "lane/single white",
                    "id": 60,
                    "attributes": {
                        "direction": "parallel",
                        "style": "solid"
                    },
                    "poly2d": [
                        [
                            640.097824,
                            283.240168,
                            "L"
                        ],
                        [
                            843.481733,
                            464.164504,
                            "L"
                        ]
                    ]
                },
                {
                    "category": "lane/single white",
                    "id": 61,
                    "attributes": {
                        "direction": "parallel",
                        "style": "solid"
                    },
                    "poly2d": [
                        [
                            875.923338,
                            460.421242,
                            "L"
                        ],
                        [
                            648.832102,
                            283.240168,
                            "L"
                        ]
                    ]
                },
                {
                    "category": "lane/single white",
                    "id": 62,
                    "attributes": {
                        "direction": "vertical",
                        "style": "solid"
                    },
                    "poly2d": [
                        [
                            670.043921,
                            279.496906,
                            "L"
                        ],
                        [
                            641.345578,
                            283.240168,
                            "L"
                        ]
                    ]
                },
                {
                    "category": "lane/double yellow",
                    "id": 63,
                    "attributes": {
                        "direction": "parallel",
                        "style": "solid"
                    },
                    "poly2d": [
                        [
                            2.495508,
                            480.385306,
                            "C"
                        ],
                        [
                            140.996207,
                            441.704931,
                            "C"
                        ],
                        [
                            280.74466,
                            404.27231,
                            "C"
                        ],
                        [
                            365.591935,
                            370.582951,
                            "L"
                        ]
                    ]
                },
                {
                    "category": "lane/double yellow",
                    "id": 64,
                    "attributes": {
                        "direction": "parallel",
                        "style": "solid"
                    },
                    "poly2d": [
                        [
                            6.23877,
                            464.164504,
                            "C"
                        ],
                        [
                            148.482731,
                            424.236375,
                            "C"
                        ],
                        [
                            359.353164,
                            369.335197,
                            "C"
                        ],
                        [
                            405.520064,
                            334.398083,
                            "L"
                        ]
                    ]
                },
                {
                    "category": "lane/single yellow",
                    "id": 65,
                    "attributes": {
                        "direction": "vertical",
                        "style": "solid"
                    },
                    "poly2d": [
                        [
                            408.015572,
                            284.487922,
                            "L"
                        ],
                        [
                            460.421242,
                            281.992414,
                            "L"
                        ]
                    ]
                },
                {
                    "category": "lane/road curb",
                    "id": 66,
                    "attributes": {
                        "direction": "parallel",
                        "style": "solid"
                    },
                    "poly2d": [
                        [
                            610.151727,
                            237.073268,
                            "C"
                        ],
                        [
                            666.300659,
                            249.550809,
                            "C"
                        ],
                        [
                            701.237772,
                            260.780595,
                            "C"
                        ],
                        [
                            763.625474,
                            258.285087,
                            "L"
                        ]
                    ]
                },
                {
                    "category": "lane/road curb",
                    "id": 67,
                    "attributes": {
                        "direction": "parallel",
                        "style": "solid"
                    },
                    "poly2d": [
                        [
                            827.26093,
                            248.303055,
                            "L"
                        ],
                        [
                            873.42783,
                            242.064284,
                            "L"
                        ]
                    ]
                },
                {
                    "category": "lane/road curb",
                    "id": 68,
                    "attributes": {
                        "direction": "parallel",
                        "style": "solid"
                    },
                    "poly2d": [
                        [
                            885.90537,
                            239.568776,
                            "C"
                        ],
                        [
                            1079.307247,
                            214.613695,
                            "C"
                        ],
                        [
                            932.07227,
                            197.145139,
                            "C"
                        ],
                        [
                            1194.100619,
                            132.261929,
                            "L"
                        ]
                    ]
                },
                {
                    "category": "lane/road curb",
                    "id": 69,
                    "attributes": {
                        "direction": "parallel",
                        "style": "solid"
                    },
                    "poly2d": [
                        [
                            1278.947894,
                            288.231184,
                            "C"
                        ],
                        [
                            1227.789978,
                            262.028349,
                            "C"
                        ],
                        [
                            1194.100619,
                            242.064284,
                            "C"
                        ],
                        [
                            1199.091635,
                            188.41086,
                            "L"
                        ]
                    ]
                },
                {
                    "category": "lane/road curb",
                    "id": 70,
                    "attributes": {
                        "direction": "parallel",
                        "style": "solid"
                    },
                    "poly2d": [
                        [
                            924.585746,
                            299.46097,
                            "L"
                        ],
                        [
                            968.257137,
                            265.771611,
                            "L"
                        ]
                    ]
                },
                {
                    "category": "lane/crosswalk",
                    "id": 71,
                    "attributes": {
                        "direction": "vertical",
                        "style": "dashed"
                    },
                    "poly2d": [
                        [
                            967.009383,
                            299.46097,
                            "L"
                        ],
                        [
                            1263.974845,
                            319.425035,
                            "L"
                        ]
                    ]
                },
                {
                    "category": "lane/crosswalk",
                    "id": 72,
                    "attributes": {
                        "direction": "vertical",
                        "style": "dashed"
                    },
                    "poly2d": [
                        [
                            950.788581,
                            329.407067,
                            "L"
                        ],
                        [
                            1280.195648,
                            369.335197,
                            "L"
                        ]
                    ]
                },
                {
                    "category": "lane/single white",
                    "id": 73,
                    "attributes": {
                        "direction": "parallel",
                        "style": "solid"
                    },
                    "poly2d": [
                        [
                            1230.285486,
                            288.231184,
                            "L"
                        ],
                        [
                            1278.947894,
                            314.434019,
                            "L"
                        ]
                    ]
                },
                {
                    "category": "lane/single white",
                    "id": 74,
                    "attributes": {
                        "direction": "parallel",
                        "style": "solid"
                    },
                    "poly2d": [
                        [
                            1241.515273,
                            285.735676,
                            "L"
                        ],
                        [
                            1278.947894,
                            304.451986,
                            "L"
                        ]
                    ]
                },
                {
                    "category": "lane/crosswalk",
                    "id": 75,
                    "attributes": {
                        "direction": "vertical",
                        "style": "dashed"
                    },
                    "poly2d": [
                        [
                            536.534238,
                            238.321022,
                            "L"
                        ],
                        [
                            596.426432,
                            235.825514,
                            "L"
                        ]
                    ]
                },
                {
                    "category": "lane/crosswalk",
                    "id": 76,
                    "attributes": {
                        "direction": "vertical",
                        "style": "dashed"
                    },
                    "poly2d": [
                        [
                            400.529048,
                            247.0553,
                            "L"
                        ],
                        [
                            429.227391,
                            245.807546,
                            "L"
                        ]
                    ]
                },
                {
                    "category": "lane/single white",
                    "id": 77,
                    "attributes": {
                        "direction": "parallel",
                        "style": "solid"
                    },
                    "poly2d": [
                        [
                            566.480335,
                            244.559792,
                            "L"
                        ],
                        [
                            583.948892,
                            254.541825,
                            "L"
                        ]
                    ]
                },
                {
                    "category": "lane/crosswalk",
                    "id": 78,
                    "attributes": {
                        "direction": "vertical",
                        "style": "dashed"
                    },
                    "poly2d": [
                        [
                            539.029746,
                            243.312038,
                            "L"
                        ],
                        [
                            605.160711,
                            240.81653,
                            "L"
                        ]
                    ]
                },
                {
                    "category": "lane/crosswalk",
                    "id": 79,
                    "attributes": {
                        "direction": "vertical",
                        "style": "dashed"
                    },
                    "poly2d": [
                        [
                            400.529048,
                            254.541825,
                            "L"
                        ],
                        [
                            496.606109,
                            245.807546,
                            "L"
                        ]
                    ]
                }
            ]
        }
    ],
    "attributes": {
        "weather": "overcast",
        "scene": "highway",
        "timeofday": "daytime"
    }
}