{
    "name": "00c4c672-26d36ad8",
    "frames": [
        {
            "timestamp": 10000,
            "objects": [
                {
                    "category": "traffic light",
                    "id": 0,
                    "attributes": {
                        "occluded": false,
                        "truncated": false,
                        "trafficLightColor": "red"
                    },
                    "box2d": {
                        "x1": 843.981551,
                        "y1": 248.889473,
                        "x2": 857.296626,
                        "y2": 264.25302
                    }
                },
                {
                    "category": "traffic light",
                    "id": 1,
                    "attributes": {
                        "occluded": false,
                        "truncated": false,
                        "trafficLightColor": "red"
                    },
                    "box2d": {
                        "x1": 737.460954,
                        "y1": 225.332032,
                        "x2": 752.824501,
                        "y2": 243.76829
                    }
                },
                {
                    "category": "traffic light",
                    "id": 2,
                    "attributes": {
                        "occluded": false,
                        "truncated": false,
                        "trafficLightColor": "red"
                    },
                    "box2d": {
                        "x1": 818.37564,
                        "y1": 316.48908,
                        "x2": 832.714951,
                        "y2": 333.901101
                    }
                },
                {
                    "category": "traffic light",
                    "id": 3,
                    "attributes": {
                        "occluded": false,
                        "truncated": false,
                        "trafficLightColor": "red"
                    },
                    "box2d": {
                        "x1": 611.479864,
                        "y1": 301.125533,
                        "x2": 621.722229,
                        "y2": 310.343662
                    }
                },
                {
                    "category": "traffic light",
                    "id": 4,
                    "attributes": {
                        "occluded": false,
                        "truncated": false,
                        "trafficLightColor": "red"
                    },
                    "box2d": {
                        "x1": 298.063492,
                        "y1": 269.374202,
                        "x2": 310.354331,
                        "y2": 285.761986
                    }
                },
                {
                    "category": "traffic light",
                    "id": 5,
                    "attributes": {
                        "occluded": false,
                        "truncated": false,
                        "trafficLightColor": "green"
                    },
                    "box2d": {
                        "x1": 476.269976,
                        "y1": 251.96218,
                        "x2": 494.706233,
                        "y2": 268.349964
                    }
                },
                {
                    "category": "traffic light",
                    "id": 6,
                    "attributes": {
                        "occluded": false,
                        "truncated": false,
                        "trafficLightColor": "green"
                    },
                    "box2d": {
                        "x1": 722.086738,
                        "y1": 239.671343,
                        "x2": 737.450286,
                        "y2": 255.034891
                    }
                },
                {
                    "category": "traffic light",
                    "id": 7,
                    "attributes": {
                        "occluded": false,
                        "truncated": false,
                        "trafficLightColor": "none"
                    },
                    "box2d": {
                        "x1": 975.713304,
                        "y1": 217.577093,
                        "x2": 992.101088,
                        "y2": 245.231478
                    }
                },
                {
                    "category": "traffic sign",
                    "id": 8,
                    "attributes": {
                        "occluded": false,
                        "truncated": false,
                        "trafficLightColor": "none"
                    },
                    "box2d": {
                        "x1": 464.235198,
                        "y1": 288.322576,
                        "x2": 487.792638,
                        "y2": 300.613414
                    }
                },
                {
                    "category": "traffic sign",
                    "id": 9,
                    "attributes": {
                        "occluded": false,
                        "truncated": false,
                        "trafficLightColor": "none"
                    },
                    "box2d": {
                        "x1": 672.155209,
                        "y1": 305.734598,
                        "x2": 683.42181,
                        "y2": 319.049672
                    }
                },
                {
                    "category": "traffic sign",
                    "id": 10,
                    "attributes": {
                        "occluded": false,
                        "truncated": false,
                        "trafficLightColor": "none"
                    },
                    "box2d": {
                        "x1": 941.017293,
                        "y1": 228.91686,
                        "x2": 979.93828,
                        "y2": 269.88632
                    }
                },
                {
                    "category": "car",
                    "id": 11,
                    "attributes": {
                        "occluded": true,
                        "truncated": false,
                        "trafficLightColor": "none"
                    },
                    "box2d": {
                        "x1": 612.903136,
                        "y1": 325.70721,
                        "x2": 635.43634,
                        "y2": 341.070758
                    }
                },
                {
                    "category": "car",
                    "id": 12,
                    "attributes": {
                        "occluded": true,
                        "truncated": false,
                        "trafficLightColor": "none"
                    },
                    "box2d": {
                        "x1": 594.466879,
                        "y1": 326.731446,
                        "x2": 612.903136,
                        "y2": 344.143467
                    }
                },
                {
                    "category": "car",
                    "id": 13,
                    "attributes": {
                        "occluded": true,
                        "truncated": false,
                        "trafficLightColor": "none"
                    },
                    "box2d": {
                        "x1": 558.6186,
                        "y1": 311.367899,
                        "x2": 603.685006,
                        "y2": 358.482778
                    }
                },
                {
                    "category": "car",
                    "id": 14,
                    "attributes": {
                        "occluded": true,
                        "truncated": false,
                        "trafficLightColor": "none"
                    },
                    "box2d": {
                        "x1": 623.1455,
                        "y1": 331.852629,
                        "x2": 647.727176,
                        "y2": 351.313122
                    }
                },
                {
                    "category": "car",
                    "id": 15,
                    "attributes": {
                        "occluded": true,
                        "truncated": false,
                        "trafficLightColor": "none"
                    },
                    "box2d": {
                        "x1": 635.436338,
                        "y1": 334.925338,
                        "x2": 680.502745,
                        "y2": 368.725143
                    }
                },
                {
                    "category": "car",
                    "id": 16,
                    "attributes": {
                        "occluded": true,
                        "truncated": false,
                        "trafficLightColor": "none"
                    },
                    "box2d": {
                        "x1": 248.274931,
                        "y1": 319.561791,
                        "x2": 340.456217,
                        "y2": 364.628197
                    }
                },
                {
                    "category": "car",
                    "id": 17,
                    "attributes": {
                        "occluded": true,
                        "truncated": true,
                        "trafficLightColor": "none"
                    },
                    "box2d": {
                        "x1": 0.409695,
                        "y1": 292.931641,
                        "x2": 167.360246,
                        "y2": 374.870562
                    }
                },
                {
                    "category": "truck",
                    "id": 18,
                    "attributes": {
                        "occluded": true,
                        "truncated": false,
                        "trafficLightColor": "none"
                    },
                    "box2d": {
                        "x1": 1002.197138,
                        "y1": 287.371514,
                        "x2": 1188.608183,
                        "y2": 467.637139
                    }
                },
                {
                    "category": "car",
                    "id": 19,
                    "attributes": {
                        "occluded": true,
                        "truncated": false,
                        "trafficLightColor": "none"
                    },
                    "box2d": {
                        "x1": 963.27615,
                        "y1": 363.165015,
                        "x2": 995.027483,
                        "y2": 382.625509
                    }
                },
                {
                    "category": "car",
                    "id": 20,
                    "attributes": {
                        "occluded": false,
                        "truncated": true,
                        "trafficLightColor": "none"
                    },
                    "box2d": {
                        "x1": 622.746466,
                        "y1": 345.167704,
                        "x2": 1135.888956,
                        "y2": 656.535603
                    }
                },
                {
                    "category": "car",
                    "id": 21,
                    "attributes": {
                        "occluded": false,
                        "truncated": true,
                        "trafficLightColor": "none"
                    },
                    "box2d": {
                        "x1": 1184.028072,
                        "y1": 468.076084,
                        "x2": 1279.282067,
                        "y2": 658.584075
                    }
                },
                {
                    "category": "person",
                    "id": 22,
                    "attributes": {
                        "occluded": true,
                        "truncated": false,
                        "trafficLightColor": "none"
                    },
                    "box2d": {
                        "x1": 456.478735,
                        "y1": 318.878966,
                        "x2": 480.036174,
                        "y2": 382.38163
                    }
                },
                {
                    "category": "person",
                    "id": 23,
                    "attributes": {
                        "occluded": true,
                        "truncated": false,
                        "trafficLightColor": "none"
                    },
                    "box2d": {
                        "x1": 504.61785,
                        "y1": 322.975914,
                        "x2": 518.957161,
                        "y2": 354.727246
                    }
                },
                {
                    "category": "bike",
                    "id": 24,
                    "attributes": {
                        "occluded": true,
                        "truncated": false,
                        "trafficLightColor": "none"
                    },
                    "box2d": {
                        "x1": 409.363855,
                        "y1": 355.751481,
                        "x2": 514.860216,
                        "y2": 441.787348
                    }
                },
                {
                    "category": "lane/double white",
                    "id": 25,
                    "attributes": {
                        "direction": "parallel",
                        "style": "solid"
                    },
                    "poly2d": [
                        [
                            268.267119,
                            714.963066,
                            "L"
                        ],
                        [
                            545.268518,
                            427.979637,
                            "L"
                        ]
                    ]
                },
                {
                    "category": "lane/double white",
                    "id": 26,
                    "attributes": {
                        "direction": "parallel",
                        "style": "solid"
                    },
                    "poly2d": [
                        [
                            360.600918,
                            693.751248,
                            "L"
                        ],
                        [
                            563.984827,
                            429.227391,
                            "L"
                        ]
                    ]
                },
                {
                    "category": "lane/single white",
                    "id": 27,
                    "attributes": {
                        "direction": "vertical",
                        "style": "solid"
                    },
                    "poly2d": [
                        [
                            520.313435,
                            427.979637,
                            "L"
                        ],
                        [
                            640.097823,
                            426.731883,
                            "L"
                        ]
                    ]
                },
                {
                    "category": "lane/single white",
                    "id": 28,
                    "attributes": {
                        "direction": "vertical",
                        "style": "solid"
                    },
                    "poly2d": [
                        [
                            520.313435,
                            422.98862,
                            "L"
                        ],
                        [
                            637.602316,
                            422.98862,
                            "L"
                        ]
                    ]
                },
                {
                    "category": "lane/road curb",
                    "id": 29,
                    "attributes": {
                        "direction": "parallel",
                        "style": "solid"
                    },
                    "poly2d": [
                        [
                            1120.48313,
                            501.597125,
                            "L"
                        ],
                        [
                            1191.60511,
                            520.313435,
                            "L"
                        ]
                    ]
                },
                {
                    "category": "lane/crosswalk",
                    "id": 30,
                    "attributes": {
                        "direction": "vertical",
                        "style": "dashed"
                    },
                    "poly2d": [
                        [
                            512.826912,
                            414.254341,
                            "L"
                        ],
                        [
                            610.151727,
                            414.254341,
                            "L"
                        ]
                    ]
                },
                {
                    "category": "lane/crosswalk",
                    "id": 31,
                    "attributes": {
                        "direction": "vertical",
                        "style": "dashed"
                    },
                    "poly2d": [
                        [
                            515.32242,
                            396.785785,
                            "L"
                        ],
                        [
                            657.566381,
                            400.529049,
                            "L"
                        ]
                    ]
                },
                {
                    "category": "lane/crosswalk",
                    "id": 32,
                    "attributes": {
                        "direction": "vertical",
                        "style": "dashed"
                    },
                    "poly2d": [
                        [
                            470.403274,
                            394.290278,
                            "C"
                        ],
                        [
                            485.376323,
                            385.555999,
                            "C"
                        ],
                        [
                            499.101618,
                            376.82172,
                            "C"
                        ],
                        [
                            525.304452,
                            369.335197,
                            "L"
                        ]
                    ]
                },
                {
                    "category": "lane/road curb",
                    "id": 33,
                    "attributes": {
                        "direction": "parallel",
                        "style": "solid"
                    },
                    "poly2d": [
                        [
                            565.232581,
                            356.857657,
                            "L"
                        ],
                        [
                            546.516271,
                            370.582951,
                            "L"
                        ]
                    ]
                }
            ]
        }
    ],
    "attributes": {
        "weather": "clear",
        "scene": "city street",
        "timeofday": "night"
    }
}