{
    "name": "00c41a61-4ba25ad4",
    "frames": [
        {
            "timestamp": 10000,
            "objects": [
                {
                    "category": "traffic light",
                    "id": 0,
                    "attributes": {
                        "occluded": false,
                        "truncated": false,
                        "trafficLightColor": "green"
                    },
                    "box2d": {
                        "x1": 638.106587,
                        "y1": 135.337402,
                        "x2": 653.294077,
                        "y2": 169.087379
                    }
                },
                {
                    "category": "traffic light",
                    "id": 1,
                    "attributes": {
                        "occluded": false,
                        "truncated": false,
                        "trafficLightColor": "red"
                    },
                    "box2d": {
                        "x1": 651.606578,
                        "y1": 131.962404,
                        "x2": 665.10657,
                        "y2": 167.39988
                    }
                },
                {
                    "category": "traffic light",
                    "id": 2,
                    "attributes": {
                        "occluded": false,
                        "truncated": false,
                        "trafficLightColor": "red"
                    },
                    "box2d": {
                        "x1": 541.919154,
                        "y1": 177.524873,
                        "x2": 558.794142,
                        "y2": 212.962349
                    }
                },
                {
                    "category": "traffic light",
                    "id": 3,
                    "attributes": {
                        "occluded": false,
                        "truncated": true,
                        "trafficLightColor": "none"
                    },
                    "box2d": {
                        "x1": 820.356462,
                        "y1": 0,
                        "x2": 854.106439,
                        "y2": 44.212465
                    }
                },
                {
                    "category": "traffic light",
                    "id": 4,
                    "attributes": {
                        "occluded": false,
                        "truncated": true,
                        "trafficLightColor": "none"
                    },
                    "box2d": {
                        "x1": 857.481437,
                        "y1": 0.337495,
                        "x2": 891.231413,
                        "y2": 32.399974
                    }
                },
                {
                    "category": "traffic light",
                    "id": 5,
                    "attributes": {
                        "occluded": false,
                        "truncated": false,
                        "trafficLightColor": "green"
                    },
                    "box2d": {
                        "x1": 1046.481307,
                        "y1": 204.524854,
                        "x2": 1061.668796,
                        "y2": 226.462338
                    }
                },
                {
                    "category": "traffic light",
                    "id": 6,
                    "attributes": {
                        "occluded": false,
                        "truncated": false,
                        "trafficLightColor": "none"
                    },
                    "box2d": {
                        "x1": 661.731571,
                        "y1": 135.337402,
                        "x2": 675.231562,
                        "y2": 170.774878
                    }
                },
                {
                    "category": "traffic light",
                    "id": 7,
                    "attributes": {
                        "occluded": false,
                        "truncated": false,
                        "trafficLightColor": "none"
                    },
                    "box2d": {
                        "x1": 611.106606,
                        "y1": 131.962404,
                        "x2": 627.981593,
                        "y2": 174.149876
                    }
                },
                {
                    "category": "traffic sign",
                    "id": 8,
                    "attributes": {
                        "occluded": false,
                        "truncated": false,
                        "trafficLightColor": "none"
                    },
                    "box2d": {
                        "x1": 538.544156,
                        "y1": 118.462413,
                        "x2": 573.981632,
                        "y2": 157.274887
                    }
                },
                {
                    "category": "traffic sign",
                    "id": 9,
                    "attributes": {
                        "occluded": true,
                        "truncated": false,
                        "trafficLightColor": "none"
                    },
                    "box2d": {
                        "x1": 541.919154,
                        "y1": 184.274868,
                        "x2": 582.419126,
                        "y2": 243.337328
                    }
                },
                {
                    "category": "traffic sign",
                    "id": 10,
                    "attributes": {
                        "occluded": true,
                        "truncated": false,
                        "trafficLightColor": "none"
                    },
                    "box2d": {
                        "x1": 552.044147,
                        "y1": 241.649829,
                        "x2": 580.731626,
                        "y2": 263.587314
                    }
                },
                {
                    "category": "traffic sign",
                    "id": 11,
                    "attributes": {
                        "occluded": false,
                        "truncated": false,
                        "trafficLightColor": "none"
                    },
                    "box2d": {
                        "x1": 921.606393,
                        "y1": 256.837318,
                        "x2": 936.793882,
                        "y2": 275.399807
                    }
                },
                {
                    "category": "traffic sign",
                    "id": 12,
                    "attributes": {
                        "occluded": false,
                        "truncated": false,
                        "trafficLightColor": "none"
                    },
                    "box2d": {
                        "x1": 909.793901,
                        "y1": 245.024826,
                        "x2": 926.668889,
                        "y2": 258.524818
                    }
                },
                {
                    "category": "traffic sign",
                    "id": 13,
                    "attributes": {
                        "occluded": false,
                        "truncated": false,
                        "trafficLightColor": "none"
                    },
                    "box2d": {
                        "x1": 916.543896,
                        "y1": 212.962349,
                        "x2": 935.106383,
                        "y2": 239.96233
                    }
                },
                {
                    "category": "traffic sign",
                    "id": 14,
                    "attributes": {
                        "occluded": false,
                        "truncated": false,
                        "trafficLightColor": "none"
                    },
                    "box2d": {
                        "x1": 1017.793826,
                        "y1": 255.14982,
                        "x2": 1031.293818,
                        "y2": 273.712307
                    }
                },
                {
                    "category": "traffic light",
                    "id": 15,
                    "attributes": {
                        "occluded": false,
                        "truncated": true,
                        "trafficLightColor": "green"
                    },
                    "box2d": {
                        "x1": 1269.231154,
                        "y1": 202.837355,
                        "x2": 1279.356146,
                        "y2": 226.462339
                    }
                },
                {
                    "category": "traffic light",
                    "id": 16,
                    "attributes": {
                        "occluded": false,
                        "truncated": false,
                        "trafficLightColor": "green"
                    },
                    "box2d": {
                        "x1": 1238.856174,
                        "y1": 250.087323,
                        "x2": 1250.668666,
                        "y2": 265.274813
                    }
                },
                {
                    "category": "car",
                    "id": 17,
                    "attributes": {
                        "occluded": true,
                        "truncated": false,
                        "trafficLightColor": "none"
                    },
                    "box2d": {
                        "x1": 977.293854,
                        "y1": 297.337291,
                        "x2": 1007.668834,
                        "y2": 312.52478
                    }
                },
                {
                    "category": "car",
                    "id": 18,
                    "attributes": {
                        "occluded": true,
                        "truncated": false,
                        "trafficLightColor": "none"
                    },
                    "box2d": {
                        "x1": 955.356369,
                        "y1": 293.962293,
                        "x2": 989.106345,
                        "y2": 320.962273
                    }
                },
                {
                    "category": "car",
                    "id": 19,
                    "attributes": {
                        "occluded": true,
                        "truncated": false,
                        "trafficLightColor": "none"
                    },
                    "box2d": {
                        "x1": 924.98139,
                        "y1": 293.962293,
                        "x2": 957.043868,
                        "y2": 319.274775
                    }
                },
                {
                    "category": "car",
                    "id": 20,
                    "attributes": {
                        "occluded": true,
                        "truncated": false,
                        "trafficLightColor": "none"
                    },
                    "box2d": {
                        "x1": 990.793845,
                        "y1": 300.712288,
                        "x2": 1049.856304,
                        "y2": 334.462265
                    }
                },
                {
                    "category": "car",
                    "id": 21,
                    "attributes": {
                        "occluded": true,
                        "truncated": false,
                        "trafficLightColor": "none"
                    },
                    "box2d": {
                        "x1": 1162.918727,
                        "y1": 287.212297,
                        "x2": 1183.168713,
                        "y2": 304.087285
                    }
                },
                {
                    "category": "car",
                    "id": 22,
                    "attributes": {
                        "occluded": true,
                        "truncated": false,
                        "trafficLightColor": "none"
                    },
                    "box2d": {
                        "x1": 1110.606263,
                        "y1": 287.212297,
                        "x2": 1164.606224,
                        "y2": 309.149781
                    }
                },
                {
                    "category": "car",
                    "id": 23,
                    "attributes": {
                        "occluded": true,
                        "truncated": false,
                        "trafficLightColor": "none"
                    },
                    "box2d": {
                        "x1": 1173.04372,
                        "y1": 290.587295,
                        "x2": 1201.731199,
                        "y2": 310.837282
                    }
                },
                {
                    "category": "car",
                    "id": 24,
                    "attributes": {
                        "occluded": true,
                        "truncated": false,
                        "trafficLightColor": "none"
                    },
                    "box2d": {
                        "x1": 1211.856193,
                        "y1": 288.899796,
                        "x2": 1232.10618,
                        "y2": 307.462284
                    }
                },
                {
                    "category": "car",
                    "id": 25,
                    "attributes": {
                        "occluded": true,
                        "truncated": false,
                        "trafficLightColor": "none"
                    },
                    "box2d": {
                        "x1": 1230.41868,
                        "y1": 283.8373,
                        "x2": 1264.168657,
                        "y2": 307.462284
                    }
                },
                {
                    "category": "car",
                    "id": 26,
                    "attributes": {
                        "occluded": true,
                        "truncated": true,
                        "trafficLightColor": "none"
                    },
                    "box2d": {
                        "x1": 1262.481158,
                        "y1": 280.462302,
                        "x2": 1279.356146,
                        "y2": 317.587278
                    }
                },
                {
                    "category": "car",
                    "id": 27,
                    "attributes": {
                        "occluded": false,
                        "truncated": true,
                        "trafficLightColor": "none"
                    },
                    "box2d": {
                        "x1": 1269.231154,
                        "y1": 287.212297,
                        "x2": 1279.356146,
                        "y2": 374.962236
                    }
                },
                {
                    "category": "truck",
                    "id": 28,
                    "attributes": {
                        "occluded": true,
                        "truncated": false,
                        "trafficLightColor": "none"
                    },
                    "box2d": {
                        "x1": 481.169195,
                        "y1": 194.399861,
                        "x2": 746.106512,
                        "y2": 396.899722
                    }
                },
                {
                    "category": "car",
                    "id": 29,
                    "attributes": {
                        "occluded": false,
                        "truncated": false,
                        "trafficLightColor": "none"
                    },
                    "box2d": {
                        "x1": 673.544063,
                        "y1": 287.212297,
                        "x2": 886.168917,
                        "y2": 391.837226
                    }
                },
                {
                    "category": "area/drivable",
                    "id": 30,
                    "attributes": {},
                    "poly2d": [
                        [
                            0.014185,
                            432.151527,
                            "L"
                        ],
                        [
                            0,
                            652.606202,
                            "L"
                        ],
                        [
                            225.740948,
                            635.715218,
                            "L"
                        ],
                        [
                            597.342597,
                            572.757914,
                            "C"
                        ],
                        [
                            637.266741,
                            543.582578,
                            "C"
                        ],
                        [
                            1097.929942,
                            611.146514,
                            "C"
                        ],
                        [
                            1280.095537,
                            613.464315,
                            "L"
                        ],
                        [
                            1278.746469,
                            404.886448,
                            "L"
                        ],
                        [
                            1259.162063,
                            310.179889,
                            "L"
                        ],
                        [
                            901.125102,
                            369.441844,
                            "L"
                        ],
                        [
                            871.133512,
                            400.796686,
                            "L"
                        ],
                        [
                            328.558408,
                            419.882242,
                            "L"
                        ],
                        [
                            271.301739,
                            406.249702,
                            "L"
                        ],
                        [
                            0.014185,
                            432.151527,
                            "L"
                        ]
                    ]
                },
                {
                    "category": "lane/road curb",
                    "id": 31,
                    "attributes": {
                        "direction": "parallel",
                        "style": "solid"
                    },
                    "poly2d": [
                        [
                            493.504021,
                            387.152527,
                            "L"
                        ],
                        [
                            0,
                            432.083188,
                            "L"
                        ]
                    ]
                },
                {
                    "category": "lane/road curb",
                    "id": 32,
                    "attributes": {
                        "direction": "parallel",
                        "style": "solid"
                    },
                    "poly2d": [
                        [
                            986.992445,
                            330.240357,
                            "L"
                        ],
                        [
                            885.149614,
                            336.979956,
                            "L"
                        ]
                    ]
                },
                {
                    "category": "lane/crosswalk",
                    "id": 33,
                    "attributes": {
                        "direction": "vertical",
                        "style": "dashed"
                    },
                    "poly2d": [
                        [
                            1267.809075,
                            319.007691,
                            "L"
                        ],
                        [
                            1178.696597,
                            319.756536,
                            "L"
                        ]
                    ]
                },
                {
                    "category": "lane/crosswalk",
                    "id": 34,
                    "attributes": {
                        "direction": "vertical",
                        "style": "dashed"
                    },
                    "poly2d": [
                        [
                            1266.311386,
                            315.26347,
                            "L"
                        ],
                        [
                            1184.687352,
                            316.761158,
                            "L"
                        ]
                    ]
                },
                {
                    "category": "lane/single white",
                    "id": 35,
                    "attributes": {
                        "direction": "vertical",
                        "style": "solid"
                    },
                    "poly2d": [
                        [
                            1263.316009,
                            310.770404,
                            "L"
                        ],
                        [
                            1214.641125,
                            312.268093,
                            "L"
                        ]
                    ]
                },
                {
                    "category": "lane/single white",
                    "id": 36,
                    "attributes": {
                        "direction": "vertical",
                        "style": "solid"
                    },
                    "poly2d": [
                        [
                            1275.297518,
                            331.738045,
                            "L"
                        ],
                        [
                            1124.779805,
                            330.240357,
                            "L"
                        ]
                    ]
                },
                {
                    "category": "lane/single white",
                    "id": 37,
                    "attributes": {
                        "direction": "vertical",
                        "style": "solid"
                    },
                    "poly2d": [
                        [
                            1046.375195,
                            341.097796,
                            "L"
                        ],
                        [
                            921.094142,
                            334.733423,
                            "L"
                        ]
                    ]
                },
                {
                    "category": "lane/single white",
                    "id": 38,
                    "attributes": {
                        "direction": "parallel",
                        "style": "solid"
                    },
                    "poly2d": [
                        [
                            1044.65346,
                            327.993824,
                            "L"
                        ],
                        [
                            1008.708931,
                            336.979956,
                            "L"
                        ]
                    ]
                },
                {
                    "category": "lane/single white",
                    "id": 39,
                    "attributes": {
                        "direction": "parallel",
                        "style": "dashed"
                    },
                    "poly2d": [
                        [
                            623.802937,
                            384.157149,
                            "L"
                        ],
                        [
                            33.713592,
                            554.89366,
                            "L"
                        ]
                    ]
                },
                {
                    "category": "lane/single white",
                    "id": 40,
                    "attributes": {
                        "direction": "parallel",
                        "style": "dashed"
                    },
                    "poly2d": [
                        [
                            626.798315,
                            388.650216,
                            "L"
                        ],
                        [
                            53.183545,
                            554.89366,
                            "L"
                        ]
                    ]
                },
                {
                    "category": "lane/single white",
                    "id": 41,
                    "attributes": {
                        "direction": "parallel",
                        "style": "dashed"
                    },
                    "poly2d": [
                        [
                            966.024803,
                            370.677951,
                            "C"
                        ],
                        [
                            657.831464,
                            412.907859,
                            "C"
                        ],
                        [
                            378.28515,
                            444.965922,
                            "C"
                        ],
                        [
                            1.282323,
                            503.952759,
                            "L"
                        ]
                    ]
                },
                {
                    "category": "lane/single white",
                    "id": 42,
                    "attributes": {
                        "direction": "parallel",
                        "style": "dashed"
                    },
                    "poly2d": [
                        [
                            1022.18813,
                            390.147904,
                            "C"
                        ],
                        [
                            675.473198,
                            441.06932,
                            "C"
                        ],
                        [
                            360.209726,
                            498.730334,
                            "C"
                        ],
                        [
                            0,
                            563.879793,
                            "L"
                        ]
                    ]
                },
                {
                    "category": "lane/single white",
                    "id": 43,
                    "attributes": {
                        "direction": "parallel",
                        "style": "dashed"
                    },
                    "poly2d": [
                        [
                            1022.936974,
                            394.64097,
                            "C"
                        ],
                        [
                            678.468573,
                            447.060076,
                            "C"
                        ],
                        [
                            348.977062,
                            505.469934,
                            "C"
                        ],
                        [
                            0,
                            570.619393,
                            "L"
                        ]
                    ]
                },
                {
                    "category": "lane/single white",
                    "id": 44,
                    "attributes": {
                        "direction": "parallel",
                        "style": "dashed"
                    },
                    "poly2d": [
                        [
                            885.898458,
                            343.719555,
                            "L"
                        ],
                        [
                            1277.544051,
                            472.520782,
                            "L"
                        ]
                    ]
                },
                {
                    "category": "lane/single white",
                    "id": 45,
                    "attributes": {
                        "direction": "parallel",
                        "style": "dashed"
                    },
                    "poly2d": [
                        [
                            885.149614,
                            337.7288,
                            "L"
                        ],
                        [
                            1279.774987,
                            466.530028,
                            "L"
                        ]
                    ]
                },
                {
                    "category": "lane/double yellow",
                    "id": 46,
                    "attributes": {
                        "direction": "parallel",
                        "style": "dashed"
                    },
                    "poly2d": [
                        [
                            534.69046,
                            400.631725,
                            "L"
                        ],
                        [
                            0,
                            472.520782,
                            "L"
                        ]
                    ]
                },
                {
                    "category": "lane/single white",
                    "id": 47,
                    "attributes": {
                        "direction": "parallel",
                        "style": "dashed"
                    },
                    "poly2d": [
                        [
                            1273.346285,
                            343.662441,
                            "C"
                        ],
                        [
                            1250.264479,
                            351.356377,
                            "C"
                        ],
                        [
                            1123.266519,
                            375.919863,
                            "C"
                        ],
                        [
                            1047.657517,
                            387.261408,
                            "L"
                        ]
                    ]
                },
                {
                    "category": "lane/single white",
                    "id": 48,
                    "attributes": {
                        "direction": "parallel",
                        "style": "dashed"
                    },
                    "poly2d": [
                        [
                            1194.422329,
                            333.235734,
                            "L"
                        ],
                        [
                            1004.964709,
                            375.171017,
                            "L"
                        ]
                    ]
                }
            ]
        }
    ],
    "attributes": {
        "weather": "overcast",
        "scene": "city street",
        "timeofday": "daytime"
    }
}