{
    "name": "00c50078-6298b9c1",
    "frames": [
        {
            "timestamp": 10000,
            "objects": [
                {
                    "category": "car",
                    "id": 0,
                    "attributes": {
                        "occluded": false,
                        "truncated": false,
                        "trafficLightColor": "none"
                    },
                    "box2d": {
                        "x1": 1022.176447,
                        "y1": 327.582714,
                        "x2": 1052.887327,
                        "y2": 353.699757
                    }
                },
                {
                    "category": "car",
                    "id": 1,
                    "attributes": {
                        "occluded": true,
                        "truncated": false,
                        "trafficLightColor": "none"
                    },
                    "box2d": {
                        "x1": 1003.749918,
                        "y1": 330.653801,
                        "x2": 1019.105357,
                        "y2": 350.615873
                    }
                },
                {
                    "category": "car",
                    "id": 2,
                    "attributes": {
                        "occluded": true,
                        "truncated": false,
                        "trafficLightColor": "none"
                    },
                    "box2d": {
                        "x1": 979.181215,
                        "y1": 322.976081,
                        "x2": 1016.034271,
                        "y2": 361.364682
                    }
                },
                {
                    "category": "car",
                    "id": 3,
                    "attributes": {
                        "occluded": true,
                        "truncated": false,
                        "trafficLightColor": "none"
                    },
                    "box2d": {
                        "x1": 953.076967,
                        "y1": 327.582714,
                        "x2": 993.001112,
                        "y2": 369.042402
                    }
                },
                {
                    "category": "car",
                    "id": 4,
                    "attributes": {
                        "occluded": true,
                        "truncated": false,
                        "trafficLightColor": "none"
                    },
                    "box2d": {
                        "x1": 940.792615,
                        "y1": 335.260433,
                        "x2": 976.11013,
                        "y2": 375.184577
                    }
                },
                {
                    "category": "car",
                    "id": 5,
                    "attributes": {
                        "occluded": true,
                        "truncated": false,
                        "trafficLightColor": "none"
                    },
                    "box2d": {
                        "x1": 917.759454,
                        "y1": 336.795976,
                        "x2": 963.825774,
                        "y2": 379.791209
                    }
                },
                {
                    "category": "car",
                    "id": 6,
                    "attributes": {
                        "occluded": true,
                        "truncated": false,
                        "trafficLightColor": "none"
                    },
                    "box2d": {
                        "x1": 844.053342,
                        "y1": 322.976081,
                        "x2": 939.25707,
                        "y2": 393.611106
                    }
                },
                {
                    "category": "car",
                    "id": 7,
                    "attributes": {
                        "occluded": true,
                        "truncated": false,
                        "trafficLightColor": "none"
                    },
                    "box2d": {
                        "x1": 810.271373,
                        "y1": 332.189346,
                        "x2": 893.19075,
                        "y2": 408.966545
                    }
                },
                {
                    "category": "car",
                    "id": 8,
                    "attributes": {
                        "occluded": true,
                        "truncated": false,
                        "trafficLightColor": "none"
                    },
                    "box2d": {
                        "x1": 687.427854,
                        "y1": 310.691729,
                        "x2": 847.124431,
                        "y2": 436.606337
                    }
                },
                {
                    "category": "car",
                    "id": 9,
                    "attributes": {
                        "occluded": false,
                        "truncated": false,
                        "trafficLightColor": "none"
                    },
                    "box2d": {
                        "x1": 457.096253,
                        "y1": 322.976081,
                        "x2": 782.631582,
                        "y2": 493.421465
                    }
                },
                {
                    "category": "car",
                    "id": 10,
                    "attributes": {
                        "occluded": false,
                        "truncated": true,
                        "trafficLightColor": "none"
                    },
                    "box2d": {
                        "x1": 0,
                        "y1": 296.871833,
                        "x2": 380.319054,
                        "y2": 630.084881
                    }
                },
                {
                    "category": "car",
                    "id": 11,
                    "attributes": {
                        "occluded": true,
                        "truncated": false,
                        "trafficLightColor": "none"
                    },
                    "box2d": {
                        "x1": 1055.958413,
                        "y1": 326.047169,
                        "x2": 1072.849397,
                        "y2": 338.331521
                    }
                },
                {
                    "category": "car",
                    "id": 12,
                    "attributes": {
                        "occluded": true,
                        "truncated": false,
                        "trafficLightColor": "none"
                    },
                    "box2d": {
                        "x1": 1075.920487,
                        "y1": 327.582714,
                        "x2": 1091.275928,
                        "y2": 344.473698
                    }
                },
                {
                    "category": "truck",
                    "id": 13,
                    "attributes": {
                        "occluded": true,
                        "truncated": false,
                        "trafficLightColor": "none"
                    },
                    "box2d": {
                        "x1": 1086.669294,
                        "y1": 287.658568,
                        "x2": 1174.195303,
                        "y2": 375.184577
                    }
                },
                {
                    "category": "car",
                    "id": 14,
                    "attributes": {
                        "occluded": true,
                        "truncated": false,
                        "trafficLightColor": "none"
                    },
                    "box2d": {
                        "x1": 1129.664527,
                        "y1": 335.260433,
                        "x2": 1163.446495,
                        "y2": 379.791209
                    }
                },
                {
                    "category": "car",
                    "id": 15,
                    "attributes": {
                        "occluded": true,
                        "truncated": false,
                        "trafficLightColor": "none"
                    },
                    "box2d": {
                        "x1": 1148.091056,
                        "y1": 327.582714,
                        "x2": 1226.4038,
                        "y2": 398.217738
                    }
                },
                {
                    "category": "car",
                    "id": 16,
                    "attributes": {
                        "occluded": true,
                        "truncated": false,
                        "trafficLightColor": "none"
                    },
                    "box2d": {
                        "x1": 1155.768776,
                        "y1": 344.473698,
                        "x2": 1220.261623,
                        "y2": 415.108724
                    }
                },
                {
                    "category": "car",
                    "id": 17,
                    "attributes": {
                        "occluded": true,
                        "truncated": false,
                        "trafficLightColor": "none"
                    },
                    "box2d": {
                        "x1": 1191.086287,
                        "y1": 342.938153,
                        "x2": 1269.399031,
                        "y2": 425.85753
                    }
                },
                {
                    "category": "car",
                    "id": 18,
                    "attributes": {
                        "occluded": false,
                        "truncated": true,
                        "trafficLightColor": "none"
                    },
                    "box2d": {
                        "x1": 1221.797168,
                        "y1": 332.189346,
                        "x2": 1280,
                        "y2": 465.781673
                    }
                },
                {
                    "category": "area/drivable",
                    "id": 19,
                    "attributes": {},
                    "poly2d": [
                        [
                            1278.947894,
                            660.061889,
                            "L"
                        ],
                        [
                            1280.195648,
                            510.331403,
                            "L"
                        ],
                        [
                            1120.48313,
                            386.803753,
                            "L"
                        ],
                        [
                            1094.280295,
                            391.794768,
                            "L"
                        ],
                        [
                            1074.316231,
                            363.096426,
                            "L"
                        ],
                        [
                            1031.892593,
                            360.600918,
                            "L"
                        ],
                        [
                            342.442292,
                            628.037498,
                            "L"
                        ],
                        [
                            739.918146,
                            593.930924,
                            "C"
                        ],
                        [
                            1009.43302,
                            641.345577,
                            "C"
                        ],
                        [
                            1278.947894,
                            660.061889,
                            "C"
                        ]
                    ]
                },
                {
                    "category": "lane/road curb",
                    "id": 20,
                    "attributes": {
                        "direction": "parallel",
                        "style": "solid"
                    },
                    "poly2d": [
                        [
                            488.062906,
                            481.552773,
                            "L"
                        ],
                        [
                            377.701255,
                            504.4428,
                            "L"
                        ]
                    ]
                }
            ]
        }
    ],
    "attributes": {
        "weather": "partly cloudy",
        "scene": "residential",
        "timeofday": "daytime"
    }
}