{
    "name": "00c87627-b7f6f46c",
    "frames": [
        {
            "timestamp": 10000,
            "objects": [
                {
                    "category": "traffic sign",
                    "id": 0,
                    "attributes": {
                        "occluded": false,
                        "truncated": false,
                        "trafficLightColor": "none"
                    },
                    "box2d": {
                        "x1": 1171.124194,
                        "y1": 77.287445,
                        "x2": 1225.124158,
                        "y2": 159.974888
                    }
                },
                {
                    "category": "traffic sign",
                    "id": 1,
                    "attributes": {
                        "occluded": false,
                        "truncated": false,
                        "trafficLightColor": "none"
                    },
                    "box2d": {
                        "x1": 1164.374199,
                        "y1": 156.599891,
                        "x2": 1223.436661,
                        "y2": 237.937334
                    }
                },
                {
                    "category": "traffic sign",
                    "id": 2,
                    "attributes": {
                        "occluded": false,
                        "truncated": false,
                        "trafficLightColor": "none"
                    },
                    "box2d": {
                        "x1": 931.49936,
                        "y1": 308.474788,
                        "x2": 988.874319,
                        "y2": 364.162249
                    }
                },
                {
                    "category": "traffic light",
                    "id": 3,
                    "attributes": {
                        "occluded": false,
                        "truncated": false,
                        "trafficLightColor": "none"
                    },
                    "box2d": {
                        "x1": 558.562116,
                        "y1": 281.812306,
                        "x2": 568.687109,
                        "y2": 305.43729
                    }
                },
                {
                    "category": "traffic light",
                    "id": 4,
                    "attributes": {
                        "occluded": false,
                        "truncated": false,
                        "trafficLightColor": "none"
                    },
                    "box2d": {
                        "x1": 566.999609,
                        "y1": 285.187304,
                        "x2": 577.124602,
                        "y2": 307.124787
                    }
                },
                {
                    "category": "traffic light",
                    "id": 5,
                    "attributes": {
                        "occluded": false,
                        "truncated": false,
                        "trafficLightColor": "none"
                    },
                    "box2d": {
                        "x1": 394.874729,
                        "y1": 337.499767,
                        "x2": 416.812213,
                        "y2": 352.687257
                    }
                },
                {
                    "category": "traffic sign",
                    "id": 6,
                    "attributes": {
                        "occluded": false,
                        "truncated": false,
                        "trafficLightColor": "none"
                    },
                    "box2d": {
                        "x1": 1181.249188,
                        "y1": 236.249838,
                        "x2": 1218.374164,
                        "y2": 302.062294
                    }
                },
                {
                    "category": "traffic sign",
                    "id": 7,
                    "attributes": {
                        "occluded": false,
                        "truncated": false,
                        "trafficLightColor": "none"
                    },
                    "box2d": {
                        "x1": 1182.936687,
                        "y1": 302.062293,
                        "x2": 1214.999165,
                        "y2": 317.249782
                    }
                },
                {
                    "category": "traffic sign",
                    "id": 8,
                    "attributes": {
                        "occluded": false,
                        "truncated": false,
                        "trafficLightColor": "none"
                    },
                    "box2d": {
                        "x1": 361.124751,
                        "y1": 322.312278,
                        "x2": 383.062236,
                        "y2": 350.999759
                    }
                },
                {
                    "category": "traffic light",
                    "id": 9,
                    "attributes": {
                        "occluded": false,
                        "truncated": false,
                        "trafficLightColor": "green"
                    },
                    "box2d": {
                        "x1": 752.624483,
                        "y1": 312.187285,
                        "x2": 766.124475,
                        "y2": 330.749776
                    }
                },
                {
                    "category": "traffic light",
                    "id": 10,
                    "attributes": {
                        "occluded": false,
                        "truncated": false,
                        "trafficLightColor": "green"
                    },
                    "box2d": {
                        "x1": 836.999425,
                        "y1": 337.499767,
                        "x2": 843.74942,
                        "y2": 352.687257
                    }
                },
                {
                    "category": "car",
                    "id": 11,
                    "attributes": {
                        "occluded": true,
                        "truncated": false,
                        "trafficLightColor": "none"
                    },
                    "box2d": {
                        "x1": 764.436974,
                        "y1": 379.687239,
                        "x2": 776.249466,
                        "y2": 396.562226
                    }
                },
                {
                    "category": "car",
                    "id": 12,
                    "attributes": {
                        "occluded": true,
                        "truncated": false,
                        "trafficLightColor": "none"
                    },
                    "box2d": {
                        "x1": 772.874469,
                        "y1": 388.124733,
                        "x2": 784.686961,
                        "y2": 408.374721
                    }
                },
                {
                    "category": "car",
                    "id": 13,
                    "attributes": {
                        "occluded": true,
                        "truncated": false,
                        "trafficLightColor": "none"
                    },
                    "box2d": {
                        "x1": 782.999463,
                        "y1": 389.812233,
                        "x2": 794.811955,
                        "y2": 410.06222
                    }
                },
                {
                    "category": "car",
                    "id": 14,
                    "attributes": {
                        "occluded": true,
                        "truncated": false,
                        "trafficLightColor": "none"
                    },
                    "box2d": {
                        "x1": 789.749456,
                        "y1": 381.374738,
                        "x2": 808.311945,
                        "y2": 411.749718
                    }
                },
                {
                    "category": "car",
                    "id": 15,
                    "attributes": {
                        "occluded": true,
                        "truncated": false,
                        "trafficLightColor": "none"
                    },
                    "box2d": {
                        "x1": 801.561949,
                        "y1": 391.499731,
                        "x2": 830.249428,
                        "y2": 425.249705
                    }
                },
                {
                    "category": "car",
                    "id": 16,
                    "attributes": {
                        "occluded": true,
                        "truncated": false,
                        "trafficLightColor": "none"
                    },
                    "box2d": {
                        "x1": 823.499434,
                        "y1": 386.437234,
                        "x2": 850.499415,
                        "y2": 435.374701
                    }
                },
                {
                    "category": "car",
                    "id": 17,
                    "attributes": {
                        "occluded": true,
                        "truncated": false,
                        "trafficLightColor": "none"
                    },
                    "box2d": {
                        "x1": 830.24943,
                        "y1": 391.499731,
                        "x2": 874.124398,
                        "y2": 460.687181
                    }
                },
                {
                    "category": "truck",
                    "id": 18,
                    "attributes": {
                        "occluded": true,
                        "truncated": false,
                        "trafficLightColor": "none"
                    },
                    "box2d": {
                        "x1": 690.187024,
                        "y1": 340.031016,
                        "x2": 754.31198,
                        "y2": 404.155972
                    }
                },
                {
                    "category": "car",
                    "id": 19,
                    "attributes": {
                        "occluded": true,
                        "truncated": false,
                        "trafficLightColor": "none"
                    },
                    "box2d": {
                        "x1": 885.936891,
                        "y1": 389.812233,
                        "x2": 1112.061735,
                        "y2": 524.812138
                    }
                },
                {
                    "category": "car",
                    "id": 20,
                    "attributes": {
                        "occluded": true,
                        "truncated": false,
                        "trafficLightColor": "none"
                    },
                    "box2d": {
                        "x1": 1051.986767,
                        "y1": 414.78722,
                        "x2": 1278.111611,
                        "y2": 664.537047
                    }
                },
                {
                    "category": "car",
                    "id": 21,
                    "attributes": {
                        "occluded": true,
                        "truncated": false,
                        "trafficLightColor": "none"
                    },
                    "box2d": {
                        "x1": 664.874543,
                        "y1": 375.468492,
                        "x2": 712.12451,
                        "y2": 446.343443
                    }
                },
                {
                    "category": "car",
                    "id": 22,
                    "attributes": {
                        "occluded": true,
                        "truncated": false,
                        "trafficLightColor": "none"
                    },
                    "box2d": {
                        "x1": 602.437086,
                        "y1": 368.718497,
                        "x2": 698.62452,
                        "y2": 483.468417
                    }
                },
                {
                    "category": "car",
                    "id": 23,
                    "attributes": {
                        "occluded": true,
                        "truncated": false,
                        "trafficLightColor": "none"
                    },
                    "box2d": {
                        "x1": 408.374718,
                        "y1": 355.218505,
                        "x2": 666.562042,
                        "y2": 559.405864
                    }
                },
                {
                    "category": "car",
                    "id": 24,
                    "attributes": {
                        "occluded": false,
                        "truncated": true,
                        "trafficLightColor": "none"
                    },
                    "box2d": {
                        "x1": 0,
                        "y1": 144.281151,
                        "x2": 472.499676,
                        "y2": 559.405864
                    }
                },
                {
                    "category": "car",
                    "id": 25,
                    "attributes": {
                        "occluded": true,
                        "truncated": false,
                        "trafficLightColor": "none"
                    },
                    "box2d": {
                        "x1": 691.874524,
                        "y1": 374.624731,
                        "x2": 749.249485,
                        "y2": 426.937194
                    }
                },
                {
                    "category": "car",
                    "id": 26,
                    "attributes": {
                        "occluded": true,
                        "truncated": false,
                        "trafficLightColor": "none"
                    },
                    "box2d": {
                        "x1": 858.602918,
                        "y1": 378.734503,
                        "x2": 967.365028,
                        "y2": 482.597419
                    }
                },
                {
                    "category": "area/drivable",
                    "id": 27,
                    "attributes": {},
                    "poly2d": [
                        [
                            757.039173,
                            413.573177,
                            "L"
                        ],
                        [
                            772.394613,
                            412.037633,
                            "L"
                        ],
                        [
                            913.664662,
                            576.340842,
                            "L"
                        ],
                        [
                            1021.152742,
                            600.909546,
                            "L"
                        ],
                        [
                            1021.152742,
                            627.013794,
                            "L"
                        ],
                        [
                            929.020102,
                            610.12281,
                            "C"
                        ],
                        [
                            819.996477,
                            596.302914,
                            "C"
                        ],
                        [
                            730.934925,
                            591.696282,
                            "C"
                        ],
                        [
                            757.039173,
                            413.573177,
                            "L"
                        ]
                    ]
                },
                {
                    "category": "lane/single white",
                    "id": 28,
                    "attributes": {
                        "direction": "parallel",
                        "style": "solid"
                    },
                    "poly2d": [
                        [
                            754.497298,
                            429.923427,
                            "L"
                        ],
                        [
                            728.04157,
                            587.677479,
                            "L"
                        ]
                    ]
                },
                {
                    "category": "lane/single white",
                    "id": 29,
                    "attributes": {
                        "direction": "parallel",
                        "style": "solid"
                    },
                    "poly2d": [
                        [
                            745.678723,
                            429.923427,
                            "L"
                        ],
                        [
                            706.485052,
                            588.657317,
                            "L"
                        ]
                    ]
                },
                {
                    "category": "lane/single white",
                    "id": 30,
                    "attributes": {
                        "direction": "parallel",
                        "style": "solid"
                    },
                    "poly2d": [
                        [
                            790.751443,
                            421.104878,
                            "C"
                        ],
                        [
                            921.070399,
                            567.100864,
                            "C"
                        ],
                        [
                            878.937202,
                            569.06054,
                            "C"
                        ],
                        [
                            1025.913467,
                            597.475868,
                            "L"
                        ]
                    ]
                },
                {
                    "category": "lane/single white",
                    "id": 31,
                    "attributes": {
                        "direction": "parallel",
                        "style": "solid"
                    },
                    "poly2d": [
                        [
                            788.79176,
                            425.024232,
                            "C"
                        ],
                        [
                            928.909133,
                            611.193611,
                            "C"
                        ],
                        [
                            906.372772,
                            572.979897,
                            "C"
                        ],
                        [
                            1025.913467,
                            603.354901,
                            "L"
                        ]
                    ]
                }
            ]
        }
    ],
    "attributes": {
        "weather": "overcast",
        "scene": "city street",
        "timeofday": "daytime"
    }
}