{
    "name": "00ca8821-db8033d5",
    "frames": [
        {
            "timestamp": 10000,
            "objects": [
                {
                    "category": "truck",
                    "id": 0,
                    "attributes": {
                        "occluded": false,
                        "truncated": true,
                        "trafficLightColor": "none"
                    },
                    "box2d": {
                        "x1": 2.496157,
                        "y1": 53.233464,
                        "x2": 285.858817,
                        "y2": 248.731731
                    }
                },
                {
                    "category": "traffic sign",
                    "id": 1,
                    "attributes": {
                        "occluded": false,
                        "truncated": false,
                        "trafficLightColor": "none"
                    },
                    "box2d": {
                        "x1": 501.126572,
                        "y1": 52.13516,
                        "x2": 514.306231,
                        "y2": 79.592781
                    }
                },
                {
                    "category": "traffic sign",
                    "id": 2,
                    "attributes": {
                        "occluded": false,
                        "truncated": false,
                        "trafficLightColor": "none"
                    },
                    "box2d": {
                        "x1": 531.879108,
                        "y1": 98.263964,
                        "x2": 542.862157,
                        "y2": 114.738537
                    }
                },
                {
                    "category": "traffic sign",
                    "id": 3,
                    "attributes": {
                        "occluded": false,
                        "truncated": false,
                        "trafficLightColor": "none"
                    },
                    "box2d": {
                        "x1": 728.47568,
                        "y1": 109.247014,
                        "x2": 744.950255,
                        "y2": 121.328367
                    }
                },
                {
                    "category": "car",
                    "id": 4,
                    "attributes": {
                        "occluded": false,
                        "truncated": true,
                        "trafficLightColor": "none"
                    },
                    "box2d": {
                        "x1": 1065.655277,
                        "y1": 142.196159,
                        "x2": 1277.628117,
                        "y2": 315.72833
                    }
                },
                {
                    "category": "car",
                    "id": 5,
                    "attributes": {
                        "occluded": true,
                        "truncated": false,
                        "trafficLightColor": "none"
                    },
                    "box2d": {
                        "x1": 962.414619,
                        "y1": 108.148708,
                        "x2": 1178.78068,
                        "y2": 235.552074
                    }
                },
                {
                    "category": "car",
                    "id": 6,
                    "attributes": {
                        "occluded": false,
                        "truncated": false,
                        "trafficLightColor": "none"
                    },
                    "box2d": {
                        "x1": 671.363825,
                        "y1": 129.016502,
                        "x2": 845.994302,
                        "y2": 260.813087
                    }
                },
                {
                    "category": "car",
                    "id": 7,
                    "attributes": {
                        "occluded": false,
                        "truncated": false,
                        "trafficLightColor": "none"
                    },
                    "box2d": {
                        "x1": 605.465534,
                        "y1": 134.508025,
                        "x2": 638.414678,
                        "y2": 156.474123
                    }
                },
                {
                    "category": "car",
                    "id": 8,
                    "attributes": {
                        "occluded": false,
                        "truncated": false,
                        "trafficLightColor": "none"
                    },
                    "box2d": {
                        "x1": 874.550227,
                        "y1": 138.901246,
                        "x2": 896.516324,
                        "y2": 154.277513
                    }
                },
                {
                    "category": "car",
                    "id": 9,
                    "attributes": {
                        "occluded": true,
                        "truncated": false,
                        "trafficLightColor": "none"
                    },
                    "box2d": {
                        "x1": 639.512985,
                        "y1": 137.802942,
                        "x2": 660.380777,
                        "y2": 153.179207
                    }
                },
                {
                    "category": "car",
                    "id": 10,
                    "attributes": {
                        "occluded": true,
                        "truncated": false,
                        "trafficLightColor": "none"
                    },
                    "box2d": {
                        "x1": 674.658741,
                        "y1": 135.606329,
                        "x2": 701.018059,
                        "y2": 153.179207
                    }
                },
                {
                    "category": "car",
                    "id": 11,
                    "attributes": {
                        "occluded": true,
                        "truncated": false,
                        "trafficLightColor": "none"
                    },
                    "box2d": {
                        "x1": 655.987558,
                        "y1": 132.311417,
                        "x2": 676.855352,
                        "y2": 152.080903
                    }
                },
                {
                    "category": "car",
                    "id": 12,
                    "attributes": {
                        "occluded": false,
                        "truncated": false,
                        "trafficLightColor": "none"
                    },
                    "box2d": {
                        "x1": 830.618033,
                        "y1": 133.409719,
                        "x2": 856.977351,
                        "y2": 153.179207
                    }
                },
                {
                    "category": "car",
                    "id": 13,
                    "attributes": {
                        "occluded": true,
                        "truncated": false,
                        "trafficLightColor": "none"
                    },
                    "box2d": {
                        "x1": 867.960399,
                        "y1": 134.508025,
                        "x2": 887.729889,
                        "y2": 149.884294
                    }
                },
                {
                    "category": "car",
                    "id": 14,
                    "attributes": {
                        "occluded": true,
                        "truncated": false,
                        "trafficLightColor": "none"
                    },
                    "box2d": {
                        "x1": 861.370569,
                        "y1": 136.704635,
                        "x2": 872.353619,
                        "y2": 145.491073
                    }
                },
                {
                    "category": "area/alternative",
                    "id": 15,
                    "attributes": {},
                    "poly2d": [
                        [
                            573.614693,
                            159.77042,
                            "L"
                        ],
                        [
                            615.350279,
                            160.868734,
                            "L"
                        ],
                        [
                            573.614693,
                            437.643958,
                            "L"
                        ],
                        [
                            377.018121,
                            443.13553,
                            "C"
                        ],
                        [
                            192.502902,
                            464.003504,
                            "C"
                        ],
                        [
                            0,
                            496.799825,
                            "C"
                        ],
                        [
                            0,
                            394.199862,
                            "L"
                        ],
                        [
                            573.614693,
                            159.77042,
                            "L"
                        ]
                    ]
                },
                {
                    "category": "area/drivable",
                    "id": 16,
                    "attributes": {},
                    "poly2d": [
                        [
                            615.350279,
                            269.601858,
                            "L"
                        ],
                        [
                            859.173961,
                            270.700173,
                            "L"
                        ],
                        [
                            842.699387,
                            158.672105,
                            "L"
                        ],
                        [
                            885.533277,
                            158.672105,
                            "L"
                        ],
                        [
                            954.726486,
                            183.933337,
                            "L"
                        ],
                        [
                            943.743437,
                            241.045684,
                            "C"
                        ],
                        [
                            1018.12862,
                            244.921987,
                            "C"
                        ],
                        [
                            1050.279009,
                            275.09343,
                            "C"
                        ],
                        [
                            1278.726423,
                            335.50072,
                            "L"
                        ],
                        [
                            1276.529813,
                            491.461364,
                            "L"
                        ],
                        [
                            1060.163753,
                            449.725416,
                            "C"
                        ],
                        [
                            844.895998,
                            429.955756,
                            "C"
                        ],
                        [
                            593.999791,
                            440.099847,
                            "C"
                        ],
                        [
                            615.350279,
                            269.601858,
                            "L"
                        ]
                    ]
                },
                {
                    "category": "lane/single white",
                    "id": 17,
                    "attributes": {
                        "direction": "parallel",
                        "style": "solid"
                    },
                    "poly2d": [
                        [
                            0.014048,
                            390.149863,
                            "L"
                        ],
                        [
                            560.263852,
                            166.049941,
                            "L"
                        ]
                    ]
                },
                {
                    "category": "lane/single white",
                    "id": 18,
                    "attributes": {
                        "direction": "parallel",
                        "style": "dashed"
                    },
                    "poly2d": [
                        [
                            627.763829,
                            153.899945,
                            "L"
                        ],
                        [
                            587.263843,
                            719.549749,
                            "L"
                        ]
                    ]
                },
                {
                    "category": "lane/single white",
                    "id": 19,
                    "attributes": {
                        "direction": "parallel",
                        "style": "dashed"
                    },
                    "poly2d": [
                        [
                            616.963832,
                            156.599945,
                            "L"
                        ],
                        [
                            526.513864,
                            719.549749,
                            "L"
                        ]
                    ]
                },
                {
                    "category": "lane/road curb",
                    "id": 20,
                    "attributes": {
                        "direction": "parallel",
                        "style": "solid"
                    },
                    "poly2d": [
                        [
                            936.91372,
                            172.79994,
                            "L"
                        ],
                        [
                            1279.799553,
                            276.749903,
                            "L"
                        ]
                    ]
                },
                {
                    "category": "lane/crosswalk",
                    "id": 21,
                    "attributes": {
                        "direction": "vertical",
                        "style": "dashed"
                    },
                    "poly2d": [
                        [
                            14.864043,
                            404.999858,
                            "L"
                        ],
                        [
                            537.313861,
                            441.449845,
                            "L"
                        ],
                        [
                            1279.799553,
                            503.549824,
                            "L"
                        ]
                    ]
                }
            ]
        }
    ],
    "attributes": {
        "weather": "undefined",
        "scene": "highway",
        "timeofday": "daytime"
    }
}