{
    "name": "00ca8821-17667a58",
    "frames": [
        {
            "timestamp": 10000,
            "objects": [
                {
                    "category": "car",
                    "id": 0,
                    "attributes": {
                        "occluded": false,
                        "truncated": false,
                        "trafficLightColor": "none"
                    },
                    "box2d": {
                        "x1": 189.098088,
                        "y1": 172.833657,
                        "x2": 697.314955,
                        "y2": 522.753466
                    }
                },
                {
                    "category": "truck",
                    "id": 1,
                    "attributes": {
                        "occluded": true,
                        "truncated": true,
                        "trafficLightColor": "none"
                    },
                    "box2d": {
                        "x1": 1.641046,
                        "y1": 2.039463,
                        "x2": 415.594768,
                        "y2": 390.839254
                    }
                },
                {
                    "category": "car",
                    "id": 2,
                    "attributes": {
                        "occluded": true,
                        "truncated": false,
                        "trafficLightColor": "none"
                    },
                    "box2d": {
                        "x1": 477.920787,
                        "y1": 164.502231,
                        "x2": 507.080771,
                        "y2": 179.776511
                    }
                },
                {
                    "category": "car",
                    "id": 3,
                    "attributes": {
                        "occluded": true,
                        "truncated": false,
                        "trafficLightColor": "none"
                    },
                    "box2d": {
                        "x1": 458.480801,
                        "y1": 157.559378,
                        "x2": 483.475072,
                        "y2": 175.610798
                    }
                },
                {
                    "category": "truck",
                    "id": 4,
                    "attributes": {
                        "occluded": true,
                        "truncated": false,
                        "trafficLightColor": "none"
                    },
                    "box2d": {
                        "x1": 390.480867,
                        "y1": 102.48097,
                        "x2": 460.961851,
                        "y2": 174.177143
                    }
                },
                {
                    "category": "lane/road curb",
                    "id": 5,
                    "attributes": {
                        "direction": "parallel",
                        "style": "solid"
                    },
                    "poly2d": [
                        [
                            687.262697,
                            340.046521,
                            "L"
                        ],
                        [
                            822.461916,
                            478.318449,
                            "L"
                        ]
                    ]
                }
            ]
        }
    ],
    "attributes": {
        "weather": "undefined",
        "scene": "city street",
        "timeofday": "daytime"
    }
}