{
    "name": "00cb28b9-08a22af7",
    "frames": [
        {
            "timestamp": 10000,
            "objects": [
                {
                    "category": "traffic sign",
                    "id": 0,
                    "attributes": {
                        "occluded": false,
                        "truncated": false,
                        "trafficLightColor": "none"
                    },
                    "box2d": {
                        "x1": 422.23998,
                        "y1": 281.992415,
                        "x2": 438.460783,
                        "y2": 309.443003
                    }
                },
                {
                    "category": "traffic sign",
                    "id": 1,
                    "attributes": {
                        "occluded": false,
                        "truncated": false,
                        "trafficLightColor": "none"
                    },
                    "box2d": {
                        "x1": 873.178302,
                        "y1": 289.47894,
                        "x2": 893.142367,
                        "y2": 321.920544
                    }
                },
                {
                    "category": "traffic sign",
                    "id": 2,
                    "attributes": {
                        "occluded": false,
                        "truncated": false,
                        "trafficLightColor": "none"
                    },
                    "box2d": {
                        "x1": 201.387504,
                        "y1": 207.127171,
                        "x2": 240.067879,
                        "y2": 274.505888
                    }
                },
                {
                    "category": "traffic sign",
                    "id": 3,
                    "attributes": {
                        "occluded": false,
                        "truncated": false,
                        "trafficLightColor": "none"
                    },
                    "box2d": {
                        "x1": 207.626271,
                        "y1": 272.01038,
                        "x2": 237.572367,
                        "y2": 291.974446
                    }
                },
                {
                    "category": "traffic light",
                    "id": 4,
                    "attributes": {
                        "occluded": false,
                        "truncated": false,
                        "trafficLightColor": "red"
                    },
                    "box2d": {
                        "x1": 1102.265932,
                        "y1": 303.204232,
                        "x2": 1125.973259,
                        "y2": 338.141345
                    }
                },
                {
                    "category": "traffic light",
                    "id": 5,
                    "attributes": {
                        "occluded": false,
                        "truncated": false,
                        "trafficLightColor": "none"
                    },
                    "box2d": {
                        "x1": 796.566192,
                        "y1": 293.222199,
                        "x2": 811.539242,
                        "y2": 321.920542
                    }
                },
                {
                    "category": "traffic light",
                    "id": 6,
                    "attributes": {
                        "occluded": false,
                        "truncated": false,
                        "trafficLightColor": "none"
                    },
                    "box2d": {
                        "x1": 812.786996,
                        "y1": 274.50589,
                        "x2": 838.989831,
                        "y2": 314.43402
                    }
                },
                {
                    "category": "traffic light",
                    "id": 7,
                    "attributes": {
                        "occluded": false,
                        "truncated": false,
                        "trafficLightColor": "none"
                    },
                    "box2d": {
                        "x1": 1076.562211,
                        "y1": 303.204232,
                        "x2": 1101.517293,
                        "y2": 339.389099
                    }
                },
                {
                    "category": "car",
                    "id": 8,
                    "attributes": {
                        "occluded": false,
                        "truncated": true,
                        "trafficLightColor": "none"
                    },
                    "box2d": {
                        "x1": 120.28349,
                        "y1": 296.965463,
                        "x2": 444.699542,
                        "y2": 471.65103
                    }
                },
                {
                    "category": "car",
                    "id": 9,
                    "attributes": {
                        "occluded": false,
                        "truncated": false,
                        "trafficLightColor": "none"
                    },
                    "box2d": {
                        "x1": 906.895154,
                        "y1": 376.879584,
                        "x2": 1079.723334,
                        "y2": 444.736248
                    }
                },
                {
                    "category": "traffic sign",
                    "id": 10,
                    "attributes": {
                        "occluded": false,
                        "truncated": false,
                        "trafficLightColor": "none"
                    },
                    "box2d": {
                        "x1": 781.094031,
                        "y1": 338.366342,
                        "x2": 803.553606,
                        "y2": 358.539945
                    }
                },
                {
                    "category": "traffic sign",
                    "id": 11,
                    "attributes": {
                        "occluded": false,
                        "truncated": false,
                        "trafficLightColor": "none"
                    },
                    "box2d": {
                        "x1": 870.932321,
                        "y1": 360.600918,
                        "x2": 879.6666,
                        "y2": 385.555999
                    }
                },
                {
                    "category": "traffic sign",
                    "id": 12,
                    "attributes": {
                        "occluded": true,
                        "truncated": false,
                        "trafficLightColor": "none"
                    },
                    "box2d": {
                        "x1": 413.006588,
                        "y1": 285.735676,
                        "x2": 432.970653,
                        "y2": 306.947494
                    }
                },
                {
                    "category": "car",
                    "id": 13,
                    "attributes": {
                        "occluded": false,
                        "truncated": true,
                        "trafficLightColor": "none"
                    },
                    "box2d": {
                        "x1": 0,
                        "y1": 230.468127,
                        "x2": 179.247053,
                        "y2": 470.717399
                    }
                },
                {
                    "category": "area/drivable",
                    "id": 14,
                    "attributes": {},
                    "poly2d": [
                        [
                            184.333961,
                            478.910603,
                            "L"
                        ],
                        [
                            330.842798,
                            699.46154,
                            "L"
                        ],
                        [
                            592.353193,
                            708.913724,
                            "L"
                        ],
                        [
                            742.012757,
                            650.625262,
                            "C"
                        ],
                        [
                            927.905689,
                            705.762997,
                            "C"
                        ],
                        [
                            1099.620347,
                            719.941269,
                            "C"
                        ],
                        [
                            1280.770794,
                            719.941269,
                            "L"
                        ],
                        [
                            1280.770794,
                            532.472975,
                            "L"
                        ],
                        [
                            491.529907,
                            425.348234,
                            "L"
                        ],
                        [
                            412.761716,
                            475.759877,
                            "L"
                        ],
                        [
                            184.333961,
                            478.910603,
                            "L"
                        ]
                    ]
                },
                {
                    "category": "lane/crosswalk",
                    "id": 15,
                    "attributes": {
                        "direction": "vertical",
                        "style": "dashed"
                    },
                    "poly2d": [
                        [
                            898.444748,
                            487.27528,
                            "L"
                        ],
                        [
                            201.122613,
                            493.815287,
                            "L"
                        ]
                    ]
                },
                {
                    "category": "lane/crosswalk",
                    "id": 16,
                    "attributes": {
                        "direction": "vertical",
                        "style": "dashed"
                    },
                    "poly2d": [
                        [
                            709.603702,
                            457.845245,
                            "L"
                        ],
                        [
                            166.787878,
                            448.035234,
                            "L"
                        ]
                    ]
                },
                {
                    "category": "lane/single white",
                    "id": 17,
                    "attributes": {
                        "direction": "parallel",
                        "style": "dashed"
                    },
                    "poly2d": [
                        [
                            375.248775,
                            501.172796,
                            "C"
                        ],
                        [
                            416.940953,
                            515.887814,
                            "C"
                        ],
                        [
                            451.275688,
                            537.960339,
                            "C"
                        ],
                        [
                            488.062907,
                            562.485368,
                            "L"
                        ]
                    ]
                },
                {
                    "category": "lane/single white",
                    "id": 18,
                    "attributes": {
                        "direction": "parallel",
                        "style": "dashed"
                    },
                    "poly2d": [
                        [
                            378.518749,
                            496.267791,
                            "C"
                        ],
                        [
                            434.108321,
                            509.347806,
                            "C"
                        ],
                        [
                            475.800501,
                            538.77784,
                            "C"
                        ],
                        [
                            510.95273,
                            564.93787,
                            "L"
                        ]
                    ]
                },
                {
                    "category": "lane/single white",
                    "id": 19,
                    "attributes": {
                        "direction": "parallel",
                        "style": "dashed"
                    },
                    "poly2d": [
                        [
                            723.501096,
                            501.990297,
                            "C"
                        ],
                        [
                            885.364849,
                            535.507836,
                            "C"
                        ],
                        [
                            1043.141136,
                            580.470389,
                            "C"
                        ],
                        [
                            1185.385042,
                            633.607952,
                            "L"
                        ]
                    ]
                },
                {
                    "category": "lane/single white",
                    "id": 20,
                    "attributes": {
                        "direction": "parallel",
                        "style": "dashed"
                    },
                    "poly2d": [
                        [
                            725.953576,
                            496.267791,
                            "C"
                        ],
                        [
                            887.817331,
                            526.515326,
                            "C"
                        ],
                        [
                            1052.133567,
                            575.565384,
                            "C"
                        ],
                        [
                            1199.282435,
                            631.97295,
                            "L"
                        ]
                    ]
                },
                {
                    "category": "lane/road curb",
                    "id": 21,
                    "attributes": {
                        "direction": "parallel",
                        "style": "solid"
                    },
                    "poly2d": [
                        [
                            785.630618,
                            462.750251,
                            "L"
                        ],
                        [
                            1276.126844,
                            533.872835,
                            "L"
                        ]
                    ]
                },
                {
                    "category": "lane/single white",
                    "id": 22,
                    "attributes": {
                        "direction": "vertical",
                        "style": "solid"
                    },
                    "poly2d": [
                        [
                            826.505303,
                            427.59771,
                            "L"
                        ],
                        [
                            951.581841,
                            448.035234,
                            "L"
                        ]
                    ]
                },
                {
                    "category": "lane/road curb",
                    "id": 23,
                    "attributes": {
                        "direction": "parallel",
                        "style": "solid"
                    },
                    "poly2d": [
                        [
                            1273.674363,
                            427.59771,
                            "C"
                        ],
                        [
                            1221.354764,
                            425.962708,
                            "C"
                        ],
                        [
                            1163.312712,
                            430.867712,
                            "C"
                        ],
                        [
                            1113.445595,
                            437.407721,
                            "L"
                        ]
                    ]
                },
                {
                    "category": "lane/road curb",
                    "id": 24,
                    "attributes": {
                        "direction": "parallel",
                        "style": "solid"
                    },
                    "poly2d": [
                        [
                            709.603702,
                            416.152696,
                            "C"
                        ],
                        [
                            611.504456,
                            413.700193,
                            "C"
                        ],
                        [
                            554.279897,
                            416.152696,
                            "C"
                        ],
                        [
                            459.450626,
                            427.59771,
                            "L"
                        ]
                    ]
                }
            ]
        }
    ],
    "attributes": {
        "weather": "clear",
        "scene": "city street",
        "timeofday": "daytime"
    }
}