{
    "name": "00ccf2e8-f8c69860",
    "frames": [
        {
            "timestamp": 10000,
            "objects": [
                {
                    "category": "traffic sign",
                    "id": 0,
                    "attributes": {
                        "occluded": false,
                        "truncated": false,
                        "trafficLightColor": "none"
                    },
                    "box2d": {
                        "x1": 744.419014,
                        "y1": 304.087286,
                        "x2": 789.981483,
                        "y2": 358.087249
                    }
                },
                {
                    "category": "traffic sign",
                    "id": 1,
                    "attributes": {
                        "occluded": false,
                        "truncated": false,
                        "trafficLightColor": "none"
                    },
                    "box2d": {
                        "x1": 660.044072,
                        "y1": 314.212279,
                        "x2": 688.731553,
                        "y2": 381.712233
                    }
                },
                {
                    "category": "car",
                    "id": 2,
                    "attributes": {
                        "occluded": true,
                        "truncated": false,
                        "trafficLightColor": "none"
                    },
                    "box2d": {
                        "x1": 398.481751,
                        "y1": 428.9622,
                        "x2": 415.35674,
                        "y2": 449.212186
                    }
                },
                {
                    "category": "car",
                    "id": 3,
                    "attributes": {
                        "occluded": true,
                        "truncated": false,
                        "trafficLightColor": "none"
                    },
                    "box2d": {
                        "x1": 413.669242,
                        "y1": 437.399694,
                        "x2": 445.73172,
                        "y2": 461.024678
                    }
                },
                {
                    "category": "car",
                    "id": 4,
                    "attributes": {
                        "occluded": true,
                        "truncated": false,
                        "trafficLightColor": "none"
                    },
                    "box2d": {
                        "x1": 438.981724,
                        "y1": 434.024697,
                        "x2": 465.981706,
                        "y2": 461.024678
                    }
                },
                {
                    "category": "car",
                    "id": 5,
                    "attributes": {
                        "occluded": true,
                        "truncated": false,
                        "trafficLightColor": "none"
                    },
                    "box2d": {
                        "x1": 452.481715,
                        "y1": 435.712195,
                        "x2": 494.669185,
                        "y2": 476.212167
                    }
                },
                {
                    "category": "car",
                    "id": 6,
                    "attributes": {
                        "occluded": true,
                        "truncated": false,
                        "trafficLightColor": "none"
                    },
                    "box2d": {
                        "x1": 482.856694,
                        "y1": 430.649699,
                        "x2": 545.29415,
                        "y2": 498.149653
                    }
                },
                {
                    "category": "car",
                    "id": 7,
                    "attributes": {
                        "occluded": true,
                        "truncated": false,
                        "trafficLightColor": "none"
                    },
                    "box2d": {
                        "x1": 508.169177,
                        "y1": 430.649699,
                        "x2": 592.544119,
                        "y2": 511.649644
                    }
                },
                {
                    "category": "car",
                    "id": 8,
                    "attributes": {
                        "occluded": true,
                        "truncated": false,
                        "trafficLightColor": "none"
                    },
                    "box2d": {
                        "x1": 555.419144,
                        "y1": 428.9622,
                        "x2": 712.356536,
                        "y2": 530.212129
                    }
                },
                {
                    "category": "truck",
                    "id": 9,
                    "attributes": {
                        "occluded": true,
                        "truncated": false,
                        "trafficLightColor": "none"
                    },
                    "box2d": {
                        "x1": 361.356778,
                        "y1": 415.462209,
                        "x2": 396.794253,
                        "y2": 455.962181
                    }
                },
                {
                    "category": "car",
                    "id": 10,
                    "attributes": {
                        "occluded": false,
                        "truncated": false,
                        "trafficLightColor": "none"
                    },
                    "box2d": {
                        "x1": 369.794272,
                        "y1": 439.087192,
                        "x2": 406.919246,
                        "y2": 471.14967
                    }
                },
                {
                    "category": "car",
                    "id": 11,
                    "attributes": {
                        "occluded": false,
                        "truncated": true,
                        "trafficLightColor": "none"
                    },
                    "box2d": {
                        "x1": 881.10642,
                        "y1": 381.712233,
                        "x2": 1279.356147,
                        "y2": 719.211999
                    }
                },
                {
                    "category": "area/drivable",
                    "id": 12,
                    "attributes": {},
                    "poly2d": [
                        [
                            351.569278,
                            474.187174,
                            "L"
                        ],
                        [
                            423.826124,
                            472.947553,
                            "L"
                        ],
                        [
                            972.015334,
                            720.170138,
                            "L"
                        ],
                        [
                            0,
                            720.562004,
                            "L"
                        ],
                        [
                            351.569278,
                            474.187174,
                            "L"
                        ]
                    ]
                },
                {
                    "category": "lane/road curb",
                    "id": 13,
                    "attributes": {
                        "direction": "parallel",
                        "style": "solid"
                    },
                    "poly2d": [
                        [
                            609.626949,
                            548.18921,
                            "L"
                        ],
                        [
                            975.086422,
                            720.170138,
                            "L"
                        ]
                    ]
                },
                {
                    "category": "lane/road curb",
                    "id": 14,
                    "attributes": {
                        "direction": "parallel",
                        "style": "solid"
                    },
                    "poly2d": [
                        [
                            354.726644,
                            466.805377,
                            "L"
                        ],
                        [
                            0,
                            720.170138,
                            "L"
                        ]
                    ]
                }
            ]
        }
    ],
    "attributes": {
        "weather": "overcast",
        "scene": "city street",
        "timeofday": "dawn/dusk"
    }
}