{
    "name": "00ccf2e8-59a6bfc9",
    "frames": [
        {
            "timestamp": 10000,
            "objects": [
                {
                    "category": "car",
                    "id": 0,
                    "attributes": {
                        "occluded": true,
                        "truncated": false,
                        "trafficLightColor": "none"
                    },
                    "box2d": {
                        "x1": 979.477115,
                        "y1": 505.336977,
                        "x2": 1201.206606,
                        "y2": 618.779972
                    }
                },
                {
                    "category": "car",
                    "id": 1,
                    "attributes": {
                        "occluded": false,
                        "truncated": false,
                        "trafficLightColor": "none"
                    },
                    "box2d": {
                        "x1": 570.824509,
                        "y1": 513.071727,
                        "x2": 686.845751,
                        "y2": 605.888723
                    }
                },
                {
                    "category": "traffic light",
                    "id": 2,
                    "attributes": {
                        "occluded": false,
                        "truncated": false,
                        "trafficLightColor": "red"
                    },
                    "box2d": {
                        "x1": 649.461129,
                        "y1": 466.663229,
                        "x2": 658.485004,
                        "y2": 486.000103
                    }
                },
                {
                    "category": "traffic light",
                    "id": 3,
                    "attributes": {
                        "occluded": false,
                        "truncated": false,
                        "trafficLightColor": "red"
                    },
                    "box2d": {
                        "x1": 626.256881,
                        "y1": 476.976228,
                        "x2": 636.569882,
                        "y2": 496.313102
                    }
                },
                {
                    "category": "traffic light",
                    "id": 4,
                    "attributes": {
                        "occluded": false,
                        "truncated": false,
                        "trafficLightColor": "red"
                    },
                    "box2d": {
                        "x1": 708.760878,
                        "y1": 495.023978,
                        "x2": 720.363001,
                        "y2": 514.360851
                    }
                },
                {
                    "category": "area/drivable",
                    "id": 5,
                    "attributes": {},
                    "poly2d": [
                        [
                            505.209956,
                            615.753146,
                            "L"
                        ],
                        [
                            701.759589,
                            615.753146,
                            "L"
                        ],
                        [
                            698.688501,
                            558.938018,
                            "L"
                        ],
                        [
                            769.323525,
                            562.009106,
                            "L"
                        ],
                        [
                            1280.6437,
                            690.994802,
                            "L"
                        ],
                        [
                            1280.6437,
                            720.170138,
                            "L"
                        ],
                        [
                            368.54654,
                            720.170138,
                            "L"
                        ],
                        [
                            505.209956,
                            615.753146,
                            "L"
                        ]
                    ]
                },
                {
                    "category": "lane/road curb",
                    "id": 6,
                    "attributes": {
                        "direction": "parallel",
                        "style": "solid"
                    },
                    "poly2d": [
                        [
                            540.443883,
                            576.406877,
                            "L"
                        ],
                        [
                            363.625829,
                            717.261937,
                            "L"
                        ]
                    ]
                },
                {
                    "category": "lane/road curb",
                    "id": 7,
                    "attributes": {
                        "direction": "parallel",
                        "style": "solid"
                    },
                    "poly2d": [
                        [
                            813.163255,
                            577.405849,
                            "L"
                        ],
                        [
                            1269.693485,
                            700.279412,
                            "L"
                        ]
                    ]
                }
            ]
        }
    ],
    "attributes": {
        "weather": "rainy",
        "scene": "highway",
        "timeofday": "night"
    }
}