{
    "name": "00cea101-06f21d5e",
    "frames": [
        {
            "timestamp": 10000,
            "objects": [
                {
                    "category": "traffic sign",
                    "id": 0,
                    "attributes": {
                        "occluded": false,
                        "truncated": false,
                        "trafficLightColor": "none"
                    },
                    "box2d": {
                        "x1": 646.450076,
                        "y1": 236.226741,
                        "x2": 662.605208,
                        "y2": 252.381872
                    }
                },
                {
                    "category": "traffic sign",
                    "id": 1,
                    "attributes": {
                        "occluded": false,
                        "truncated": false,
                        "trafficLightColor": "none"
                    },
                    "box2d": {
                        "x1": 667.990253,
                        "y1": 234.880478,
                        "x2": 725.879478,
                        "y2": 252.381872
                    }
                },
                {
                    "category": "car",
                    "id": 2,
                    "attributes": {
                        "occluded": false,
                        "truncated": false,
                        "trafficLightColor": "none"
                    },
                    "box2d": {
                        "x1": 628.948684,
                        "y1": 279.307093,
                        "x2": 810.693923,
                        "y2": 396.431803
                    }
                },
                {
                    "category": "car",
                    "id": 3,
                    "attributes": {
                        "occluded": true,
                        "truncated": false,
                        "trafficLightColor": "none"
                    },
                    "box2d": {
                        "x1": 546.581979,
                        "y1": 304.254994,
                        "x2": 564.083371,
                        "y2": 317.717603
                    }
                },
                {
                    "category": "car",
                    "id": 4,
                    "attributes": {
                        "occluded": true,
                        "truncated": false,
                        "trafficLightColor": "none"
                    },
                    "box2d": {
                        "x1": 564.083369,
                        "y1": 304.254994,
                        "x2": 608.509984,
                        "y2": 337.911517
                    }
                },
                {
                    "category": "car",
                    "id": 5,
                    "attributes": {
                        "occluded": true,
                        "truncated": false,
                        "trafficLightColor": "none"
                    },
                    "box2d": {
                        "x1": 483.307709,
                        "y1": 302.908733,
                        "x2": 523.695539,
                        "y2": 328.487693
                    }
                },
                {
                    "category": "car",
                    "id": 6,
                    "attributes": {
                        "occluded": true,
                        "truncated": false,
                        "trafficLightColor": "none"
                    },
                    "box2d": {
                        "x1": 465.806316,
                        "y1": 297.523687,
                        "x2": 488.692754,
                        "y2": 341.950302
                    }
                },
                {
                    "category": "car",
                    "id": 7,
                    "attributes": {
                        "occluded": true,
                        "truncated": false,
                        "trafficLightColor": "none"
                    },
                    "box2d": {
                        "x1": 440.227359,
                        "y1": 298.869948,
                        "x2": 473.883882,
                        "y2": 354.066653
                    }
                },
                {
                    "category": "car",
                    "id": 8,
                    "attributes": {
                        "occluded": true,
                        "truncated": false,
                        "trafficLightColor": "none"
                    },
                    "box2d": {
                        "x1": 399.839527,
                        "y1": 306.947514,
                        "x2": 446.958663,
                        "y2": 362.144216
                    }
                },
                {
                    "category": "car",
                    "id": 9,
                    "attributes": {
                        "occluded": true,
                        "truncated": false,
                        "trafficLightColor": "none"
                    },
                    "box2d": {
                        "x1": 257.135857,
                        "y1": 233.800673,
                        "x2": 403.878309,
                        "y2": 403.429561
                    }
                },
                {
                    "category": "car",
                    "id": 10,
                    "attributes": {
                        "occluded": true,
                        "truncated": false,
                        "trafficLightColor": "none"
                    },
                    "box2d": {
                        "x1": 70.005575,
                        "y1": 249.05829,
                        "x2": 332.526474,
                        "y2": 521.900534
                    }
                },
                {
                    "category": "car",
                    "id": 11,
                    "attributes": {
                        "occluded": false,
                        "truncated": true,
                        "trafficLightColor": "none"
                    },
                    "box2d": {
                        "x1": 0,
                        "y1": 207.131876,
                        "x2": 190.399771,
                        "y2": 581.392442
                    }
                },
                {
                    "category": "lane/road curb",
                    "id": 12,
                    "attributes": {
                        "direction": "parallel",
                        "style": "solid"
                    },
                    "poly2d": [
                        [
                            549.282701,
                            340.128424,
                            "C"
                        ],
                        [
                            520.838697,
                            371.515579,
                            "C"
                        ],
                        [
                            624.80644,
                            408.787828,
                            "C"
                        ],
                        [
                            938.671323,
                            554.934276,
                            "L"
                        ]
                    ]
                }
            ]
        }
    ],
    "attributes": {
        "weather": "clear",
        "scene": "city street",
        "timeofday": "night"
    }
}