{
    "name": "00cef86b-d8d105b9",
    "frames": [
        {
            "timestamp": 10000,
            "objects": [
                {
                    "category": "car",
                    "id": 0,
                    "attributes": {
                        "occluded": false,
                        "truncated": true,
                        "trafficLightColor": "none"
                    },
                    "box2d": {
                        "x1": 969.504891,
                        "y1": 272.01038,
                        "x2": 1276.452385,
                        "y2": 647.584348
                    }
                },
                {
                    "category": "car",
                    "id": 1,
                    "attributes": {
                        "occluded": false,
                        "truncated": false,
                        "trafficLightColor": "none"
                    },
                    "box2d": {
                        "x1": 643.841086,
                        "y1": 354.362147,
                        "x2": 756.138951,
                        "y2": 445.448191
                    }
                },
                {
                    "category": "car",
                    "id": 2,
                    "attributes": {
                        "occluded": false,
                        "truncated": false,
                        "trafficLightColor": "none"
                    },
                    "box2d": {
                        "x1": 363.096427,
                        "y1": 348.123378,
                        "x2": 455.430228,
                        "y2": 406.767818
                    }
                },
                {
                    "category": "car",
                    "id": 3,
                    "attributes": {
                        "occluded": true,
                        "truncated": false,
                        "trafficLightColor": "none"
                    },
                    "box2d": {
                        "x1": 411.758834,
                        "y1": 329.407068,
                        "x2": 489.119585,
                        "y2": 391.794769
                    }
                },
                {
                    "category": "car",
                    "id": 4,
                    "attributes": {
                        "occluded": true,
                        "truncated": false,
                        "trafficLightColor": "none"
                    },
                    "box2d": {
                        "x1": 485.376324,
                        "y1": 346.875624,
                        "x2": 510.331402,
                        "y2": 381.812737
                    }
                },
                {
                    "category": "car",
                    "id": 5,
                    "attributes": {
                        "occluded": true,
                        "truncated": false,
                        "trafficLightColor": "none"
                    },
                    "box2d": {
                        "x1": 501.597125,
                        "y1": 351.866641,
                        "x2": 516.570173,
                        "y2": 369.335197
                    }
                },
                {
                    "category": "car",
                    "id": 6,
                    "attributes": {
                        "occluded": true,
                        "truncated": false,
                        "trafficLightColor": "none"
                    },
                    "box2d": {
                        "x1": 510.331403,
                        "y1": 339.3891,
                        "x2": 530.295469,
                        "y2": 354.362148
                    }
                },
                {
                    "category": "car",
                    "id": 7,
                    "attributes": {
                        "occluded": true,
                        "truncated": false,
                        "trafficLightColor": "none"
                    },
                    "box2d": {
                        "x1": 524.056697,
                        "y1": 331.902576,
                        "x2": 537.781991,
                        "y2": 345.627871
                    }
                },
                {
                    "category": "car",
                    "id": 8,
                    "attributes": {
                        "occluded": true,
                        "truncated": false,
                        "trafficLightColor": "none"
                    },
                    "box2d": {
                        "x1": 545.268517,
                        "y1": 328.159313,
                        "x2": 557.746059,
                        "y2": 336.893592
                    }
                },
                {
                    "category": "car",
                    "id": 9,
                    "attributes": {
                        "occluded": true,
                        "truncated": false,
                        "trafficLightColor": "none"
                    },
                    "box2d": {
                        "x1": 541.525254,
                        "y1": 343.13236,
                        "x2": 556.498301,
                        "y2": 355.609902
                    }
                },
                {
                    "category": "car",
                    "id": 10,
                    "attributes": {
                        "occluded": true,
                        "truncated": false,
                        "trafficLightColor": "none"
                    },
                    "box2d": {
                        "x1": 562.737073,
                        "y1": 335.645837,
                        "x2": 571.471352,
                        "y2": 345.627871
                    }
                },
                {
                    "category": "car",
                    "id": 11,
                    "attributes": {
                        "occluded": true,
                        "truncated": false,
                        "trafficLightColor": "none"
                    },
                    "box2d": {
                        "x1": 566.480336,
                        "y1": 340.636853,
                        "x2": 577.710124,
                        "y2": 351.866639
                    }
                },
                {
                    "category": "car",
                    "id": 12,
                    "attributes": {
                        "occluded": true,
                        "truncated": false,
                        "trafficLightColor": "none"
                    },
                    "box2d": {
                        "x1": 570.223599,
                        "y1": 346.875624,
                        "x2": 586.444401,
                        "y2": 363.096427
                    }
                },
                {
                    "category": "car",
                    "id": 13,
                    "attributes": {
                        "occluded": true,
                        "truncated": false,
                        "trafficLightColor": "none"
                    },
                    "box2d": {
                        "x1": 585.196646,
                        "y1": 346.875624,
                        "x2": 616.390498,
                        "y2": 386.803753
                    }
                },
                {
                    "category": "car",
                    "id": 14,
                    "attributes": {
                        "occluded": true,
                        "truncated": false,
                        "trafficLightColor": "none"
                    },
                    "box2d": {
                        "x1": 597.674186,
                        "y1": 348.123378,
                        "x2": 641.345577,
                        "y2": 400.529047
                    }
                },
                {
                    "category": "car",
                    "id": 15,
                    "attributes": {
                        "occluded": true,
                        "truncated": false,
                        "trafficLightColor": "none"
                    },
                    "box2d": {
                        "x1": 623.877021,
                        "y1": 346.875624,
                        "x2": 678.778198,
                        "y2": 416.749852
                    }
                },
                {
                    "category": "traffic sign",
                    "id": 16,
                    "attributes": {
                        "occluded": true,
                        "truncated": false,
                        "trafficLightColor": "none"
                    },
                    "box2d": {
                        "x1": 605.16071,
                        "y1": 336.893592,
                        "x2": 616.390497,
                        "y2": 345.62787
                    }
                },
                {
                    "category": "traffic sign",
                    "id": 17,
                    "attributes": {
                        "occluded": false,
                        "truncated": false,
                        "trafficLightColor": "none"
                    },
                    "box2d": {
                        "x1": 388.051506,
                        "y1": 290.726692,
                        "x2": 420.493112,
                        "y2": 321.920543
                    }
                },
                {
                    "category": "traffic sign",
                    "id": 18,
                    "attributes": {
                        "occluded": false,
                        "truncated": false,
                        "trafficLightColor": "none"
                    },
                    "box2d": {
                        "x1": 737.422639,
                        "y1": 267.019365,
                        "x2": 784.837293,
                        "y2": 318.177282
                    }
                },
                {
                    "category": "area/drivable",
                    "id": 19,
                    "attributes": {},
                    "poly2d": [
                        [
                            0,
                            590.089787,
                            "L"
                        ],
                        [
                            0,
                            500.228398,
                            "L"
                        ],
                        [
                            354.968071,
                            413.362389,
                            "L"
                        ],
                        [
                            467.294807,
                            414.860078,
                            "L"
                        ],
                        [
                            536.534238,
                            358.10541,
                            "L"
                        ],
                        [
                            563.984827,
                            359.353164,
                            "L"
                        ],
                        [
                            627.620283,
                            442.952685,
                            "L"
                        ],
                        [
                            766.832769,
                            444.813875,
                            "L"
                        ],
                        [
                            961.532445,
                            510.712225,
                            "L"
                        ],
                        [
                            957.039377,
                            600.573615,
                            "L"
                        ],
                        [
                            642.524515,
                            575.112888,
                            "C"
                        ],
                        [
                            326.511963,
                            566.126749,
                            "C"
                        ],
                        [
                            0,
                            590.089787,
                            "C"
                        ]
                    ]
                },
                {
                    "category": "lane/road curb",
                    "id": 20,
                    "attributes": {
                        "direction": "parallel",
                        "style": "solid"
                    },
                    "poly2d": [
                        [
                            338.672701,
                            413.473943,
                            "C"
                        ],
                        [
                            256.025779,
                            436.830987,
                            "C"
                        ],
                        [
                            274.890838,
                            435.93264,
                            "C"
                        ],
                        [
                            159.903814,
                            428.745856,
                            "L"
                        ]
                    ]
                },
                {
                    "category": "lane/road curb",
                    "id": 21,
                    "attributes": {
                        "direction": "parallel",
                        "style": "solid"
                    },
                    "poly2d": [
                        [
                            752.80565,
                            436.830987,
                            "L"
                        ],
                        [
                            967.507981,
                            516.783944,
                            "L"
                        ]
                    ]
                }
            ]
        }
    ],
    "attributes": {
        "weather": "clear",
        "scene": "residential",
        "timeofday": "daytime"
    }
}