{
    "name": "00cee0e0-5e25daa7",
    "frames": [
        {
            "timestamp": 10000,
            "objects": [
                {
                    "category": "car",
                    "id": 0,
                    "attributes": {
                        "occluded": false,
                        "truncated": false,
                        "trafficLightColor": "none"
                    },
                    "box2d": {
                        "x1": 63.707327,
                        "y1": 607.042054,
                        "x2": 226.930114,
                        "y2": 685.902503
                    }
                },
                {
                    "category": "car",
                    "id": 1,
                    "attributes": {
                        "occluded": false,
                        "truncated": false,
                        "trafficLightColor": "none"
                    },
                    "box2d": {
                        "x1": 272.779214,
                        "y1": 575.864667,
                        "x2": 391.986868,
                        "y2": 649.223224
                    }
                },
                {
                    "category": "car",
                    "id": 2,
                    "attributes": {
                        "occluded": false,
                        "truncated": false,
                        "trafficLightColor": "none"
                    },
                    "box2d": {
                        "x1": 516.696413,
                        "y1": 583.200524,
                        "x2": 575.38326,
                        "y2": 634.551513
                    }
                },
                {
                    "category": "car",
                    "id": 3,
                    "attributes": {
                        "occluded": true,
                        "truncated": false,
                        "trafficLightColor": "none"
                    },
                    "box2d": {
                        "x1": 380.983084,
                        "y1": 586.868453,
                        "x2": 432.334071,
                        "y2": 638.219441
                    }
                },
                {
                    "category": "car",
                    "id": 4,
                    "attributes": {
                        "occluded": true,
                        "truncated": false,
                        "trafficLightColor": "none"
                    },
                    "box2d": {
                        "x1": 597.390825,
                        "y1": 583.200524,
                        "x2": 630.402176,
                        "y2": 616.211875
                    }
                },
                {
                    "category": "car",
                    "id": 5,
                    "attributes": {
                        "occluded": true,
                        "truncated": false,
                        "trafficLightColor": "none"
                    },
                    "box2d": {
                        "x1": 621.232356,
                        "y1": 583.200524,
                        "x2": 665.24749,
                        "y2": 619.879801
                    }
                },
                {
                    "category": "car",
                    "id": 6,
                    "attributes": {
                        "occluded": true,
                        "truncated": false,
                        "trafficLightColor": "none"
                    },
                    "box2d": {
                        "x1": 648.741815,
                        "y1": 583.200524,
                        "x2": 716.598479,
                        "y2": 632.717549
                    }
                },
                {
                    "category": "car",
                    "id": 7,
                    "attributes": {
                        "occluded": true,
                        "truncated": false,
                        "trafficLightColor": "none"
                    },
                    "box2d": {
                        "x1": 679.919201,
                        "y1": 579.532596,
                        "x2": 766.115505,
                        "y2": 643.721333
                    }
                },
                {
                    "category": "car",
                    "id": 8,
                    "attributes": {
                        "occluded": true,
                        "truncated": false,
                        "trafficLightColor": "none"
                    },
                    "box2d": {
                        "x1": 753.277759,
                        "y1": 561.192957,
                        "x2": 933.006221,
                        "y2": 715.245925
                    }
                },
                {
                    "category": "car",
                    "id": 9,
                    "attributes": {
                        "occluded": false,
                        "truncated": true,
                        "trafficLightColor": "none"
                    },
                    "box2d": {
                        "x1": 894.49298,
                        "y1": 517.177823,
                        "x2": 1275.957471,
                        "y2": 718.913852
                    }
                },
                {
                    "category": "car",
                    "id": 10,
                    "attributes": {
                        "occluded": true,
                        "truncated": false,
                        "trafficLightColor": "none"
                    },
                    "box2d": {
                        "x1": 470.847315,
                        "y1": 583.200524,
                        "x2": 525.866234,
                        "y2": 619.879801
                    }
                },
                {
                    "category": "traffic light",
                    "id": 11,
                    "attributes": {
                        "occluded": false,
                        "truncated": false,
                        "trafficLightColor": "green"
                    },
                    "box2d": {
                        "x1": 478.183171,
                        "y1": 546.521247,
                        "x2": 503.858665,
                        "y2": 568.528812
                    }
                },
                {
                    "category": "traffic light",
                    "id": 12,
                    "attributes": {
                        "occluded": false,
                        "truncated": false,
                        "trafficLightColor": "green"
                    },
                    "box2d": {
                        "x1": 549.707761,
                        "y1": 547.355096,
                        "x2": 568.047402,
                        "y2": 570.362776
                    }
                },
                {
                    "category": "car",
                    "id": 13,
                    "attributes": {
                        "occluded": true,
                        "truncated": false,
                        "trafficLightColor": "none"
                    },
                    "box2d": {
                        "x1": 557.965435,
                        "y1": 582.415349,
                        "x2": 577.340836,
                        "y2": 619.551535
                    }
                },
                {
                    "category": "traffic light",
                    "id": 14,
                    "attributes": {
                        "occluded": false,
                        "truncated": false,
                        "trafficLightColor": "green"
                    },
                    "box2d": {
                        "x1": 523.135844,
                        "y1": 575.61089,
                        "x2": 539.282012,
                        "y2": 588.527825
                    }
                },
                {
                    "category": "area/drivable",
                    "id": 15,
                    "attributes": {},
                    "poly2d": [
                        [
                            366.949589,
                            718.891111,
                            "L"
                        ],
                        [
                            488.262464,
                            642.50893,
                            "L"
                        ],
                        [
                            645.519895,
                            638.015862,
                            "L"
                        ],
                        [
                            801.279636,
                            720.3888,
                            "L"
                        ],
                        [
                            366.949589,
                            718.891111,
                            "L"
                        ]
                    ]
                },
                {
                    "category": "lane/double yellow",
                    "id": 16,
                    "attributes": {
                        "direction": "parallel",
                        "style": "solid"
                    },
                    "poly2d": [
                        [
                            507.682755,
                            631.15545,
                            "L"
                        ],
                        [
                            362.986368,
                            720.21196,
                            "L"
                        ]
                    ]
                },
                {
                    "category": "lane/double yellow",
                    "id": 17,
                    "attributes": {
                        "direction": "parallel",
                        "style": "solid"
                    },
                    "poly2d": [
                        [
                            490.515387,
                            631.15545,
                            "L"
                        ],
                        [
                            334.374088,
                            720.21196,
                            "L"
                        ]
                    ]
                }
            ]
        }
    ],
    "attributes": {
        "weather": "clear",
        "scene": "city street",
        "timeofday": "night"
    }
}