{
    "name": "00cef86b-204ea619",
    "frames": [
        {
            "timestamp": 10000,
            "objects": [
                {
                    "category": "car",
                    "id": 0,
                    "attributes": {
                        "occluded": false,
                        "truncated": true,
                        "trafficLightColor": "none"
                    },
                    "box2d": {
                        "x1": 1.567103,
                        "y1": 296.967375,
                        "x2": 278.945595,
                        "y2": 557.891209
                    }
                },
                {
                    "category": "car",
                    "id": 1,
                    "attributes": {
                        "occluded": true,
                        "truncated": false,
                        "trafficLightColor": "none"
                    },
                    "box2d": {
                        "x1": 590.408732,
                        "y1": 350.249113,
                        "x2": 608.03872,
                        "y2": 366.703768
                    }
                },
                {
                    "category": "car",
                    "id": 2,
                    "attributes": {
                        "occluded": true,
                        "truncated": false,
                        "trafficLightColor": "none"
                    },
                    "box2d": {
                        "x1": 598.636059,
                        "y1": 352.599778,
                        "x2": 619.792046,
                        "y2": 373.755765
                    }
                },
                {
                    "category": "car",
                    "id": 3,
                    "attributes": {
                        "occluded": true,
                        "truncated": false,
                        "trafficLightColor": "none"
                    },
                    "box2d": {
                        "x1": 616.26605,
                        "y1": 354.950443,
                        "x2": 659.753355,
                        "y2": 387.859755
                    }
                },
                {
                    "category": "car",
                    "id": 4,
                    "attributes": {
                        "occluded": true,
                        "truncated": false,
                        "trafficLightColor": "none"
                    },
                    "box2d": {
                        "x1": 655.052024,
                        "y1": 356.125775,
                        "x2": 711.467987,
                        "y2": 409.015741
                    }
                },
                {
                    "category": "car",
                    "id": 5,
                    "attributes": {
                        "occluded": true,
                        "truncated": false,
                        "trafficLightColor": "none"
                    },
                    "box2d": {
                        "x1": 679.734007,
                        "y1": 357.301108,
                        "x2": 765.533286,
                        "y2": 430.171729
                    }
                },
                {
                    "category": "car",
                    "id": 6,
                    "attributes": {
                        "occluded": true,
                        "truncated": false,
                        "trafficLightColor": "none"
                    },
                    "box2d": {
                        "x1": 542.220096,
                        "y1": 343.197116,
                        "x2": 556.324086,
                        "y2": 350.249113
                    }
                },
                {
                    "category": "car",
                    "id": 7,
                    "attributes": {
                        "occluded": true,
                        "truncated": false,
                        "trafficLightColor": "none"
                    },
                    "box2d": {
                        "x1": 539.869428,
                        "y1": 350.249113,
                        "x2": 556.324084,
                        "y2": 362.002439
                    }
                },
                {
                    "category": "car",
                    "id": 8,
                    "attributes": {
                        "occluded": true,
                        "truncated": false,
                        "trafficLightColor": "none"
                    },
                    "box2d": {
                        "x1": 529.291438,
                        "y1": 351.424443,
                        "x2": 549.272092,
                        "y2": 371.405097
                    }
                },
                {
                    "category": "car",
                    "id": 9,
                    "attributes": {
                        "occluded": true,
                        "truncated": false,
                        "trafficLightColor": "none"
                    },
                    "box2d": {
                        "x1": 494.031458,
                        "y1": 350.249113,
                        "x2": 535.168099,
                        "y2": 378.457095
                    }
                },
                {
                    "category": "car",
                    "id": 10,
                    "attributes": {
                        "occluded": true,
                        "truncated": false,
                        "trafficLightColor": "none"
                    },
                    "box2d": {
                        "x1": 441.141492,
                        "y1": 350.249113,
                        "x2": 499.90812,
                        "y2": 394.911751
                    }
                },
                {
                    "category": "car",
                    "id": 11,
                    "attributes": {
                        "occluded": false,
                        "truncated": false,
                        "trafficLightColor": "none"
                    },
                    "box2d": {
                        "x1": 565.726747,
                        "y1": 343.197116,
                        "x2": 577.480073,
                        "y2": 349.073779
                    }
                },
                {
                    "category": "car",
                    "id": 12,
                    "attributes": {
                        "occluded": false,
                        "truncated": false,
                        "trafficLightColor": "none"
                    },
                    "box2d": {
                        "x1": 563.376082,
                        "y1": 352.599778,
                        "x2": 582.181404,
                        "y2": 366.703768
                    }
                },
                {
                    "category": "car",
                    "id": 13,
                    "attributes": {
                        "occluded": false,
                        "truncated": false,
                        "trafficLightColor": "none"
                    },
                    "box2d": {
                        "x1": 350.640881,
                        "y1": 340.84645,
                        "x2": 454.07015,
                        "y2": 421.944398
                    }
                },
                {
                    "category": "car",
                    "id": 14,
                    "attributes": {
                        "occluded": false,
                        "truncated": false,
                        "trafficLightColor": "none"
                    },
                    "box2d": {
                        "x1": 721.65421,
                        "y1": 342.021785,
                        "x2": 921.46075,
                        "y2": 485.41236
                    }
                },
                {
                    "category": "area/drivable",
                    "id": 15,
                    "attributes": {},
                    "poly2d": [
                        [
                            551.507287,
                            371.830705,
                            "L"
                        ],
                        [
                            106.059094,
                            586.4444,
                            "L"
                        ],
                        [
                            497.532236,
                            560.473562,
                            "C"
                        ],
                        [
                            859.702534,
                            588.939908,
                            "C"
                        ],
                        [
                            1280.195648,
                            636.354562,
                            "C"
                        ],
                        [
                            1280.195648,
                            622.629267,
                            "L"
                        ],
                        [
                            943.302055,
                            499.101618,
                            "L"
                        ],
                        [
                            749.90018,
                            482.880816,
                            "L"
                        ],
                        [
                            585.196646,
                            370.582951,
                            "L"
                        ],
                        [
                            551.507287,
                            371.830705,
                            "L"
                        ]
                    ]
                },
                {
                    "category": "lane/road curb",
                    "id": 16,
                    "attributes": {
                        "direction": "parallel",
                        "style": "solid"
                    },
                    "poly2d": [
                        [
                            909.487091,
                            486.459595,
                            "L"
                        ],
                        [
                            1274.561683,
                            619.799181,
                            "L"
                        ]
                    ]
                }
            ]
        }
    ],
    "attributes": {
        "weather": "partly cloudy",
        "scene": "residential",
        "timeofday": "daytime"
    }
}