{
    "name": "00ce8219-12c6d905",
    "frames": [
        {
            "timestamp": 10000,
            "objects": [
                {
                    "category": "car",
                    "id": 0,
                    "attributes": {
                        "occluded": false,
                        "truncated": true,
                        "trafficLightColor": "none"
                    },
                    "box2d": {
                        "x1": 0,
                        "y1": 467.038834,
                        "x2": 180.628267,
                        "y2": 646.669154
                    }
                },
                {
                    "category": "car",
                    "id": 1,
                    "attributes": {
                        "occluded": false,
                        "truncated": true,
                        "trafficLightColor": "none"
                    },
                    "box2d": {
                        "x1": 981.979086,
                        "y1": 454.065533,
                        "x2": 1279.367063,
                        "y2": 718.521283
                    }
                },
                {
                    "category": "car",
                    "id": 2,
                    "attributes": {
                        "occluded": false,
                        "truncated": false,
                        "trafficLightColor": "none"
                    },
                    "box2d": {
                        "x1": 189.609783,
                        "y1": 474.024457,
                        "x2": 313.355114,
                        "y2": 547.872478
                    }
                },
                {
                    "category": "car",
                    "id": 3,
                    "attributes": {
                        "occluded": false,
                        "truncated": false,
                        "trafficLightColor": "none"
                    },
                    "box2d": {
                        "x1": 415.145629,
                        "y1": 474.024457,
                        "x2": 441.092231,
                        "y2": 495.979275
                    }
                },
                {
                    "category": "car",
                    "id": 4,
                    "attributes": {
                        "occluded": true,
                        "truncated": false,
                        "trafficLightColor": "none"
                    },
                    "box2d": {
                        "x1": 257.470126,
                        "y1": 462.049103,
                        "x2": 336.307879,
                        "y2": 530.907393
                    }
                },
                {
                    "category": "car",
                    "id": 5,
                    "attributes": {
                        "occluded": true,
                        "truncated": false,
                        "trafficLightColor": "none"
                    },
                    "box2d": {
                        "x1": 323.334576,
                        "y1": 464.044995,
                        "x2": 357.264748,
                        "y2": 520.92793
                    }
                },
                {
                    "category": "car",
                    "id": 6,
                    "attributes": {
                        "occluded": true,
                        "truncated": false,
                        "trafficLightColor": "none"
                    },
                    "box2d": {
                        "x1": 357.26475,
                        "y1": 475.022404,
                        "x2": 375.227782,
                        "y2": 507.954629
                    }
                },
                {
                    "category": "car",
                    "id": 7,
                    "attributes": {
                        "occluded": true,
                        "truncated": false,
                        "trafficLightColor": "none"
                    },
                    "box2d": {
                        "x1": 363.252427,
                        "y1": 468.03678,
                        "x2": 387.203136,
                        "y2": 509.950522
                    }
                },
                {
                    "category": "car",
                    "id": 8,
                    "attributes": {
                        "occluded": true,
                        "truncated": false,
                        "trafficLightColor": "none"
                    },
                    "box2d": {
                        "x1": 390.196975,
                        "y1": 474.024457,
                        "x2": 402.172329,
                        "y2": 499.971059
                    }
                },
                {
                    "category": "car",
                    "id": 9,
                    "attributes": {
                        "occluded": true,
                        "truncated": false,
                        "trafficLightColor": "none"
                    },
                    "box2d": {
                        "x1": 712.533606,
                        "y1": 410.155899,
                        "x2": 1126.68129,
                        "y2": 664.632187
                    }
                },
                {
                    "category": "car",
                    "id": 10,
                    "attributes": {
                        "occluded": true,
                        "truncated": false,
                        "trafficLightColor": "none"
                    },
                    "box2d": {
                        "x1": 614.734876,
                        "y1": 436.1025,
                        "x2": 787.379573,
                        "y2": 583.798543
                    }
                },
                {
                    "category": "car",
                    "id": 11,
                    "attributes": {
                        "occluded": true,
                        "truncated": false,
                        "trafficLightColor": "none"
                    },
                    "box2d": {
                        "x1": 565.835512,
                        "y1": 445.084017,
                        "x2": 656.648618,
                        "y2": 552.862211
                    }
                },
                {
                    "category": "car",
                    "id": 12,
                    "attributes": {
                        "occluded": true,
                        "truncated": false,
                        "trafficLightColor": "none"
                    },
                    "box2d": {
                        "x1": 538.890962,
                        "y1": 462.049103,
                        "x2": 581.802651,
                        "y2": 532.903285
                    }
                },
                {
                    "category": "car",
                    "id": 13,
                    "attributes": {
                        "occluded": true,
                        "truncated": false,
                        "trafficLightColor": "none"
                    },
                    "box2d": {
                        "x1": 516.936144,
                        "y1": 456.061426,
                        "x2": 566.833457,
                        "y2": 524.919715
                    }
                },
                {
                    "category": "car",
                    "id": 14,
                    "attributes": {
                        "occluded": true,
                        "truncated": false,
                        "trafficLightColor": "none"
                    },
                    "box2d": {
                        "x1": 496.977222,
                        "y1": 472.028565,
                        "x2": 529.909447,
                        "y2": 514.940254
                    }
                },
                {
                    "category": "car",
                    "id": 15,
                    "attributes": {
                        "occluded": true,
                        "truncated": false,
                        "trafficLightColor": "none"
                    },
                    "box2d": {
                        "x1": 480.012134,
                        "y1": 467.038834,
                        "x2": 532.903284,
                        "y2": 509.950522
                    }
                },
                {
                    "category": "car",
                    "id": 16,
                    "attributes": {
                        "occluded": true,
                        "truncated": false,
                        "trafficLightColor": "none"
                    },
                    "box2d": {
                        "x1": 459.055263,
                        "y1": 469.034727,
                        "x2": 495.979275,
                        "y2": 498.973113
                    }
                },
                {
                    "category": "car",
                    "id": 17,
                    "attributes": {
                        "occluded": true,
                        "truncated": false,
                        "trafficLightColor": "none"
                    },
                    "box2d": {
                        "x1": 453.067588,
                        "y1": 467.038834,
                        "x2": 478.016244,
                        "y2": 497.975167
                    }
                },
                {
                    "category": "traffic light",
                    "id": 18,
                    "attributes": {
                        "occluded": false,
                        "truncated": false,
                        "trafficLightColor": "green"
                    },
                    "box2d": {
                        "x1": 455.06348,
                        "y1": 431.11277,
                        "x2": 463.04705,
                        "y2": 442.090177
                    }
                },
                {
                    "category": "traffic sign",
                    "id": 19,
                    "attributes": {
                        "occluded": false,
                        "truncated": false,
                        "trafficLightColor": "none"
                    },
                    "box2d": {
                        "x1": 144.702202,
                        "y1": 379.219566,
                        "x2": 161.667288,
                        "y2": 395.186707
                    }
                },
                {
                    "category": "area/drivable",
                    "id": 20,
                    "attributes": {},
                    "poly2d": [
                        [
                            0.015979,
                            719.146434,
                            "L"
                        ],
                        [
                            904.451398,
                            720.170138,
                            "L"
                        ],
                        [
                            462.214724,
                            499.563641,
                            "L"
                        ],
                        [
                            390.044156,
                            501.099185,
                            "L"
                        ],
                        [
                            0.015979,
                            719.146434,
                            "L"
                        ]
                    ]
                },
                {
                    "category": "lane/road curb",
                    "id": 21,
                    "attributes": {
                        "direction": "parallel",
                        "style": "solid"
                    },
                    "poly2d": [
                        [
                            179.676582,
                            554.002795,
                            "L"
                        ],
                        [
                            195.897385,
                            550.259533,
                            "L"
                        ]
                    ]
                }
            ]
        }
    ],
    "attributes": {
        "weather": "undefined",
        "scene": "city street",
        "timeofday": "daytime"
    }
}