{
    "name": "00ce95b0-84be34a3",
    "frames": [
        {
            "timestamp": 10000,
            "objects": [
                {
                    "category": "car",
                    "id": 0,
                    "attributes": {
                        "occluded": true,
                        "truncated": false,
                        "trafficLightColor": "none"
                    },
                    "box2d": {
                        "x1": 997.194959,
                        "y1": 398.336955,
                        "x2": 1239.278196,
                        "y2": 535.88425
                    }
                },
                {
                    "category": "car",
                    "id": 1,
                    "attributes": {
                        "occluded": true,
                        "truncated": false,
                        "trafficLightColor": "none"
                    },
                    "box2d": {
                        "x1": 867.464931,
                        "y1": 397.053187,
                        "x2": 977.502766,
                        "y2": 461.241923
                    }
                },
                {
                    "category": "car",
                    "id": 2,
                    "attributes": {
                        "occluded": false,
                        "truncated": false,
                        "trafficLightColor": "none"
                    },
                    "box2d": {
                        "x1": 711.577997,
                        "y1": 375.045619,
                        "x2": 887.638533,
                        "y2": 479.581562
                    }
                },
                {
                    "category": "car",
                    "id": 3,
                    "attributes": {
                        "occluded": false,
                        "truncated": false,
                        "trafficLightColor": "none"
                    },
                    "box2d": {
                        "x1": 520.845751,
                        "y1": 387.883367,
                        "x2": 568.528812,
                        "y2": 419.060752
                    }
                },
                {
                    "category": "car",
                    "id": 4,
                    "attributes": {
                        "occluded": true,
                        "truncated": false,
                        "trafficLightColor": "none"
                    },
                    "box2d": {
                        "x1": 586.868452,
                        "y1": 391.551295,
                        "x2": 618.045838,
                        "y2": 413.558862
                    }
                },
                {
                    "category": "car",
                    "id": 5,
                    "attributes": {
                        "occluded": true,
                        "truncated": false,
                        "trafficLightColor": "none"
                    },
                    "box2d": {
                        "x1": 566.694849,
                        "y1": 389.717331,
                        "x2": 590.53638,
                        "y2": 417.22679
                    }
                },
                {
                    "category": "car",
                    "id": 6,
                    "attributes": {
                        "occluded": true,
                        "truncated": false,
                        "trafficLightColor": "none"
                    },
                    "box2d": {
                        "x1": 265.924767,
                        "y1": 378.713548,
                        "x2": 342.95125,
                        "y2": 468.577779
                    }
                },
                {
                    "category": "car",
                    "id": 7,
                    "attributes": {
                        "occluded": true,
                        "truncated": false,
                        "trafficLightColor": "none"
                    },
                    "box2d": {
                        "x1": 324.611612,
                        "y1": 380.547512,
                        "x2": 414.475843,
                        "y2": 459.40796
                    }
                },
                {
                    "category": "car",
                    "id": 8,
                    "attributes": {
                        "occluded": false,
                        "truncated": true,
                        "trafficLightColor": "none"
                    },
                    "box2d": {
                        "x1": 0,
                        "y1": 362.207872,
                        "x2": 313.60783,
                        "y2": 528.181605
                    }
                },
                {
                    "category": "car",
                    "id": 9,
                    "attributes": {
                        "occluded": true,
                        "truncated": false,
                        "trafficLightColor": "none"
                    },
                    "box2d": {
                        "x1": 618.77944,
                        "y1": 399.804132,
                        "x2": 638.953045,
                        "y2": 410.807915
                    }
                },
                {
                    "category": "car",
                    "id": 10,
                    "attributes": {
                        "occluded": true,
                        "truncated": false,
                        "trafficLightColor": "none"
                    },
                    "box2d": {
                        "x1": 679.300249,
                        "y1": 401.638097,
                        "x2": 693.971961,
                        "y2": 410.807914
                    }
                },
                {
                    "category": "truck",
                    "id": 11,
                    "attributes": {
                        "occluded": false,
                        "truncated": false,
                        "trafficLightColor": "none"
                    },
                    "box2d": {
                        "x1": 648.856437,
                        "y1": 385.132421,
                        "x2": 680.400611,
                        "y2": 419.977736
                    }
                },
                {
                    "category": "traffic light",
                    "id": 12,
                    "attributes": {
                        "occluded": false,
                        "truncated": false,
                        "trafficLightColor": "none"
                    },
                    "box2d": {
                        "x1": 375.962602,
                        "y1": 339.283323,
                        "x2": 397.97017,
                        "y2": 361.290891
                    }
                },
                {
                    "category": "traffic light",
                    "id": 13,
                    "attributes": {
                        "occluded": false,
                        "truncated": false,
                        "trafficLightColor": "none"
                    },
                    "box2d": {
                        "x1": 925.785015,
                        "y1": 350.287106,
                        "x2": 945.958619,
                        "y2": 374.128637
                    }
                },
                {
                    "category": "traffic light",
                    "id": 14,
                    "attributes": {
                        "occluded": false,
                        "truncated": false,
                        "trafficLightColor": "green"
                    },
                    "box2d": {
                        "x1": 543.220105,
                        "y1": 286.098371,
                        "x2": 556.057852,
                        "y2": 306.271974
                    }
                },
                {
                    "category": "traffic light",
                    "id": 15,
                    "attributes": {
                        "occluded": false,
                        "truncated": false,
                        "trafficLightColor": "green"
                    },
                    "box2d": {
                        "x1": 743.122172,
                        "y1": 306.271973,
                        "x2": 757.793883,
                        "y2": 322.777648
                    }
                },
                {
                    "category": "traffic light",
                    "id": 16,
                    "attributes": {
                        "occluded": false,
                        "truncated": false,
                        "trafficLightColor": "green"
                    },
                    "box2d": {
                        "x1": 486.367224,
                        "y1": 315.441793,
                        "x2": 499.20497,
                        "y2": 330.113505
                    }
                },
                {
                    "category": "traffic sign",
                    "id": 17,
                    "attributes": {
                        "occluded": false,
                        "truncated": false,
                        "trafficLightColor": "none"
                    },
                    "box2d": {
                        "x1": 829.685263,
                        "y1": 304.438007,
                        "x2": 857.194722,
                        "y2": 328.279539
                    }
                },
                {
                    "category": "traffic sign",
                    "id": 18,
                    "attributes": {
                        "occluded": false,
                        "truncated": false,
                        "trafficLightColor": "none"
                    },
                    "box2d": {
                        "x1": 903.043819,
                        "y1": 300.770082,
                        "x2": 930.553278,
                        "y2": 309.939901
                    }
                },
                {
                    "category": "traffic sign",
                    "id": 19,
                    "attributes": {
                        "occluded": false,
                        "truncated": false,
                        "trafficLightColor": "none"
                    },
                    "box2d": {
                        "x1": 833.353189,
                        "y1": 352.12107,
                        "x2": 855.360757,
                        "y2": 361.290891
                    }
                },
                {
                    "category": "traffic sign",
                    "id": 20,
                    "attributes": {
                        "occluded": false,
                        "truncated": false,
                        "trafficLightColor": "none"
                    },
                    "box2d": {
                        "x1": 388.066761,
                        "y1": 256.754948,
                        "x2": 424.746039,
                        "y2": 287.932335
                    }
                },
                {
                    "category": "car",
                    "id": 21,
                    "attributes": {
                        "occluded": true,
                        "truncated": false,
                        "trafficLightColor": "none"
                    },
                    "box2d": {
                        "x1": 690.670821,
                        "y1": 396.136204,
                        "x2": 705.342532,
                        "y2": 410.807915
                    }
                },
                {
                    "category": "car",
                    "id": 22,
                    "attributes": {
                        "occluded": true,
                        "truncated": false,
                        "trafficLightColor": "none"
                    },
                    "box2d": {
                        "x1": 639.686617,
                        "y1": 396.136204,
                        "x2": 648.856435,
                        "y2": 410.807915
                    }
                },
                {
                    "category": "traffic sign",
                    "id": 23,
                    "attributes": {
                        "occluded": false,
                        "truncated": false,
                        "trafficLightColor": "none"
                    },
                    "box2d": {
                        "x1": 918.029935,
                        "y1": 318.323732,
                        "x2": 940.037501,
                        "y2": 327.493553
                    }
                },
                {
                    "category": "area/alternative",
                    "id": 24,
                    "attributes": {},
                    "poly2d": [
                        [
                            0.015584,
                            563.13137,
                            "L"
                        ],
                        [
                            551.276277,
                            422.786441,
                            "L"
                        ],
                        [
                            591.60306,
                            437.325426,
                            "L"
                        ],
                        [
                            136.305358,
                            720.3888,
                            "L"
                        ],
                        [
                            0,
                            720.3888,
                            "L"
                        ],
                        [
                            0.015584,
                            563.13137,
                            "L"
                        ]
                    ]
                },
                {
                    "category": "area/alternative",
                    "id": 25,
                    "attributes": {},
                    "poly2d": [
                        [
                            780.311978,
                            498.730709,
                            "L"
                        ],
                        [
                            963.030135,
                            720.3888,
                            "L"
                        ],
                        [
                            1280.524791,
                            720.3888,
                            "L"
                        ],
                        [
                            1280.524791,
                            591.587476,
                            "L"
                        ],
                        [
                            900.127163,
                            470.274601,
                            "L"
                        ],
                        [
                            780.311978,
                            498.730709,
                            "L"
                        ]
                    ]
                },
                {
                    "category": "area/drivable",
                    "id": 26,
                    "attributes": {},
                    "poly2d": [
                        [
                            160.268395,
                            720.3888,
                            "L"
                        ],
                        [
                            443.33177,
                            670.965036,
                            "C"
                        ],
                        [
                            804.275014,
                            703.914212,
                            "C"
                        ],
                        [
                            943.560166,
                            720.3888,
                            "C"
                        ],
                        [
                            699.436729,
                            423.846217,
                            "L"
                        ],
                        [
                            633.538376,
                            420.850837,
                            "L"
                        ],
                        [
                            160.268395,
                            720.3888,
                            "L"
                        ]
                    ]
                },
                {
                    "category": "lane/single white",
                    "id": 27,
                    "attributes": {
                        "direction": "parallel",
                        "style": "solid"
                    },
                    "poly2d": [
                        [
                            884.91722,
                            458.466519,
                            "L"
                        ],
                        [
                            1079.573395,
                            525.05942,
                            "L"
                        ]
                    ]
                },
                {
                    "category": "lane/double white",
                    "id": 28,
                    "attributes": {
                        "direction": "parallel",
                        "style": "solid"
                    },
                    "poly2d": [
                        [
                            1087.257192,
                            526.340055,
                            "L"
                        ],
                        [
                            1280.632734,
                            590.37169,
                            "L"
                        ]
                    ]
                },
                {
                    "category": "lane/double white",
                    "id": 29,
                    "attributes": {
                        "direction": "parallel",
                        "style": "solid"
                    },
                    "poly2d": [
                        [
                            1100.063519,
                            523.778789,
                            "L"
                        ],
                        [
                            1280.632734,
                            581.407263,
                            "L"
                        ]
                    ]
                },
                {
                    "category": "lane/double white",
                    "id": 30,
                    "attributes": {
                        "direction": "parallel",
                        "style": "solid"
                    },
                    "poly2d": [
                        [
                            455.905254,
                            437.976395,
                            "C"
                        ],
                        [
                            462.308417,
                            458.466519,
                            "C"
                        ],
                        [
                            179.288583,
                            505.849931,
                            "C"
                        ],
                        [
                            2.561265,
                            560.917139,
                            "L"
                        ]
                    ]
                },
                {
                    "category": "lane/single white",
                    "id": 31,
                    "attributes": {
                        "direction": "parallel",
                        "style": "dashed"
                    },
                    "poly2d": [
                        [
                            726.118761,
                            455.905254,
                            "L"
                        ],
                        [
                            963.035817,
                            719.715597,
                            "L"
                        ]
                    ]
                },
                {
                    "category": "lane/single white",
                    "id": 32,
                    "attributes": {
                        "direction": "parallel",
                        "style": "dashed"
                    },
                    "poly2d": [
                        [
                            744.04762,
                            461.027785,
                            "L"
                        ],
                        [
                            979.684043,
                            719.715597,
                            "L"
                        ]
                    ]
                },
                {
                    "category": "lane/single white",
                    "id": 33,
                    "attributes": {
                        "direction": "parallel",
                        "style": "dashed"
                    },
                    "poly2d": [
                        [
                            600.616754,
                            439.257028,
                            "L"
                        ],
                        [
                            165.201622,
                            717.154332,
                            "L"
                        ]
                    ]
                },
                {
                    "category": "lane/single white",
                    "id": 34,
                    "attributes": {
                        "direction": "parallel",
                        "style": "dashed"
                    },
                    "poly2d": [
                        [
                            595.494221,
                            436.695763,
                            "L"
                        ],
                        [
                            137.027704,
                            719.715597,
                            "L"
                        ]
                    ]
                },
                {
                    "category": "lane/single white",
                    "id": 35,
                    "attributes": {
                        "direction": "vertical",
                        "style": "solid"
                    },
                    "poly2d": [
                        [
                            426.450701,
                            432.853864,
                            "L"
                        ],
                        [
                            713.312434,
                            436.695763,
                            "L"
                        ]
                    ]
                },
                {
                    "category": "lane/crosswalk",
                    "id": 36,
                    "attributes": {
                        "direction": "vertical",
                        "style": "dashed"
                    },
                    "poly2d": [
                        [
                            441.818293,
                            429.011966,
                            "L"
                        ],
                        [
                            713.312434,
                            431.573232,
                            "L"
                        ]
                    ]
                },
                {
                    "category": "lane/crosswalk",
                    "id": 37,
                    "attributes": {
                        "direction": "vertical",
                        "style": "dashed"
                    },
                    "poly2d": [
                        [
                            487.921072,
                            422.608802,
                            "L"
                        ],
                        [
                            709.470535,
                            426.450701,
                            "L"
                        ]
                    ]
                },
                {
                    "category": "lane/crosswalk",
                    "id": 38,
                    "attributes": {
                        "direction": "vertical",
                        "style": "dashed"
                    },
                    "poly2d": [
                        [
                            521.217524,
                            418.766904,
                            "L"
                        ],
                        [
                            697.944841,
                            420.047537,
                            "L"
                        ]
                    ]
                }
            ]
        }
    ],
    "attributes": {
        "weather": "clear",
        "scene": "city street",
        "timeofday": "night"
    }
}