{
    "name": "00ce8219-d0b5582e",
    "frames": [
        {
            "timestamp": 10000,
            "objects": [
                {
                    "category": "traffic light",
                    "id": 0,
                    "attributes": {
                        "occluded": false,
                        "truncated": false,
                        "trafficLightColor": "green"
                    },
                    "box2d": {
                        "x1": 403.644154,
                        "y1": 342.756373,
                        "x2": 414.664568,
                        "y2": 365.89924
                    }
                },
                {
                    "category": "traffic sign",
                    "id": 1,
                    "attributes": {
                        "occluded": false,
                        "truncated": false,
                        "trafficLightColor": "none"
                    },
                    "box2d": {
                        "x1": 622.163531,
                        "y1": 335.774382,
                        "x2": 651.918645,
                        "y2": 376.54991
                    }
                },
                {
                    "category": "traffic sign",
                    "id": 2,
                    "attributes": {
                        "occluded": false,
                        "truncated": true,
                        "trafficLightColor": "none"
                    },
                    "box2d": {
                        "x1": 1182.122969,
                        "y1": 0.631375,
                        "x2": 1272.490358,
                        "y2": 7.243624
                    }
                },
                {
                    "category": "traffic sign",
                    "id": 3,
                    "attributes": {
                        "occluded": false,
                        "truncated": true,
                        "trafficLightColor": "none"
                    },
                    "box2d": {
                        "x1": 1171.102555,
                        "y1": 11.651787,
                        "x2": 1276.898521,
                        "y2": 139.488579
                    }
                },
                {
                    "category": "traffic sign",
                    "id": 4,
                    "attributes": {
                        "occluded": false,
                        "truncated": true,
                        "trafficLightColor": "none"
                    },
                    "box2d": {
                        "x1": 1189.837258,
                        "y1": 150.508993,
                        "x2": 1275.796476,
                        "y2": 261.815168
                    }
                },
                {
                    "category": "person",
                    "id": 5,
                    "attributes": {
                        "occluded": true,
                        "truncated": false,
                        "trafficLightColor": "none"
                    },
                    "box2d": {
                        "x1": 1026.612691,
                        "y1": 407.407067,
                        "x2": 1098.245379,
                        "y2": 486.754042
                    }
                },
                {
                    "category": "person",
                    "id": 6,
                    "attributes": {
                        "occluded": true,
                        "truncated": false,
                        "trafficLightColor": "none"
                    },
                    "box2d": {
                        "x1": 1088.327005,
                        "y1": 417.325439,
                        "x2": 1111.469873,
                        "y2": 437.162183
                    }
                },
                {
                    "category": "person",
                    "id": 7,
                    "attributes": {
                        "occluded": true,
                        "truncated": false,
                        "trafficLightColor": "none"
                    },
                    "box2d": {
                        "x1": 1029.918814,
                        "y1": 410.713192,
                        "x2": 1050.857598,
                        "y2": 443.774432
                    }
                },
                {
                    "category": "car",
                    "id": 8,
                    "attributes": {
                        "occluded": true,
                        "truncated": false,
                        "trafficLightColor": "none"
                    },
                    "box2d": {
                        "x1": 223.224574,
                        "y1": 445.978513,
                        "x2": 273.918475,
                        "y2": 549.570398
                    }
                },
                {
                    "category": "car",
                    "id": 9,
                    "attributes": {
                        "occluded": true,
                        "truncated": false,
                        "trafficLightColor": "none"
                    },
                    "box2d": {
                        "x1": 590.204331,
                        "y1": 331.366217,
                        "x2": 1029.918814,
                        "y2": 632.223494
                    }
                },
                {
                    "category": "person",
                    "id": 10,
                    "attributes": {
                        "occluded": true,
                        "truncated": false,
                        "trafficLightColor": "none"
                    },
                    "box2d": {
                        "x1": 206.693955,
                        "y1": 445.978513,
                        "x2": 240.857237,
                        "y2": 580.427552
                    }
                },
                {
                    "category": "car",
                    "id": 11,
                    "attributes": {
                        "occluded": false,
                        "truncated": true,
                        "trafficLightColor": "none"
                    },
                    "box2d": {
                        "x1": 919.714685,
                        "y1": 350.100919,
                        "x2": 1253.633204,
                        "y2": 715.978638
                    }
                },
                {
                    "category": "car",
                    "id": 12,
                    "attributes": {
                        "occluded": false,
                        "truncated": true,
                        "trafficLightColor": "none"
                    },
                    "box2d": {
                        "x1": 225.428658,
                        "y1": 419.52952,
                        "x2": 653.020683,
                        "y2": 717.080674
                    }
                },
                {
                    "category": "truck",
                    "id": 13,
                    "attributes": {
                        "occluded": false,
                        "truncated": true,
                        "trafficLightColor": "none"
                    },
                    "box2d": {
                        "x1": 0.61223,
                        "y1": 0.753823,
                        "x2": 201.25462,
                        "y2": 709.744034
                    }
                },
                {
                    "category": "lane/single white",
                    "id": 14,
                    "attributes": {
                        "direction": "parallel",
                        "style": "solid"
                    },
                    "poly2d": [
                        [
                            231.489475,
                            616.452635,
                            "L"
                        ],
                        [
                            115.105264,
                            720.047372,
                            "L"
                        ]
                    ]
                },
                {
                    "category": "lane/single white",
                    "id": 15,
                    "attributes": {
                        "direction": "parallel",
                        "style": "solid"
                    },
                    "poly2d": [
                        [
                            228.93158,
                            631.800003,
                            "L"
                        ],
                        [
                            134.289474,
                            720.047372,
                            "L"
                        ]
                    ]
                }
            ]
        }
    ],
    "attributes": {
        "weather": "undefined",
        "scene": "city street",
        "timeofday": "daytime"
    }
}