{
    "name": "00cf8e3d-a7b4978c",
    "frames": [
        {
            "timestamp": 10000,
            "objects": [
                {
                    "category": "car",
                    "id": 0,
                    "attributes": {
                        "occluded": true,
                        "truncated": false,
                        "trafficLightColor": "none"
                    },
                    "box2d": {
                        "x1": 609.115109,
                        "y1": 138.7108,
                        "x2": 645.968165,
                        "y2": 172.492768
                    }
                },
                {
                    "category": "car",
                    "id": 1,
                    "attributes": {
                        "occluded": true,
                        "truncated": false,
                        "trafficLightColor": "none"
                    },
                    "box2d": {
                        "x1": 622.935004,
                        "y1": 152.530696,
                        "x2": 661.323607,
                        "y2": 183.241577
                    }
                },
                {
                    "category": "car",
                    "id": 2,
                    "attributes": {
                        "occluded": true,
                        "truncated": false,
                        "trafficLightColor": "none"
                    },
                    "box2d": {
                        "x1": 653.645887,
                        "y1": 137.175255,
                        "x2": 711.996559,
                        "y2": 192.45484
                    }
                },
                {
                    "category": "car",
                    "id": 3,
                    "attributes": {
                        "occluded": true,
                        "truncated": false,
                        "trafficLightColor": "none"
                    },
                    "box2d": {
                        "x1": 678.214591,
                        "y1": 144.852977,
                        "x2": 751.920703,
                        "y2": 204.739192
                    }
                },
                {
                    "category": "car",
                    "id": 4,
                    "attributes": {
                        "occluded": false,
                        "truncated": false,
                        "trafficLightColor": "none"
                    },
                    "box2d": {
                        "x1": 744.419014,
                        "y1": 123.355362,
                        "x2": 945.399247,
                        "y2": 257.512325
                    }
                },
                {
                    "category": "car",
                    "id": 5,
                    "attributes": {
                        "occluded": false,
                        "truncated": false,
                        "trafficLightColor": "none"
                    },
                    "box2d": {
                        "x1": 533.873453,
                        "y1": 135.639712,
                        "x2": 607.579565,
                        "y2": 201.668104
                    }
                },
                {
                    "category": "truck",
                    "id": 6,
                    "attributes": {
                        "occluded": false,
                        "truncated": false,
                        "trafficLightColor": "none"
                    },
                    "box2d": {
                        "x1": 452.489619,
                        "y1": 97.251112,
                        "x2": 524.660188,
                        "y2": 175.563856
                    }
                },
                {
                    "category": "car",
                    "id": 7,
                    "attributes": {
                        "occluded": false,
                        "truncated": false,
                        "trafficLightColor": "none"
                    },
                    "box2d": {
                        "x1": 356.294281,
                        "y1": 134.104168,
                        "x2": 441.740814,
                        "y2": 174.028311
                    }
                },
                {
                    "category": "car",
                    "id": 8,
                    "attributes": {
                        "occluded": false,
                        "truncated": false,
                        "trafficLightColor": "none"
                    },
                    "box2d": {
                        "x1": 277.437604,
                        "y1": 135.639712,
                        "x2": 341.930453,
                        "y2": 169.421681
                    }
                },
                {
                    "category": "car",
                    "id": 9,
                    "attributes": {
                        "occluded": true,
                        "truncated": false,
                        "trafficLightColor": "none"
                    },
                    "box2d": {
                        "x1": 34.821653,
                        "y1": 126.42645,
                        "x2": 148.451909,
                        "y2": 178.634945
                    }
                },
                {
                    "category": "car",
                    "id": 10,
                    "attributes": {
                        "occluded": false,
                        "truncated": true,
                        "trafficLightColor": "none"
                    },
                    "box2d": {
                        "x1": 0,
                        "y1": 132.568626,
                        "x2": 57.854813,
                        "y2": 195.525931
                    }
                },
                {
                    "category": "car",
                    "id": 11,
                    "attributes": {
                        "occluded": true,
                        "truncated": false,
                        "trafficLightColor": "none"
                    },
                    "box2d": {
                        "x1": 255.939987,
                        "y1": 137.175257,
                        "x2": 282.044236,
                        "y2": 161.743961
                    }
                },
                {
                    "category": "area/drivable",
                    "id": 12,
                    "attributes": {},
                    "poly2d": [
                        [
                            300.708724,
                            436.713915,
                            "L"
                        ],
                        [
                            515.32242,
                            207.127171,
                            "L"
                        ],
                        [
                            636.354562,
                            207.127171,
                            "L"
                        ],
                        [
                            809.792374,
                            403.024556,
                            "C"
                        ],
                        [
                            1064.334198,
                            326.911559,
                            "C"
                        ],
                        [
                            1280.195648,
                            361.848672,
                            "C"
                        ],
                        [
                            1280.195648,
                            466.660012,
                            "L"
                        ],
                        [
                            957.027351,
                            425.484129,
                            "C"
                        ],
                        [
                            630.115792,
                            426.731883,
                            "C"
                        ],
                        [
                            300.708724,
                            436.713915,
                            "C"
                        ]
                    ]
                },
                {
                    "category": "lane/road curb",
                    "id": 13,
                    "attributes": {
                        "direction": "parallel",
                        "style": "dashed"
                    },
                    "poly2d": [
                        [
                            150.192965,
                            444.288411,
                            "L"
                        ],
                        [
                            501.587824,
                            199.161552,
                            "L"
                        ]
                    ]
                },
                {
                    "category": "lane/single yellow",
                    "id": 14,
                    "attributes": {
                        "direction": "parallel",
                        "style": "solid"
                    },
                    "poly2d": [
                        [
                            276.298377,
                            437.203818,
                            "L"
                        ],
                        [
                            534.176864,
                            176.490859,
                            "L"
                        ]
                    ]
                },
                {
                    "category": "lane/single yellow",
                    "id": 15,
                    "attributes": {
                        "direction": "parallel",
                        "style": "solid"
                    },
                    "poly2d": [
                        [
                            301.802844,
                            437.203818,
                            "L"
                        ],
                        [
                            538.427608,
                            182.158532,
                            "L"
                        ]
                    ]
                },
                {
                    "category": "lane/road curb",
                    "id": 16,
                    "attributes": {
                        "direction": "parallel",
                        "style": "solid"
                    },
                    "poly2d": [
                        [
                            984.755757,
                            277.092056,
                            "L"
                        ],
                        [
                            1151.951699,
                            326.684195,
                            "L"
                        ]
                    ]
                },
                {
                    "category": "lane/single white",
                    "id": 17,
                    "attributes": {
                        "direction": "parallel",
                        "style": "solid"
                    },
                    "poly2d": [
                        [
                            600.771858,
                            175.073941,
                            "C"
                        ],
                        [
                            847.315025,
                            367.774825,
                            "C"
                        ],
                        [
                            760.883225,
                            318.182685,
                            "C"
                        ],
                        [
                            1120.779574,
                            346.52105,
                            "L"
                        ]
                    ]
                },
                {
                    "category": "lane/single white",
                    "id": 18,
                    "attributes": {
                        "direction": "parallel",
                        "style": "solid"
                    },
                    "poly2d": [
                        [
                            1110.861171,
                            335.185704,
                            "C"
                        ],
                        [
                            735.378759,
                            301.179667,
                            "C"
                        ],
                        [
                            861.484173,
                            362.107151,
                            "C"
                        ],
                        [
                            606.439518,
                            175.073941,
                            "L"
                        ]
                    ]
                }
            ]
        }
    ],
    "attributes": {
        "weather": "clear",
        "scene": "city street",
        "timeofday": "night"
    }
}