{
    "name": "00cf8e3d-3d27efb0",
    "frames": [
        {
            "timestamp": 10000,
            "objects": [
                {
                    "category": "traffic light",
                    "id": 0,
                    "attributes": {
                        "occluded": false,
                        "truncated": false,
                        "trafficLightColor": "green"
                    },
                    "box2d": {
                        "x1": 595.596909,
                        "y1": 131.796703,
                        "x2": 610.573808,
                        "y2": 146.773602
                    }
                },
                {
                    "category": "traffic light",
                    "id": 1,
                    "attributes": {
                        "occluded": false,
                        "truncated": false,
                        "trafficLightColor": "red"
                    },
                    "box2d": {
                        "x1": 468.293275,
                        "y1": 137.787463,
                        "x2": 481.772483,
                        "y2": 152.764362
                    }
                },
                {
                    "category": "traffic sign",
                    "id": 2,
                    "attributes": {
                        "occluded": false,
                        "truncated": false,
                        "trafficLightColor": "none"
                    },
                    "box2d": {
                        "x1": 724.398232,
                        "y1": 127.303634,
                        "x2": 740.87282,
                        "y2": 148.271291
                    }
                },
                {
                    "category": "traffic sign",
                    "id": 3,
                    "attributes": {
                        "occluded": false,
                        "truncated": false,
                        "trafficLightColor": "none"
                    },
                    "box2d": {
                        "x1": 648.016053,
                        "y1": 140.782842,
                        "x2": 662.992952,
                        "y2": 152.76436
                    }
                },
                {
                    "category": "car",
                    "id": 4,
                    "attributes": {
                        "occluded": true,
                        "truncated": false,
                        "trafficLightColor": "none"
                    },
                    "box2d": {
                        "x1": 613.569186,
                        "y1": 158.755121,
                        "x2": 662.99295,
                        "y2": 179.722778
                    }
                },
                {
                    "category": "car",
                    "id": 5,
                    "attributes": {
                        "occluded": true,
                        "truncated": false,
                        "trafficLightColor": "none"
                    },
                    "box2d": {
                        "x1": 588.10846,
                        "y1": 152.76436,
                        "x2": 616.564567,
                        "y2": 181.220467
                    }
                },
                {
                    "category": "car",
                    "id": 6,
                    "attributes": {
                        "occluded": true,
                        "truncated": false,
                        "trafficLightColor": "none"
                    },
                    "box2d": {
                        "x1": 499.74476,
                        "y1": 172.234328,
                        "x2": 519.214728,
                        "y2": 185.713536
                    }
                },
                {
                    "category": "car",
                    "id": 7,
                    "attributes": {
                        "occluded": true,
                        "truncated": false,
                        "trafficLightColor": "none"
                    },
                    "box2d": {
                        "x1": 478.777103,
                        "y1": 178.225089,
                        "x2": 516.219348,
                        "y2": 211.174264
                    }
                },
                {
                    "category": "car",
                    "id": 8,
                    "attributes": {
                        "occluded": true,
                        "truncated": false,
                        "trafficLightColor": "none"
                    },
                    "box2d": {
                        "x1": 444.330238,
                        "y1": 175.229709,
                        "x2": 483.270172,
                        "y2": 215.667334
                    }
                },
                {
                    "category": "car",
                    "id": 9,
                    "attributes": {
                        "occluded": true,
                        "truncated": false,
                        "trafficLightColor": "none"
                    },
                    "box2d": {
                        "x1": 185.229899,
                        "y1": 194.699677,
                        "x2": 237.649043,
                        "y2": 235.137302
                    }
                },
                {
                    "category": "car",
                    "id": 10,
                    "attributes": {
                        "occluded": true,
                        "truncated": false,
                        "trafficLightColor": "none"
                    },
                    "box2d": {
                        "x1": 107.350031,
                        "y1": 197.695055,
                        "x2": 182.234521,
                        "y2": 248.61651
                    }
                },
                {
                    "category": "car",
                    "id": 11,
                    "attributes": {
                        "occluded": true,
                        "truncated": true,
                        "trafficLightColor": "none"
                    },
                    "box2d": {
                        "x1": 0,
                        "y1": 193.201986,
                        "x2": 113.340789,
                        "y2": 257.602648
                    }
                },
                {
                    "category": "car",
                    "id": 12,
                    "attributes": {
                        "occluded": true,
                        "truncated": false,
                        "trafficLightColor": "none"
                    },
                    "box2d": {
                        "x1": 218.179077,
                        "y1": 185.713536,
                        "x2": 317.026604,
                        "y2": 251.611888
                    }
                },
                {
                    "category": "car",
                    "id": 13,
                    "attributes": {
                        "occluded": false,
                        "truncated": false,
                        "trafficLightColor": "none"
                    },
                    "box2d": {
                        "x1": 317.026604,
                        "y1": 172.234328,
                        "x2": 478.777105,
                        "y2": 277.072614
                    }
                },
                {
                    "category": "car",
                    "id": 14,
                    "attributes": {
                        "occluded": false,
                        "truncated": false,
                        "trafficLightColor": "none"
                    },
                    "box2d": {
                        "x1": 577.62463,
                        "y1": 179.722778,
                        "x2": 676.472158,
                        "y2": 251.61189
                    }
                },
                {
                    "category": "truck",
                    "id": 15,
                    "attributes": {
                        "occluded": true,
                        "truncated": false,
                        "trafficLightColor": "none"
                    },
                    "box2d": {
                        "x1": 517.717039,
                        "y1": 124.308256,
                        "x2": 600.089979,
                        "y2": 214.169645
                    }
                },
                {
                    "category": "person",
                    "id": 16,
                    "attributes": {
                        "occluded": true,
                        "truncated": false,
                        "trafficLightColor": "none"
                    },
                    "box2d": {
                        "x1": 761.840478,
                        "y1": 152.76436,
                        "x2": 782.808135,
                        "y2": 199.192744
                    }
                },
                {
                    "category": "person",
                    "id": 17,
                    "attributes": {
                        "occluded": true,
                        "truncated": false,
                        "trafficLightColor": "none"
                    },
                    "box2d": {
                        "x1": 784.305826,
                        "y1": 140.782842,
                        "x2": 817.255002,
                        "y2": 208.178884
                    }
                },
                {
                    "category": "traffic sign",
                    "id": 18,
                    "attributes": {
                        "occluded": false,
                        "truncated": false,
                        "trafficLightColor": "none"
                    },
                    "box2d": {
                        "x1": 152.280723,
                        "y1": 125.805945,
                        "x2": 189.722968,
                        "y2": 139.285155
                    }
                },
                {
                    "category": "area/drivable",
                    "id": 19,
                    "attributes": {},
                    "poly2d": [
                        [
                            0,
                            480.937169,
                            "L"
                        ],
                        [
                            638.444082,
                            379.687239,
                            "C"
                        ],
                        [
                            820.693957,
                            415.124716,
                            "C"
                        ],
                        [
                            1280.811619,
                            469.124677,
                            "C"
                        ],
                        [
                            1279.693641,
                            399.937225,
                            "L"
                        ],
                        [
                            996.193836,
                            280.124807,
                            "L"
                        ],
                        [
                            908.443897,
                            288.562302,
                            "C"
                        ],
                        [
                            780.193985,
                            271.687313,
                            "C"
                        ],
                        [
                            717.756528,
                            254.812325,
                            "C"
                        ],
                        [
                            496.69418,
                            256.499824,
                            "L"
                        ],
                        [
                            456.194207,
                            286.874803,
                            "L"
                        ],
                        [
                            282.381826,
                            293.624798,
                            "L"
                        ],
                        [
                            0,
                            391.49973,
                            "L"
                        ],
                        [
                            0,
                            480.937169,
                            "L"
                        ]
                    ]
                },
                {
                    "category": "lane/road curb",
                    "id": 20,
                    "attributes": {
                        "direction": "parallel",
                        "style": "solid"
                    },
                    "poly2d": [
                        [
                            31.973684,
                            269.857896,
                            "L"
                        ],
                        [
                            171.378948,
                            260.905265,
                            "L"
                        ]
                    ]
                },
                {
                    "category": "lane/road curb",
                    "id": 21,
                    "attributes": {
                        "direction": "parallel",
                        "style": "solid"
                    },
                    "poly2d": [
                        [
                            740.51053,
                            260.905265,
                            "L"
                        ],
                        [
                            845.384215,
                            269.857896,
                            "L"
                        ]
                    ]
                },
                {
                    "category": "lane/road curb",
                    "id": 22,
                    "attributes": {
                        "direction": "parallel",
                        "style": "solid"
                    },
                    "poly2d": [
                        [
                            979.673689,
                            273.694738,
                            "L"
                        ],
                        [
                            1076.87369,
                            269.857896,
                            "L"
                        ]
                    ]
                },
                {
                    "category": "lane/crosswalk",
                    "id": 23,
                    "attributes": {
                        "direction": "vertical",
                        "style": "dashed"
                    },
                    "poly2d": [
                        [
                            768.647372,
                            269.857896,
                            "C"
                        ],
                        [
                            863.289478,
                            321.015791,
                            "C"
                        ],
                        [
                            952.815794,
                            390.078949,
                            "C"
                        ],
                        [
                            1044.900005,
                            450.189476,
                            "L"
                        ]
                    ]
                },
                {
                    "category": "lane/crosswalk",
                    "id": 24,
                    "attributes": {
                        "direction": "vertical",
                        "style": "dashed"
                    },
                    "poly2d": [
                        [
                            812.131583,
                            274.973686,
                            "L"
                        ],
                        [
                            1126.752638,
                            459.142108,
                            "L"
                        ]
                    ]
                }
            ]
        }
    ],
    "attributes": {
        "weather": "clear",
        "scene": "city street",
        "timeofday": "night"
    }
}