{
    "name": "00cf8e3d-4683d983",
    "frames": [
        {
            "timestamp": 10000,
            "objects": [
                {
                    "category": "car",
                    "id": 0,
                    "attributes": {
                        "occluded": false,
                        "truncated": false,
                        "trafficLightColor": "none"
                    },
                    "box2d": {
                        "x1": 514.074666,
                        "y1": 145.987223,
                        "x2": 602.665203,
                        "y2": 215.861449
                    }
                },
                {
                    "category": "car",
                    "id": 1,
                    "attributes": {
                        "occluded": false,
                        "truncated": false,
                        "trafficLightColor": "none"
                    },
                    "box2d": {
                        "x1": 631.363546,
                        "y1": 149.691934,
                        "x2": 716.525391,
                        "y2": 202.136155
                    }
                },
                {
                    "category": "truck",
                    "id": 2,
                    "attributes": {
                        "occluded": false,
                        "truncated": false,
                        "trafficLightColor": "none"
                    },
                    "box2d": {
                        "x1": 746.156918,
                        "y1": 136.005191,
                        "x2": 867.18906,
                        "y2": 212.118188
                    }
                },
                {
                    "category": "car",
                    "id": 3,
                    "attributes": {
                        "occluded": false,
                        "truncated": false,
                        "trafficLightColor": "none"
                    },
                    "box2d": {
                        "x1": 430.475145,
                        "y1": 147.234977,
                        "x2": 484.128569,
                        "y2": 192.154124
                    }
                },
                {
                    "category": "car",
                    "id": 4,
                    "attributes": {
                        "occluded": false,
                        "truncated": false,
                        "trafficLightColor": "none"
                    },
                    "box2d": {
                        "x1": 324.416051,
                        "y1": 147.234977,
                        "x2": 351.866639,
                        "y2": 165.951288
                    }
                },
                {
                    "category": "car",
                    "id": 5,
                    "attributes": {
                        "occluded": false,
                        "truncated": false,
                        "trafficLightColor": "none"
                    },
                    "box2d": {
                        "x1": 269.514873,
                        "y1": 143.491715,
                        "x2": 304.451987,
                        "y2": 165.951288
                    }
                },
                {
                    "category": "car",
                    "id": 6,
                    "attributes": {
                        "occluded": false,
                        "truncated": true,
                        "trafficLightColor": "none"
                    },
                    "box2d": {
                        "x1": 1.247754,
                        "y1": 137.252945,
                        "x2": 87.342784,
                        "y2": 179.676583
                    }
                },
                {
                    "category": "car",
                    "id": 7,
                    "attributes": {
                        "occluded": false,
                        "truncated": false,
                        "trafficLightColor": "none"
                    },
                    "box2d": {
                        "x1": 374.326213,
                        "y1": 145.987223,
                        "x2": 396.785786,
                        "y2": 162.208026
                    }
                },
                {
                    "category": "car",
                    "id": 8,
                    "attributes": {
                        "occluded": true,
                        "truncated": false,
                        "trafficLightColor": "none"
                    },
                    "box2d": {
                        "x1": 480.385306,
                        "y1": 147.234977,
                        "x2": 501.597125,
                        "y2": 170.942305
                    }
                },
                {
                    "category": "car",
                    "id": 9,
                    "attributes": {
                        "occluded": true,
                        "truncated": false,
                        "trafficLightColor": "none"
                    },
                    "box2d": {
                        "x1": 595.178678,
                        "y1": 150.978239,
                        "x2": 637.602316,
                        "y2": 183.419844
                    }
                },
                {
                    "category": "traffic sign",
                    "id": 10,
                    "attributes": {
                        "occluded": false,
                        "truncated": false,
                        "trafficLightColor": "none"
                    },
                    "box2d": {
                        "x1": 578.957876,
                        "y1": 122.279896,
                        "x2": 608.903973,
                        "y2": 134.757437
                    }
                },
                {
                    "category": "car",
                    "id": 11,
                    "attributes": {
                        "occluded": false,
                        "truncated": true,
                        "trafficLightColor": "none"
                    },
                    "box2d": {
                        "x1": 1136.703933,
                        "y1": 313.186265,
                        "x2": 1277.70014,
                        "y2": 461.668995
                    }
                },
                {
                    "category": "car",
                    "id": 12,
                    "attributes": {
                        "occluded": false,
                        "truncated": true,
                        "trafficLightColor": "none"
                    },
                    "box2d": {
                        "x1": 1054.352166,
                        "y1": 257.037333,
                        "x2": 1093.032541,
                        "y2": 290.726692
                    }
                },
                {
                    "category": "area/alternative",
                    "id": 13,
                    "attributes": {},
                    "poly2d": [
                        [
                            717.115029,
                            206.274736,
                            "L"
                        ],
                        [
                            1139.757533,
                            317.51024,
                            "L"
                        ],
                        [
                            1139.38963,
                            456.568409,
                            "L"
                        ],
                        [
                            992.983931,
                            450.804634,
                            "L"
                        ],
                        [
                            670.980621,
                            226.151162,
                            "L"
                        ],
                        [
                            717.115029,
                            206.274736,
                            "L"
                        ]
                    ]
                },
                {
                    "category": "area/alternative",
                    "id": 14,
                    "attributes": {},
                    "poly2d": [
                        [
                            862.684919,
                            214.169642,
                            "L"
                        ],
                        [
                            1048.792534,
                            249.269969,
                            "L"
                        ],
                        [
                            1048.792534,
                            286.123025,
                            "L"
                        ],
                        [
                            835.726501,
                            229.146542,
                            "L"
                        ],
                        [
                            862.684919,
                            214.169642,
                            "L"
                        ]
                    ]
                },
                {
                    "category": "area/alternative",
                    "id": 15,
                    "attributes": {},
                    "poly2d": [
                        [
                            0,
                            299.537962,
                            "L"
                        ],
                        [
                            403.864052,
                            190.919296,
                            "L"
                        ],
                        [
                            488.262464,
                            203.685815,
                            "L"
                        ],
                        [
                            277.0882,
                            452.302324,
                            "L"
                        ],
                        [
                            0,
                            500.228398,
                            "L"
                        ],
                        [
                            0,
                            299.537962,
                            "L"
                        ]
                    ]
                },
                {
                    "category": "area/drivable",
                    "id": 16,
                    "attributes": {},
                    "poly2d": [
                        [
                            293.562788,
                            449.306944,
                            "L"
                        ],
                        [
                            504.737052,
                            396.887801,
                            "C"
                        ],
                        [
                            804.275014,
                            410.367009,
                            "C"
                        ],
                        [
                            973.513963,
                            449.306944,
                            "C"
                        ],
                        [
                            653.008344,
                            223.155782,
                            "L"
                        ],
                        [
                            480.774016,
                            224.653472,
                            "L"
                        ],
                        [
                            293.562788,
                            449.306944,
                            "L"
                        ]
                    ]
                },
                {
                    "category": "lane/single white",
                    "id": 17,
                    "attributes": {
                        "direction": "parallel",
                        "style": "dashed"
                    },
                    "poly2d": [
                        [
                            174.49633,
                            175.978421,
                            "L"
                        ],
                        [
                            2.26213,
                            196.946063,
                            "L"
                        ]
                    ]
                },
                {
                    "category": "lane/single white",
                    "id": 18,
                    "attributes": {
                        "direction": "parallel",
                        "style": "dashed"
                    },
                    "poly2d": [
                        [
                            171.500952,
                            181.220332,
                            "L"
                        ],
                        [
                            0,
                            204.434506,
                            "L"
                        ]
                    ]
                },
                {
                    "category": "lane/single white",
                    "id": 19,
                    "attributes": {
                        "direction": "parallel",
                        "style": "dashed"
                    },
                    "poly2d": [
                        [
                            512.973974,
                            169.987667,
                            "L"
                        ],
                        [
                            283.827604,
                            436.576254,
                            "L"
                        ]
                    ]
                },
                {
                    "category": "lane/single white",
                    "id": 20,
                    "attributes": {
                        "direction": "parallel",
                        "style": "dashed"
                    },
                    "poly2d": [
                        [
                            513.722818,
                            178.224954,
                            "L"
                        ],
                        [
                            318.274444,
                            438.073942,
                            "L"
                        ]
                    ]
                },
                {
                    "category": "lane/single white",
                    "id": 21,
                    "attributes": {
                        "direction": "parallel",
                        "style": "dashed"
                    },
                    "poly2d": [
                        [
                            596.844541,
                            195.448374,
                            "L"
                        ],
                        [
                            1046.899993,
                            451.553141,
                            "L"
                        ]
                    ]
                },
                {
                    "category": "lane/single white",
                    "id": 22,
                    "attributes": {
                        "direction": "parallel",
                        "style": "dashed"
                    },
                    "poly2d": [
                        [
                            596.844541,
                            187.959931,
                            "L"
                        ],
                        [
                            1073.858389,
                            453.050829,
                            "L"
                        ]
                    ]
                },
                {
                    "category": "lane/road curb",
                    "id": 23,
                    "attributes": {
                        "direction": "parallel",
                        "style": "solid"
                    },
                    "poly2d": [
                        [
                            1049.89537,
                            244.872101,
                            "L"
                        ],
                        [
                            852.949307,
                            211.174106,
                            "L"
                        ]
                    ]
                },
                {
                    "category": "lane/road curb",
                    "id": 24,
                    "attributes": {
                        "direction": "parallel",
                        "style": "solid"
                    },
                    "poly2d": [
                        [
                            744.366877,
                            192.452997,
                            "L"
                        ],
                        [
                            715.161947,
                            186.462242,
                            "L"
                        ]
                    ]
                },
                {
                    "category": "lane/road curb",
                    "id": 25,
                    "attributes": {
                        "direction": "parallel",
                        "style": "solid"
                    },
                    "poly2d": [
                        [
                            423.112652,
                            183.466865,
                            "L"
                        ],
                        [
                            0,
                            297.291205,
                            "L"
                        ]
                    ]
                },
                {
                    "category": "lane/road curb",
                    "id": 26,
                    "attributes": {
                        "direction": "parallel",
                        "style": "solid"
                    },
                    "poly2d": [
                        [
                            193.217438,
                            169.987667,
                            "L"
                        ],
                        [
                            68.160432,
                            177.47611,
                            "L"
                        ]
                    ]
                },
                {
                    "category": "lane/single white",
                    "id": 27,
                    "attributes": {
                        "direction": "parallel",
                        "style": "solid"
                    },
                    "poly2d": [
                        [
                            1055.13728,
                            249.365167,
                            "L"
                        ],
                        [
                            852.200463,
                            213.420639,
                            "L"
                        ]
                    ]
                },
                {
                    "category": "lane/single white",
                    "id": 28,
                    "attributes": {
                        "direction": "parallel",
                        "style": "solid"
                    },
                    "poly2d": [
                        [
                            709.171193,
                            198.443752,
                            "L"
                        ],
                        [
                            1136.761314,
                            313.765781,
                            "L"
                        ]
                    ]
                },
                {
                    "category": "lane/single white",
                    "id": 29,
                    "attributes": {
                        "direction": "parallel",
                        "style": "solid"
                    },
                    "poly2d": [
                        [
                            709.171193,
                            202.936818,
                            "L"
                        ],
                        [
                            1144.998602,
                            324.249602,
                            "L"
                        ]
                    ]
                },
                {
                    "category": "lane/single white",
                    "id": 30,
                    "attributes": {
                        "direction": "parallel",
                        "style": "solid"
                    },
                    "poly2d": [
                        [
                            400.647322,
                            190.955308,
                            "L"
                        ],
                        [
                            0,
                            301.784271,
                            "L"
                        ]
                    ]
                },
                {
                    "category": "lane/single white",
                    "id": 31,
                    "attributes": {
                        "direction": "parallel",
                        "style": "solid"
                    },
                    "poly2d": [
                        [
                            385.670435,
                            199.192596,
                            "L"
                        ],
                        [
                            0,
                            310.021559,
                            "L"
                        ]
                    ]
                }
            ]
        }
    ],
    "attributes": {
        "weather": "clear",
        "scene": "city street",
        "timeofday": "night"
    }
}