{
    "name": "00d0f034-6d666f7b",
    "frames": [
        {
            "timestamp": 10000,
            "objects": [
                {
                    "category": "car",
                    "id": 0,
                    "attributes": {
                        "occluded": true,
                        "truncated": false,
                        "trafficLightColor": "none"
                    },
                    "box2d": {
                        "x1": 628.681533,
                        "y1": 266.390487,
                        "x2": 661.168178,
                        "y2": 300.176597
                    }
                },
                {
                    "category": "car",
                    "id": 1,
                    "attributes": {
                        "occluded": true,
                        "truncated": false,
                        "trafficLightColor": "none"
                    },
                    "box2d": {
                        "x1": 479.242968,
                        "y1": 260.905265,
                        "x2": 566.317882,
                        "y2": 311.871791
                    }
                },
                {
                    "category": "car",
                    "id": 2,
                    "attributes": {
                        "occluded": true,
                        "truncated": false,
                        "trafficLightColor": "none"
                    },
                    "box2d": {
                        "x1": 849.590716,
                        "y1": 272.887816,
                        "x2": 918.462403,
                        "y2": 296.2782
                    }
                },
                {
                    "category": "car",
                    "id": 3,
                    "attributes": {
                        "occluded": true,
                        "truncated": false,
                        "trafficLightColor": "none"
                    },
                    "box2d": {
                        "x1": 919.76187,
                        "y1": 230.005444,
                        "x2": 1186.152357,
                        "y2": 443.117833
                    }
                },
                {
                    "category": "car",
                    "id": 4,
                    "attributes": {
                        "occluded": false,
                        "truncated": true,
                        "trafficLightColor": "none"
                    },
                    "box2d": {
                        "x1": 1135.473191,
                        "y1": 322.267516,
                        "x2": 1279.713894,
                        "y2": 513.288987
                    }
                },
                {
                    "category": "car",
                    "id": 5,
                    "attributes": {
                        "occluded": true,
                        "truncated": false,
                        "trafficLightColor": "none"
                    },
                    "box2d": {
                        "x1": 707.948947,
                        "y1": 272.887816,
                        "x2": 793.713688,
                        "y2": 292.379803
                    }
                },
                {
                    "category": "traffic sign",
                    "id": 6,
                    "attributes": {
                        "occluded": false,
                        "truncated": false,
                        "trafficLightColor": "none"
                    },
                    "box2d": {
                        "x1": 839.194991,
                        "y1": 250.796897,
                        "x2": 865.184307,
                        "y2": 259.893158
                    }
                },
                {
                    "category": "traffic light",
                    "id": 7,
                    "attributes": {
                        "occluded": false,
                        "truncated": false,
                        "trafficLightColor": "green"
                    },
                    "box2d": {
                        "x1": 819.703004,
                        "y1": 246.8985,
                        "x2": 831.398198,
                        "y2": 261.192624
                    }
                },
                {
                    "category": "car",
                    "id": 8,
                    "attributes": {
                        "occluded": false,
                        "truncated": true,
                        "trafficLightColor": "none"
                    },
                    "box2d": {
                        "x1": 507.831215,
                        "y1": 287.18194,
                        "x2": 1034.11486,
                        "y2": 619.845182
                    }
                },
                {
                    "category": "traffic sign",
                    "id": 9,
                    "attributes": {
                        "occluded": true,
                        "truncated": false,
                        "trafficLightColor": "none"
                    },
                    "box2d": {
                        "x1": 519.526407,
                        "y1": 209.213992,
                        "x2": 562.408778,
                        "y2": 228.705979
                    }
                },
                {
                    "category": "traffic sign",
                    "id": 10,
                    "attributes": {
                        "occluded": true,
                        "truncated": false,
                        "trafficLightColor": "none"
                    },
                    "box2d": {
                        "x1": 432.462199,
                        "y1": 168.930553,
                        "x2": 493.537091,
                        "y2": 210.513458
                    }
                },
                {
                    "category": "lane/single yellow",
                    "id": 11,
                    "attributes": {
                        "direction": "parallel",
                        "style": "solid"
                    },
                    "poly2d": [
                        [
                            439.257028,
                            604.458651,
                            "L"
                        ],
                        [
                            516.094992,
                            527.620687,
                            "L"
                        ]
                    ]
                },
                {
                    "category": "lane/single yellow",
                    "id": 12,
                    "attributes": {
                        "direction": "parallel",
                        "style": "solid"
                    },
                    "poly2d": [
                        [
                            407.24121,
                            603.178018,
                            "L"
                        ],
                        [
                            510.972461,
                            508.411196,
                            "L"
                        ]
                    ]
                }
            ]
        }
    ],
    "attributes": {
        "weather": "clear",
        "scene": "city street",
        "timeofday": "daytime"
    }
}