{
    "name": "00d18b13-52d3e4c4",
    "frames": [
        {
            "timestamp": 10000,
            "objects": [
                {
                    "category": "person",
                    "id": 0,
                    "attributes": {
                        "occluded": true,
                        "truncated": false,
                        "trafficLightColor": "none"
                    },
                    "box2d": {
                        "x1": 192.154123,
                        "y1": 239.568776,
                        "x2": 245.807545,
                        "y2": 343.132362
                    }
                },
                {
                    "category": "person",
                    "id": 1,
                    "attributes": {
                        "occluded": true,
                        "truncated": false,
                        "trafficLightColor": "none"
                    },
                    "box2d": {
                        "x1": 1084.298263,
                        "y1": 254.541825,
                        "x2": 1180.375324,
                        "y2": 494.110601
                    }
                },
                {
                    "category": "person",
                    "id": 2,
                    "attributes": {
                        "occluded": false,
                        "truncated": true,
                        "trafficLightColor": "none"
                    },
                    "box2d": {
                        "x1": 1255.240567,
                        "y1": 300.708724,
                        "x2": 1277.70014,
                        "y2": 529.047714
                    }
                },
                {
                    "category": "car",
                    "id": 3,
                    "attributes": {
                        "occluded": true,
                        "truncated": false,
                        "trafficLightColor": "none"
                    },
                    "box2d": {
                        "x1": 557.746057,
                        "y1": 318.177281,
                        "x2": 576.462368,
                        "y2": 346.875624
                    }
                },
                {
                    "category": "car",
                    "id": 4,
                    "attributes": {
                        "occluded": true,
                        "truncated": false,
                        "trafficLightColor": "none"
                    },
                    "box2d": {
                        "x1": 536.534238,
                        "y1": 311.938511,
                        "x2": 560.241565,
                        "y2": 346.875624
                    }
                },
                {
                    "category": "car",
                    "id": 5,
                    "attributes": {
                        "occluded": true,
                        "truncated": false,
                        "trafficLightColor": "none"
                    },
                    "box2d": {
                        "x1": 521.56119,
                        "y1": 309.443003,
                        "x2": 537.781992,
                        "y2": 344.380116
                    }
                },
                {
                    "category": "car",
                    "id": 6,
                    "attributes": {
                        "occluded": true,
                        "truncated": false,
                        "trafficLightColor": "none"
                    },
                    "box2d": {
                        "x1": 500.349371,
                        "y1": 298.213216,
                        "x2": 526.552207,
                        "y2": 343.132362
                    }
                },
                {
                    "category": "car",
                    "id": 7,
                    "attributes": {
                        "occluded": true,
                        "truncated": false,
                        "trafficLightColor": "none"
                    },
                    "box2d": {
                        "x1": 441.704931,
                        "y1": 281.992414,
                        "x2": 519.065683,
                        "y2": 345.62787
                    }
                },
                {
                    "category": "car",
                    "id": 8,
                    "attributes": {
                        "occluded": false,
                        "truncated": false,
                        "trafficLightColor": "none"
                    },
                    "box2d": {
                        "x1": 324.416051,
                        "y1": 270.762627,
                        "x2": 467.907767,
                        "y2": 350.618886
                    }
                },
                {
                    "category": "car",
                    "id": 9,
                    "attributes": {
                        "occluded": false,
                        "truncated": false,
                        "trafficLightColor": "none"
                    },
                    "box2d": {
                        "x1": 582.701138,
                        "y1": 310.690757,
                        "x2": 636.354563,
                        "y2": 349.371132
                    }
                },
                {
                    "category": "car",
                    "id": 10,
                    "attributes": {
                        "occluded": true,
                        "truncated": false,
                        "trafficLightColor": "none"
                    },
                    "box2d": {
                        "x1": 632.6113,
                        "y1": 329.407067,
                        "x2": 651.327609,
                        "y2": 349.371133
                    }
                },
                {
                    "category": "car",
                    "id": 11,
                    "attributes": {
                        "occluded": true,
                        "truncated": false,
                        "trafficLightColor": "none"
                    },
                    "box2d": {
                        "x1": 653.823118,
                        "y1": 326.911559,
                        "x2": 665.052904,
                        "y2": 346.875624
                    }
                },
                {
                    "category": "car",
                    "id": 12,
                    "attributes": {
                        "occluded": true,
                        "truncated": false,
                        "trafficLightColor": "none"
                    },
                    "box2d": {
                        "x1": 665.052905,
                        "y1": 328.159313,
                        "x2": 680.025953,
                        "y2": 350.618886
                    }
                },
                {
                    "category": "car",
                    "id": 13,
                    "attributes": {
                        "occluded": true,
                        "truncated": false,
                        "trafficLightColor": "none"
                    },
                    "box2d": {
                        "x1": 677.530445,
                        "y1": 319.425035,
                        "x2": 703.73328,
                        "y2": 353.114394
                    }
                },
                {
                    "category": "car",
                    "id": 14,
                    "attributes": {
                        "occluded": true,
                        "truncated": false,
                        "trafficLightColor": "none"
                    },
                    "box2d": {
                        "x1": 685.016969,
                        "y1": 310.690757,
                        "x2": 724.9451,
                        "y2": 356.857656
                    }
                },
                {
                    "category": "car",
                    "id": 15,
                    "attributes": {
                        "occluded": true,
                        "truncated": false,
                        "trafficLightColor": "none"
                    },
                    "box2d": {
                        "x1": 712.467558,
                        "y1": 303.204232,
                        "x2": 768.616489,
                        "y2": 363.096426
                    }
                },
                {
                    "category": "car",
                    "id": 16,
                    "attributes": {
                        "occluded": true,
                        "truncated": false,
                        "trafficLightColor": "none"
                    },
                    "box2d": {
                        "x1": 749.90018,
                        "y1": 274.505889,
                        "x2": 895.887403,
                        "y2": 393.042523
                    }
                },
                {
                    "category": "car",
                    "id": 17,
                    "attributes": {
                        "occluded": true,
                        "truncated": false,
                        "trafficLightColor": "none"
                    },
                    "box2d": {
                        "x1": 819.774406,
                        "y1": 278.249152,
                        "x2": 1094.280295,
                        "y2": 446.695946
                    }
                },
                {
                    "category": "traffic sign",
                    "id": 18,
                    "attributes": {
                        "occluded": false,
                        "truncated": false,
                        "trafficLightColor": "none"
                    },
                    "box2d": {
                        "x1": 849.074341,
                        "y1": 224.060973,
                        "x2": 872.781667,
                        "y2": 241.529529
                    }
                },
                {
                    "category": "traffic sign",
                    "id": 19,
                    "attributes": {
                        "occluded": false,
                        "truncated": false,
                        "trafficLightColor": "none"
                    },
                    "box2d": {
                        "x1": 1002.548088,
                        "y1": 254.00707,
                        "x2": 1018.76889,
                        "y2": 272.723379
                    }
                },
                {
                    "category": "area/drivable",
                    "id": 20,
                    "attributes": {},
                    "poly2d": [
                        [
                            0,
                            327.71227,
                            "L"
                        ],
                        [
                            0,
                            540.337123,
                            "L"
                        ],
                        [
                            402.194245,
                            462.712178,
                            "C"
                        ],
                        [
                            807.712125,
                            453.497321,
                            "C"
                        ],
                        [
                            1280.811619,
                            570.712102,
                            "C"
                        ],
                        [
                            1277.588591,
                            542.558874,
                            "L"
                        ],
                        [
                            1162.422791,
                            484.208201,
                            "L"
                        ],
                        [
                            1129.506244,
                            509.962144,
                            "L"
                        ],
                        [
                            1077.193781,
                            489.712158,
                            "L"
                        ],
                        [
                            1072.131284,
                            469.462173,
                            "L"
                        ],
                        [
                            886.506412,
                            452.587184,
                            "L"
                        ],
                        [
                            689.475237,
                            356.758049,
                            "L"
                        ],
                        [
                            567.569131,
                            347.962256,
                            "L"
                        ],
                        [
                            403.881743,
                            361.462246,
                            "L"
                        ],
                        [
                            307.69431,
                            351.337253,
                            "L"
                        ],
                        [
                            201.381884,
                            347.962256,
                            "C"
                        ],
                        [
                            98.444452,
                            346.274756,
                            "C"
                        ],
                        [
                            0,
                            327.71227,
                            "C"
                        ]
                    ]
                },
                {
                    "category": "lane/crosswalk",
                    "id": 21,
                    "attributes": {
                        "direction": "vertical",
                        "style": "dashed"
                    },
                    "poly2d": [
                        [
                            113.840012,
                            350.459416,
                            "L"
                        ],
                        [
                            901.624854,
                            497.233018,
                            "L"
                        ]
                    ]
                },
                {
                    "category": "lane/crosswalk",
                    "id": 22,
                    "attributes": {
                        "direction": "vertical",
                        "style": "dashed"
                    },
                    "poly2d": [
                        [
                            313.032756,
                            345.966346,
                            "L"
                        ],
                        [
                            1097.822219,
                            462.786152,
                            "L"
                        ]
                    ]
                },
                {
                    "category": "lane/road curb",
                    "id": 23,
                    "attributes": {
                        "direction": "parallel",
                        "style": "solid"
                    },
                    "poly2d": [
                        [
                            1166.71595,
                            482.25612,
                            "L"
                        ],
                        [
                            978.007033,
                            426.841596,
                            "L"
                        ]
                    ]
                },
                {
                    "category": "lane/road curb",
                    "id": 24,
                    "attributes": {
                        "direction": "parallel",
                        "style": "solid"
                    },
                    "poly2d": [
                        [
                            24.194504,
                            334.12477,
                            "L"
                        ],
                        [
                            304.319312,
                            347.624761,
                            "L"
                        ]
                    ]
                }
            ]
        }
    ],
    "attributes": {
        "weather": "undefined",
        "scene": "residential",
        "timeofday": "daytime"
    }
}