{
    "name": "00d15d58-9197cde5",
    "frames": [
        {
            "timestamp": 10000,
            "objects": [
                {
                    "category": "car",
                    "id": 0,
                    "attributes": {
                        "occluded": true,
                        "truncated": false,
                        "trafficLightColor": "none"
                    },
                    "box2d": {
                        "x1": 419.67738,
                        "y1": 274.924868,
                        "x2": 440.616164,
                        "y2": 289.251405
                    }
                },
                {
                    "category": "car",
                    "id": 1,
                    "attributes": {
                        "occluded": true,
                        "truncated": false,
                        "trafficLightColor": "none"
                    },
                    "box2d": {
                        "x1": 447.228413,
                        "y1": 277.128952,
                        "x2": 468.167197,
                        "y2": 292.408297
                    }
                },
                {
                    "category": "car",
                    "id": 2,
                    "attributes": {
                        "occluded": true,
                        "truncated": false,
                        "trafficLightColor": "none"
                    },
                    "box2d": {
                        "x1": 403.146759,
                        "y1": 277.128952,
                        "x2": 421.881462,
                        "y2": 289.251405
                    }
                },
                {
                    "category": "car",
                    "id": 3,
                    "attributes": {
                        "occluded": true,
                        "truncated": false,
                        "trafficLightColor": "none"
                    },
                    "box2d": {
                        "x1": 366.779396,
                        "y1": 274.924868,
                        "x2": 399.840636,
                        "y2": 291.455489
                    }
                },
                {
                    "category": "car",
                    "id": 4,
                    "attributes": {
                        "occluded": true,
                        "truncated": false,
                        "trafficLightColor": "none"
                    },
                    "box2d": {
                        "x1": 326.57157,
                        "y1": 275.510328,
                        "x2": 357.428724,
                        "y2": 292.040947
                    }
                },
                {
                    "category": "car",
                    "id": 5,
                    "attributes": {
                        "occluded": false,
                        "truncated": false,
                        "trafficLightColor": "none"
                    },
                    "box2d": {
                        "x1": 283.591958,
                        "y1": 272.204205,
                        "x2": 327.673611,
                        "y2": 290.938905
                    }
                },
                {
                    "category": "car",
                    "id": 6,
                    "attributes": {
                        "occluded": false,
                        "truncated": false,
                        "trafficLightColor": "none"
                    },
                    "box2d": {
                        "x1": 236.204183,
                        "y1": 278.816451,
                        "x2": 275.877669,
                        "y2": 295.347072
                    }
                },
                {
                    "category": "car",
                    "id": 7,
                    "attributes": {
                        "occluded": true,
                        "truncated": false,
                        "trafficLightColor": "none"
                    },
                    "box2d": {
                        "x1": 187.714364,
                        "y1": 270.000119,
                        "x2": 221.877645,
                        "y2": 293.142989
                    }
                },
                {
                    "category": "car",
                    "id": 8,
                    "attributes": {
                        "occluded": true,
                        "truncated": false,
                        "trafficLightColor": "none"
                    },
                    "box2d": {
                        "x1": 148.040877,
                        "y1": 273.306244,
                        "x2": 191.020487,
                        "y2": 295.34707
                    }
                },
                {
                    "category": "car",
                    "id": 9,
                    "attributes": {
                        "occluded": true,
                        "truncated": false,
                        "trafficLightColor": "none"
                    },
                    "box2d": {
                        "x1": 108.367391,
                        "y1": 271.102163,
                        "x2": 153.551084,
                        "y2": 299.755237
                    }
                },
                {
                    "category": "car",
                    "id": 10,
                    "attributes": {
                        "occluded": true,
                        "truncated": false,
                        "trafficLightColor": "none"
                    },
                    "box2d": {
                        "x1": 61.667669,
                        "y1": 270.163126,
                        "x2": 109.469431,
                        "y2": 296.592126
                    }
                },
                {
                    "category": "car",
                    "id": 11,
                    "attributes": {
                        "occluded": false,
                        "truncated": true,
                        "trafficLightColor": "none"
                    },
                    "box2d": {
                        "x1": 0.367341,
                        "y1": 273.099681,
                        "x2": 57.673488,
                        "y2": 307.469526
                    }
                },
                {
                    "category": "car",
                    "id": 12,
                    "attributes": {
                        "occluded": false,
                        "truncated": false,
                        "trafficLightColor": "none"
                    },
                    "box2d": {
                        "x1": 718.058632,
                        "y1": 277.399544,
                        "x2": 740.099458,
                        "y2": 296.134246
                    }
                },
                {
                    "category": "car",
                    "id": 13,
                    "attributes": {
                        "occluded": false,
                        "truncated": false,
                        "trafficLightColor": "none"
                    },
                    "box2d": {
                        "x1": 543.936103,
                        "y1": 279.603625,
                        "x2": 567.078972,
                        "y2": 300.542409
                    }
                },
                {
                    "category": "car",
                    "id": 14,
                    "attributes": {
                        "occluded": true,
                        "truncated": false,
                        "trafficLightColor": "none"
                    },
                    "box2d": {
                        "x1": 570.122716,
                        "y1": 281.387883,
                        "x2": 588.857417,
                        "y2": 306.734833
                    }
                },
                {
                    "category": "car",
                    "id": 15,
                    "attributes": {
                        "occluded": false,
                        "truncated": false,
                        "trafficLightColor": "none"
                    },
                    "box2d": {
                        "x1": 551.388014,
                        "y1": 257.877667,
                        "x2": 738.735038,
                        "y2": 414.367534
                    }
                },
                {
                    "category": "car",
                    "id": 16,
                    "attributes": {
                        "occluded": false,
                        "truncated": false,
                        "trafficLightColor": "none"
                    },
                    "box2d": {
                        "x1": 653.877854,
                        "y1": 432.000194,
                        "x2": 670.408475,
                        "y2": 432.000194
                    }
                },
                {
                    "category": "car",
                    "id": 17,
                    "attributes": {
                        "occluded": false,
                        "truncated": false,
                        "trafficLightColor": "none"
                    },
                    "box2d": {
                        "x1": 844.993908,
                        "y1": 242.449086,
                        "x2": 1107.918876,
                        "y2": 408.915383
                    }
                },
                {
                    "category": "traffic sign",
                    "id": 18,
                    "attributes": {
                        "occluded": false,
                        "truncated": false,
                        "trafficLightColor": "none"
                    },
                    "box2d": {
                        "x1": 1233.918909,
                        "y1": 207.815142,
                        "x2": 1260.3679,
                        "y2": 229.855968
                    }
                },
                {
                    "category": "traffic sign",
                    "id": 19,
                    "attributes": {
                        "occluded": true,
                        "truncated": false,
                        "trafficLightColor": "none"
                    },
                    "box2d": {
                        "x1": 1219.649473,
                        "y1": 73.366101,
                        "x2": 1276.898521,
                        "y2": 130.676729
                    }
                },
                {
                    "category": "area/drivable",
                    "id": 20,
                    "attributes": {},
                    "poly2d": [
                        [
                            420.426235,
                            420.409789,
                            "L"
                        ],
                        [
                            23.707327,
                            581.453384,
                            "L"
                        ],
                        [
                            494.110601,
                            511.579159,
                            "C"
                        ],
                        [
                            869.684568,
                            547.764025,
                            "C"
                        ],
                        [
                            1280.195649,
                            636.354562,
                            "C"
                        ],
                        [
                            1280.195222,
                            433.053692,
                            "L"
                        ],
                        [
                            420.426235,
                            420.409789,
                            "L"
                        ]
                    ]
                }
            ]
        }
    ],
    "attributes": {
        "weather": "clear",
        "scene": "highway",
        "timeofday": "night"
    }
}