{
    "name": "00d1bafa-1b47b41c",
    "frames": [
        {
            "timestamp": 10000,
            "objects": [
                {
                    "category": "traffic light",
                    "id": 0,
                    "attributes": {
                        "occluded": false,
                        "truncated": false,
                        "trafficLightColor": "green"
                    },
                    "box2d": {
                        "x1": 377.223674,
                        "y1": 329.968423,
                        "x2": 390.196974,
                        "y2": 362.254479
                    }
                },
                {
                    "category": "traffic sign",
                    "id": 1,
                    "attributes": {
                        "occluded": false,
                        "truncated": false,
                        "trafficLightColor": "none"
                    },
                    "box2d": {
                        "x1": 440.98104,
                        "y1": 410.542107,
                        "x2": 460.165249,
                        "y2": 427.168423
                    }
                },
                {
                    "category": "traffic light",
                    "id": 2,
                    "attributes": {
                        "occluded": false,
                        "truncated": false,
                        "trafficLightColor": "yellow"
                    },
                    "box2d": {
                        "x1": 302.854723,
                        "y1": 405.426318,
                        "x2": 318.202092,
                        "y2": 418.215791
                    }
                },
                {
                    "category": "traffic light",
                    "id": 3,
                    "attributes": {
                        "occluded": false,
                        "truncated": false,
                        "trafficLightColor": "red"
                    },
                    "box2d": {
                        "x1": 565.038935,
                        "y1": 427.168423,
                        "x2": 575.270514,
                        "y2": 438.67895
                    }
                },
                {
                    "category": "traffic light",
                    "id": 4,
                    "attributes": {
                        "occluded": false,
                        "truncated": false,
                        "trafficLightColor": "red"
                    },
                    "box2d": {
                        "x1": 1221.138938,
                        "y1": 205.910526,
                        "x2": 1246.717886,
                        "y2": 277.531579
                    }
                },
                {
                    "category": "person",
                    "id": 5,
                    "attributes": {
                        "occluded": false,
                        "truncated": false,
                        "trafficLightColor": "none"
                    },
                    "box2d": {
                        "x1": 678.86525,
                        "y1": 447.631581,
                        "x2": 708.281042,
                        "y2": 516.69474
                    }
                },
                {
                    "category": "person",
                    "id": 6,
                    "attributes": {
                        "occluded": false,
                        "truncated": false,
                        "trafficLightColor": "none"
                    },
                    "box2d": {
                        "x1": 561.202093,
                        "y1": 464.257897,
                        "x2": 573.991565,
                        "y2": 489.836845
                    }
                },
                {
                    "category": "person",
                    "id": 7,
                    "attributes": {
                        "occluded": false,
                        "truncated": false,
                        "trafficLightColor": "none"
                    },
                    "box2d": {
                        "x1": 543.29683,
                        "y1": 459.142108,
                        "x2": 557.36525,
                        "y2": 488.557897
                    }
                },
                {
                    "category": "car",
                    "id": 8,
                    "attributes": {
                        "occluded": false,
                        "truncated": false,
                        "trafficLightColor": "none"
                    },
                    "box2d": {
                        "x1": 236.34946,
                        "y1": 437.400002,
                        "x2": 291.344198,
                        "y2": 474.489476
                    }
                },
                {
                    "category": "car",
                    "id": 9,
                    "attributes": {
                        "occluded": true,
                        "truncated": false,
                        "trafficLightColor": "none"
                    },
                    "box2d": {
                        "x1": 515.159987,
                        "y1": 461.700002,
                        "x2": 533.06525,
                        "y2": 478.326318
                    }
                },
                {
                    "category": "car",
                    "id": 10,
                    "attributes": {
                        "occluded": true,
                        "truncated": false,
                        "trafficLightColor": "none"
                    },
                    "box2d": {
                        "x1": 493.417882,
                        "y1": 462.97895,
                        "x2": 512.602093,
                        "y2": 478.326318
                    }
                },
                {
                    "category": "car",
                    "id": 11,
                    "attributes": {
                        "occluded": false,
                        "truncated": false,
                        "trafficLightColor": "none"
                    },
                    "box2d": {
                        "x1": 461.444198,
                        "y1": 460.421055,
                        "x2": 492.138935,
                        "y2": 488.557898
                    }
                },
                {
                    "category": "car",
                    "id": 12,
                    "attributes": {
                        "occluded": false,
                        "truncated": false,
                        "trafficLightColor": "none"
                    },
                    "box2d": {
                        "x1": 572.712619,
                        "y1": 462.97895,
                        "x2": 609.802093,
                        "y2": 487.27895
                    }
                },
                {
                    "category": "car",
                    "id": 13,
                    "attributes": {
                        "occluded": true,
                        "truncated": false,
                        "trafficLightColor": "none"
                    },
                    "box2d": {
                        "x1": 611.081041,
                        "y1": 468.094739,
                        "x2": 640.496831,
                        "y2": 489.836845
                    }
                },
                {
                    "category": "truck",
                    "id": 14,
                    "attributes": {
                        "occluded": true,
                        "truncated": true,
                        "trafficLightColor": "none"
                    },
                    "box2d": {
                        "x1": 1049.75999,
                        "y1": 429.726318,
                        "x2": 1279.970517,
                        "y2": 552.505266
                    }
                },
                {
                    "category": "traffic light",
                    "id": 15,
                    "attributes": {
                        "occluded": false,
                        "truncated": false,
                        "trafficLightColor": "red"
                    },
                    "box2d": {
                        "x1": 390.196975,
                        "y1": 326.328416,
                        "x2": 405.166169,
                        "y2": 359.260641
                    }
                },
                {
                    "category": "car",
                    "id": 16,
                    "attributes": {
                        "occluded": false,
                        "truncated": false,
                        "trafficLightColor": "none"
                    },
                    "box2d": {
                        "x1": 338.303771,
                        "y1": 446.081963,
                        "x2": 421.133308,
                        "y2": 483.005974
                    }
                },
                {
                    "category": "area/drivable",
                    "id": 17,
                    "attributes": {},
                    "poly2d": [
                        [
                            1.35,
                            487.349828,
                            "L"
                        ],
                        [
                            173.831719,
                            491.461362,
                            "C"
                        ],
                        [
                            430.835058,
                            515.62428,
                            "C"
                        ],
                        [
                            523.092669,
                            484.871476,
                            "C"
                        ],
                        [
                            576.909607,
                            496.952935,
                            "L"
                        ],
                        [
                            698.82145,
                            543.082139,
                            "L"
                        ],
                        [
                            1279.799553,
                            583.199796,
                            "L"
                        ],
                        [
                            1279.799553,
                            719.549749,
                            "L"
                        ],
                        [
                            0,
                            719.549749,
                            "L"
                        ],
                        [
                            1.35,
                            487.349828,
                            "L"
                        ]
                    ]
                },
                {
                    "category": "lane/crosswalk",
                    "id": 18,
                    "attributes": {
                        "direction": "vertical",
                        "style": "dashed"
                    },
                    "poly2d": [
                        [
                            1003.46776,
                            567.624438,
                            "C"
                        ],
                        [
                            1102.865153,
                            599.383235,
                            "C"
                        ],
                        [
                            1187.777776,
                            622.359591,
                            "C"
                        ],
                        [
                            1272.690401,
                            645.335948,
                            "L"
                        ]
                    ]
                }
            ]
        }
    ],
    "attributes": {
        "weather": "snowy",
        "scene": "city street",
        "timeofday": "night"
    }
}