{
    "name": "00d4b6b7-a0b1a3e0",
    "frames": [
        {
            "timestamp": 10000,
            "objects": [
                {
                    "category": "car",
                    "id": 0,
                    "attributes": {
                        "occluded": false,
                        "truncated": false,
                        "trafficLightColor": "none"
                    },
                    "box2d": {
                        "x1": 528.200868,
                        "y1": 368.431694,
                        "x2": 815.757312,
                        "y2": 632.025102
                    }
                },
                {
                    "category": "car",
                    "id": 1,
                    "attributes": {
                        "occluded": false,
                        "truncated": false,
                        "trafficLightColor": "none"
                    },
                    "box2d": {
                        "x1": 848.706488,
                        "y1": 402.87856,
                        "x2": 958.037844,
                        "y2": 480.75843
                    }
                },
                {
                    "category": "car",
                    "id": 2,
                    "attributes": {
                        "occluded": false,
                        "truncated": false,
                        "trafficLightColor": "none"
                    },
                    "box2d": {
                        "x1": 998.475469,
                        "y1": 405.873939,
                        "x2": 1106.309137,
                        "y2": 480.75843
                    }
                },
                {
                    "category": "car",
                    "id": 3,
                    "attributes": {
                        "occluded": true,
                        "truncated": false,
                        "trafficLightColor": "none"
                    },
                    "box2d": {
                        "x1": 952.047085,
                        "y1": 410.367008,
                        "x2": 1020.940819,
                        "y2": 455.297702
                    }
                },
                {
                    "category": "car",
                    "id": 4,
                    "attributes": {
                        "occluded": true,
                        "truncated": false,
                        "trafficLightColor": "none"
                    },
                    "box2d": {
                        "x1": 782.808137,
                        "y1": 396.8878,
                        "x2": 802.278103,
                        "y2": 419.353148
                    }
                },
                {
                    "category": "car",
                    "id": 5,
                    "attributes": {
                        "occluded": true,
                        "truncated": false,
                        "trafficLightColor": "none"
                    },
                    "box2d": {
                        "x1": 794.789654,
                        "y1": 398.38549,
                        "x2": 829.236518,
                        "y2": 431.334666
                    }
                },
                {
                    "category": "car",
                    "id": 6,
                    "attributes": {
                        "occluded": true,
                        "truncated": false,
                        "trafficLightColor": "none"
                    },
                    "box2d": {
                        "x1": 811.264242,
                        "y1": 401.380869,
                        "x2": 862.185696,
                        "y2": 440.320805
                    }
                },
                {
                    "category": "car",
                    "id": 7,
                    "attributes": {
                        "occluded": true,
                        "truncated": false,
                        "trafficLightColor": "none"
                    },
                    "box2d": {
                        "x1": 757.269389,
                        "y1": 368.431694,
                        "x2": 772.324306,
                        "y2": 384.050452
                    }
                },
                {
                    "category": "bus",
                    "id": 8,
                    "attributes": {
                        "occluded": true,
                        "truncated": false,
                        "trafficLightColor": "none"
                    },
                    "box2d": {
                        "x1": 778.798704,
                        "y1": 370.927851,
                        "x2": 799.204704,
                        "y2": 397.52966
                    }
                },
                {
                    "category": "traffic sign",
                    "id": 9,
                    "attributes": {
                        "occluded": false,
                        "truncated": false,
                        "trafficLightColor": "none"
                    },
                    "box2d": {
                        "x1": 954.964443,
                        "y1": 342.115137,
                        "x2": 1001.392829,
                        "y2": 388.543523
                    }
                },
                {
                    "category": "traffic sign",
                    "id": 10,
                    "attributes": {
                        "occluded": false,
                        "truncated": false,
                        "trafficLightColor": "none"
                    },
                    "box2d": {
                        "x1": 1079.272699,
                        "y1": 346.608206,
                        "x2": 1125.701083,
                        "y2": 378.059695
                    }
                },
                {
                    "category": "traffic sign",
                    "id": 11,
                    "attributes": {
                        "occluded": false,
                        "truncated": true,
                        "trafficLightColor": "none"
                    },
                    "box2d": {
                        "x1": 1223.050921,
                        "y1": 355.594345,
                        "x2": 1247.013956,
                        "y2": 397.52966
                    }
                },
                {
                    "category": "truck",
                    "id": 12,
                    "attributes": {
                        "occluded": true,
                        "truncated": false,
                        "trafficLightColor": "none"
                    },
                    "box2d": {
                        "x1": 2.433723,
                        "y1": 187.853086,
                        "x2": 204.621848,
                        "y2": 301.677509
                    }
                },
                {
                    "category": "traffic sign",
                    "id": 13,
                    "attributes": {
                        "occluded": false,
                        "truncated": false,
                        "trafficLightColor": "none"
                    },
                    "box2d": {
                        "x1": 541.602056,
                        "y1": 307.668271,
                        "x2": 571.555852,
                        "y2": 357.092035
                    }
                },
                {
                    "category": "traffic sign",
                    "id": 14,
                    "attributes": {
                        "occluded": false,
                        "truncated": false,
                        "trafficLightColor": "none"
                    },
                    "box2d": {
                        "x1": 288.492477,
                        "y1": 199.834604,
                        "x2": 316.948584,
                        "y2": 240.272229
                    }
                },
                {
                    "category": "traffic sign",
                    "id": 15,
                    "attributes": {
                        "occluded": false,
                        "truncated": false,
                        "trafficLightColor": "none"
                    },
                    "box2d": {
                        "x1": 1025.355866,
                        "y1": 382.552761,
                        "x2": 1055.30966,
                        "y2": 400.525039
                    }
                },
                {
                    "category": "car",
                    "id": 16,
                    "attributes": {
                        "occluded": true,
                        "truncated": false,
                        "trafficLightColor": "none"
                    },
                    "box2d": {
                        "x1": 278.086669,
                        "y1": 296.542583,
                        "x2": 330.505812,
                        "y2": 314.514861
                    }
                },
                {
                    "category": "area/alternative",
                    "id": 17,
                    "attributes": {},
                    "poly2d": [
                        [
                            1277.383215,
                            515.310023,
                            "L"
                        ],
                        [
                            1119.245747,
                            474.412403,
                            "L"
                        ],
                        [
                            1075.621617,
                            498.950976,
                            "L"
                        ],
                        [
                            1280.095537,
                            571.20344,
                            "L"
                        ],
                        [
                            1277.383215,
                            515.310023,
                            "L"
                        ]
                    ]
                },
                {
                    "category": "area/alternative",
                    "id": 18,
                    "attributes": {},
                    "poly2d": [
                        [
                            871.133512,
                            501.677484,
                            "L"
                        ],
                        [
                            1042.90352,
                            706.165588,
                            "L"
                        ],
                        [
                            1132.878287,
                            719.79813,
                            "L"
                        ],
                        [
                            1280.095537,
                            719.79813,
                            "L"
                        ],
                        [
                            1280.095537,
                            580.746218,
                            "L"
                        ],
                        [
                            993.51295,
                            479.601569,
                            "L"
                        ],
                        [
                            871.133512,
                            501.677484,
                            "L"
                        ]
                    ]
                },
                {
                    "category": "lane/single yellow",
                    "id": 19,
                    "attributes": {
                        "direction": "parallel",
                        "style": "solid"
                    },
                    "poly2d": [
                        [
                            525.172029,
                            555.866931,
                            "L"
                        ],
                        [
                            234.954211,
                            720.170139,
                            "L"
                        ]
                    ]
                },
                {
                    "category": "lane/single yellow",
                    "id": 20,
                    "attributes": {
                        "direction": "parallel",
                        "style": "solid"
                    },
                    "poly2d": [
                        [
                            517.494309,
                            551.260298,
                            "L"
                        ],
                        [
                            210.385507,
                            720.170139,
                            "L"
                        ]
                    ]
                },
                {
                    "category": "lane/single white",
                    "id": 21,
                    "attributes": {
                        "direction": "parallel",
                        "style": "dashed"
                    },
                    "poly2d": [
                        [
                            829.209741,
                            459.127658,
                            "C"
                        ],
                        [
                            901.38031,
                            525.15605,
                            "C"
                        ],
                        [
                            968.928268,
                            626.501953,
                            "C"
                        ],
                        [
                            1039.579269,
                            709.42133,
                            "L"
                        ]
                    ]
                },
                {
                    "category": "lane/single white",
                    "id": 22,
                    "attributes": {
                        "direction": "parallel",
                        "style": "dashed"
                    },
                    "poly2d": [
                        [
                            821.532021,
                            462.198745,
                            "C"
                        ],
                        [
                            873.740518,
                            512.871698,
                            "C"
                        ],
                        [
                            955.108371,
                            626.501953,
                            "C"
                        ],
                        [
                            1021.152742,
                            709.42133,
                            "L"
                        ]
                    ]
                },
                {
                    "category": "lane/single white",
                    "id": 23,
                    "attributes": {
                        "direction": "parallel",
                        "style": "dashed"
                    },
                    "poly2d": [
                        [
                            959.730982,
                            462.198745,
                            "L"
                        ],
                        [
                            1280.6437,
                            574.293458,
                            "L"
                        ]
                    ]
                },
                {
                    "category": "lane/single white",
                    "id": 24,
                    "attributes": {
                        "direction": "parallel",
                        "style": "solid"
                    },
                    "poly2d": [
                        [
                            1102.536574,
                            469.876465,
                            "L"
                        ],
                        [
                            1279.124136,
                            512.871698,
                            "L"
                        ]
                    ]
                }
            ]
        }
    ],
    "attributes": {
        "weather": "undefined",
        "scene": "city street",
        "timeofday": "daytime"
    }
}