{
    "name": "00d5edb9-f0077df3",
    "frames": [
        {
            "timestamp": 10000,
            "objects": [
                {
                    "category": "traffic sign",
                    "id": 0,
                    "attributes": {
                        "occluded": false,
                        "truncated": false,
                        "trafficLightColor": "none"
                    },
                    "box2d": {
                        "x1": 653.823118,
                        "y1": 190.906369,
                        "x2": 701.237772,
                        "y2": 214.613695
                    }
                },
                {
                    "category": "traffic sign",
                    "id": 1,
                    "attributes": {
                        "occluded": false,
                        "truncated": false,
                        "trafficLightColor": "none"
                    },
                    "box2d": {
                        "x1": 596.426432,
                        "y1": 185.915352,
                        "x2": 642.593332,
                        "y2": 224.595728
                    }
                },
                {
                    "category": "car",
                    "id": 2,
                    "attributes": {
                        "occluded": true,
                        "truncated": false,
                        "trafficLightColor": "none"
                    },
                    "box2d": {
                        "x1": 657.566381,
                        "y1": 277.001397,
                        "x2": 671.291675,
                        "y2": 291.974446
                    }
                },
                {
                    "category": "car",
                    "id": 3,
                    "attributes": {
                        "occluded": false,
                        "truncated": false,
                        "trafficLightColor": "none"
                    },
                    "box2d": {
                        "x1": 611.39948,
                        "y1": 255.789579,
                        "x2": 660.061889,
                        "y2": 296.965462
                    }
                },
                {
                    "category": "car",
                    "id": 4,
                    "attributes": {
                        "occluded": false,
                        "truncated": false,
                        "trafficLightColor": "none"
                    },
                    "box2d": {
                        "x1": 686.264723,
                        "y1": 253.294071,
                        "x2": 742.413655,
                        "y2": 298.213216
                    }
                },
                {
                    "category": "truck",
                    "id": 5,
                    "attributes": {
                        "occluded": true,
                        "truncated": false,
                        "trafficLightColor": "none"
                    },
                    "box2d": {
                        "x1": 452.913345,
                        "y1": 249.758931,
                        "x2": 531.445792,
                        "y2": 271.645023
                    }
                },
                {
                    "category": "traffic sign",
                    "id": 6,
                    "attributes": {
                        "occluded": false,
                        "truncated": false,
                        "trafficLightColor": "none"
                    },
                    "box2d": {
                        "x1": 268.81269,
                        "y1": 218.860919,
                        "x2": 310.010039,
                        "y2": 239.459594
                    }
                },
                {
                    "category": "traffic light",
                    "id": 7,
                    "attributes": {
                        "occluded": false,
                        "truncated": false,
                        "trafficLightColor": "none"
                    },
                    "box2d": {
                        "x1": 643.451086,
                        "y1": 224.010588,
                        "x2": 649.888172,
                        "y2": 239.459594
                    }
                },
                {
                    "category": "traffic light",
                    "id": 8,
                    "attributes": {
                        "occluded": false,
                        "truncated": false,
                        "trafficLightColor": "none"
                    },
                    "box2d": {
                        "x1": 649.888172,
                        "y1": 222.723171,
                        "x2": 655.037841,
                        "y2": 242.034428
                    }
                },
                {
                    "category": "traffic light",
                    "id": 9,
                    "attributes": {
                        "occluded": false,
                        "truncated": false,
                        "trafficLightColor": "none"
                    },
                    "box2d": {
                        "x1": 694.947773,
                        "y1": 233.022508,
                        "x2": 701.384859,
                        "y2": 251.046348
                    }
                },
                {
                    "category": "area/drivable",
                    "id": 10,
                    "attributes": {},
                    "poly2d": [
                        [
                            571.613224,
                            302.543035,
                            "L"
                        ],
                        [
                            787.899309,
                            298.680785,
                            "L"
                        ],
                        [
                            1279.692668,
                            406.823826,
                            "L"
                        ],
                        [
                            1279.692668,
                            511.104617,
                            "L"
                        ],
                        [
                            991.311222,
                            485.356272,
                            "C"
                        ],
                        [
                            742.839709,
                            469.907267,
                            "C"
                        ],
                        [
                            345.027802,
                            511.104617,
                            "C"
                        ],
                        [
                            571.613224,
                            302.543035,
                            "L"
                        ]
                    ]
                },
                {
                    "category": "lane/road curb",
                    "id": 11,
                    "attributes": {
                        "direction": "parallel",
                        "style": "solid"
                    },
                    "poly2d": [
                        [
                            351.86664,
                            509.083648,
                            "L"
                        ],
                        [
                            580.205629,
                            298.213216,
                            "L"
                        ]
                    ]
                },
                {
                    "category": "lane/road curb",
                    "id": 12,
                    "attributes": {
                        "direction": "parallel",
                        "style": "solid"
                    },
                    "poly2d": [
                        [
                            753.643443,
                            291.974446,
                            "L"
                        ],
                        [
                            1278.947894,
                            406.767818,
                            "L"
                        ]
                    ]
                },
                {
                    "category": "lane/single white",
                    "id": 13,
                    "attributes": {
                        "direction": "parallel",
                        "style": "solid"
                    },
                    "poly2d": [
                        [
                            962.018367,
                            340.636854,
                            "L"
                        ],
                        [
                            1280.195648,
                            416.74985,
                            "L"
                        ]
                    ]
                },
                {
                    "category": "lane/single white",
                    "id": 14,
                    "attributes": {
                        "direction": "parallel",
                        "style": "solid"
                    },
                    "poly2d": [
                        [
                            1280.195648,
                            422.988619,
                            "L"
                        ],
                        [
                            960.770613,
                            344.380116,
                            "L"
                        ]
                    ]
                },
                {
                    "category": "lane/single white",
                    "id": 15,
                    "attributes": {
                        "direction": "parallel",
                        "style": "dashed"
                    },
                    "poly2d": [
                        [
                            949.540827,
                            487.871831,
                            "L"
                        ],
                        [
                            804.801358,
                            359.353164,
                            "L"
                        ]
                    ]
                },
                {
                    "category": "lane/single white",
                    "id": 16,
                    "attributes": {
                        "direction": "parallel",
                        "style": "dashed"
                    },
                    "poly2d": [
                        [
                            964.513875,
                            487.871831,
                            "L"
                        ],
                        [
                            809.792374,
                            355.609902,
                            "L"
                        ]
                    ]
                }
            ]
        }
    ],
    "attributes": {
        "weather": "rainy",
        "scene": "highway",
        "timeofday": "daytime"
    }
}