{
    "name": "00d77344-9fe25620",
    "frames": [
        {
            "timestamp": 10000,
            "objects": [
                {
                    "category": "traffic sign",
                    "id": 0,
                    "attributes": {
                        "occluded": false,
                        "truncated": false,
                        "trafficLightColor": "none"
                    },
                    "box2d": {
                        "x1": 471.651028,
                        "y1": 279.496906,
                        "x2": 489.119584,
                        "y2": 291.974446
                    }
                },
                {
                    "category": "traffic sign",
                    "id": 1,
                    "attributes": {
                        "occluded": false,
                        "truncated": false,
                        "trafficLightColor": "none"
                    },
                    "box2d": {
                        "x1": 870.932322,
                        "y1": 223.347973,
                        "x2": 893.391895,
                        "y2": 254.541825
                    }
                },
                {
                    "category": "traffic light",
                    "id": 2,
                    "attributes": {
                        "occluded": false,
                        "truncated": false,
                        "trafficLightColor": "green"
                    },
                    "box2d": {
                        "x1": 586.4444,
                        "y1": 289.478938,
                        "x2": 596.426431,
                        "y2": 306.947495
                    }
                },
                {
                    "category": "traffic light",
                    "id": 3,
                    "attributes": {
                        "occluded": false,
                        "truncated": false,
                        "trafficLightColor": "green"
                    },
                    "box2d": {
                        "x1": 746.156918,
                        "y1": 283.240168,
                        "x2": 753.643442,
                        "y2": 301.956478
                    }
                },
                {
                    "category": "car",
                    "id": 4,
                    "attributes": {
                        "occluded": false,
                        "truncated": false,
                        "trafficLightColor": "none"
                    },
                    "box2d": {
                        "x1": 41.175883,
                        "y1": 318.177281,
                        "x2": 479.137552,
                        "y2": 601.417449
                    }
                },
                {
                    "category": "truck",
                    "id": 5,
                    "attributes": {
                        "occluded": false,
                        "truncated": false,
                        "trafficLightColor": "none"
                    },
                    "box2d": {
                        "x1": 606.408465,
                        "y1": 313.186265,
                        "x2": 939.558794,
                        "y2": 598.921941
                    }
                },
                {
                    "category": "car",
                    "id": 6,
                    "attributes": {
                        "occluded": true,
                        "truncated": false,
                        "trafficLightColor": "none"
                    },
                    "box2d": {
                        "x1": 465.412258,
                        "y1": 336.893592,
                        "x2": 607.656218,
                        "y2": 450.439209
                    }
                },
                {
                    "category": "car",
                    "id": 7,
                    "attributes": {
                        "occluded": true,
                        "truncated": true,
                        "trafficLightColor": "none"
                    },
                    "box2d": {
                        "x1": 0,
                        "y1": 318.177281,
                        "x2": 189.658613,
                        "y2": 510.331403
                    }
                },
                {
                    "category": "car",
                    "id": 8,
                    "attributes": {
                        "occluded": true,
                        "truncated": false,
                        "trafficLightColor": "none"
                    },
                    "box2d": {
                        "x1": 300.998119,
                        "y1": 317.992041,
                        "x2": 469.15552,
                        "y2": 410.51108
                    }
                },
                {
                    "category": "car",
                    "id": 9,
                    "attributes": {
                        "occluded": true,
                        "truncated": false,
                        "trafficLightColor": "none"
                    },
                    "box2d": {
                        "x1": 588.939909,
                        "y1": 350.618886,
                        "x2": 636.354562,
                        "y2": 398.03354
                    }
                },
                {
                    "category": "car",
                    "id": 10,
                    "attributes": {
                        "occluded": true,
                        "truncated": false,
                        "trafficLightColor": "none"
                    },
                    "box2d": {
                        "x1": 625.124775,
                        "y1": 341.884608,
                        "x2": 657.566381,
                        "y2": 366.839688
                    }
                },
                {
                    "category": "area/drivable",
                    "id": 11,
                    "attributes": {},
                    "poly2d": [
                        [
                            529.778661,
                            592.719987,
                            "L"
                        ],
                        [
                            959.730982,
                            601.93325,
                            "L"
                        ],
                        [
                            1031.90155,
                            674.103818,
                            "L"
                        ],
                        [
                            892.167046,
                            666.426098,
                            "C"
                        ],
                        [
                            592.735965,
                            623.430866,
                            "C"
                        ],
                        [
                            468.3569,
                            678.71045,
                            "C"
                        ],
                        [
                            529.778661,
                            592.719987,
                            "L"
                        ]
                    ]
                },
                {
                    "category": "area/alternative",
                    "id": 12,
                    "attributes": {},
                    "poly2d": [
                        [
                            0,
                            598.862162,
                            "L"
                        ],
                        [
                            489.854516,
                            620.359777,
                            "L"
                        ],
                        [
                            449.930372,
                            678.71045,
                            "L"
                        ],
                        [
                            373.153172,
                            687.923714,
                            "C"
                        ],
                        [
                            281.020532,
                            695.601434,
                            "C"
                        ],
                        [
                            228.812036,
                            720.170138,
                            "C"
                        ],
                        [
                            0,
                            720.170138,
                            "L"
                        ],
                        [
                            0,
                            598.862162,
                            "L"
                        ]
                    ]
                },
                {
                    "category": "area/alternative",
                    "id": 13,
                    "attributes": {},
                    "poly2d": [
                        [
                            947.44663,
                            552.795842,
                            "L"
                        ],
                        [
                            1079.503414,
                            677.174906,
                            "L"
                        ],
                        [
                            1280.6437,
                            701.74361,
                            "L"
                        ],
                        [
                            1280.6437,
                            554.331386,
                            "L"
                        ],
                        [
                            942.839998,
                            423.810145,
                            "L"
                        ],
                        [
                            947.44663,
                            552.795842,
                            "L"
                        ]
                    ]
                },
                {
                    "category": "lane/single white",
                    "id": 14,
                    "attributes": {
                        "direction": "parallel",
                        "style": "dashed"
                    },
                    "poly2d": [
                        [
                            604.942108,
                            468.094739,
                            "L"
                        ],
                        [
                            410.542107,
                            680.400004,
                            "L"
                        ]
                    ]
                },
                {
                    "category": "lane/single white",
                    "id": 15,
                    "attributes": {
                        "direction": "parallel",
                        "style": "dashed"
                    },
                    "poly2d": [
                        [
                            610.057897,
                            473.210529,
                            "L"
                        ],
                        [
                            437.400002,
                            679.121057,
                            "L"
                        ]
                    ]
                },
                {
                    "category": "lane/single white",
                    "id": 16,
                    "attributes": {
                        "direction": "parallel",
                        "style": "solid"
                    },
                    "poly2d": [
                        [
                            927.236848,
                            566.573687,
                            "L"
                        ],
                        [
                            1030.831584,
                            675.284214,
                            "L"
                        ]
                    ]
                },
                {
                    "category": "lane/single white",
                    "id": 17,
                    "attributes": {
                        "direction": "parallel",
                        "style": "solid"
                    },
                    "poly2d": [
                        [
                            937.468426,
                            547.389476,
                            "L"
                        ],
                        [
                            1075.594743,
                            679.121057,
                            "L"
                        ]
                    ]
                },
                {
                    "category": "lane/road curb",
                    "id": 18,
                    "attributes": {
                        "direction": "parallel",
                        "style": "solid"
                    },
                    "poly2d": [
                        [
                            940.026321,
                            423.331582,
                            "L"
                        ],
                        [
                            1280.226323,
                            552.505266,
                            "L"
                        ]
                    ]
                }
            ]
        }
    ],
    "attributes": {
        "weather": "clear",
        "scene": "city street",
        "timeofday": "daytime"
    }
}