{
    "name": "00d7268f-fd4487be",
    "frames": [
        {
            "timestamp": 10000,
            "objects": [
                {
                    "category": "car",
                    "id": 0,
                    "attributes": {
                        "occluded": true,
                        "truncated": false,
                        "trafficLightColor": "none"
                    },
                    "box2d": {
                        "x1": 292.591968,
                        "y1": 234.734798,
                        "x2": 333.367497,
                        "y2": 261.18379
                    }
                },
                {
                    "category": "car",
                    "id": 1,
                    "attributes": {
                        "occluded": true,
                        "truncated": false,
                        "trafficLightColor": "none"
                    },
                    "box2d": {
                        "x1": 180.183753,
                        "y1": 231.428674,
                        "x2": 244.102149,
                        "y2": 264.489913
                    }
                },
                {
                    "category": "car",
                    "id": 2,
                    "attributes": {
                        "occluded": true,
                        "truncated": false,
                        "trafficLightColor": "none"
                    },
                    "box2d": {
                        "x1": 836.380478,
                        "y1": 240.245006,
                        "x2": 891.482543,
                        "y2": 279.918495
                    }
                },
                {
                    "category": "car",
                    "id": 3,
                    "attributes": {
                        "occluded": true,
                        "truncated": false,
                        "trafficLightColor": "none"
                    },
                    "box2d": {
                        "x1": 924.543783,
                        "y1": 218.204179,
                        "x2": 999.482592,
                        "y2": 295.347069
                    }
                },
                {
                    "category": "car",
                    "id": 4,
                    "attributes": {
                        "occluded": true,
                        "truncated": false,
                        "trafficLightColor": "none"
                    },
                    "box2d": {
                        "x1": 773.08198,
                        "y1": 240.245006,
                        "x2": 784.102394,
                        "y2": 253.469503
                    }
                },
                {
                    "category": "car",
                    "id": 5,
                    "attributes": {
                        "occluded": true,
                        "truncated": false,
                        "trafficLightColor": "none"
                    },
                    "box2d": {
                        "x1": 757.653401,
                        "y1": 240.245006,
                        "x2": 778.592186,
                        "y2": 264.489917
                    }
                },
                {
                    "category": "car",
                    "id": 6,
                    "attributes": {
                        "occluded": true,
                        "truncated": false,
                        "trafficLightColor": "none"
                    },
                    "box2d": {
                        "x1": 777.490143,
                        "y1": 228.122551,
                        "x2": 841.408539,
                        "y2": 285.428701
                    }
                },
                {
                    "category": "car",
                    "id": 7,
                    "attributes": {
                        "occluded": false,
                        "truncated": false,
                        "trafficLightColor": "none"
                    },
                    "box2d": {
                        "x1": 619.898239,
                        "y1": 208.285808,
                        "x2": 774.18402,
                        "y2": 342.734849
                    }
                },
                {
                    "category": "car",
                    "id": 8,
                    "attributes": {
                        "occluded": false,
                        "truncated": false,
                        "trafficLightColor": "none"
                    },
                    "box2d": {
                        "x1": 330.061374,
                        "y1": 233.632759,
                        "x2": 428.143047,
                        "y2": 285.428701
                    }
                },
                {
                    "category": "car",
                    "id": 9,
                    "attributes": {
                        "occluded": true,
                        "truncated": true,
                        "trafficLightColor": "none"
                    },
                    "box2d": {
                        "x1": 947.230335,
                        "y1": 0.043048,
                        "x2": 1277.228493,
                        "y2": 577.512696
                    }
                },
                {
                    "category": "traffic sign",
                    "id": 10,
                    "attributes": {
                        "occluded": true,
                        "truncated": false,
                        "trafficLightColor": "none"
                    },
                    "box2d": {
                        "x1": 218.003819,
                        "y1": 79.863556,
                        "x2": 396.534513,
                        "y2": 123.94521
                    }
                },
                {
                    "category": "traffic sign",
                    "id": 11,
                    "attributes": {
                        "occluded": true,
                        "truncated": false,
                        "trafficLightColor": "none"
                    },
                    "box2d": {
                        "x1": 277.51405,
                        "y1": 60.026813,
                        "x2": 362.371232,
                        "y2": 83.169679
                    }
                },
                {
                    "category": "traffic sign",
                    "id": 12,
                    "attributes": {
                        "occluded": true,
                        "truncated": false,
                        "trafficLightColor": "none"
                    },
                    "box2d": {
                        "x1": 730.453029,
                        "y1": 191.169727,
                        "x2": 772.330599,
                        "y2": 208.802389
                    }
                },
                {
                    "category": "traffic sign",
                    "id": 13,
                    "attributes": {
                        "occluded": false,
                        "truncated": false,
                        "trafficLightColor": "none"
                    },
                    "box2d": {
                        "x1": 658.820345,
                        "y1": 188.965644,
                        "x2": 677.555047,
                        "y2": 212.108515
                    }
                },
                {
                    "category": "area/drivable",
                    "id": 14,
                    "attributes": {},
                    "poly2d": [
                        [
                            597.569542,
                            343.242109,
                            "L"
                        ],
                        [
                            377.582555,
                            519.543738,
                            "L"
                        ],
                        [
                            594.44916,
                            517.983547,
                            "C"
                        ],
                        [
                            778.551746,
                            521.103929,
                            "C"
                        ],
                        [
                            1012.580457,
                            539.826226,
                            "C"
                        ],
                        [
                            815.996339,
                            352.603257,
                            "L"
                        ],
                        [
                            597.569542,
                            343.242109,
                            "L"
                        ]
                    ]
                },
                {
                    "category": "area/alternative",
                    "id": 15,
                    "attributes": {},
                    "poly2d": [
                        [
                            778.551746,
                            297.996557,
                            "L"
                        ],
                        [
                            907.522486,
                            423.810145,
                            "L"
                        ],
                        [
                            947.052417,
                            307.357707,
                            "L"
                        ],
                        [
                            864.362273,
                            283.954837,
                            "L"
                        ],
                        [
                            778.551746,
                            297.996557,
                            "L"
                        ]
                    ]
                },
                {
                    "category": "lane/single white",
                    "id": 16,
                    "attributes": {
                        "direction": "parallel",
                        "style": "dashed"
                    },
                    "poly2d": [
                        [
                            336.300115,
                            281.004552,
                            "L"
                        ],
                        [
                            0,
                            314.786522,
                            "L"
                        ]
                    ]
                },
                {
                    "category": "lane/single white",
                    "id": 17,
                    "attributes": {
                        "direction": "parallel",
                        "style": "solid"
                    },
                    "poly2d": [
                        [
                            327.086853,
                            271.791289,
                            "L"
                        ],
                        [
                            0,
                            296.359993,
                            "L"
                        ]
                    ]
                },
                {
                    "category": "lane/road curb",
                    "id": 18,
                    "attributes": {
                        "direction": "parallel",
                        "style": "solid"
                    },
                    "poly2d": [
                        [
                            318.761947,
                            262.149971,
                            "L"
                        ],
                        [
                            0,
                            287.146729,
                            "L"
                        ]
                    ]
                },
                {
                    "category": "lane/single yellow",
                    "id": 19,
                    "attributes": {
                        "direction": "parallel",
                        "style": "solid"
                    },
                    "poly2d": [
                        [
                            621.911301,
                            322.464241,
                            "L"
                        ],
                        [
                            374.882008,
                            525.916593,
                            "L"
                        ]
                    ]
                },
                {
                    "category": "lane/single yellow",
                    "id": 20,
                    "attributes": {
                        "direction": "parallel",
                        "style": "solid"
                    },
                    "poly2d": [
                        [
                            612.698037,
                            311.715433,
                            "L"
                        ],
                        [
                            319.409132,
                            525.15605,
                            "L"
                        ]
                    ]
                },
                {
                    "category": "lane/road curb",
                    "id": 21,
                    "attributes": {
                        "direction": "parallel",
                        "style": "solid"
                    },
                    "poly2d": [
                        [
                            615.769125,
                            285.611185,
                            "L"
                        ],
                        [
                            46.082299,
                            531.298226,
                            "L"
                        ]
                    ]
                },
                {
                    "category": "lane/single white",
                    "id": 22,
                    "attributes": {
                        "direction": "parallel",
                        "style": "dashed"
                    },
                    "poly2d": [
                        [
                            773.930157,
                            290.217817,
                            "L"
                        ],
                        [
                            978.15751,
                            502.122889,
                            "L"
                        ]
                    ]
                },
                {
                    "category": "lane/single white",
                    "id": 23,
                    "attributes": {
                        "direction": "parallel",
                        "style": "dashed"
                    },
                    "poly2d": [
                        [
                            766.252437,
                            302.502169,
                            "L"
                        ],
                        [
                            964.337614,
                            508.265066,
                            "L"
                        ]
                    ]
                },
                {
                    "category": "lane/single white",
                    "id": 24,
                    "attributes": {
                        "direction": "parallel",
                        "style": "dashed"
                    },
                    "poly2d": [
                        [
                            862.99171,
                            281.004552,
                            "L"
                        ],
                        [
                            956.659894,
                            310.179889,
                            "L"
                        ]
                    ]
                },
                {
                    "category": "lane/road curb",
                    "id": 25,
                    "attributes": {
                        "direction": "parallel",
                        "style": "solid"
                    },
                    "poly2d": [
                        [
                            890.064168,
                            274.496494,
                            "L"
                        ],
                        [
                            922.613803,
                            280.10855,
                            "L"
                        ]
                    ]
                }
            ]
        }
    ],
    "attributes": {
        "weather": "partly cloudy",
        "scene": "highway",
        "timeofday": "daytime"
    }
}