{
    "name": "00d79c0a-a2b85ca4",
    "frames": [
        {
            "timestamp": 10000,
            "objects": [
                {
                    "category": "traffic light",
                    "id": 0,
                    "attributes": {
                        "occluded": false,
                        "truncated": false,
                        "trafficLightColor": "red"
                    },
                    "box2d": {
                        "x1": 521.589101,
                        "y1": 291.753362,
                        "x2": 535.408997,
                        "y2": 328.606418
                    }
                },
                {
                    "category": "traffic light",
                    "id": 1,
                    "attributes": {
                        "occluded": false,
                        "truncated": false,
                        "trafficLightColor": "red"
                    },
                    "box2d": {
                        "x1": 438.669724,
                        "y1": 279.46901,
                        "x2": 455.56071,
                        "y2": 325.535329
                    }
                },
                {
                    "category": "traffic light",
                    "id": 2,
                    "attributes": {
                        "occluded": false,
                        "truncated": false,
                        "trafficLightColor": "red"
                    },
                    "box2d": {
                        "x1": 80.887972,
                        "y1": 333.213048,
                        "x2": 94.707868,
                        "y2": 371.601648
                    }
                },
                {
                    "category": "traffic light",
                    "id": 3,
                    "attributes": {
                        "occluded": false,
                        "truncated": false,
                        "trafficLightColor": "none"
                    },
                    "box2d": {
                        "x1": 94.707867,
                        "y1": 337.819682,
                        "x2": 102.385587,
                        "y2": 370.066105
                    }
                },
                {
                    "category": "traffic light",
                    "id": 4,
                    "attributes": {
                        "occluded": false,
                        "truncated": false,
                        "trafficLightColor": "none"
                    },
                    "box2d": {
                        "x1": 27.143933,
                        "y1": 27.639792,
                        "x2": 67.068077,
                        "y2": 145.87668
                    }
                },
                {
                    "category": "traffic light",
                    "id": 5,
                    "attributes": {
                        "occluded": false,
                        "truncated": false,
                        "trafficLightColor": "none"
                    },
                    "box2d": {
                        "x1": 856.337693,
                        "y1": 178.123105,
                        "x2": 893.19075,
                        "y2": 242.615953
                    }
                },
                {
                    "category": "traffic light",
                    "id": 6,
                    "attributes": {
                        "occluded": false,
                        "truncated": false,
                        "trafficLightColor": "none"
                    },
                    "box2d": {
                        "x1": 801.05811,
                        "y1": 210.36953,
                        "x2": 829.74075,
                        "y2": 277.933465
                    }
                },
                {
                    "category": "traffic light",
                    "id": 7,
                    "attributes": {
                        "occluded": false,
                        "truncated": false,
                        "trafficLightColor": "none"
                    },
                    "box2d": {
                        "x1": 762.669509,
                        "y1": 231.867145,
                        "x2": 790.309303,
                        "y2": 279.46901
                    }
                },
                {
                    "category": "traffic light",
                    "id": 8,
                    "attributes": {
                        "occluded": false,
                        "truncated": false,
                        "trafficLightColor": "none"
                    },
                    "box2d": {
                        "x1": 1025.247533,
                        "y1": 297.895536,
                        "x2": 1074.384942,
                        "y2": 328.606417
                    }
                },
                {
                    "category": "traffic light",
                    "id": 9,
                    "attributes": {
                        "occluded": false,
                        "truncated": false,
                        "trafficLightColor": "none"
                    },
                    "box2d": {
                        "x1": 991.465567,
                        "y1": 299.431081,
                        "x2": 1017.569816,
                        "y2": 330.141961
                    }
                },
                {
                    "category": "traffic light",
                    "id": 10,
                    "attributes": {
                        "occluded": false,
                        "truncated": false,
                        "trafficLightColor": "none"
                    },
                    "box2d": {
                        "x1": 989.930025,
                        "y1": 196.549633,
                        "x2": 1016.034274,
                        "y2": 287.146728
                    }
                },
                {
                    "category": "traffic sign",
                    "id": 11,
                    "attributes": {
                        "occluded": false,
                        "truncated": false,
                        "trafficLightColor": "none"
                    },
                    "box2d": {
                        "x1": 467.84506,
                        "y1": 311.715433,
                        "x2": 509.304748,
                        "y2": 328.606417
                    }
                },
                {
                    "category": "traffic sign",
                    "id": 12,
                    "attributes": {
                        "occluded": false,
                        "truncated": false,
                        "trafficLightColor": "none"
                    },
                    "box2d": {
                        "x1": 1086.669294,
                        "y1": 211.905073,
                        "x2": 1172.65976,
                        "y2": 300.966625
                    }
                },
                {
                    "category": "traffic sign",
                    "id": 13,
                    "attributes": {
                        "occluded": false,
                        "truncated": false,
                        "trafficLightColor": "none"
                    },
                    "box2d": {
                        "x1": 1174.195302,
                        "y1": 371.601649,
                        "x2": 1188.015199,
                        "y2": 385.421546
                    }
                },
                {
                    "category": "traffic light",
                    "id": 14,
                    "attributes": {
                        "occluded": false,
                        "truncated": false,
                        "trafficLightColor": "red"
                    },
                    "box2d": {
                        "x1": 727.351997,
                        "y1": 365.459473,
                        "x2": 741.171894,
                        "y2": 382.350457
                    }
                },
                {
                    "category": "traffic light",
                    "id": 15,
                    "attributes": {
                        "occluded": false,
                        "truncated": false,
                        "trafficLightColor": "none"
                    },
                    "box2d": {
                        "x1": 708.925469,
                        "y1": 327.070872,
                        "x2": 725.816453,
                        "y2": 360.85284
                    }
                },
                {
                    "category": "traffic sign",
                    "id": 16,
                    "attributes": {
                        "occluded": false,
                        "truncated": false,
                        "trafficLightColor": "none"
                    },
                    "box2d": {
                        "x1": 261.426367,
                        "y1": 395.402581,
                        "x2": 273.71072,
                        "y2": 404.615845
                    }
                },
                {
                    "category": "traffic sign",
                    "id": 17,
                    "attributes": {
                        "occluded": false,
                        "truncated": false,
                        "trafficLightColor": "none"
                    },
                    "box2d": {
                        "x1": 247.606471,
                        "y1": 395.402581,
                        "x2": 262.96191,
                        "y2": 406.151389
                    }
                },
                {
                    "category": "traffic sign",
                    "id": 18,
                    "attributes": {
                        "occluded": false,
                        "truncated": false,
                        "trafficLightColor": "none"
                    },
                    "box2d": {
                        "x1": 161.616007,
                        "y1": 415.364652,
                        "x2": 175.435904,
                        "y2": 429.184549
                    }
                },
                {
                    "category": "car",
                    "id": 19,
                    "attributes": {
                        "occluded": true,
                        "truncated": false,
                        "trafficLightColor": "none"
                    },
                    "box2d": {
                        "x1": 315.170408,
                        "y1": 409.990249,
                        "x2": 332.061392,
                        "y2": 426.881232
                    }
                },
                {
                    "category": "car",
                    "id": 20,
                    "attributes": {
                        "occluded": true,
                        "truncated": false,
                        "trafficLightColor": "none"
                    },
                    "box2d": {
                        "x1": 236.857663,
                        "y1": 411.525793,
                        "x2": 272.175175,
                        "y2": 440.701129
                    }
                },
                {
                    "category": "car",
                    "id": 21,
                    "attributes": {
                        "occluded": false,
                        "truncated": false,
                        "trafficLightColor": "none"
                    },
                    "box2d": {
                        "x1": 172.364815,
                        "y1": 409.990249,
                        "x2": 238.393208,
                        "y2": 446.843305
                    }
                },
                {
                    "category": "car",
                    "id": 22,
                    "attributes": {
                        "occluded": true,
                        "truncated": false,
                        "trafficLightColor": "none"
                    },
                    "box2d": {
                        "x1": 266.032999,
                        "y1": 409.990249,
                        "x2": 312.099319,
                        "y2": 442.236672
                    }
                },
                {
                    "category": "car",
                    "id": 23,
                    "attributes": {
                        "occluded": true,
                        "truncated": false,
                        "trafficLightColor": "none"
                    },
                    "box2d": {
                        "x1": 688.3076,
                        "y1": 411.525793,
                        "x2": 737.085999,
                        "y2": 436.094497
                    }
                },
                {
                    "category": "car",
                    "id": 24,
                    "attributes": {
                        "occluded": true,
                        "truncated": false,
                        "trafficLightColor": "none"
                    },
                    "box2d": {
                        "x1": 649.919001,
                        "y1": 408.454706,
                        "x2": 699.056409,
                        "y2": 431.487866
                    }
                },
                {
                    "category": "car",
                    "id": 25,
                    "attributes": {
                        "occluded": true,
                        "truncated": false,
                        "trafficLightColor": "none"
                    },
                    "box2d": {
                        "x1": 1093.691217,
                        "y1": 405.383617,
                        "x2": 1261.065514,
                        "y2": 466.805376
                    }
                },
                {
                    "category": "car",
                    "id": 26,
                    "attributes": {
                        "occluded": true,
                        "truncated": false,
                        "trafficLightColor": "none"
                    },
                    "box2d": {
                        "x1": 903.283761,
                        "y1": 411.525793,
                        "x2": 1064.515881,
                        "y2": 460.663202
                    }
                },
                {
                    "category": "car",
                    "id": 27,
                    "attributes": {
                        "occluded": true,
                        "truncated": false,
                        "trafficLightColor": "none"
                    },
                    "box2d": {
                        "x1": 77.816883,
                        "y1": 402.31253,
                        "x2": 169.949524,
                        "y2": 476.018643
                    }
                },
                {
                    "category": "car",
                    "id": 28,
                    "attributes": {
                        "occluded": false,
                        "truncated": true,
                        "trafficLightColor": "none"
                    },
                    "box2d": {
                        "x1": 0,
                        "y1": 343.961858,
                        "x2": 113.134397,
                        "y2": 574.293459
                    }
                },
                {
                    "category": "car",
                    "id": 29,
                    "attributes": {
                        "occluded": false,
                        "truncated": true,
                        "trafficLightColor": "none"
                    },
                    "box2d": {
                        "x1": 245.19118,
                        "y1": 362.388384,
                        "x2": 736.56526,
                        "y2": 608.075424
                    }
                },
                {
                    "category": "person",
                    "id": 30,
                    "attributes": {
                        "occluded": false,
                        "truncated": false,
                        "trafficLightColor": "none"
                    },
                    "box2d": {
                        "x1": 754.991789,
                        "y1": 409.990249,
                        "x2": 771.882773,
                        "y2": 448.378848
                    }
                },
                {
                    "category": "bus",
                    "id": 31,
                    "attributes": {
                        "occluded": true,
                        "truncated": false,
                        "trafficLightColor": "none"
                    },
                    "box2d": {
                        "x1": 404.927458,
                        "y1": 348.641587,
                        "x2": 504.57502,
                        "y2": 369.620021
                    }
                },
                {
                    "category": "area/alternative",
                    "id": 32,
                    "attributes": {},
                    "poly2d": [
                        [
                            685.01697,
                            456.67798,
                            "L"
                        ],
                        [
                            729.936115,
                            506.588141,
                            "L"
                        ],
                        [
                            737.422638,
                            605.16071,
                            "L"
                        ],
                        [
                            1059.343182,
                            615.142743,
                            "L"
                        ],
                        [
                            1209.073667,
                            596.426431,
                            "L"
                        ],
                        [
                            833.499701,
                            542.773009,
                            "C"
                        ],
                        [
                            732.431623,
                            491.615093,
                            "C"
                        ],
                        [
                            998.203233,
                            486.624078,
                            "C"
                        ],
                        [
                            1001.946496,
                            465.412258,
                            "L"
                        ],
                        [
                            895.887403,
                            462.916749,
                            "C"
                        ],
                        [
                            791.076063,
                            466.660012,
                            "C"
                        ],
                        [
                            685.01697,
                            456.67798,
                            "C"
                        ]
                    ]
                },
                {
                    "category": "lane/road curb",
                    "id": 33,
                    "attributes": {
                        "direction": "parallel",
                        "style": "solid"
                    },
                    "poly2d": [
                        [
                            1221.551207,
                            597.674187,
                            "C"
                        ],
                        [
                            1099.271312,
                            583.948893,
                            "C"
                        ],
                        [
                            970.752645,
                            551.507287,
                            "C"
                        ],
                        [
                            857.207027,
                            519.065682,
                            "L"
                        ]
                    ]
                },
                {
                    "category": "lane/road curb",
                    "id": 34,
                    "attributes": {
                        "direction": "parallel",
                        "style": "solid"
                    },
                    "poly2d": [
                        [
                            859.304565,
                            458.466519,
                            "C"
                        ],
                        [
                            804.237358,
                            458.466519,
                            "C"
                        ],
                        [
                            739.918147,
                            460.421242,
                            "C"
                        ],
                        [
                            675.034937,
                            452.934718,
                            "L"
                        ]
                    ]
                },
                {
                    "category": "lane/crosswalk",
                    "id": 35,
                    "attributes": {
                        "direction": "vertical",
                        "style": "dashed"
                    },
                    "poly2d": [
                        [
                            267.019364,
                            502.84488,
                            "L"
                        ],
                        [
                            108.554602,
                            505.340387,
                            "L"
                        ]
                    ]
                },
                {
                    "category": "lane/crosswalk",
                    "id": 36,
                    "attributes": {
                        "direction": "vertical",
                        "style": "dashed"
                    },
                    "poly2d": [
                        [
                            859.702535,
                            501.597124,
                            "L"
                        ],
                        [
                            714.963067,
                            501.597124,
                            "L"
                        ]
                    ]
                },
                {
                    "category": "lane/crosswalk",
                    "id": 37,
                    "attributes": {
                        "direction": "vertical",
                        "style": "dashed"
                    },
                    "poly2d": [
                        [
                            259.532841,
                            522.808944,
                            "L"
                        ],
                        [
                            106.059094,
                            526.552206,
                            "L"
                        ]
                    ]
                },
                {
                    "category": "lane/crosswalk",
                    "id": 38,
                    "attributes": {
                        "direction": "vertical",
                        "style": "dashed"
                    },
                    "poly2d": [
                        [
                            722.44959,
                            520.313436,
                            "L"
                        ],
                        [
                            849.720503,
                            524.056697,
                            "L"
                        ]
                    ]
                },
                {
                    "category": "lane/crosswalk",
                    "id": 39,
                    "attributes": {
                        "direction": "vertical",
                        "style": "dashed"
                    },
                    "poly2d": [
                        [
                            986.973447,
                            489.119585,
                            "L"
                        ],
                        [
                            844.729487,
                            467.907766,
                            "L"
                        ]
                    ]
                },
                {
                    "category": "lane/crosswalk",
                    "id": 40,
                    "attributes": {
                        "direction": "vertical",
                        "style": "dashed"
                    },
                    "poly2d": [
                        [
                            1005.689758,
                            489.119585,
                            "L"
                        ],
                        [
                            858.454781,
                            466.660012,
                            "L"
                        ]
                    ]
                },
                {
                    "category": "lane/crosswalk",
                    "id": 41,
                    "attributes": {
                        "direction": "vertical",
                        "style": "dashed"
                    },
                    "poly2d": [
                        [
                            1149.181473,
                            489.119585,
                            "L"
                        ],
                        [
                            1054.352166,
                            476.642044,
                            "L"
                        ]
                    ]
                },
                {
                    "category": "lane/crosswalk",
                    "id": 42,
                    "attributes": {
                        "direction": "vertical",
                        "style": "dashed"
                    },
                    "poly2d": [
                        [
                            1006.937512,
                            471.651028,
                            "L"
                        ],
                        [
                            865.707729,
                            461.027785,
                            "L"
                        ]
                    ]
                },
                {
                    "category": "lane/single white",
                    "id": 43,
                    "attributes": {
                        "direction": "vertical",
                        "style": "solid"
                    },
                    "poly2d": [
                        [
                            999.450988,
                            465.412257,
                            "L"
                        ],
                        [
                            878.418846,
                            459.173489,
                            "L"
                        ]
                    ]
                },
                {
                    "category": "lane/single white",
                    "id": 44,
                    "attributes": {
                        "direction": "vertical",
                        "style": "solid"
                    },
                    "poly2d": [
                        [
                            248.303055,
                            552.755041,
                            "L"
                        ],
                        [
                            49.910162,
                            556.498303,
                            "L"
                        ]
                    ]
                },
                {
                    "category": "lane/single white",
                    "id": 45,
                    "attributes": {
                        "direction": "vertical",
                        "style": "solid"
                    },
                    "poly2d": [
                        [
                            254.541825,
                            542.773009,
                            "L"
                        ],
                        [
                            51.157916,
                            542.773009,
                            "L"
                        ]
                    ]
                },
                {
                    "category": "lane/single white",
                    "id": 46,
                    "attributes": {
                        "direction": "vertical",
                        "style": "solid"
                    },
                    "poly2d": [
                        [
                            939.558794,
                            555.250549,
                            "L"
                        ],
                        [
                            727.440607,
                            550.259533,
                            "L"
                        ]
                    ]
                },
                {
                    "category": "lane/single white",
                    "id": 47,
                    "attributes": {
                        "direction": "vertical",
                        "style": "solid"
                    },
                    "poly2d": [
                        [
                            922.090239,
                            546.51627,
                            "L"
                        ],
                        [
                            726.192853,
                            540.2775,
                            "L"
                        ]
                    ]
                },
                {
                    "category": "lane/single white",
                    "id": 48,
                    "attributes": {
                        "direction": "parallel",
                        "style": "solid"
                    },
                    "poly2d": [
                        [
                            209.622679,
                            555.250549,
                            "L"
                        ],
                        [
                            112.297864,
                            620.13376,
                            "L"
                        ]
                    ]
                },
                {
                    "category": "lane/single white",
                    "id": 49,
                    "attributes": {
                        "direction": "parallel",
                        "style": "solid"
                    },
                    "poly2d": [
                        [
                            237.073268,
                            555.250549,
                            "L"
                        ],
                        [
                            155.969255,
                            613.894989,
                            "L"
                        ]
                    ]
                },
                {
                    "category": "lane/crosswalk",
                    "id": 50,
                    "attributes": {
                        "direction": "vertical",
                        "style": "dashed"
                    },
                    "poly2d": [
                        [
                            1056.847674,
                            480.385307,
                            "L"
                        ],
                        [
                            1147.93372,
                            494.110601,
                            "L"
                        ]
                    ]
                }
            ]
        }
    ],
    "attributes": {
        "weather": "clear",
        "scene": "city street",
        "timeofday": "daytime"
    }
}