{
    "name": "00d79c0a-23bea078",
    "frames": [
        {
            "timestamp": 10000,
            "objects": [
                {
                    "category": "traffic sign",
                    "id": 0,
                    "attributes": {
                        "occluded": true,
                        "truncated": false,
                        "trafficLightColor": "none"
                    },
                    "box2d": {
                        "x1": 406.919246,
                        "y1": 352.687258,
                        "x2": 496.356685,
                        "y2": 369.562246
                    }
                },
                {
                    "category": "traffic sign",
                    "id": 1,
                    "attributes": {
                        "occluded": false,
                        "truncated": true,
                        "trafficLightColor": "none"
                    },
                    "box2d": {
                        "x1": 347.856787,
                        "y1": 379.687239,
                        "x2": 368.106773,
                        "y2": 396.562227
                    }
                },
                {
                    "category": "car",
                    "id": 2,
                    "attributes": {
                        "occluded": true,
                        "truncated": false,
                        "trafficLightColor": "none"
                    },
                    "box2d": {
                        "x1": 339.419293,
                        "y1": 399.937225,
                        "x2": 361.356778,
                        "y2": 415.124715
                    }
                },
                {
                    "category": "car",
                    "id": 3,
                    "attributes": {
                        "occluded": true,
                        "truncated": false,
                        "trafficLightColor": "none"
                    },
                    "box2d": {
                        "x1": 258.419349,
                        "y1": 401.624724,
                        "x2": 282.044332,
                        "y2": 421.87471
                    }
                },
                {
                    "category": "car",
                    "id": 4,
                    "attributes": {
                        "occluded": true,
                        "truncated": false,
                        "trafficLightColor": "none"
                    },
                    "box2d": {
                        "x1": 79.544472,
                        "y1": 381.374738,
                        "x2": 138.606931,
                        "y2": 425.249708
                    }
                },
                {
                    "category": "car",
                    "id": 5,
                    "attributes": {
                        "occluded": false,
                        "truncated": true,
                        "trafficLightColor": "none"
                    },
                    "box2d": {
                        "x1": 0.232026,
                        "y1": 359.437253,
                        "x2": 50.856991,
                        "y2": 435.374701
                    }
                },
                {
                    "category": "car",
                    "id": 6,
                    "attributes": {
                        "occluded": true,
                        "truncated": false,
                        "trafficLightColor": "none"
                    },
                    "box2d": {
                        "x1": 509.856676,
                        "y1": 398.249726,
                        "x2": 541.919154,
                        "y2": 440.437197
                    }
                },
                {
                    "category": "car",
                    "id": 7,
                    "attributes": {
                        "occluded": true,
                        "truncated": false,
                        "trafficLightColor": "none"
                    },
                    "box2d": {
                        "x1": 541.919154,
                        "y1": 399.937225,
                        "x2": 555.419144,
                        "y2": 423.562209
                    }
                },
                {
                    "category": "bus",
                    "id": 8,
                    "attributes": {
                        "occluded": true,
                        "truncated": false,
                        "trafficLightColor": "none"
                    },
                    "box2d": {
                        "x1": 604.356611,
                        "y1": 357.749754,
                        "x2": 719.106532,
                        "y2": 448.874691
                    }
                },
                {
                    "category": "bus",
                    "id": 9,
                    "attributes": {
                        "occluded": true,
                        "truncated": false,
                        "trafficLightColor": "none"
                    },
                    "box2d": {
                        "x1": 719.106532,
                        "y1": 376.312241,
                        "x2": 800.106476,
                        "y2": 445.499694
                    }
                },
                {
                    "category": "car",
                    "id": 10,
                    "attributes": {
                        "occluded": false,
                        "truncated": false,
                        "trafficLightColor": "none"
                    },
                    "box2d": {
                        "x1": 752.856509,
                        "y1": 406.68722,
                        "x2": 842.293947,
                        "y2": 462.374682
                    }
                },
                {
                    "category": "car",
                    "id": 11,
                    "attributes": {
                        "occluded": false,
                        "truncated": false,
                        "trafficLightColor": "none"
                    },
                    "box2d": {
                        "x1": 543.606652,
                        "y1": 398.249726,
                        "x2": 627.981594,
                        "y2": 464.062181
                    }
                },
                {
                    "category": "car",
                    "id": 12,
                    "attributes": {
                        "occluded": false,
                        "truncated": false,
                        "trafficLightColor": "none"
                    },
                    "box2d": {
                        "x1": 379.919265,
                        "y1": 366.187248,
                        "x2": 519.981669,
                        "y2": 496.124659
                    }
                },
                {
                    "category": "car",
                    "id": 13,
                    "attributes": {
                        "occluded": true,
                        "truncated": true,
                        "trafficLightColor": "none"
                    },
                    "box2d": {
                        "x1": 945.231376,
                        "y1": 381.374738,
                        "x2": 1279.356147,
                        "y2": 543.374626
                    }
                },
                {
                    "category": "car",
                    "id": 14,
                    "attributes": {
                        "occluded": false,
                        "truncated": true,
                        "trafficLightColor": "none"
                    },
                    "box2d": {
                        "x1": 1205.106198,
                        "y1": 523.12464,
                        "x2": 1279.356147,
                        "y2": 604.124585
                    }
                },
                {
                    "category": "area/drivable",
                    "id": 15,
                    "attributes": {},
                    "poly2d": [
                        [
                            323.999887,
                            502.199824,
                            "L"
                        ],
                        [
                            587.249794,
                            506.249823,
                            "L"
                        ],
                        [
                            718.199749,
                            598.049791,
                            "L"
                        ],
                        [
                            538.649811,
                            596.699792,
                            "C"
                        ],
                        [
                            357.749875,
                            600.74979,
                            "C"
                        ],
                        [
                            176.849938,
                            614.249785,
                            "C"
                        ],
                        [
                            323.999887,
                            502.199824,
                            "L"
                        ]
                    ]
                },
                {
                    "category": "area/alternative",
                    "id": 16,
                    "attributes": {},
                    "poly2d": [
                        [
                            542.69981,
                            465.749837,
                            "L"
                        ],
                        [
                            670.949765,
                            461.699838,
                            "L"
                        ],
                        [
                            1198.79958,
                            599.39979,
                            "L"
                        ],
                        [
                            1079.999622,
                            612.899785,
                            "L"
                        ],
                        [
                            754.649736,
                            598.049791,
                            "L"
                        ],
                        [
                            542.69981,
                            465.749837,
                            "L"
                        ]
                    ]
                },
                {
                    "category": "area/alternative",
                    "id": 17,
                    "attributes": {},
                    "poly2d": [
                        [
                            723.599747,
                            453.599841,
                            "L"
                        ],
                        [
                            939.599671,
                            487.349829,
                            "L"
                        ],
                        [
                            957.149665,
                            526.499815,
                            "L"
                        ],
                        [
                            674.999764,
                            456.299841,
                            "L"
                        ],
                        [
                            723.599747,
                            453.599841,
                            "L"
                        ]
                    ]
                },
                {
                    "category": "area/alternative",
                    "id": 18,
                    "attributes": {},
                    "poly2d": [
                        [
                            861.299699,
                            452.249842,
                            "L"
                        ],
                        [
                            940.949671,
                            463.049838,
                            "L"
                        ],
                        [
                            943.64967,
                            483.299831,
                            "L"
                        ],
                        [
                            824.849711,
                            463.049838,
                            "L"
                        ],
                        [
                            861.299699,
                            452.249842,
                            "L"
                        ]
                    ]
                },
                {
                    "category": "lane/single yellow",
                    "id": 19,
                    "attributes": {
                        "direction": "parallel",
                        "style": "solid"
                    },
                    "poly2d": [
                        [
                            380.726662,
                            457.032928,
                            "L"
                        ],
                        [
                            173.820407,
                            620.718765,
                            "L"
                        ]
                    ]
                },
                {
                    "category": "lane/single yellow",
                    "id": 20,
                    "attributes": {
                        "direction": "parallel",
                        "style": "solid"
                    },
                    "poly2d": [
                        [
                            370.611245,
                            455.193761,
                            "L"
                        ],
                        [
                            159.107074,
                            606.005431,
                            "L"
                        ]
                    ]
                },
                {
                    "category": "lane/single white",
                    "id": 21,
                    "attributes": {
                        "direction": "parallel",
                        "style": "dashed"
                    },
                    "poly2d": [
                        [
                            520.930463,
                            462.113577,
                            "L"
                        ],
                        [
                            734.766254,
                            604.166265,
                            "L"
                        ]
                    ]
                },
                {
                    "category": "lane/single white",
                    "id": 22,
                    "attributes": {
                        "direction": "parallel",
                        "style": "dashed"
                    },
                    "poly2d": [
                        [
                            526.442753,
                            458.438718,
                            "L"
                        ],
                        [
                            752.238339,
                            602.327098,
                            "L"
                        ]
                    ]
                },
                {
                    "category": "lane/single white",
                    "id": 23,
                    "attributes": {
                        "direction": "parallel",
                        "style": "dashed"
                    },
                    "poly2d": [
                        [
                            618.953569,
                            453.899596,
                            "L"
                        ],
                        [
                            1206.465388,
                            601.22864,
                            "L"
                        ]
                    ]
                },
                {
                    "category": "lane/single white",
                    "id": 24,
                    "attributes": {
                        "direction": "parallel",
                        "style": "dashed"
                    },
                    "poly2d": [
                        [
                            627.936931,
                            447.611161,
                            "L"
                        ],
                        [
                            1205.592932,
                            593.131264,
                            "L"
                        ]
                    ]
                }
            ]
        }
    ],
    "attributes": {
        "weather": "clear",
        "scene": "highway",
        "timeofday": "daytime"
    }
}