{
    "name": "00d84b1d-21e6fe01",
    "frames": [
        {
            "timestamp": 10000,
            "objects": [
                {
                    "category": "traffic sign",
                    "id": 0,
                    "attributes": {
                        "occluded": false,
                        "truncated": false,
                        "trafficLightColor": "none"
                    },
                    "box2d": {
                        "x1": 676.472159,
                        "y1": 320.50562,
                        "x2": 709.421335,
                        "y2": 350.459416
                    }
                },
                {
                    "category": "traffic sign",
                    "id": 1,
                    "attributes": {
                        "occluded": false,
                        "truncated": false,
                        "trafficLightColor": "none"
                    },
                    "box2d": {
                        "x1": 631.541464,
                        "y1": 292.049515,
                        "x2": 649.513742,
                        "y2": 305.528722
                    }
                },
                {
                    "category": "traffic sign",
                    "id": 2,
                    "attributes": {
                        "occluded": false,
                        "truncated": false,
                        "trafficLightColor": "none"
                    },
                    "box2d": {
                        "x1": 673.476779,
                        "y1": 293.547203,
                        "x2": 695.942128,
                        "y2": 305.528722
                    }
                },
                {
                    "category": "traffic sign",
                    "id": 3,
                    "attributes": {
                        "occluded": false,
                        "truncated": false,
                        "trafficLightColor": "none"
                    },
                    "box2d": {
                        "x1": 725.895924,
                        "y1": 296.542583,
                        "x2": 739.375131,
                        "y2": 305.528722
                    }
                },
                {
                    "category": "car",
                    "id": 4,
                    "attributes": {
                        "occluded": true,
                        "truncated": false,
                        "trafficLightColor": "none"
                    },
                    "box2d": {
                        "x1": 668.983711,
                        "y1": 344.468656,
                        "x2": 692.946747,
                        "y2": 363.938624
                    }
                },
                {
                    "category": "car",
                    "id": 5,
                    "attributes": {
                        "occluded": true,
                        "truncated": false,
                        "trafficLightColor": "none"
                    },
                    "box2d": {
                        "x1": 643.522982,
                        "y1": 348.961726,
                        "x2": 667.486019,
                        "y2": 365.436312
                    }
                },
                {
                    "category": "car",
                    "id": 6,
                    "attributes": {
                        "occluded": true,
                        "truncated": false,
                        "trafficLightColor": "none"
                    },
                    "box2d": {
                        "x1": 610.573807,
                        "y1": 354.952486,
                        "x2": 654.006811,
                        "y2": 366.934004
                    }
                },
                {
                    "category": "car",
                    "id": 7,
                    "attributes": {
                        "occluded": false,
                        "truncated": false,
                        "trafficLightColor": "none"
                    },
                    "box2d": {
                        "x1": 556.656974,
                        "y1": 347.464037,
                        "x2": 610.573807,
                        "y2": 381.910902
                    }
                },
                {
                    "category": "car",
                    "id": 8,
                    "attributes": {
                        "occluded": true,
                        "truncated": false,
                        "trafficLightColor": "none"
                    },
                    "box2d": {
                        "x1": 513.223969,
                        "y1": 344.468656,
                        "x2": 553.661594,
                        "y2": 377.417833
                    }
                },
                {
                    "category": "car",
                    "id": 9,
                    "attributes": {
                        "occluded": true,
                        "truncated": false,
                        "trafficLightColor": "none"
                    },
                    "box2d": {
                        "x1": 489.260932,
                        "y1": 357.947865,
                        "x2": 510.228589,
                        "y2": 377.417833
                    }
                },
                {
                    "category": "car",
                    "id": 10,
                    "attributes": {
                        "occluded": true,
                        "truncated": false,
                        "trafficLightColor": "none"
                    },
                    "box2d": {
                        "x1": 414.376441,
                        "y1": 344.468656,
                        "x2": 448.823307,
                        "y2": 381.910902
                    }
                },
                {
                    "category": "car",
                    "id": 11,
                    "attributes": {
                        "occluded": true,
                        "truncated": false,
                        "trafficLightColor": "none"
                    },
                    "box2d": {
                        "x1": 692.946747,
                        "y1": 338.477899,
                        "x2": 724.398233,
                        "y2": 375.920144
                    }
                },
                {
                    "category": "car",
                    "id": 12,
                    "attributes": {
                        "occluded": false,
                        "truncated": false,
                        "trafficLightColor": "none"
                    },
                    "box2d": {
                        "x1": 302.049706,
                        "y1": 345.966347,
                        "x2": 390.413405,
                        "y2": 396.887801
                    }
                },
                {
                    "category": "car",
                    "id": 13,
                    "attributes": {
                        "occluded": false,
                        "truncated": false,
                        "trafficLightColor": "none"
                    },
                    "box2d": {
                        "x1": 432.348719,
                        "y1": 350.459416,
                        "x2": 498.24707,
                        "y2": 396.887802
                    }
                },
                {
                    "category": "car",
                    "id": 14,
                    "attributes": {
                        "occluded": false,
                        "truncated": false,
                        "trafficLightColor": "none"
                    },
                    "box2d": {
                        "x1": 601.587668,
                        "y1": 356.450176,
                        "x2": 649.513743,
                        "y2": 389.399352
                    }
                },
                {
                    "category": "car",
                    "id": 15,
                    "attributes": {
                        "occluded": false,
                        "truncated": false,
                        "trafficLightColor": "none"
                    },
                    "box2d": {
                        "x1": 703.430575,
                        "y1": 335.482518,
                        "x2": 820.250381,
                        "y2": 425.343907
                    }
                },
                {
                    "category": "car",
                    "id": 16,
                    "attributes": {
                        "occluded": false,
                        "truncated": true,
                        "trafficLightColor": "none"
                    },
                    "box2d": {
                        "x1": 0,
                        "y1": 320.50562,
                        "x2": 300.552016,
                        "y2": 638.015861
                    }
                },
                {
                    "category": "traffic light",
                    "id": 17,
                    "attributes": {
                        "occluded": false,
                        "truncated": false,
                        "trafficLightColor": "red"
                    },
                    "box2d": {
                        "x1": 603.085358,
                        "y1": 333.984829,
                        "x2": 615.066876,
                        "y2": 344.468658
                    }
                },
                {
                    "category": "traffic light",
                    "id": 18,
                    "attributes": {
                        "occluded": false,
                        "truncated": false,
                        "trafficLightColor": "red"
                    },
                    "box2d": {
                        "x1": 582.117699,
                        "y1": 335.482518,
                        "x2": 595.596908,
                        "y2": 344.468656
                    }
                },
                {
                    "category": "area/drivable",
                    "id": 19,
                    "attributes": {},
                    "poly2d": [
                        [
                            560.489541,
                            388.492633,
                            "L"
                        ],
                        [
                            84.470899,
                            720.170138,
                            "L"
                        ],
                        [
                            330.157939,
                            681.781538,
                            "L"
                        ],
                        [
                            608.091405,
                            669.497186,
                            "C"
                        ],
                        [
                            732.470469,
                            704.814699,
                            "C"
                        ],
                        [
                            964.337614,
                            718.634594,
                            "C"
                        ],
                        [
                            631.124565,
                            386.957088,
                            "L"
                        ],
                        [
                            560.489541,
                            388.492633,
                            "L"
                        ]
                    ]
                },
                {
                    "category": "area/alternative",
                    "id": 20,
                    "attributes": {},
                    "poly2d": [
                        [
                            844.565181,
                            431.487866,
                            "L"
                        ],
                        [
                            1280.6437,
                            615.753146,
                            "L"
                        ],
                        [
                            1280.6437,
                            720.170138,
                            "L"
                        ],
                        [
                            987.370774,
                            720.170138,
                            "L"
                        ],
                        [
                            704.830677,
                            437.630041,
                            "L"
                        ],
                        [
                            844.565181,
                            431.487866,
                            "L"
                        ]
                    ]
                },
                {
                    "category": "area/alternative",
                    "id": 21,
                    "attributes": {},
                    "poly2d": [
                        [
                            408.470684,
                            396.170353,
                            "L"
                        ],
                        [
                            299.44706,
                            429.952321,
                            "L"
                        ],
                        [
                            316.338044,
                            532.83377,
                            "L"
                        ],
                        [
                            489.854516,
                            420.739057,
                            "L"
                        ],
                        [
                            408.470684,
                            396.170353,
                            "L"
                        ]
                    ]
                },
                {
                    "category": "lane/single white",
                    "id": 22,
                    "attributes": {
                        "direction": "parallel",
                        "style": "dashed"
                    },
                    "poly2d": [
                        [
                            533.321055,
                            397.752634,
                            "L"
                        ],
                        [
                            52.436842,
                            709.815793,
                            "L"
                        ]
                    ]
                },
                {
                    "category": "lane/single white",
                    "id": 23,
                    "attributes": {
                        "direction": "parallel",
                        "style": "dashed"
                    },
                    "poly2d": [
                        [
                            539.715792,
                            399.031581,
                            "L"
                        ],
                        [
                            85.689474,
                            713.652635,
                            "L"
                        ]
                    ]
                },
                {
                    "category": "lane/road curb",
                    "id": 24,
                    "attributes": {
                        "direction": "parallel",
                        "style": "solid"
                    },
                    "poly2d": [
                        [
                            262.184212,
                            399.031581,
                            "L"
                        ],
                        [
                            300.552634,
                            392.636844,
                            "L"
                        ]
                    ]
                },
                {
                    "category": "lane/road curb",
                    "id": 25,
                    "attributes": {
                        "direction": "parallel",
                        "style": "solid"
                    },
                    "poly2d": [
                        [
                            824.921056,
                            423.33158,
                            "L"
                        ],
                        [
                            1014.205268,
                            491.115792,
                            "L"
                        ]
                    ]
                }
            ]
        }
    ],
    "attributes": {
        "weather": "clear",
        "scene": "highway",
        "timeofday": "night"
    }
}