{
    "name": "00d8d95a-74aa476a",
    "frames": [
        {
            "timestamp": 10000,
            "objects": [
                {
                    "category": "traffic light",
                    "id": 0,
                    "attributes": {
                        "occluded": false,
                        "truncated": false,
                        "trafficLightColor": "green"
                    },
                    "box2d": {
                        "x1": 515.848962,
                        "y1": 275.527635,
                        "x2": 529.625343,
                        "y2": 292.365434
                    }
                },
                {
                    "category": "traffic sign",
                    "id": 1,
                    "attributes": {
                        "occluded": false,
                        "truncated": false,
                        "trafficLightColor": "none"
                    },
                    "box2d": {
                        "x1": 691.37028,
                        "y1": 301.54969,
                        "x2": 709.73879,
                        "y2": 309.203237
                    }
                },
                {
                    "category": "car",
                    "id": 2,
                    "attributes": {
                        "occluded": true,
                        "truncated": false,
                        "trafficLightColor": "none"
                    },
                    "box2d": {
                        "x1": 659.735616,
                        "y1": 333.69458,
                        "x2": 671.981287,
                        "y2": 349.001672
                    }
                },
                {
                    "category": "car",
                    "id": 3,
                    "attributes": {
                        "occluded": true,
                        "truncated": false,
                        "trafficLightColor": "none"
                    },
                    "box2d": {
                        "x1": 553.096232,
                        "y1": 321.959148,
                        "x2": 572.995451,
                        "y2": 340.327658
                    }
                },
                {
                    "category": "car",
                    "id": 4,
                    "attributes": {
                        "occluded": true,
                        "truncated": false,
                        "trafficLightColor": "none"
                    },
                    "box2d": {
                        "x1": 540.850558,
                        "y1": 323.489858,
                        "x2": 565.341906,
                        "y2": 349.511913
                    }
                },
                {
                    "category": "car",
                    "id": 5,
                    "attributes": {
                        "occluded": true,
                        "truncated": false,
                        "trafficLightColor": "none"
                    },
                    "box2d": {
                        "x1": 369.921372,
                        "y1": 334.204821,
                        "x2": 402.066261,
                        "y2": 369.411132
                    }
                },
                {
                    "category": "car",
                    "id": 6,
                    "attributes": {
                        "occluded": true,
                        "truncated": false,
                        "trafficLightColor": "none"
                    },
                    "box2d": {
                        "x1": 317.877261,
                        "y1": 328.081985,
                        "x2": 379.105625,
                        "y2": 372.472548
                    }
                },
                {
                    "category": "car",
                    "id": 7,
                    "attributes": {
                        "occluded": true,
                        "truncated": false,
                        "trafficLightColor": "none"
                    },
                    "box2d": {
                        "x1": 288.793789,
                        "y1": 337.266239,
                        "x2": 340.837899,
                        "y2": 378.595384
                    }
                },
                {
                    "category": "car",
                    "id": 8,
                    "attributes": {
                        "occluded": true,
                        "truncated": false,
                        "trafficLightColor": "none"
                    },
                    "box2d": {
                        "x1": 214.299273,
                        "y1": 325.020567,
                        "x2": 292.365437,
                        "y2": 387.779639
                    }
                },
                {
                    "category": "car",
                    "id": 9,
                    "attributes": {
                        "occluded": true,
                        "truncated": false,
                        "trafficLightColor": "none"
                    },
                    "box2d": {
                        "x1": 668.409642,
                        "y1": 328.081985,
                        "x2": 686.778151,
                        "y2": 357.165457
                    }
                },
                {
                    "category": "car",
                    "id": 10,
                    "attributes": {
                        "occluded": true,
                        "truncated": false,
                        "trafficLightColor": "none"
                    },
                    "box2d": {
                        "x1": 679.124605,
                        "y1": 328.081985,
                        "x2": 695.962403,
                        "y2": 360.226873
                    }
                },
                {
                    "category": "car",
                    "id": 11,
                    "attributes": {
                        "occluded": true,
                        "truncated": false,
                        "trafficLightColor": "none"
                    },
                    "box2d": {
                        "x1": 685.247441,
                        "y1": 329.612694,
                        "x2": 709.73879,
                        "y2": 361.757583
                    }
                },
                {
                    "category": "car",
                    "id": 12,
                    "attributes": {
                        "occluded": true,
                        "truncated": false,
                        "trafficLightColor": "none"
                    },
                    "box2d": {
                        "x1": 699.023823,
                        "y1": 329.612694,
                        "x2": 723.515168,
                        "y2": 366.349711
                    }
                },
                {
                    "category": "truck",
                    "id": 13,
                    "attributes": {
                        "occluded": false,
                        "truncated": false,
                        "trafficLightColor": "none"
                    },
                    "box2d": {
                        "x1": 565.852133,
                        "y1": 266.853621,
                        "x2": 662.286804,
                        "y2": 381.656803
                    }
                },
                {
                    "category": "car",
                    "id": 14,
                    "attributes": {
                        "occluded": false,
                        "truncated": false,
                        "trafficLightColor": "none"
                    },
                    "box2d": {
                        "x1": 67.3512,
                        "y1": 321.448908,
                        "x2": 218.891399,
                        "y2": 407.168617
                    }
                },
                {
                    "category": "car",
                    "id": 15,
                    "attributes": {
                        "occluded": false,
                        "truncated": false,
                        "trafficLightColor": "none"
                    },
                    "box2d": {
                        "x1": 390.84107,
                        "y1": 309.713477,
                        "x2": 556.157651,
                        "y2": 436.76233
                    }
                },
                {
                    "category": "truck",
                    "id": 16,
                    "attributes": {
                        "occluded": false,
                        "truncated": true,
                        "trafficLightColor": "none"
                    },
                    "box2d": {
                        "x1": 715.051612,
                        "y1": 0,
                        "x2": 1278.352555,
                        "y2": 514.318253
                    }
                },
                {
                    "category": "area/alternative",
                    "id": 17,
                    "attributes": {},
                    "poly2d": [
                        [
                            354.944277,
                            449.212186,
                            "L"
                        ],
                        [
                            0,
                            584.212092,
                            "L"
                        ],
                        [
                            0,
                            685.462024,
                            "L"
                        ],
                        [
                            204.75688,
                            617.962071,
                            "C"
                        ],
                        [
                            397.131748,
                            629.774562,
                            "C"
                        ],
                        [
                            557.444138,
                            623.024567,
                            "C"
                        ],
                        [
                            597.944109,
                            459.337179,
                            "L"
                        ],
                        [
                            354.944277,
                            449.212186,
                            "L"
                        ]
                    ]
                },
                {
                    "category": "area/drivable",
                    "id": 18,
                    "attributes": {},
                    "poly2d": [
                        [
                            624.944091,
                            390.149726,
                            "L"
                        ],
                        [
                            576.006624,
                            623.024567,
                            "L"
                        ],
                        [
                            820.693957,
                            614.587072,
                            "C"
                        ],
                        [
                            1094.068769,
                            628.087062,
                            "C"
                        ],
                        [
                            1280.811619,
                            673.649532,
                            "C"
                        ],
                        [
                            1280.811619,
                            547.087119,
                            "L"
                        ],
                        [
                            908.443897,
                            523.462134,
                            "L"
                        ],
                        [
                            697.506542,
                            391.837226,
                            "L"
                        ],
                        [
                            624.944091,
                            390.149726,
                            "L"
                        ]
                    ]
                },
                {
                    "category": "lane/road curb",
                    "id": 19,
                    "attributes": {
                        "direction": "parallel",
                        "style": "solid"
                    },
                    "poly2d": [
                        [
                            4.508654,
                            419.353148,
                            "L"
                        ],
                        [
                            82.388525,
                            410.367009,
                            "L"
                        ]
                    ]
                },
                {
                    "category": "lane/single white",
                    "id": 20,
                    "attributes": {
                        "direction": "parallel",
                        "style": "dashed"
                    },
                    "poly2d": [
                        [
                            41.950901,
                            452.302324,
                            "L"
                        ],
                        [
                            396.903386,
                            381.910902,
                            "L"
                        ]
                    ]
                },
                {
                    "category": "lane/double yellow",
                    "id": 21,
                    "attributes": {
                        "direction": "parallel",
                        "style": "solid"
                    },
                    "poly2d": [
                        [
                            0.015586,
                            557.140611,
                            "L"
                        ],
                        [
                            390.912626,
                            417.855457,
                            "L"
                        ]
                    ]
                },
                {
                    "category": "lane/double yellow",
                    "id": 22,
                    "attributes": {
                        "direction": "parallel",
                        "style": "solid"
                    },
                    "poly2d": [
                        [
                            396.903386,
                            431.334666,
                            "L"
                        ],
                        [
                            3.010965,
                            587.094407,
                            "L"
                        ]
                    ]
                },
                {
                    "category": "lane/crosswalk",
                    "id": 23,
                    "attributes": {
                        "direction": "vertical",
                        "style": "dashed"
                    },
                    "poly2d": [
                        [
                            661.994484,
                            381.910902,
                            "L"
                        ],
                        [
                            715.911315,
                            380.413213,
                            "L"
                        ]
                    ]
                },
                {
                    "category": "lane/crosswalk",
                    "id": 24,
                    "attributes": {
                        "direction": "vertical",
                        "style": "dashed"
                    },
                    "poly2d": [
                        [
                            658.999102,
                            369.929383,
                            "L"
                        ],
                        [
                            708.422867,
                            371.427074,
                            "L"
                        ]
                    ]
                },
                {
                    "category": "lane/single white",
                    "id": 25,
                    "attributes": {
                        "direction": "parallel",
                        "style": "dashed"
                    },
                    "poly2d": [
                        [
                            617.063787,
                            375.920142,
                            "L"
                        ],
                        [
                            561.649265,
                            624.536652,
                            "L"
                        ]
                    ]
                },
                {
                    "category": "lane/single white",
                    "id": 26,
                    "attributes": {
                        "direction": "parallel",
                        "style": "dashed"
                    },
                    "poly2d": [
                        [
                            627.547617,
                            377.417833,
                            "L"
                        ],
                        [
                            575.128473,
                            620.043583,
                            "L"
                        ]
                    ]
                }
            ]
        }
    ],
    "attributes": {
        "weather": "clear",
        "scene": "city street",
        "timeofday": "night"
    }
}