{
    "name": "00d8d95a-47d98291",
    "frames": [
        {
            "timestamp": 10000,
            "objects": [
                {
                    "category": "traffic sign",
                    "id": 0,
                    "attributes": {
                        "occluded": false,
                        "truncated": false,
                        "trafficLightColor": "none"
                    },
                    "box2d": {
                        "x1": 777.674853,
                        "y1": 248.616323,
                        "x2": 794.14943,
                        "y2": 264.342055
                    }
                },
                {
                    "category": "traffic sign",
                    "id": 1,
                    "attributes": {
                        "occluded": false,
                        "truncated": false,
                        "trafficLightColor": "none"
                    },
                    "box2d": {
                        "x1": 359.070864,
                        "y1": 277.821252,
                        "x2": 366.559306,
                        "y2": 283.812007
                    }
                },
                {
                    "category": "traffic sign",
                    "id": 2,
                    "attributes": {
                        "occluded": false,
                        "truncated": false,
                        "trafficLightColor": "none"
                    },
                    "box2d": {
                        "x1": 352.331264,
                        "y1": 283.812007,
                        "x2": 368.805839,
                        "y2": 289.053919
                    }
                },
                {
                    "category": "traffic sign",
                    "id": 3,
                    "attributes": {
                        "occluded": false,
                        "truncated": false,
                        "trafficLightColor": "none"
                    },
                    "box2d": {
                        "x1": 347.838199,
                        "y1": 289.802762,
                        "x2": 370.303529,
                        "y2": 295.044672
                    }
                },
                {
                    "category": "traffic sign",
                    "id": 4,
                    "attributes": {
                        "occluded": false,
                        "truncated": false,
                        "trafficLightColor": "none"
                    },
                    "box2d": {
                        "x1": 368.056996,
                        "y1": 300.286583,
                        "x2": 380.78735,
                        "y2": 307.775026
                    }
                },
                {
                    "category": "traffic light",
                    "id": 5,
                    "attributes": {
                        "occluded": false,
                        "truncated": false,
                        "trafficLightColor": "green"
                    },
                    "box2d": {
                        "x1": 495.360534,
                        "y1": 238.132502,
                        "x2": 508.839732,
                        "y2": 259.100143
                    }
                },
                {
                    "category": "traffic light",
                    "id": 6,
                    "attributes": {
                        "occluded": false,
                        "truncated": false,
                        "trafficLightColor": "green"
                    },
                    "box2d": {
                        "x1": 681.822776,
                        "y1": 244.123257,
                        "x2": 693.055441,
                        "y2": 259.848988
                    }
                },
                {
                    "category": "traffic light",
                    "id": 7,
                    "attributes": {
                        "occluded": false,
                        "truncated": false,
                        "trafficLightColor": "green"
                    },
                    "box2d": {
                        "x1": 728.999971,
                        "y1": 290.551606,
                        "x2": 737.237258,
                        "y2": 301.784271
                    }
                },
                {
                    "category": "traffic sign",
                    "id": 8,
                    "attributes": {
                        "occluded": false,
                        "truncated": false,
                        "trafficLightColor": "none"
                    },
                    "box2d": {
                        "x1": 497.607068,
                        "y1": 321.254225,
                        "x2": 508.09089,
                        "y2": 335.482268
                    }
                },
                {
                    "category": "car",
                    "id": 9,
                    "attributes": {
                        "occluded": true,
                        "truncated": false,
                        "trafficLightColor": "none"
                    },
                    "box2d": {
                        "x1": 298.414472,
                        "y1": 319.00769,
                        "x2": 375.54544,
                        "y2": 366.93373
                    }
                },
                {
                    "category": "car",
                    "id": 10,
                    "attributes": {
                        "occluded": false,
                        "truncated": false,
                        "trafficLightColor": "none"
                    },
                    "box2d": {
                        "x1": 737.986103,
                        "y1": 316.012315,
                        "x2": 765.693344,
                        "y2": 335.482268
                    }
                },
                {
                    "category": "car",
                    "id": 11,
                    "attributes": {
                        "occluded": false,
                        "truncated": false,
                        "trafficLightColor": "none"
                    },
                    "box2d": {
                        "x1": 713.274239,
                        "y1": 318.258847,
                        "x2": 726.004592,
                        "y2": 330.989201
                    }
                },
                {
                    "category": "car",
                    "id": 12,
                    "attributes": {
                        "occluded": true,
                        "truncated": false,
                        "trafficLightColor": "none"
                    },
                    "box2d": {
                        "x1": 695.301975,
                        "y1": 322.003069,
                        "x2": 712.525395,
                        "y2": 336.231111
                    }
                },
                {
                    "category": "car",
                    "id": 13,
                    "attributes": {
                        "occluded": false,
                        "truncated": false,
                        "trafficLightColor": "none"
                    },
                    "box2d": {
                        "x1": 633.147896,
                        "y1": 306.277336,
                        "x2": 700.543887,
                        "y2": 366.184883
                    }
                },
                {
                    "category": "car",
                    "id": 14,
                    "attributes": {
                        "occluded": false,
                        "truncated": false,
                        "trafficLightColor": "none"
                    },
                    "box2d": {
                        "x1": 349.335887,
                        "y1": 312.268093,
                        "x2": 503.597823,
                        "y2": 408.869014
                    }
                },
                {
                    "category": "car",
                    "id": 15,
                    "attributes": {
                        "occluded": false,
                        "truncated": true,
                        "trafficLightColor": "none"
                    },
                    "box2d": {
                        "x1": 0.374422,
                        "y1": 322.003069,
                        "x2": 201.813551,
                        "y2": 423.097055
                    }
                },
                {
                    "category": "car",
                    "id": 16,
                    "attributes": {
                        "occluded": true,
                        "truncated": false,
                        "trafficLightColor": "none"
                    },
                    "box2d": {
                        "x1": 812.870538,
                        "y1": 320.50538,
                        "x2": 828.59627,
                        "y2": 331.738045
                    }
                },
                {
                    "category": "car",
                    "id": 17,
                    "attributes": {
                        "occluded": true,
                        "truncated": false,
                        "trafficLightColor": "none"
                    },
                    "box2d": {
                        "x1": 806.130937,
                        "y1": 319.756537,
                        "x2": 818.112447,
                        "y2": 329.491512
                    }
                },
                {
                    "category": "car",
                    "id": 18,
                    "attributes": {
                        "occluded": true,
                        "truncated": false,
                        "trafficLightColor": "none"
                    },
                    "box2d": {
                        "x1": 512.227085,
                        "y1": 319.036942,
                        "x2": 532.445881,
                        "y2": 337.009207
                    }
                },
                {
                    "category": "car",
                    "id": 19,
                    "attributes": {
                        "occluded": false,
                        "truncated": false,
                        "trafficLightColor": "none"
                    },
                    "box2d": {
                        "x1": 532.445881,
                        "y1": 310.05081,
                        "x2": 584.116141,
                        "y2": 337.009207
                    }
                },
                {
                    "category": "area/drivable",
                    "id": 20,
                    "attributes": {},
                    "poly2d": [
                        [
                            595.860396,
                            363.512223,
                            "L"
                        ],
                        [
                            681.206744,
                            374.575639,
                            "L"
                        ],
                        [
                            681.206744,
                            426.731742,
                            "C"
                        ],
                        [
                            725.44396,
                            548.429311,
                            "C"
                        ],
                        [
                            746.006749,
                            633.775659,
                            "C"
                        ],
                        [
                            526.318927,
                            629.034195,
                            "C"
                        ],
                        [
                            271.86037,
                            629.034195,
                            "C"
                        ],
                        [
                            86.943283,
                            648.000051,
                            "C"
                        ],
                        [
                            595.860396,
                            363.512223,
                            "L"
                        ]
                    ]
                },
                {
                    "category": "area/alternative",
                    "id": 21,
                    "attributes": {},
                    "poly2d": [
                        [
                            715.977478,
                            344.546368,
                            "L"
                        ],
                        [
                            776.036019,
                            341.385393,
                            "L"
                        ],
                        [
                            779.196995,
                            385.639053,
                            "C"
                        ],
                        [
                            1103.19702,
                            499.434185,
                            "C"
                        ],
                        [
                            1280.195222,
                            570.556141,
                            "C"
                        ],
                        [
                            1280.195222,
                            670.126882,
                            "L"
                        ],
                        [
                            1133.226291,
                            641.678099,
                            "C"
                        ],
                        [
                            937.245788,
                            622.712244,
                            "C"
                        ],
                        [
                            760.23114,
                            635.356146,
                            "C"
                        ],
                        [
                            712.816502,
                            431.473204,
                            "C"
                        ],
                        [
                            668.562839,
                            391.961006,
                            "C"
                        ],
                        [
                            715.977478,
                            344.546368,
                            "C"
                        ]
                    ]
                },
                {
                    "category": "area/alternative",
                    "id": 22,
                    "attributes": {},
                    "poly2d": [
                        [
                            296.965462,
                            401.776802,
                            "L"
                        ],
                        [
                            0,
                            491.531747,
                            "L"
                        ],
                        [
                            0,
                            657.482978,
                            "L"
                        ],
                        [
                            74.299379,
                            644.839075,
                            "L"
                        ],
                        [
                            441.704931,
                            437.961669,
                            "L"
                        ],
                        [
                            296.965462,
                            401.776802,
                            "L"
                        ]
                    ]
                },
                {
                    "category": "lane/road curb",
                    "id": 23,
                    "attributes": {
                        "direction": "parallel",
                        "style": "solid"
                    },
                    "poly2d": [
                        [
                            778.993342,
                            342.71777,
                            "C"
                        ],
                        [
                            808.388595,
                            406.407295,
                            "C"
                        ],
                        [
                            1095.482233,
                            488.713757,
                            "C"
                        ],
                        [
                            1276.75296,
                            570.04038,
                            "L"
                        ]
                    ]
                },
                {
                    "category": "lane/road curb",
                    "id": 24,
                    "attributes": {
                        "direction": "parallel",
                        "style": "solid"
                    },
                    "poly2d": [
                        [
                            309.649135,
                            367.213741,
                            "L"
                        ],
                        [
                            198.927016,
                            381.911324,
                            "L"
                        ]
                    ]
                },
                {
                    "category": "lane/crosswalk",
                    "id": 25,
                    "attributes": {
                        "direction": "vertical",
                        "style": "dashed"
                    },
                    "poly2d": [
                        [
                            761.35619,
                            343.697609,
                            "L"
                        ],
                        [
                            700.606001,
                            343.697609,
                            "L"
                        ]
                    ]
                },
                {
                    "category": "lane/crosswalk",
                    "id": 26,
                    "attributes": {
                        "direction": "vertical",
                        "style": "dashed"
                    },
                    "poly2d": [
                        [
                            632.996919,
                            344.677448,
                            "L"
                        ],
                        [
                            578.12578,
                            344.677448,
                            "L"
                        ]
                    ]
                },
                {
                    "category": "lane/single white",
                    "id": 27,
                    "attributes": {
                        "direction": "parallel",
                        "style": "dashed"
                    },
                    "poly2d": [
                        [
                            723.142362,
                            346.637126,
                            "C"
                        ],
                        [
                            656.513121,
                            374.072613,
                            "C"
                        ],
                        [
                            716.283469,
                            480.875046,
                            "C"
                        ],
                        [
                            778.993342,
                            625.891194,
                            "L"
                        ]
                    ]
                },
                {
                    "category": "lane/single white",
                    "id": 28,
                    "attributes": {
                        "direction": "parallel",
                        "style": "dashed"
                    },
                    "poly2d": [
                        [
                            706.485052,
                            344.677448,
                            "C"
                        ],
                        [
                            641.815494,
                            381.911324,
                            "C"
                        ],
                        [
                            710.404419,
                            495.572629,
                            "C"
                        ],
                        [
                            761.35619,
                            630.790388,
                            "L"
                        ]
                    ]
                },
                {
                    "category": "lane/single white",
                    "id": 29,
                    "attributes": {
                        "direction": "parallel",
                        "style": "dashed"
                    },
                    "poly2d": [
                        [
                            619.279135,
                            346.637126,
                            "C"
                        ],
                        [
                            461.52461,
                            407.387133,
                            "C"
                        ],
                        [
                            354.721857,
                            488.713757,
                            "C"
                        ],
                        [
                            130.338092,
                            642.548454,
                            "L"
                        ]
                    ]
                },
                {
                    "category": "lane/single white",
                    "id": 30,
                    "attributes": {
                        "direction": "parallel",
                        "style": "dashed"
                    },
                    "poly2d": [
                        [
                            634.956602,
                            348.596803,
                            "C"
                        ],
                        [
                            510.516698,
                            393.66939,
                            "C"
                        ],
                        [
                            378.23806,
                            483.814563,
                            "C"
                        ],
                        [
                            162.672871,
                            638.629099,
                            "L"
                        ]
                    ]
                },
                {
                    "category": "lane/single white",
                    "id": 31,
                    "attributes": {
                        "direction": "parallel",
                        "style": "solid"
                    },
                    "poly2d": [
                        [
                            558.528944,
                            344.677448,
                            "L"
                        ],
                        [
                            502.677964,
                            358.395192,
                            "L"
                        ]
                    ]
                },
                {
                    "category": "lane/single white",
                    "id": 32,
                    "attributes": {
                        "direction": "parallel",
                        "style": "solid"
                    },
                    "poly2d": [
                        [
                            568.327362,
                            347.616964,
                            "L"
                        ],
                        [
                            500.718281,
                            363.294386,
                            "L"
                        ]
                    ]
                },
                {
                    "category": "lane/double yellow",
                    "id": 33,
                    "attributes": {
                        "direction": "parallel",
                        "style": "solid"
                    },
                    "poly2d": [
                        [
                            343.943598,
                            376.032291,
                            "L"
                        ],
                        [
                            0,
                            475.975852,
                            "L"
                        ]
                    ]
                },
                {
                    "category": "lane/double yellow",
                    "id": 34,
                    "attributes": {
                        "direction": "parallel",
                        "style": "solid"
                    },
                    "poly2d": [
                        [
                            350.80249,
                            382.891162,
                            "L"
                        ],
                        [
                            1.978821,
                            489.693596,
                            "L"
                        ]
                    ]
                }
            ]
        }
    ],
    "attributes": {
        "weather": "clear",
        "scene": "highway",
        "timeofday": "night"
    }
}