{
    "name": "00d9e313-038310a2",
    "frames": [
        {
            "timestamp": 10000,
            "objects": [
                {
                    "category": "car",
                    "id": 0,
                    "attributes": {
                        "occluded": true,
                        "truncated": false,
                        "trafficLightColor": "none"
                    },
                    "box2d": {
                        "x1": 821.322436,
                        "y1": 329.328198,
                        "x2": 840.127757,
                        "y2": 335.204859
                    }
                },
                {
                    "category": "car",
                    "id": 1,
                    "attributes": {
                        "occluded": true,
                        "truncated": false,
                        "trafficLightColor": "none"
                    },
                    "box2d": {
                        "x1": 793.114454,
                        "y1": 328.152864,
                        "x2": 802.517113,
                        "y2": 336.380192
                    }
                },
                {
                    "category": "car",
                    "id": 2,
                    "attributes": {
                        "occluded": true,
                        "truncated": false,
                        "trafficLightColor": "none"
                    },
                    "box2d": {
                        "x1": 780.185796,
                        "y1": 328.152864,
                        "x2": 795.465118,
                        "y2": 334.029526
                    }
                },
                {
                    "category": "car",
                    "id": 3,
                    "attributes": {
                        "occluded": true,
                        "truncated": false,
                        "trafficLightColor": "none"
                    },
                    "box2d": {
                        "x1": 821.322436,
                        "y1": 334.029526,
                        "x2": 842.478421,
                        "y2": 343.432186
                    }
                },
                {
                    "category": "car",
                    "id": 4,
                    "attributes": {
                        "occluded": true,
                        "truncated": false,
                        "trafficLightColor": "none"
                    },
                    "box2d": {
                        "x1": 897.248892,
                        "y1": 332.854195,
                        "x2": 960.716851,
                        "y2": 375.16617
                    }
                },
                {
                    "category": "car",
                    "id": 5,
                    "attributes": {
                        "occluded": false,
                        "truncated": false,
                        "trafficLightColor": "none"
                    },
                    "box2d": {
                        "x1": 832.135474,
                        "y1": 335.204859,
                        "x2": 869.746114,
                        "y2": 349.308852
                    }
                },
                {
                    "category": "car",
                    "id": 6,
                    "attributes": {
                        "occluded": false,
                        "truncated": false,
                        "trafficLightColor": "none"
                    },
                    "box2d": {
                        "x1": 779.010463,
                        "y1": 332.854195,
                        "x2": 797.815784,
                        "y2": 341.081524
                    }
                },
                {
                    "category": "car",
                    "id": 7,
                    "attributes": {
                        "occluded": false,
                        "truncated": false,
                        "trafficLightColor": "none"
                    },
                    "box2d": {
                        "x1": 762.555808,
                        "y1": 329.328198,
                        "x2": 783.711793,
                        "y2": 345.782855
                    }
                },
                {
                    "category": "area/drivable",
                    "id": 8,
                    "attributes": {},
                    "poly2d": [
                        [
                            2.495508,
                            566.480335,
                            "L"
                        ],
                        [
                            459.143636,
                            531.810065,
                            "C"
                        ],
                        [
                            909.612697,
                            521.561191,
                            "C"
                        ],
                        [
                            1280.195648,
                            573.96686,
                            "C"
                        ],
                        [
                            1280.195648,
                            474.146535,
                            "L"
                        ],
                        [
                            1082.574502,
                            413.573177,
                            "L"
                        ],
                        [
                            1036.508182,
                            415.108721,
                            "L"
                        ],
                        [
                            895.238134,
                            378.255665,
                            "L"
                        ],
                        [
                            886.02487,
                            353.686961,
                            "L"
                        ],
                        [
                            793.892229,
                            347.544785,
                            "L"
                        ],
                        [
                            0,
                            530.295468,
                            "L"
                        ],
                        [
                            2.495508,
                            566.480335,
                            "L"
                        ]
                    ]
                },
                {
                    "category": "lane/road curb",
                    "id": 9,
                    "attributes": {
                        "direction": "parallel",
                        "style": "solid"
                    },
                    "poly2d": [
                        [
                            717.004249,
                            344.051817,
                            "L"
                        ],
                        [
                            0,
                            402.902736,
                            "L"
                        ]
                    ]
                },
                {
                    "category": "lane/road curb",
                    "id": 10,
                    "attributes": {
                        "direction": "parallel",
                        "style": "solid"
                    },
                    "poly2d": [
                        [
                            1079.91052,
                            412.711223,
                            "L"
                        ],
                        [
                            1279.980227,
                            469.600443,
                            "L"
                        ]
                    ]
                },
                {
                    "category": "lane/road curb",
                    "id": 11,
                    "attributes": {
                        "direction": "parallel",
                        "style": "solid"
                    },
                    "poly2d": [
                        [
                            858.243446,
                            351.898607,
                            "L"
                        ],
                        [
                            899.438212,
                            361.707093,
                            "L"
                        ]
                    ]
                }
            ]
        }
    ],
    "attributes": {
        "weather": "overcast",
        "scene": "city street",
        "timeofday": "daytime"
    }
}