{
    "name": "00d9e313-926b6698",
    "frames": [
        {
            "timestamp": 10000,
            "objects": [
                {
                    "category": "traffic light",
                    "id": 0,
                    "attributes": {
                        "occluded": false,
                        "truncated": true,
                        "trafficLightColor": "green"
                    },
                    "box2d": {
                        "x1": 318.096533,
                        "y1": 0,
                        "x2": 355.438899,
                        "y2": 72.958817
                    }
                },
                {
                    "category": "traffic light",
                    "id": 1,
                    "attributes": {
                        "occluded": false,
                        "truncated": true,
                        "trafficLightColor": "green"
                    },
                    "box2d": {
                        "x1": 98.435558,
                        "y1": 0,
                        "x2": 139.072838,
                        "y2": 36.714757
                    }
                },
                {
                    "category": "traffic light",
                    "id": 2,
                    "attributes": {
                        "occluded": false,
                        "truncated": false,
                        "trafficLightColor": "none"
                    },
                    "box2d": {
                        "x1": 153.350802,
                        "y1": 3.765611,
                        "x2": 180.808423,
                        "y2": 27.928318
                    }
                },
                {
                    "category": "traffic sign",
                    "id": 3,
                    "attributes": {
                        "occluded": false,
                        "truncated": false,
                        "trafficLightColor": "none"
                    },
                    "box2d": {
                        "x1": 362.028728,
                        "y1": 83.941867,
                        "x2": 466.367692,
                        "y2": 117.989318
                    }
                },
                {
                    "category": "traffic light",
                    "id": 4,
                    "attributes": {
                        "occluded": false,
                        "truncated": false,
                        "trafficLightColor": "green"
                    },
                    "box2d": {
                        "x1": 555.330385,
                        "y1": 179.808198,
                        "x2": 579.493094,
                        "y2": 235.821746
                    }
                },
                {
                    "category": "traffic light",
                    "id": 5,
                    "attributes": {
                        "occluded": false,
                        "truncated": false,
                        "trafficLightColor": "green"
                    },
                    "box2d": {
                        "x1": 564.116824,
                        "y1": 267.672589,
                        "x2": 588.279533,
                        "y2": 290.736991
                    }
                },
                {
                    "category": "traffic light",
                    "id": 6,
                    "attributes": {
                        "occluded": false,
                        "truncated": false,
                        "trafficLightColor": "none"
                    },
                    "box2d": {
                        "x1": 799.154069,
                        "y1": 142.465833,
                        "x2": 844.184569,
                        "y2": 213.85565
                    }
                },
                {
                    "category": "traffic light",
                    "id": 7,
                    "attributes": {
                        "occluded": false,
                        "truncated": false,
                        "trafficLightColor": "none"
                    },
                    "box2d": {
                        "x1": 873.8388,
                        "y1": 164.43193,
                        "x2": 902.394726,
                        "y2": 217.150564
                    }
                },
                {
                    "category": "traffic light",
                    "id": 8,
                    "attributes": {
                        "occluded": true,
                        "truncated": false,
                        "trafficLightColor": "none"
                    },
                    "box2d": {
                        "x1": 833.20152,
                        "y1": 247.903101,
                        "x2": 854.069313,
                        "y2": 281.950551
                    }
                },
                {
                    "category": "traffic sign",
                    "id": 9,
                    "attributes": {
                        "occluded": true,
                        "truncated": false,
                        "trafficLightColor": "none"
                    },
                    "box2d": {
                        "x1": 849.205409,
                        "y1": 33.73365,
                        "x2": 886.547774,
                        "y2": 84.255674
                    }
                },
                {
                    "category": "traffic sign",
                    "id": 10,
                    "attributes": {
                        "occluded": true,
                        "truncated": false,
                        "trafficLightColor": "none"
                    },
                    "box2d": {
                        "x1": 840.41897,
                        "y1": 66.682796,
                        "x2": 896.432518,
                        "y2": 125.991261
                    }
                },
                {
                    "category": "traffic sign",
                    "id": 11,
                    "attributes": {
                        "occluded": true,
                        "truncated": false,
                        "trafficLightColor": "none"
                    },
                    "box2d": {
                        "x1": 561.449531,
                        "y1": 243.509881,
                        "x2": 610.87325,
                        "y2": 263.279369
                    }
                },
                {
                    "category": "traffic sign",
                    "id": 12,
                    "attributes": {
                        "occluded": true,
                        "truncated": false,
                        "trafficLightColor": "none"
                    },
                    "box2d": {
                        "x1": 502.141068,
                        "y1": 247.903101,
                        "x2": 538.38513,
                        "y2": 297.326819
                    }
                },
                {
                    "category": "person",
                    "id": 13,
                    "attributes": {
                        "occluded": false,
                        "truncated": false,
                        "trafficLightColor": "none"
                    },
                    "box2d": {
                        "x1": 807.940508,
                        "y1": 322.587833,
                        "x2": 871.642191,
                        "y2": 434.614931
                    }
                },
                {
                    "category": "car",
                    "id": 14,
                    "attributes": {
                        "occluded": false,
                        "truncated": true,
                        "trafficLightColor": "none"
                    },
                    "box2d": {
                        "x1": 1109.660564,
                        "y1": 252.453226,
                        "x2": 1277.701211,
                        "y2": 464.426068
                    }
                },
                {
                    "category": "rider",
                    "id": 15,
                    "attributes": {
                        "occluded": true,
                        "truncated": true,
                        "trafficLightColor": "none"
                    },
                    "box2d": {
                        "x1": 0,
                        "y1": 234.880348,
                        "x2": 101.730473,
                        "y2": 442.459969
                    }
                },
                {
                    "category": "motor",
                    "id": 16,
                    "attributes": {
                        "occluded": true,
                        "truncated": true,
                        "trafficLightColor": "none"
                    },
                    "box2d": {
                        "x1": 0.686424,
                        "y1": 298.58203,
                        "x2": 101.730472,
                        "y2": 481.998946
                    }
                },
                {
                    "category": "car",
                    "id": 17,
                    "attributes": {
                        "occluded": true,
                        "truncated": false,
                        "trafficLightColor": "none"
                    },
                    "box2d": {
                        "x1": 401.155856,
                        "y1": 358.596542,
                        "x2": 411.0406,
                        "y2": 367.382981
                    }
                },
                {
                    "category": "car",
                    "id": 18,
                    "attributes": {
                        "occluded": true,
                        "truncated": false,
                        "trafficLightColor": "none"
                    },
                    "box2d": {
                        "x1": 424.220258,
                        "y1": 358.596542,
                        "x2": 434.51685,
                        "y2": 368.873543
                    }
                },
                {
                    "category": "car",
                    "id": 19,
                    "attributes": {
                        "occluded": false,
                        "truncated": false,
                        "trafficLightColor": "none"
                    },
                    "box2d": {
                        "x1": 405.960923,
                        "y1": 361.185408,
                        "x2": 414.747362,
                        "y2": 371.070152
                    }
                },
                {
                    "category": "traffic sign",
                    "id": 20,
                    "attributes": {
                        "occluded": false,
                        "truncated": false,
                        "trafficLightColor": "none"
                    },
                    "box2d": {
                        "x1": 538.993118,
                        "y1": 312.467737,
                        "x2": 556.565996,
                        "y2": 326.745701
                    }
                },
                {
                    "category": "area/drivable",
                    "id": 21,
                    "attributes": {},
                    "poly2d": [
                        [
                            2.257019,
                            580.837096,
                            "L"
                        ],
                        [
                            712.694031,
                            552.149616,
                            "L"
                        ],
                        [
                            829.13145,
                            545.399621,
                            "C"
                        ],
                        [
                            974.256351,
                            553.837114,
                            "C"
                        ],
                        [
                            1036.693808,
                            565.649606,
                            "C"
                        ],
                        [
                            1129.506244,
                            565.649606,
                            "C"
                        ],
                        [
                            1198.693697,
                            572.399601,
                            "C"
                        ],
                        [
                            1280.811619,
                            577.462097,
                            "C"
                        ],
                        [
                            1280.811619,
                            476.212168,
                            "L"
                        ],
                        [
                            1137.943739,
                            476.212168,
                            "L"
                        ],
                        [
                            1105.881261,
                            440.774693,
                            "L"
                        ],
                        [
                            1004.63133,
                            437.399694,
                            "L"
                        ],
                        [
                            975.94385,
                            449.212186,
                            "L"
                        ],
                        [
                            824.068955,
                            442.462191,
                            "L"
                        ],
                        [
                            803.818969,
                            420.524706,
                            "L"
                        ],
                        [
                            681.749531,
                            415.124715,
                            "C"
                        ],
                        [
                            489.944185,
                            430.649699,
                            "C"
                        ],
                        [
                            422.444231,
                            376.649736,
                            "C"
                        ],
                        [
                            375.194263,
                            374.962236,
                            "L"
                        ],
                        [
                            117.006941,
                            412.087213,
                            "L"
                        ],
                        [
                            101.819451,
                            482.962163,
                            "L"
                        ],
                        [
                            0,
                            521.774636,
                            "L"
                        ],
                        [
                            2.257019,
                            580.837096,
                            "L"
                        ]
                    ]
                },
                {
                    "category": "lane/crosswalk",
                    "id": 22,
                    "attributes": {
                        "direction": "vertical",
                        "style": "dashed"
                    },
                    "poly2d": [
                        [
                            103.594737,
                            419.494739,
                            "L"
                        ],
                        [
                            610.057898,
                            431.005265,
                            "L"
                        ]
                    ]
                },
                {
                    "category": "lane/crosswalk",
                    "id": 23,
                    "attributes": {
                        "direction": "vertical",
                        "style": "dashed"
                    },
                    "poly2d": [
                        [
                            150.91579,
                            405.426318,
                            "L"
                        ],
                        [
                            558.900003,
                            419.494739,
                            "L"
                        ]
                    ]
                },
                {
                    "category": "lane/crosswalk",
                    "id": 24,
                    "attributes": {
                        "direction": "vertical",
                        "style": "dashed"
                    },
                    "poly2d": [
                        [
                            561.457898,
                            432.284213,
                            "C"
                        ],
                        [
                            636.915793,
                            466.815792,
                            "C"
                        ],
                        [
                            722.605267,
                            509.021055,
                            "C"
                        ],
                        [
                            783.994741,
                            552.505266,
                            "L"
                        ]
                    ]
                },
                {
                    "category": "lane/crosswalk",
                    "id": 25,
                    "attributes": {
                        "direction": "vertical",
                        "style": "dashed"
                    },
                    "poly2d": [
                        [
                            904.215794,
                            434.842108,
                            "L"
                        ],
                        [
                            1277.668428,
                            506.463161,
                            "L"
                        ]
                    ]
                },
                {
                    "category": "lane/road curb",
                    "id": 26,
                    "attributes": {
                        "direction": "parallel",
                        "style": "solid"
                    },
                    "poly2d": [
                        [
                            1131.868427,
                            445.073687,
                            "L"
                        ],
                        [
                            968.163163,
                            434.842108,
                            "L"
                        ]
                    ]
                },
                {
                    "category": "lane/road curb",
                    "id": 27,
                    "attributes": {
                        "direction": "parallel",
                        "style": "solid"
                    },
                    "poly2d": [
                        [
                            932.352636,
                            431.005265,
                            "L"
                        ],
                        [
                            826.200004,
                            429.726318,
                            "L"
                        ]
                    ]
                },
                {
                    "category": "lane/road curb",
                    "id": 28,
                    "attributes": {
                        "direction": "parallel",
                        "style": "solid"
                    },
                    "poly2d": [
                        [
                            681.678951,
                            431.005265,
                            "L"
                        ],
                        [
                            566.573687,
                            424.610529,
                            "L"
                        ]
                    ]
                },
                {
                    "category": "lane/road curb",
                    "id": 29,
                    "attributes": {
                        "direction": "parallel",
                        "style": "solid"
                    },
                    "poly2d": [
                        [
                            451.468423,
                            384.96316,
                            "L"
                        ],
                        [
                            515.415792,
                            414.37895,
                            "L"
                        ]
                    ]
                },
                {
                    "category": "lane/road curb",
                    "id": 30,
                    "attributes": {
                        "direction": "parallel",
                        "style": "solid"
                    },
                    "poly2d": [
                        [
                            318.457896,
                            383.684213,
                            "C"
                        ],
                        [
                            231.489475,
                            393.915792,
                            "C"
                        ],
                        [
                            167.542106,
                            399.031581,
                            "C"
                        ],
                        [
                            98.478948,
                            415.657897,
                            "L"
                        ]
                    ]
                },
                {
                    "category": "lane/single white",
                    "id": 31,
                    "attributes": {
                        "direction": "parallel",
                        "style": "dashed"
                    },
                    "poly2d": [
                        [
                            379.84737,
                            384.96316,
                            "L"
                        ],
                        [
                            318.457896,
                            406.705265,
                            "L"
                        ]
                    ]
                },
                {
                    "category": "lane/single white",
                    "id": 32,
                    "attributes": {
                        "direction": "parallel",
                        "style": "dashed"
                    },
                    "poly2d": [
                        [
                            382.405265,
                            386.242107,
                            "L"
                        ],
                        [
                            323.573686,
                            409.26316,
                            "L"
                        ]
                    ]
                }
            ]
        }
    ],
    "attributes": {
        "weather": "clear",
        "scene": "residential",
        "timeofday": "daytime"
    }
}