{
    "name": "00d9e313-7d75bb18",
    "frames": [
        {
            "timestamp": 10000,
            "objects": [
                {
                    "category": "car",
                    "id": 0,
                    "attributes": {
                        "occluded": false,
                        "truncated": true,
                        "trafficLightColor": "none"
                    },
                    "box2d": {
                        "x1": 2.448364,
                        "y1": 99.158742,
                        "x2": 348.89187,
                        "y2": 445.602248
                    }
                },
                {
                    "category": "car",
                    "id": 1,
                    "attributes": {
                        "occluded": false,
                        "truncated": false,
                        "trafficLightColor": "none"
                    },
                    "box2d": {
                        "x1": 561.89954,
                        "y1": 331.753322,
                        "x2": 648.816463,
                        "y2": 408.876788
                    }
                },
                {
                    "category": "car",
                    "id": 2,
                    "attributes": {
                        "occluded": true,
                        "truncated": false,
                        "trafficLightColor": "none"
                    },
                    "box2d": {
                        "x1": 645.143915,
                        "y1": 353.788598,
                        "x2": 687.990285,
                        "y2": 399.083333
                    }
                },
                {
                    "category": "car",
                    "id": 3,
                    "attributes": {
                        "occluded": false,
                        "truncated": false,
                        "trafficLightColor": "none"
                    },
                    "box2d": {
                        "x1": 733.285019,
                        "y1": 361.133691,
                        "x2": 761.441206,
                        "y2": 385.61733
                    }
                },
                {
                    "category": "bus",
                    "id": 4,
                    "attributes": {
                        "occluded": true,
                        "truncated": false,
                        "trafficLightColor": "none"
                    },
                    "box2d": {
                        "x1": 751.647749,
                        "y1": 352.564417,
                        "x2": 785.924845,
                        "y2": 379.49642
                    }
                },
                {
                    "category": "car",
                    "id": 5,
                    "attributes": {
                        "occluded": false,
                        "truncated": false,
                        "trafficLightColor": "none"
                    },
                    "box2d": {
                        "x1": 700.232105,
                        "y1": 361.133691,
                        "x2": 713.698107,
                        "y2": 372.151329
                    }
                },
                {
                    "category": "traffic light",
                    "id": 6,
                    "attributes": {
                        "occluded": false,
                        "truncated": false,
                        "trafficLightColor": "green"
                    },
                    "box2d": {
                        "x1": 678.196829,
                        "y1": 183.6273,
                        "x2": 697.783742,
                        "y2": 231.370397
                    }
                },
                {
                    "category": "traffic light",
                    "id": 7,
                    "attributes": {
                        "occluded": false,
                        "truncated": false,
                        "trafficLightColor": "green"
                    },
                    "box2d": {
                        "x1": 864.272493,
                        "y1": 292.579498,
                        "x2": 876.514313,
                        "y2": 319.511502
                    }
                },
                {
                    "category": "traffic sign",
                    "id": 8,
                    "attributes": {
                        "occluded": false,
                        "truncated": false,
                        "trafficLightColor": "none"
                    },
                    "box2d": {
                        "x1": 969.552145,
                        "y1": 297.476227,
                        "x2": 989.139057,
                        "y2": 310.942229
                    }
                },
                {
                    "category": "traffic sign",
                    "id": 9,
                    "attributes": {
                        "occluded": false,
                        "truncated": false,
                        "trafficLightColor": "none"
                    },
                    "box2d": {
                        "x1": 996.484149,
                        "y1": 309.718046,
                        "x2": 1036.882155,
                        "y2": 321.959867
                    }
                },
                {
                    "category": "traffic light",
                    "id": 10,
                    "attributes": {
                        "occluded": false,
                        "truncated": false,
                        "trafficLightColor": "none"
                    },
                    "box2d": {
                        "x1": 716.146471,
                        "y1": 313.390592,
                        "x2": 723.491564,
                        "y2": 328.080775
                    }
                },
                {
                    "category": "traffic sign",
                    "id": 11,
                    "attributes": {
                        "occluded": false,
                        "truncated": false,
                        "trafficLightColor": "none"
                    },
                    "box2d": {
                        "x1": 702.680469,
                        "y1": 319.511502,
                        "x2": 716.146471,
                        "y2": 326.856594
                    }
                },
                {
                    "category": "traffic sign",
                    "id": 12,
                    "attributes": {
                        "occluded": false,
                        "truncated": false,
                        "trafficLightColor": "none"
                    },
                    "box2d": {
                        "x1": 841.013035,
                        "y1": 263.19913,
                        "x2": 858.151582,
                        "y2": 314.614775
                    }
                },
                {
                    "category": "traffic sign",
                    "id": 13,
                    "attributes": {
                        "occluded": true,
                        "truncated": false,
                        "trafficLightColor": "none"
                    },
                    "box2d": {
                        "x1": 844.685581,
                        "y1": 329.304959,
                        "x2": 880.186859,
                        "y2": 342.770961
                    }
                },
                {
                    "category": "traffic sign",
                    "id": 14,
                    "attributes": {
                        "occluded": true,
                        "truncated": false,
                        "trafficLightColor": "none"
                    },
                    "box2d": {
                        "x1": 526.398261,
                        "y1": 315.838956,
                        "x2": 539.864263,
                        "y2": 335.425868
                    }
                },
                {
                    "category": "person",
                    "id": 15,
                    "attributes": {
                        "occluded": false,
                        "truncated": true,
                        "trafficLightColor": "none"
                    },
                    "box2d": {
                        "x1": 1115.032749,
                        "y1": 363.811086,
                        "x2": 1144.431623,
                        "y2": 437.308276
                    }
                },
                {
                    "category": "area/drivable",
                    "id": 16,
                    "attributes": {},
                    "poly2d": [
                        [
                            555.882909,
                            381.326753,
                            "L"
                        ],
                        [
                            0,
                            489.712158,
                            "L"
                        ],
                        [
                            0,
                            552.149616,
                            "L"
                        ],
                        [
                            306.006812,
                            538.649626,
                            "C"
                        ],
                        [
                            663.370989,
                            524.132345,
                            "C"
                        ],
                        [
                            959.068861,
                            547.087119,
                            "C"
                        ],
                        [
                            959.068861,
                            499.837151,
                            "C"
                        ],
                        [
                            1095.756268,
                            496.462154,
                            "C"
                        ],
                        [
                            1164.943719,
                            496.462154,
                            "C"
                        ],
                        [
                            1085.631274,
                            428.9622,
                            "L"
                        ],
                        [
                            986.068843,
                            432.337198,
                            "C"
                        ],
                        [
                            763.318995,
                            434.024698,
                            "C"
                        ],
                        [
                            775.131489,
                            391.837226,
                            "C"
                        ],
                        [
                            700.881539,
                            385.08723,
                            "L"
                        ],
                        [
                            692.546325,
                            402.824369,
                            "L"
                        ],
                        [
                            655.693269,
                            401.288825,
                            "L"
                        ],
                        [
                            648.015549,
                            415.108721,
                            "L"
                        ],
                        [
                            555.756639,
                            410.399713,
                            "L"
                        ],
                        [
                            555.882909,
                            381.326753,
                            "L"
                        ]
                    ]
                },
                {
                    "category": "lane/road curb",
                    "id": 17,
                    "attributes": {
                        "direction": "parallel",
                        "style": "solid"
                    },
                    "poly2d": [
                        [
                            503.905266,
                            381.126318,
                            "L"
                        ],
                        [
                            313.342107,
                            393.915792,
                            "L"
                        ]
                    ]
                },
                {
                    "category": "lane/road curb",
                    "id": 18,
                    "attributes": {
                        "direction": "parallel",
                        "style": "solid"
                    },
                    "poly2d": [
                        [
                            1061.526321,
                            557.621056,
                            "C"
                        ],
                        [
                            1055.131585,
                            524.368424,
                            "C"
                        ],
                        [
                            1039.784216,
                            511.57895,
                            "C"
                        ],
                        [
                            1126.752638,
                            501.347371,
                            "L"
                        ]
                    ]
                },
                {
                    "category": "lane/single white",
                    "id": 19,
                    "attributes": {
                        "direction": "vertical",
                        "style": "solid"
                    },
                    "poly2d": [
                        [
                            957.931584,
                            422.052634,
                            "L"
                        ],
                        [
                            1174.07369,
                            469.373687,
                            "L"
                        ]
                    ]
                },
                {
                    "category": "lane/single white",
                    "id": 20,
                    "attributes": {
                        "direction": "vertical",
                        "style": "solid"
                    },
                    "poly2d": [
                        [
                            986.068426,
                            422.052634,
                            "L"
                        ],
                        [
                            1167.678954,
                            462.97895,
                            "L"
                        ]
                    ]
                },
                {
                    "category": "lane/crosswalk",
                    "id": 21,
                    "attributes": {
                        "direction": "vertical",
                        "style": "dashed"
                    },
                    "poly2d": [
                        [
                            957.931584,
                            532.042108,
                            "C"
                        ],
                        [
                            640.752635,
                            510.300003,
                            "C"
                        ],
                        [
                            303.110528,
                            496.231582,
                            "C"
                        ],
                        [
                            0,
                            493.673687,
                            "L"
                        ]
                    ]
                },
                {
                    "category": "lane/crosswalk",
                    "id": 22,
                    "attributes": {
                        "direction": "vertical",
                        "style": "dashed"
                    },
                    "poly2d": [
                        [
                            3.836842,
                            484.721055,
                            "C"
                        ],
                        [
                            338.921054,
                            491.115792,
                            "C"
                        ],
                        [
                            643.31053,
                            501.347371,
                            "C"
                        ],
                        [
                            954.094742,
                            524.368424,
                            "L"
                        ]
                    ]
                },
                {
                    "category": "lane/crosswalk",
                    "id": 23,
                    "attributes": {
                        "direction": "vertical",
                        "style": "dashed"
                    },
                    "poly2d": [
                        [
                            346.594739,
                            396.473686,
                            "L"
                        ],
                        [
                            564.015792,
                            399.031581,
                            "L"
                        ]
                    ]
                },
                {
                    "category": "lane/crosswalk",
                    "id": 24,
                    "attributes": {
                        "direction": "vertical",
                        "style": "dashed"
                    },
                    "poly2d": [
                        [
                            374.731581,
                            392.636844,
                            "L"
                        ],
                        [
                            561.457898,
                            393.915792,
                            "L"
                        ]
                    ]
                }
            ]
        }
    ],
    "attributes": {
        "weather": "clear",
        "scene": "city street",
        "timeofday": "daytime"
    }
}