{
    "name": "00db9030-5102ed41",
    "frames": [
        {
            "timestamp": 10000,
            "objects": [
                {
                    "category": "traffic light",
                    "id": 0,
                    "attributes": {
                        "occluded": false,
                        "truncated": false,
                        "trafficLightColor": "green"
                    },
                    "box2d": {
                        "x1": 705.606541,
                        "y1": 174.149875,
                        "x2": 719.106532,
                        "y2": 214.649847
                    }
                },
                {
                    "category": "traffic light",
                    "id": 1,
                    "attributes": {
                        "occluded": false,
                        "truncated": false,
                        "trafficLightColor": "green"
                    },
                    "box2d": {
                        "x1": 621.231599,
                        "y1": 295.649792,
                        "x2": 631.356591,
                        "y2": 315.899777
                    }
                },
                {
                    "category": "traffic light",
                    "id": 2,
                    "attributes": {
                        "occluded": false,
                        "truncated": false,
                        "trafficLightColor": "green"
                    },
                    "box2d": {
                        "x1": 535.169158,
                        "y1": 295.649792,
                        "x2": 545.29415,
                        "y2": 317.587277
                    }
                },
                {
                    "category": "traffic light",
                    "id": 3,
                    "attributes": {
                        "occluded": false,
                        "truncated": true,
                        "trafficLightColor": "green"
                    },
                    "box2d": {
                        "x1": 3.607024,
                        "y1": 0,
                        "x2": 30.607004,
                        "y2": 13.837485
                    }
                },
                {
                    "category": "traffic light",
                    "id": 4,
                    "attributes": {
                        "occluded": false,
                        "truncated": false,
                        "trafficLightColor": "red"
                    },
                    "box2d": {
                        "x1": 82.919469,
                        "y1": 280.462302,
                        "x2": 99.794459,
                        "y2": 307.462284
                    }
                },
                {
                    "category": "traffic light",
                    "id": 5,
                    "attributes": {
                        "occluded": false,
                        "truncated": false,
                        "trafficLightColor": "red"
                    },
                    "box2d": {
                        "x1": 865.918931,
                        "y1": 293.962293,
                        "x2": 881.10642,
                        "y2": 312.52478
                    }
                },
                {
                    "category": "traffic sign",
                    "id": 6,
                    "attributes": {
                        "occluded": false,
                        "truncated": false,
                        "trafficLightColor": "none"
                    },
                    "box2d": {
                        "x1": 77.856973,
                        "y1": 212.962349,
                        "x2": 104.856954,
                        "y2": 231.524836
                    }
                },
                {
                    "category": "traffic sign",
                    "id": 7,
                    "attributes": {
                        "occluded": false,
                        "truncated": false,
                        "trafficLightColor": "none"
                    },
                    "box2d": {
                        "x1": 840.606448,
                        "y1": 199.462358,
                        "x2": 862.543934,
                        "y2": 226.462339
                    }
                },
                {
                    "category": "car",
                    "id": 8,
                    "attributes": {
                        "occluded": true,
                        "truncated": false,
                        "trafficLightColor": "none"
                    },
                    "box2d": {
                        "x1": 671.856564,
                        "y1": 339.524762,
                        "x2": 698.856546,
                        "y2": 373.274737
                    }
                },
                {
                    "category": "car",
                    "id": 9,
                    "attributes": {
                        "occluded": true,
                        "truncated": false,
                        "trafficLightColor": "none"
                    },
                    "box2d": {
                        "x1": 687.044054,
                        "y1": 336.149764,
                        "x2": 734.294022,
                        "y2": 381.712233
                    }
                },
                {
                    "category": "rider",
                    "id": 10,
                    "attributes": {
                        "occluded": true,
                        "truncated": false,
                        "trafficLightColor": "none"
                    },
                    "box2d": {
                        "x1": 725.856526,
                        "y1": 334.462265,
                        "x2": 754.544006,
                        "y2": 376.649736
                    }
                },
                {
                    "category": "bike",
                    "id": 11,
                    "attributes": {
                        "occluded": true,
                        "truncated": false,
                        "trafficLightColor": "none"
                    },
                    "box2d": {
                        "x1": 725.856526,
                        "y1": 354.712251,
                        "x2": 756.231506,
                        "y2": 408.712213
                    }
                },
                {
                    "category": "car",
                    "id": 12,
                    "attributes": {
                        "occluded": false,
                        "truncated": false,
                        "trafficLightColor": "none"
                    },
                    "box2d": {
                        "x1": 557.106643,
                        "y1": 334.462265,
                        "x2": 592.544119,
                        "y2": 361.462246
                    }
                },
                {
                    "category": "car",
                    "id": 13,
                    "attributes": {
                        "occluded": false,
                        "truncated": false,
                        "trafficLightColor": "none"
                    },
                    "box2d": {
                        "x1": 617.856601,
                        "y1": 324.337272,
                        "x2": 670.169065,
                        "y2": 376.649736
                    }
                },
                {
                    "category": "car",
                    "id": 14,
                    "attributes": {
                        "occluded": false,
                        "truncated": true,
                        "trafficLightColor": "none"
                    },
                    "box2d": {
                        "x1": 0,
                        "y1": 341.21226,
                        "x2": 71.106977,
                        "y2": 427.274701
                    }
                },
                {
                    "category": "car",
                    "id": 15,
                    "attributes": {
                        "occluded": false,
                        "truncated": true,
                        "trafficLightColor": "none"
                    },
                    "box2d": {
                        "x1": 1115.668759,
                        "y1": 326.024771,
                        "x2": 1279.356147,
                        "y2": 543.712121
                    }
                },
                {
                    "category": "traffic light",
                    "id": 16,
                    "attributes": {
                        "occluded": false,
                        "truncated": false,
                        "trafficLightColor": "red"
                    },
                    "box2d": {
                        "x1": 852.41894,
                        "y1": 290.587295,
                        "x2": 865.918931,
                        "y2": 314.21228
                    }
                },
                {
                    "category": "traffic light",
                    "id": 17,
                    "attributes": {
                        "occluded": false,
                        "truncated": false,
                        "trafficLightColor": "red"
                    },
                    "box2d": {
                        "x1": 492.823277,
                        "y1": 328.548858,
                        "x2": 503.122615,
                        "y2": 338.848195
                    }
                },
                {
                    "category": "person",
                    "id": 18,
                    "attributes": {
                        "occluded": false,
                        "truncated": false,
                        "trafficLightColor": "none"
                    },
                    "box2d": {
                        "x1": 195.429911,
                        "y1": 322.111772,
                        "x2": 217.316003,
                        "y2": 373.608459
                    }
                },
                {
                    "category": "person",
                    "id": 19,
                    "attributes": {
                        "occluded": false,
                        "truncated": false,
                        "trafficLightColor": "none"
                    },
                    "box2d": {
                        "x1": 424.590167,
                        "y1": 333.698527,
                        "x2": 438.751756,
                        "y2": 365.883956
                    }
                },
                {
                    "category": "person",
                    "id": 20,
                    "attributes": {
                        "occluded": false,
                        "truncated": false,
                        "trafficLightColor": "none"
                    },
                    "box2d": {
                        "x1": 849.437834,
                        "y1": 329.836275,
                        "x2": 876.473594,
                        "y2": 399.356802
                    }
                },
                {
                    "category": "car",
                    "id": 21,
                    "attributes": {
                        "occluded": true,
                        "truncated": false,
                        "trafficLightColor": "none"
                    },
                    "box2d": {
                        "x1": 1088.897427,
                        "y1": 347.860116,
                        "x2": 1204.764973,
                        "y2": 437.979318
                    }
                },
                {
                    "category": "traffic light",
                    "id": 22,
                    "attributes": {
                        "occluded": false,
                        "truncated": false,
                        "trafficLightColor": "red"
                    },
                    "box2d": {
                        "x1": 597.104068,
                        "y1": 320.824355,
                        "x2": 603.541154,
                        "y2": 334.985944
                    }
                },
                {
                    "category": "area/drivable",
                    "id": 23,
                    "attributes": {},
                    "poly2d": [
                        [
                            537.194153,
                            379.687239,
                            "L"
                        ],
                        [
                            101.819451,
                            595.68709,
                            "L"
                        ],
                        [
                            321.1943,
                            575.437103,
                            "C"
                        ],
                        [
                            523.694161,
                            588.937095,
                            "C"
                        ],
                        [
                            692.444046,
                            609.187081,
                            "C"
                        ],
                        [
                            869.631423,
                            605.812085,
                            "C"
                        ],
                        [
                            1127.818746,
                            639.56206,
                            "C"
                        ],
                        [
                            1280.811619,
                            685.12453,
                            "C"
                        ],
                        [
                            1280.811619,
                            588.937095,
                            "L"
                        ],
                        [
                            1109.256259,
                            539.999628,
                            "L"
                        ],
                        [
                            1062.006291,
                            423.562209,
                            "L"
                        ],
                        [
                            984.381345,
                            415.124715,
                            "C"
                        ],
                        [
                            900.006402,
                            421.87471,
                            "C"
                        ],
                        [
                            822.381455,
                            408.374719,
                            "C"
                        ],
                        [
                            738.612645,
                            409.990249,
                            "L"
                        ],
                        [
                            684.006551,
                            384.749736,
                            "L"
                        ],
                        [
                            537.194153,
                            379.687239,
                            "L"
                        ]
                    ]
                },
                {
                    "category": "lane/road curb",
                    "id": 24,
                    "attributes": {
                        "direction": "parallel",
                        "style": "solid"
                    },
                    "poly2d": [
                        [
                            423.861497,
                            367.682574,
                            "L"
                        ],
                        [
                            228.413122,
                            390.896749,
                            "L"
                        ]
                    ]
                },
                {
                    "category": "lane/road curb",
                    "id": 25,
                    "attributes": {
                        "direction": "parallel",
                        "style": "solid"
                    },
                    "poly2d": [
                        [
                            799.032514,
                            400.631725,
                            "C"
                        ],
                        [
                            864.930817,
                            424.594744,
                            "C"
                        ],
                        [
                            885.898458,
                            415.608612,
                            "C"
                        ],
                        [
                            1091.081809,
                            424.594744,
                            "L"
                        ]
                    ]
                },
                {
                    "category": "lane/crosswalk",
                    "id": 26,
                    "attributes": {
                        "direction": "vertical",
                        "style": "dashed"
                    },
                    "poly2d": [
                        [
                            1079.100299,
                            459.041584,
                            "L"
                        ],
                        [
                            924.08952,
                            420.850522,
                            "L"
                        ]
                    ]
                },
                {
                    "category": "lane/crosswalk",
                    "id": 27,
                    "attributes": {
                        "direction": "vertical",
                        "style": "dashed"
                    },
                    "poly2d": [
                        [
                            1088.835276,
                            456.046207,
                            "L"
                        ],
                        [
                            945.057162,
                            420.101678,
                            "L"
                        ]
                    ]
                },
                {
                    "category": "lane/crosswalk",
                    "id": 28,
                    "attributes": {
                        "direction": "vertical",
                        "style": "dashed"
                    },
                    "poly2d": [
                        [
                            1085.839899,
                            501.725712,
                            "C"
                        ],
                        [
                            693.445461,
                            469.525405,
                            "C"
                        ],
                        [
                            399.898478,
                            484.502292,
                            "C"
                        ],
                        [
                            0.764441,
                            484.502292,
                            "L"
                        ]
                    ]
                },
                {
                    "category": "lane/crosswalk",
                    "id": 29,
                    "attributes": {
                        "direction": "vertical",
                        "style": "dashed"
                    },
                    "poly2d": [
                        [
                            993.732044,
                            448.557763,
                            "C"
                        ],
                        [
                            648.514801,
                            439.571631,
                            "C"
                        ],
                        [
                            417.870742,
                            424.594744,
                            "C"
                        ],
                        [
                            30.718215,
                            444.813542,
                            "L"
                        ]
                    ]
                },
                {
                    "category": "lane/crosswalk",
                    "id": 30,
                    "attributes": {
                        "direction": "vertical",
                        "style": "dashed"
                    },
                    "poly2d": [
                        [
                            813.260557,
                            414.110923,
                            "C"
                        ],
                        [
                            590.853786,
                            405.873636,
                            "C"
                        ],
                        [
                            393.158879,
                            394.64097,
                            "C"
                        ],
                        [
                            126.570291,
                            412.613235,
                            "L"
                        ]
                    ]
                },
                {
                    "category": "lane/crosswalk",
                    "id": 31,
                    "attributes": {
                        "direction": "vertical",
                        "style": "dashed"
                    },
                    "poly2d": [
                        [
                            777.316028,
                            397.636348,
                            "C"
                        ],
                        [
                            599.839918,
                            397.636348,
                            "C"
                        ],
                        [
                            417.870742,
                            385.654838,
                            "C"
                        ],
                        [
                            175.245174,
                            400.631725,
                            "L"
                        ]
                    ]
                },
                {
                    "category": "lane/single white",
                    "id": 32,
                    "attributes": {
                        "direction": "vertical",
                        "style": "solid"
                    },
                    "poly2d": [
                        [
                            495.00171,
                            387.901371,
                            "L"
                        ],
                        [
                            387.168124,
                            390.147904,
                            "L"
                        ]
                    ]
                },
                {
                    "category": "lane/single white",
                    "id": 33,
                    "attributes": {
                        "direction": "parallel",
                        "style": "solid"
                    },
                    "poly2d": [
                        [
                            453.815271,
                            376.668706,
                            "L"
                        ],
                        [
                            360.209727,
                            391.645593,
                            "L"
                        ]
                    ]
                },
                {
                    "category": "lane/single white",
                    "id": 34,
                    "attributes": {
                        "direction": "parallel",
                        "style": "solid"
                    },
                    "poly2d": [
                        [
                            607.328362,
                            366.93373,
                            "L"
                        ],
                        [
                            633.537914,
                            394.64097,
                            "L"
                        ]
                    ]
                },
                {
                    "category": "lane/single white",
                    "id": 35,
                    "attributes": {
                        "direction": "parallel",
                        "style": "solid"
                    },
                    "poly2d": [
                        [
                            604.332984,
                            369.180263,
                            "L"
                        ],
                        [
                            628.296003,
                            394.64097,
                            "L"
                        ]
                    ]
                },
                {
                    "category": "lane/single white",
                    "id": 36,
                    "attributes": {
                        "direction": "parallel",
                        "style": "solid"
                    },
                    "poly2d": [
                        [
                            702.431593,
                            393.892126,
                            "L"
                        ],
                        [
                            667.235909,
                            375.171017,
                            "L"
                        ]
                    ]
                },
                {
                    "category": "lane/double yellow",
                    "id": 37,
                    "attributes": {
                        "direction": "parallel",
                        "style": "solid"
                    },
                    "poly2d": [
                        [
                            535.439304,
                            366.184885,
                            "L"
                        ],
                        [
                            493.504021,
                            390.896749,
                            "L"
                        ]
                    ]
                },
                {
                    "category": "lane/double yellow",
                    "id": 38,
                    "attributes": {
                        "direction": "parallel",
                        "style": "solid"
                    },
                    "poly2d": [
                        [
                            546.671969,
                            367.682574,
                            "L"
                        ],
                        [
                            508.480908,
                            391.645593,
                            "L"
                        ]
                    ]
                },
                {
                    "category": "lane/double yellow",
                    "id": 39,
                    "attributes": {
                        "direction": "parallel",
                        "style": "solid"
                    },
                    "poly2d": [
                        [
                            292.813736,
                            485.999981,
                            "L"
                        ],
                        [
                            47.192791,
                            595.331255,
                            "L"
                        ]
                    ]
                },
                {
                    "category": "lane/double yellow",
                    "id": 40,
                    "attributes": {
                        "direction": "parallel",
                        "style": "solid"
                    },
                    "poly2d": [
                        [
                            330.255953,
                            485.999981,
                            "L"
                        ],
                        [
                            105.60265,
                            599.824321,
                            "L"
                        ]
                    ]
                },
                {
                    "category": "lane/single white",
                    "id": 41,
                    "attributes": {
                        "direction": "parallel",
                        "style": "solid"
                    },
                    "poly2d": [
                        [
                            256.869208,
                            405.873636,
                            "L"
                        ],
                        [
                            113.091093,
                            435.827409,
                            "L"
                        ]
                    ]
                },
                {
                    "category": "lane/single white",
                    "id": 42,
                    "attributes": {
                        "direction": "parallel",
                        "style": "solid"
                    },
                    "poly2d": [
                        [
                            262.859962,
                            408.869013,
                            "L"
                        ],
                        [
                            127.319136,
                            438.073942,
                            "L"
                        ]
                    ]
                },
                {
                    "category": "lane/single white",
                    "id": 43,
                    "attributes": {
                        "direction": "vertical",
                        "style": "solid"
                    },
                    "poly2d": [
                        [
                            1200.413084,
                            553.395972,
                            "C"
                        ],
                        [
                            888.893836,
                            541.414462,
                            "C"
                        ],
                        [
                            562.397701,
                            531.679486,
                            "C"
                        ],
                        [
                            244.887698,
                            529.432953,
                            "L"
                        ]
                    ]
                },
                {
                    "category": "lane/single white",
                    "id": 44,
                    "attributes": {
                        "direction": "vertical",
                        "style": "solid"
                    },
                    "poly2d": [
                        [
                            1246.841433,
                            576.610146,
                            "C"
                        ],
                        [
                            908.363789,
                            562.382104,
                            "C"
                        ],
                        [
                            566.890767,
                            551.898283,
                            "C"
                        ],
                        [
                            208.943169,
                            547.405217,
                            "L"
                        ]
                    ]
                },
                {
                    "category": "lane/single white",
                    "id": 45,
                    "attributes": {
                        "direction": "parallel",
                        "style": "solid"
                    },
                    "poly2d": [
                        [
                            924.08952,
                            565.377481,
                            "L"
                        ],
                        [
                            977.257468,
                            596.828944,
                            "L"
                        ]
                    ]
                },
                {
                    "category": "lane/single white",
                    "id": 46,
                    "attributes": {
                        "direction": "parallel",
                        "style": "solid"
                    },
                    "poly2d": [
                        [
                            950.299072,
                            566.87517,
                            "L"
                        ],
                        [
                            1005.713554,
                            595.331255,
                            "L"
                        ]
                    ]
                },
                {
                    "category": "lane/single white",
                    "id": 47,
                    "attributes": {
                        "direction": "parallel",
                        "style": "dashed"
                    },
                    "poly2d": [
                        [
                            679.217419,
                            411.86439,
                            "L"
                        ],
                        [
                            724.148079,
                            438.073942,
                            "L"
                        ]
                    ]
                },
                {
                    "category": "lane/single white",
                    "id": 48,
                    "attributes": {
                        "direction": "parallel",
                        "style": "dashed"
                    },
                    "poly2d": [
                        [
                            688.203551,
                            409.617857,
                            "L"
                        ],
                        [
                            743.618032,
                            438.822787,
                            "L"
                        ]
                    ]
                },
                {
                    "category": "lane/single white",
                    "id": 49,
                    "attributes": {
                        "direction": "parallel",
                        "style": "dashed"
                    },
                    "poly2d": [
                        [
                            751.106476,
                            414.110923,
                            "L"
                        ],
                        [
                            833.479354,
                            444.064697,
                            "L"
                        ]
                    ]
                },
                {
                    "category": "lane/single white",
                    "id": 50,
                    "attributes": {
                        "direction": "parallel",
                        "style": "dashed"
                    },
                    "poly2d": [
                        [
                            761.590297,
                            411.86439,
                            "L"
                        ],
                        [
                            846.209708,
                            441.06932,
                            "L"
                        ]
                    ]
                }
            ]
        }
    ],
    "attributes": {
        "weather": "clear",
        "scene": "city street",
        "timeofday": "night"
    }
}