{
    "name": "00dc5030-237e7f71",
    "frames": [
        {
            "timestamp": 10000,
            "objects": [
                {
                    "category": "person",
                    "id": 0,
                    "attributes": {
                        "occluded": true,
                        "truncated": false,
                        "trafficLightColor": "none"
                    },
                    "box2d": {
                        "x1": 272.439322,
                        "y1": 335.309934,
                        "x2": 287.408513,
                        "y2": 379.219569
                    }
                },
                {
                    "category": "person",
                    "id": 1,
                    "attributes": {
                        "occluded": false,
                        "truncated": false,
                        "trafficLightColor": "none"
                    },
                    "box2d": {
                        "x1": 447.079909,
                        "y1": 326.328414,
                        "x2": 454.065533,
                        "y2": 349.281178
                    }
                },
                {
                    "category": "person",
                    "id": 2,
                    "attributes": {
                        "occluded": false,
                        "truncated": false,
                        "trafficLightColor": "none"
                    },
                    "box2d": {
                        "x1": 426.123039,
                        "y1": 329.322253,
                        "x2": 437.100442,
                        "y2": 353.272961
                    }
                },
                {
                    "category": "person",
                    "id": 3,
                    "attributes": {
                        "occluded": false,
                        "truncated": false,
                        "trafficLightColor": "none"
                    },
                    "box2d": {
                        "x1": 417.141524,
                        "y1": 330.3202,
                        "x2": 431.112772,
                        "y2": 356.266805
                    }
                },
                {
                    "category": "person",
                    "id": 4,
                    "attributes": {
                        "occluded": false,
                        "truncated": false,
                        "trafficLightColor": "none"
                    },
                    "box2d": {
                        "x1": 382.213404,
                        "y1": 331.318148,
                        "x2": 391.194921,
                        "y2": 357.26475
                    }
                },
                {
                    "category": "rider",
                    "id": 5,
                    "attributes": {
                        "occluded": false,
                        "truncated": false,
                        "trafficLightColor": "none"
                    },
                    "box2d": {
                        "x1": 359.260644,
                        "y1": 318.344845,
                        "x2": 380.217514,
                        "y2": 367.24421
                    }
                },
                {
                    "category": "bike",
                    "id": 6,
                    "attributes": {
                        "occluded": false,
                        "truncated": false,
                        "trafficLightColor": "none"
                    },
                    "box2d": {
                        "x1": 359.260644,
                        "y1": 345.289393,
                        "x2": 378.221619,
                        "y2": 375.227782
                    }
                },
                {
                    "category": "traffic light",
                    "id": 7,
                    "attributes": {
                        "occluded": false,
                        "truncated": false,
                        "trafficLightColor": "green"
                    },
                    "box2d": {
                        "x1": 437.100445,
                        "y1": 266.451643,
                        "x2": 449.075802,
                        "y2": 287.40851
                    }
                },
                {
                    "category": "traffic sign",
                    "id": 8,
                    "attributes": {
                        "occluded": false,
                        "truncated": true,
                        "trafficLightColor": "none"
                    },
                    "box2d": {
                        "x1": 0,
                        "y1": 226.533794,
                        "x2": 25.946603,
                        "y2": 316.348953
                    }
                },
                {
                    "category": "traffic sign",
                    "id": 9,
                    "attributes": {
                        "occluded": false,
                        "truncated": true,
                        "trafficLightColor": "none"
                    },
                    "box2d": {
                        "x1": 433.10866,
                        "y1": 295.392081,
                        "x2": 450.073748,
                        "y2": 300.381813
                    }
                },
                {
                    "category": "traffic sign",
                    "id": 10,
                    "attributes": {
                        "occluded": false,
                        "truncated": true,
                        "trafficLightColor": "none"
                    },
                    "box2d": {
                        "x1": 374.229835,
                        "y1": 296.390028,
                        "x2": 392.19287,
                        "y2": 303.375654
                    }
                },
                {
                    "category": "car",
                    "id": 11,
                    "attributes": {
                        "occluded": false,
                        "truncated": false,
                        "trafficLightColor": "none"
                    },
                    "box2d": {
                        "x1": 442.090181,
                        "y1": 243.498879,
                        "x2": 761.432969,
                        "y2": 535.897122
                    }
                },
                {
                    "category": "area/alternative",
                    "id": 12,
                    "attributes": {},
                    "poly2d": [
                        [
                            0,
                            484.64983,
                            "L"
                        ],
                        [
                            439.321967,
                            365.155209,
                            "L"
                        ],
                        [
                            431.999849,
                            552.149807,
                            "L"
                        ],
                        [
                            298.349896,
                            554.849806,
                            "C"
                        ],
                        [
                            151.199947,
                            573.749799,
                            "C"
                        ],
                        [
                            0,
                            601.2928,
                            "C"
                        ],
                        [
                            0,
                            484.64983,
                            "L"
                        ]
                    ]
                },
                {
                    "category": "area/alternative",
                    "id": 13,
                    "attributes": {},
                    "poly2d": [
                        [
                            4.049999,
                            444.149845,
                            "L"
                        ],
                        [
                            350.999877,
                            372.59987,
                            "L"
                        ],
                        [
                            372.59987,
                            377.999868,
                            "L"
                        ],
                        [
                            0,
                            477.899833,
                            "L"
                        ],
                        [
                            4.049999,
                            444.149845,
                            "L"
                        ]
                    ]
                },
                {
                    "category": "lane/road curb",
                    "id": 14,
                    "attributes": {
                        "direction": "parallel",
                        "style": "solid"
                    },
                    "poly2d": [
                        [
                            354.039722,
                            373.350979,
                            "L"
                        ],
                        [
                            1.287416,
                            449.308593,
                            "L"
                        ]
                    ]
                },
                {
                    "category": "lane/road curb",
                    "id": 15,
                    "attributes": {
                        "direction": "parallel",
                        "style": "solid"
                    },
                    "poly2d": [
                        [
                            759.57613,
                            507.242365,
                            "L"
                        ],
                        [
                            809.7854,
                            565.176138,
                            "L"
                        ]
                    ]
                },
                {
                    "category": "lane/single white",
                    "id": 16,
                    "attributes": {
                        "direction": "parallel",
                        "style": "solid"
                    },
                    "poly2d": [
                        [
                            378.069475,
                            380.564983,
                            "L"
                        ],
                        [
                            0,
                            480.206606,
                            "L"
                        ]
                    ]
                }
            ]
        }
    ],
    "attributes": {
        "weather": "snowy",
        "scene": "city street",
        "timeofday": "dawn/dusk"
    }
}