{
    "name": "00de601c-858a8a8d",
    "frames": [
        {
            "timestamp": 10000,
            "objects": [
                {
                    "category": "traffic sign",
                    "id": 0,
                    "attributes": {
                        "occluded": false,
                        "truncated": false,
                        "trafficLightColor": "none"
                    },
                    "box2d": {
                        "x1": 634.867346,
                        "y1": 390.737265,
                        "x2": 678.462,
                        "y2": 410.112667
                    }
                },
                {
                    "category": "person",
                    "id": 1,
                    "attributes": {
                        "occluded": true,
                        "truncated": false,
                        "trafficLightColor": "none"
                    },
                    "box2d": {
                        "x1": 621.304576,
                        "y1": 437.561155,
                        "x2": 635.836126,
                        "y2": 447.248854
                    }
                },
                {
                    "category": "person",
                    "id": 2,
                    "attributes": {
                        "occluded": true,
                        "truncated": false,
                        "trafficLightColor": "none"
                    },
                    "box2d": {
                        "x1": 605.158407,
                        "y1": 437.561155,
                        "x2": 619.689956,
                        "y2": 445.634238
                    }
                },
                {
                    "category": "person",
                    "id": 3,
                    "attributes": {
                        "occluded": true,
                        "truncated": false,
                        "trafficLightColor": "none"
                    },
                    "box2d": {
                        "x1": 587.397623,
                        "y1": 437.561155,
                        "x2": 600.314557,
                        "y2": 444.019621
                    }
                },
                {
                    "category": "person",
                    "id": 4,
                    "attributes": {
                        "occluded": true,
                        "truncated": false,
                        "trafficLightColor": "none"
                    },
                    "box2d": {
                        "x1": 572.866071,
                        "y1": 437.561155,
                        "x2": 585.783005,
                        "y2": 444.019621
                    }
                },
                {
                    "category": "person",
                    "id": 5,
                    "attributes": {
                        "occluded": true,
                        "truncated": false,
                        "trafficLightColor": "none"
                    },
                    "box2d": {
                        "x1": 532.500651,
                        "y1": 435.946534,
                        "x2": 547.032203,
                        "y2": 447.24885
                    }
                },
                {
                    "category": "car",
                    "id": 6,
                    "attributes": {
                        "occluded": true,
                        "truncated": false,
                        "trafficLightColor": "none"
                    },
                    "box2d": {
                        "x1": 645.308548,
                        "y1": 428.949873,
                        "x2": 690.517821,
                        "y2": 474.159144
                    }
                },
                {
                    "category": "car",
                    "id": 7,
                    "attributes": {
                        "occluded": true,
                        "truncated": false,
                        "trafficLightColor": "none"
                    },
                    "box2d": {
                        "x1": 738.95632,
                        "y1": 434.870142,
                        "x2": 768.019424,
                        "y2": 470.929909
                    }
                },
                {
                    "category": "bus",
                    "id": 8,
                    "attributes": {
                        "occluded": true,
                        "truncated": false,
                        "trafficLightColor": "none"
                    },
                    "box2d": {
                        "x1": 696.976288,
                        "y1": 418.18575,
                        "x2": 754.026049,
                        "y2": 434.33192
                    }
                },
                {
                    "category": "truck",
                    "id": 9,
                    "attributes": {
                        "occluded": true,
                        "truncated": false,
                        "trafficLightColor": "none"
                    },
                    "box2d": {
                        "x1": 755.640664,
                        "y1": 419.800368,
                        "x2": 791.162232,
                        "y2": 461.780406
                    }
                },
                {
                    "category": "car",
                    "id": 10,
                    "attributes": {
                        "occluded": false,
                        "truncated": false,
                        "trafficLightColor": "none"
                    },
                    "box2d": {
                        "x1": 127.554727,
                        "y1": 421.953207,
                        "x2": 219.587885,
                        "y2": 463.933243
                    }
                },
                {
                    "category": "car",
                    "id": 11,
                    "attributes": {
                        "occluded": false,
                        "truncated": false,
                        "trafficLightColor": "none"
                    },
                    "box2d": {
                        "x1": 250.265604,
                        "y1": 428.411675,
                        "x2": 295.474878,
                        "y2": 449.401693
                    }
                },
                {
                    "category": "car",
                    "id": 12,
                    "attributes": {
                        "occluded": true,
                        "truncated": false,
                        "trafficLightColor": "none"
                    },
                    "box2d": {
                        "x1": 314.850277,
                        "y1": 431.640908,
                        "x2": 385.893416,
                        "y2": 457.743864
                    }
                },
                {
                    "category": "car",
                    "id": 13,
                    "attributes": {
                        "occluded": true,
                        "truncated": false,
                        "trafficLightColor": "none"
                    },
                    "box2d": {
                        "x1": 397.195735,
                        "y1": 430.026293,
                        "x2": 448.863472,
                        "y2": 452.630928
                    }
                },
                {
                    "category": "car",
                    "id": 14,
                    "attributes": {
                        "occluded": true,
                        "truncated": false,
                        "trafficLightColor": "none"
                    },
                    "box2d": {
                        "x1": 503.760443,
                        "y1": 434.870142,
                        "x2": 534.438162,
                        "y2": 451.016309
                    }
                },
                {
                    "category": "car",
                    "id": 15,
                    "attributes": {
                        "occluded": false,
                        "truncated": false,
                        "trafficLightColor": "none"
                    },
                    "box2d": {
                        "x1": 872.969493,
                        "y1": 439.713992,
                        "x2": 965.002651,
                        "y2": 491.381729
                    }
                },
                {
                    "category": "car",
                    "id": 16,
                    "attributes": {
                        "occluded": false,
                        "truncated": false,
                        "trafficLightColor": "none"
                    },
                    "box2d": {
                        "x1": 795.467884,
                        "y1": 442.943224,
                        "x2": 835.833306,
                        "y2": 468.777092
                    }
                },
                {
                    "category": "car",
                    "id": 17,
                    "attributes": {
                        "occluded": false,
                        "truncated": false,
                        "trafficLightColor": "none"
                    },
                    "box2d": {
                        "x1": 646.92314,
                        "y1": 431.640908,
                        "x2": 766.404784,
                        "y2": 526.903299
                    }
                },
                {
                    "category": "traffic sign",
                    "id": 18,
                    "attributes": {
                        "occluded": false,
                        "truncated": false,
                        "trafficLightColor": "none"
                    },
                    "box2d": {
                        "x1": 889.115662,
                        "y1": 413.880124,
                        "x2": 910.105681,
                        "y2": 433.255526
                    }
                },
                {
                    "category": "car",
                    "id": 19,
                    "attributes": {
                        "occluded": true,
                        "truncated": false,
                        "trafficLightColor": "none"
                    },
                    "box2d": {
                        "x1": 547.355097,
                        "y1": 436.753845,
                        "x2": 568.345116,
                        "y2": 449.67078
                    }
                },
                {
                    "category": "area/drivable",
                    "id": 20,
                    "attributes": {},
                    "poly2d": [
                        [
                            557.444138,
                            526.499638,
                            "L"
                        ],
                        [
                            800.443971,
                            529.874636,
                            "L"
                        ],
                        [
                            1107.56876,
                            720.562005,
                            "L"
                        ],
                        [
                            850.499415,
                            710.437012,
                            "C"
                        ],
                        [
                            567.569131,
                            685.12453,
                            "C"
                        ],
                        [
                            334.694292,
                            690.187025,
                            "C"
                        ],
                        [
                            557.444138,
                            526.499638,
                            "L"
                        ]
                    ]
                },
                {
                    "category": "area/alternative",
                    "id": 21,
                    "attributes": {},
                    "poly2d": [
                        [
                            0.569521,
                            588.937094,
                            "L"
                        ],
                        [
                            613.131601,
                            455.624687,
                            "L"
                        ],
                        [
                            624.944091,
                            474.187174,
                            "L"
                        ],
                        [
                            314.444305,
                            685.12453,
                            "L"
                        ],
                        [
                            0,
                            676.687035,
                            "L"
                        ],
                        [
                            0.569521,
                            588.937094,
                            "L"
                        ]
                    ]
                },
                {
                    "category": "area/alternative",
                    "id": 22,
                    "attributes": {},
                    "poly2d": [
                        [
                            790.318978,
                            469.124677,
                            "L"
                        ],
                        [
                            1280.811619,
                            599.062088,
                            "L"
                        ],
                        [
                            1280.811619,
                            720.562005,
                            "L"
                        ],
                        [
                            1117.693752,
                            720.562005,
                            "L"
                        ],
                        [
                            771.756491,
                            501.187156,
                            "L"
                        ],
                        [
                            790.318978,
                            469.124677,
                            "L"
                        ]
                    ]
                },
                {
                    "category": "area/alternative",
                    "id": 23,
                    "attributes": {},
                    "poly2d": [
                        [
                            979.318849,
                            491.062162,
                            "L"
                        ],
                        [
                            1280.811619,
                            543.374626,
                            "L"
                        ],
                        [
                            1280.811619,
                            593.999592,
                            "L"
                        ],
                        [
                            930.381381,
                            501.187156,
                            "L"
                        ],
                        [
                            979.318849,
                            491.062162,
                            "L"
                        ]
                    ]
                },
                {
                    "category": "area/alternative",
                    "id": 24,
                    "attributes": {},
                    "poly2d": [
                        [
                            999.568834,
                            477.562172,
                            "L"
                        ],
                        [
                            1280.811619,
                            506.249652,
                            "L"
                        ],
                        [
                            1280.811619,
                            536.624631,
                            "L"
                        ],
                        [
                            986.068844,
                            489.374664,
                            "L"
                        ],
                        [
                            999.568834,
                            477.562172,
                            "L"
                        ]
                    ]
                },
                {
                    "category": "lane/single yellow",
                    "id": 25,
                    "attributes": {
                        "direction": "parallel",
                        "style": "solid"
                    },
                    "poly2d": [
                        [
                            644.944461,
                            468.340921,
                            "C"
                        ],
                        [
                            545.134101,
                            528.227138,
                            "C"
                        ],
                        [
                            456.072548,
                            603.468794,
                            "C"
                        ],
                        [
                            336.300116,
                            694.06589,
                            "L"
                        ]
                    ]
                },
                {
                    "category": "lane/single yellow",
                    "id": 26,
                    "attributes": {
                        "direction": "parallel",
                        "style": "solid"
                    },
                    "poly2d": [
                        [
                            641.873373,
                            463.734289,
                            "C"
                        ],
                        [
                            578.916069,
                            500.587346,
                            "C"
                        ],
                        [
                            486.783428,
                            562.009106,
                            "C"
                        ],
                        [
                            311.731412,
                            690.994802,
                            "L"
                        ]
                    ]
                },
                {
                    "category": "lane/single white",
                    "id": 27,
                    "attributes": {
                        "direction": "parallel",
                        "style": "dashed"
                    },
                    "poly2d": [
                        [
                            777.001245,
                            508.265066,
                            "L"
                        ],
                        [
                            867.598342,
                            565.080194,
                            "L"
                        ]
                    ]
                },
                {
                    "category": "lane/single white",
                    "id": 28,
                    "attributes": {
                        "direction": "parallel",
                        "style": "dashed"
                    },
                    "poly2d": [
                        [
                            769.323525,
                            514.407242,
                            "L"
                        ],
                        [
                            864.527254,
                            571.22237,
                            "L"
                        ]
                    ]
                },
                {
                    "category": "lane/single white",
                    "id": 29,
                    "attributes": {
                        "direction": "parallel",
                        "style": "dashed"
                    },
                    "poly2d": [
                        [
                            781.607877,
                            466.805377,
                            "L"
                        ],
                        [
                            1233.057815,
                            578.90009,
                            "L"
                        ]
                    ]
                },
                {
                    "category": "lane/single white",
                    "id": 30,
                    "attributes": {
                        "direction": "parallel",
                        "style": "dashed"
                    },
                    "poly2d": [
                        [
                            783.143421,
                            474.483097,
                            "L"
                        ],
                        [
                            1236.128903,
                            586.57781,
                            "L"
                        ]
                    ]
                },
                {
                    "category": "lane/single white",
                    "id": 31,
                    "attributes": {
                        "direction": "parallel",
                        "style": "solid"
                    },
                    "poly2d": [
                        [
                            964.337614,
                            491.374082,
                            "L"
                        ],
                        [
                            1280.6437,
                            543.582578,
                            "L"
                        ]
                    ]
                },
                {
                    "category": "lane/road curb",
                    "id": 32,
                    "attributes": {
                        "direction": "parallel",
                        "style": "solid"
                    },
                    "poly2d": [
                        [
                            628.053477,
                            454.521025,
                            "L"
                        ],
                        [
                            0,
                            575.829002,
                            "L"
                        ]
                    ]
                }
            ]
        }
    ],
    "attributes": {
        "weather": "overcast",
        "scene": "highway",
        "timeofday": "daytime"
    }
}