{
    "name": "00de601c-cfa2404b",
    "frames": [
        {
            "timestamp": 10000,
            "objects": [
                {
                    "category": "traffic sign",
                    "id": 0,
                    "attributes": {
                        "occluded": false,
                        "truncated": false,
                        "trafficLightColor": "none"
                    },
                    "box2d": {
                        "x1": 1216.303803,
                        "y1": 303.126166,
                        "x2": 1232.952029,
                        "y2": 391.141819
                    }
                },
                {
                    "category": "car",
                    "id": 1,
                    "attributes": {
                        "occluded": true,
                        "truncated": false,
                        "trafficLightColor": "none"
                    },
                    "box2d": {
                        "x1": 558.355872,
                        "y1": 430.719489,
                        "x2": 575.004098,
                        "y2": 443.525816
                    }
                },
                {
                    "category": "car",
                    "id": 2,
                    "attributes": {
                        "occluded": false,
                        "truncated": false,
                        "trafficLightColor": "none"
                    },
                    "box2d": {
                        "x1": 572.442833,
                        "y1": 430.719489,
                        "x2": 592.932957,
                        "y2": 446.087083
                    }
                },
                {
                    "category": "car",
                    "id": 3,
                    "attributes": {
                        "occluded": true,
                        "truncated": false,
                        "trafficLightColor": "none"
                    },
                    "box2d": {
                        "x1": 679.60138,
                        "y1": 428.717705,
                        "x2": 723.557496,
                        "y2": 445.682791
                    }
                },
                {
                    "category": "person",
                    "id": 4,
                    "attributes": {
                        "occluded": true,
                        "truncated": false,
                        "trafficLightColor": "none"
                    },
                    "box2d": {
                        "x1": 952.78916,
                        "y1": 407.661034,
                        "x2": 969.754246,
                        "y2": 430.613797
                    }
                },
                {
                    "category": "car",
                    "id": 5,
                    "attributes": {
                        "occluded": true,
                        "truncated": false,
                        "trafficLightColor": "none"
                    },
                    "box2d": {
                        "x1": 1043.103293,
                        "y1": 382.462891,
                        "x2": 1179.821926,
                        "y2": 462.29859
                    }
                },
                {
                    "category": "car",
                    "id": 6,
                    "attributes": {
                        "occluded": false,
                        "truncated": false,
                        "trafficLightColor": "none"
                    },
                    "box2d": {
                        "x1": 629.105295,
                        "y1": 431.11277,
                        "x2": 679.002607,
                        "y2": 477.018296
                    }
                },
                {
                    "category": "area/drivable",
                    "id": 7,
                    "attributes": {},
                    "poly2d": [
                        [
                            606.408465,
                            477.889799,
                            "L"
                        ],
                        [
                            386.803753,
                            686.264723,
                            "L"
                        ],
                        [
                            671.291675,
                            672.539429,
                            "C"
                        ],
                        [
                            939.558794,
                            677.530444,
                            "C"
                        ],
                        [
                            1049.361151,
                            719.954083,
                            "C"
                        ],
                        [
                            1280.195648,
                            719.954083,
                            "L"
                        ],
                        [
                            1280.195648,
                            541.525254,
                            "L"
                        ],
                        [
                            959.522859,
                            527.79996,
                            "C"
                        ],
                        [
                            780.072333,
                            555.86693,
                            "C"
                        ],
                        [
                            714.963066,
                            480.385306,
                            "C"
                        ],
                        [
                            606.408465,
                            477.889799,
                            "L"
                        ]
                    ]
                },
                {
                    "category": "area/alternative",
                    "id": 8,
                    "attributes": {},
                    "poly2d": [
                        [
                            600.169695,
                            451.686962,
                            "L"
                        ],
                        [
                            0,
                            593.930924,
                            "L"
                        ],
                        [
                            0,
                            719.954083,
                            "L"
                        ],
                        [
                            131.014175,
                            687.512479,
                            "C"
                        ],
                        [
                            290.726692,
                            681.273708,
                            "C"
                        ],
                        [
                            360.600918,
                            686.264723,
                            "C"
                        ],
                        [
                            620.13376,
                            459.173487,
                            "L"
                        ],
                        [
                            600.169695,
                            451.686962,
                            "L"
                        ]
                    ]
                },
                {
                    "category": "area/alternative",
                    "id": 9,
                    "attributes": {},
                    "poly2d": [
                        [
                            546.516271,
                            451.686962,
                            "L"
                        ],
                        [
                            0,
                            516.570174,
                            "L"
                        ],
                        [
                            0,
                            583.948892,
                            "L"
                        ],
                        [
                            575.214614,
                            454.182472,
                            "L"
                        ],
                        [
                            546.516271,
                            451.686962,
                            "L"
                        ]
                    ]
                },
                {
                    "category": "lane/road curb",
                    "id": 10,
                    "attributes": {
                        "direction": "parallel",
                        "style": "solid"
                    },
                    "poly2d": [
                        [
                            459.142108,
                            462.978949,
                            "L"
                        ],
                        [
                            1.278947,
                            516.694741,
                            "L"
                        ]
                    ]
                },
                {
                    "category": "lane/road curb",
                    "id": 11,
                    "attributes": {
                        "direction": "parallel",
                        "style": "solid"
                    },
                    "poly2d": [
                        [
                            689.352635,
                            468.094739,
                            "C"
                        ],
                        [
                            791.193009,
                            527.034565,
                            "C"
                        ],
                        [
                            821.96875,
                            534.7285,
                            "C"
                        ],
                        [
                            1279.757898,
                            536.010823,
                            "L"
                        ]
                    ]
                },
                {
                    "category": "lane/crosswalk",
                    "id": 12,
                    "attributes": {
                        "direction": "vertical",
                        "style": "dashed"
                    },
                    "poly2d": [
                        [
                            1044.900004,
                            539.715792,
                            "L"
                        ],
                        [
                            1276.38948,
                            597.268423,
                            "L"
                        ]
                    ]
                },
                {
                    "category": "lane/crosswalk",
                    "id": 13,
                    "attributes": {
                        "direction": "vertical",
                        "style": "dashed"
                    },
                    "poly2d": [
                        [
                            1071.7579,
                            535.87895,
                            "L"
                        ],
                        [
                            1280.226324,
                            587.036845,
                            "L"
                        ]
                    ]
                },
                {
                    "category": "lane/single white",
                    "id": 14,
                    "attributes": {
                        "direction": "parallel",
                        "style": "dashed"
                    },
                    "poly2d": [
                        [
                            620.289477,
                            457.86316,
                            "L"
                        ],
                        [
                            360.66316,
                            689.352635,
                            "L"
                        ]
                    ]
                },
                {
                    "category": "lane/single white",
                    "id": 15,
                    "attributes": {
                        "direction": "parallel",
                        "style": "dashed"
                    },
                    "poly2d": [
                        [
                            625.405266,
                            464.257897,
                            "L"
                        ],
                        [
                            381.126318,
                            690.631584,
                            "L"
                        ]
                    ]
                },
                {
                    "category": "lane/single white",
                    "id": 16,
                    "attributes": {
                        "direction": "parallel",
                        "style": "dashed"
                    },
                    "poly2d": [
                        [
                            524.368424,
                            465.536846,
                            "L"
                        ],
                        [
                            0,
                            585.757898,
                            "L"
                        ]
                    ]
                },
                {
                    "category": "lane/single white",
                    "id": 17,
                    "attributes": {
                        "direction": "parallel",
                        "style": "dashed"
                    },
                    "poly2d": [
                        [
                            524.368424,
                            473.210529,
                            "L"
                        ],
                        [
                            0,
                            592.152635,
                            "L"
                        ]
                    ]
                },
                {
                    "category": "lane/road curb",
                    "id": 18,
                    "attributes": {
                        "direction": "parallel",
                        "style": "solid"
                    },
                    "poly2d": [
                        [
                            3.836842,
                            469.373687,
                            "L"
                        ],
                        [
                            190.563159,
                            459.142108,
                            "L"
                        ]
                    ]
                }
            ]
        }
    ],
    "attributes": {
        "weather": "overcast",
        "scene": "city street",
        "timeofday": "daytime"
    }
}