{
    "name": "00e02d60-54df99d1",
    "frames": [
        {
            "timestamp": 10000,
            "objects": [
                {
                    "category": "traffic light",
                    "id": 0,
                    "attributes": {
                        "occluded": false,
                        "truncated": false,
                        "trafficLightColor": "green"
                    },
                    "box2d": {
                        "x1": 700.435195,
                        "y1": 89.861389,
                        "x2": 718.407472,
                        "y2": 137.787464
                    }
                },
                {
                    "category": "traffic light",
                    "id": 1,
                    "attributes": {
                        "occluded": false,
                        "truncated": false,
                        "trafficLightColor": "green"
                    },
                    "box2d": {
                        "x1": 1127.276793,
                        "y1": 137.787463,
                        "x2": 1143.751379,
                        "y2": 179.722778
                    }
                },
                {
                    "category": "traffic light",
                    "id": 2,
                    "attributes": {
                        "occluded": false,
                        "truncated": false,
                        "trafficLightColor": "green"
                    },
                    "box2d": {
                        "x1": 337.994262,
                        "y1": 275.574926,
                        "x2": 358.961919,
                        "y2": 299.537963
                    }
                },
                {
                    "category": "traffic light",
                    "id": 3,
                    "attributes": {
                        "occluded": false,
                        "truncated": false,
                        "trafficLightColor": "red"
                    },
                    "box2d": {
                        "x1": 309.538154,
                        "y1": 248.616509,
                        "x2": 337.99426,
                        "y2": 275.574926
                    }
                },
                {
                    "category": "traffic light",
                    "id": 4,
                    "attributes": {
                        "occluded": false,
                        "truncated": false,
                        "trafficLightColor": "red"
                    },
                    "box2d": {
                        "x1": 725.895924,
                        "y1": 89.861389,
                        "x2": 740.872821,
                        "y2": 136.289773
                    }
                },
                {
                    "category": "traffic light",
                    "id": 5,
                    "attributes": {
                        "occluded": false,
                        "truncated": false,
                        "trafficLightColor": "red"
                    },
                    "box2d": {
                        "x1": 1110.802205,
                        "y1": 143.778222,
                        "x2": 1127.276793,
                        "y2": 173.732017
                    }
                },
                {
                    "category": "traffic light",
                    "id": 6,
                    "attributes": {
                        "occluded": false,
                        "truncated": false,
                        "trafficLightColor": "red"
                    },
                    "box2d": {
                        "x1": 1143.75138,
                        "y1": 143.778222,
                        "x2": 1163.221348,
                        "y2": 178.225087
                    }
                },
                {
                    "category": "traffic light",
                    "id": 7,
                    "attributes": {
                        "occluded": false,
                        "truncated": false,
                        "trafficLightColor": "none"
                    },
                    "box2d": {
                        "x1": 281.082049,
                        "y1": 250.114199,
                        "x2": 306.542776,
                        "y2": 269.584166
                    }
                },
                {
                    "category": "traffic light",
                    "id": 8,
                    "attributes": {
                        "occluded": true,
                        "truncated": false,
                        "trafficLightColor": "none"
                    },
                    "box2d": {
                        "x1": 694.444436,
                        "y1": 98.847528,
                        "x2": 706.425956,
                        "y2": 140.782841
                    }
                },
                {
                    "category": "traffic sign",
                    "id": 9,
                    "attributes": {
                        "occluded": false,
                        "truncated": false,
                        "trafficLightColor": "none"
                    },
                    "box2d": {
                        "x1": 299.054326,
                        "y1": 161.7505,
                        "x2": 337.994262,
                        "y2": 220.160404
                    }
                },
                {
                    "category": "car",
                    "id": 10,
                    "attributes": {
                        "occluded": true,
                        "truncated": false,
                        "trafficLightColor": "none"
                    },
                    "box2d": {
                        "x1": 306.542776,
                        "y1": 314.514861,
                        "x2": 411.381063,
                        "y2": 347.464037
                    }
                },
                {
                    "category": "car",
                    "id": 11,
                    "attributes": {
                        "occluded": true,
                        "truncated": false,
                        "trafficLightColor": "none"
                    },
                    "box2d": {
                        "x1": 112.297864,
                        "y1": 326.496379,
                        "x2": 385.555999,
                        "y2": 435.466161
                    }
                },
                {
                    "category": "car",
                    "id": 12,
                    "attributes": {
                        "occluded": true,
                        "truncated": false,
                        "trafficLightColor": "none"
                    },
                    "box2d": {
                        "x1": 862.185696,
                        "y1": 324.99869,
                        "x2": 910.860451,
                        "y2": 368.431694
                    }
                },
                {
                    "category": "car",
                    "id": 13,
                    "attributes": {
                        "occluded": true,
                        "truncated": false,
                        "trafficLightColor": "none"
                    },
                    "box2d": {
                        "x1": 899.627941,
                        "y1": 322.00331,
                        "x2": 1005.963917,
                        "y2": 395.390112
                    }
                },
                {
                    "category": "car",
                    "id": 14,
                    "attributes": {
                        "occluded": false,
                        "truncated": false,
                        "trafficLightColor": "none"
                    },
                    "box2d": {
                        "x1": 418.869511,
                        "y1": 305.528722,
                        "x2": 556.656974,
                        "y2": 371.427074
                    }
                },
                {
                    "category": "car",
                    "id": 15,
                    "attributes": {
                        "occluded": false,
                        "truncated": false,
                        "trafficLightColor": "none"
                    },
                    "box2d": {
                        "x1": 642.025293,
                        "y1": 277.072616,
                        "x2": 889.144114,
                        "y2": 476.265362
                    }
                },
                {
                    "category": "car",
                    "id": 16,
                    "attributes": {
                        "occluded": false,
                        "truncated": true,
                        "trafficLightColor": "none"
                    },
                    "box2d": {
                        "x1": 0,
                        "y1": 302.533342,
                        "x2": 107.35003,
                        "y2": 447.809255
                    }
                },
                {
                    "category": "car",
                    "id": 17,
                    "attributes": {
                        "occluded": false,
                        "truncated": true,
                        "trafficLightColor": "none"
                    },
                    "box2d": {
                        "x1": 999.973158,
                        "y1": 245.621129,
                        "x2": 1278.543464,
                        "y2": 494.237639
                    }
                },
                {
                    "category": "area/drivable",
                    "id": 18,
                    "attributes": {},
                    "poly2d": [
                        [
                            0,
                            653.062051,
                            "L"
                        ],
                        [
                            0,
                            469.124677,
                            "L"
                        ],
                        [
                            628.319089,
                            388.124733,
                            "L"
                        ],
                        [
                            655.319071,
                            485.999666,
                            "L"
                        ],
                        [
                            1280.195649,
                            542.773009,
                            "L"
                        ],
                        [
                            1280.811619,
                            631.124566,
                            "L"
                        ],
                        [
                            722.44959,
                            555.25055,
                            "C"
                        ],
                        [
                            602.665204,
                            583.948892,
                            "C"
                        ],
                        [
                            0,
                            653.062051,
                            "C"
                        ]
                    ]
                },
                {
                    "category": "lane/single white",
                    "id": 19,
                    "attributes": {
                        "direction": "vertical",
                        "style": "solid"
                    },
                    "poly2d": [
                        [
                            571.471352,
                            440.457177,
                            "C"
                        ],
                        [
                            819.774406,
                            452.934718,
                            "C"
                        ],
                        [
                            1034.388101,
                            476.642044,
                            "C"
                        ],
                        [
                            1273.956878,
                            504.092633,
                            "L"
                        ]
                    ]
                },
                {
                    "category": "lane/single white",
                    "id": 20,
                    "attributes": {
                        "direction": "vertical",
                        "style": "solid"
                    },
                    "poly2d": [
                        [
                            596.426432,
                            434.218407,
                            "C"
                        ],
                        [
                            839.738471,
                            446.695947,
                            "C"
                        ],
                        [
                            1011.928529,
                            464.164504,
                            "C"
                        ],
                        [
                            1216.560192,
                            486.624077,
                            "L"
                        ]
                    ]
                },
                {
                    "category": "lane/single white",
                    "id": 21,
                    "attributes": {
                        "direction": "parallel",
                        "style": "solid"
                    },
                    "poly2d": [
                        [
                            858.454781,
                            467.907766,
                            "C"
                        ],
                        [
                            832.251946,
                            480.385306,
                            "C"
                        ],
                        [
                            807.296866,
                            492.862847,
                            "C"
                        ],
                        [
                            777.350769,
                            514.074666,
                            "L"
                        ]
                    ]
                },
                {
                    "category": "lane/single white",
                    "id": 22,
                    "attributes": {
                        "direction": "parallel",
                        "style": "solid"
                    },
                    "poly2d": [
                        [
                            771.111998,
                            505.340387,
                            "L"
                        ],
                        [
                            832.251946,
                            471.651028,
                            "L"
                        ]
                    ]
                },
                {
                    "category": "lane/crosswalk",
                    "id": 23,
                    "attributes": {
                        "direction": "vertical",
                        "style": "dashed"
                    },
                    "poly2d": [
                        [
                            462.91675,
                            408.015572,
                            "L"
                        ],
                        [
                            645.08884,
                            416.74985,
                            "L"
                        ]
                    ]
                },
                {
                    "category": "lane/crosswalk",
                    "id": 24,
                    "attributes": {
                        "direction": "vertical",
                        "style": "dashed"
                    },
                    "poly2d": [
                        [
                            515.32242,
                            399.281294,
                            "L"
                        ],
                        [
                            641.345578,
                            401.776802,
                            "L"
                        ]
                    ]
                },
                {
                    "category": "lane/crosswalk",
                    "id": 25,
                    "attributes": {
                        "direction": "vertical",
                        "style": "dashed"
                    },
                    "poly2d": [
                        [
                            595.178678,
                            380.564983,
                            "L"
                        ],
                        [
                            481.63306,
                            398.03354,
                            "L"
                        ]
                    ]
                },
                {
                    "category": "lane/crosswalk",
                    "id": 26,
                    "attributes": {
                        "direction": "vertical",
                        "style": "dashed"
                    },
                    "poly2d": [
                        [
                            474.146536,
                            371.830705,
                            "L"
                        ],
                        [
                            426.731883,
                            379.317229,
                            "L"
                        ]
                    ]
                }
            ]
        }
    ],
    "attributes": {
        "weather": "snowy",
        "scene": "city street",
        "timeofday": "night"
    }
}