{
    "name": "00e100a8-9c852617",
    "frames": [
        {
            "timestamp": 10000,
            "objects": [
                {
                    "category": "traffic sign",
                    "id": 0,
                    "attributes": {
                        "occluded": false,
                        "truncated": false,
                        "trafficLightColor": "none"
                    },
                    "box2d": {
                        "x1": 640.495328,
                        "y1": 249.767393,
                        "x2": 681.464788,
                        "y2": 287.664144
                    }
                },
                {
                    "category": "traffic sign",
                    "id": 1,
                    "attributes": {
                        "occluded": false,
                        "truncated": false,
                        "trafficLightColor": "none"
                    },
                    "box2d": {
                        "x1": 593.380448,
                        "y1": 253.864338,
                        "x2": 639.47109,
                        "y2": 289.712616
                    }
                },
                {
                    "category": "traffic sign",
                    "id": 2,
                    "attributes": {
                        "occluded": false,
                        "truncated": false,
                        "trafficLightColor": "none"
                    },
                    "box2d": {
                        "x1": 551.386752,
                        "y1": 257.961285,
                        "x2": 596.453157,
                        "y2": 290.736853
                    }
                },
                {
                    "category": "car",
                    "id": 3,
                    "attributes": {
                        "occluded": false,
                        "truncated": false,
                        "trafficLightColor": "none"
                    },
                    "box2d": {
                        "x1": 461.930665,
                        "y1": 315.806267,
                        "x2": 538.748404,
                        "y2": 359.848437
                    }
                },
                {
                    "category": "area/drivable",
                    "id": 4,
                    "attributes": {},
                    "poly2d": [
                        [
                            4.508655,
                            623.038962,
                            "L"
                        ],
                        [
                            507.732431,
                            347.464038,
                            "L"
                        ],
                        [
                            567.640023,
                            353.454796,
                            "L"
                        ],
                        [
                            599.09151,
                            425.343906,
                            "C"
                        ],
                        [
                            703.914213,
                            491.242259,
                            "C"
                        ],
                        [
                            807.270395,
                            597.578236,
                            "C"
                        ],
                        [
                            564.644645,
                            575.112888,
                            "C"
                        ],
                        [
                            313.032756,
                            581.103648,
                            "C"
                        ],
                        [
                            4.508655,
                            623.038962,
                            "C"
                        ]
                    ]
                },
                {
                    "category": "area/alternative",
                    "id": 5,
                    "attributes": {},
                    "poly2d": [
                        [
                            844.71264,
                            596.080546,
                            "L"
                        ],
                        [
                            738.104309,
                            499.434185,
                            "C"
                        ],
                        [
                            591.118932,
                            390.380518,
                            "C"
                        ],
                        [
                            580.055516,
                            354.029296,
                            "C"
                        ],
                        [
                            615.566098,
                            351.957106,
                            "L"
                        ],
                        [
                            1280.524792,
                            497.233018,
                            "L"
                        ],
                        [
                            1280.524792,
                            584.099027,
                            "L"
                        ],
                        [
                            1169.711329,
                            579.605957,
                            "C"
                        ],
                        [
                            1007.960829,
                            552.647542,
                            "C"
                        ],
                        [
                            844.71264,
                            596.080546,
                            "C"
                        ]
                    ]
                },
                {
                    "category": "area/alternative",
                    "id": 6,
                    "attributes": {},
                    "poly2d": [
                        [
                            480.774016,
                            350.459416,
                            "L"
                        ],
                        [
                            0,
                            608.062064,
                            "L"
                        ],
                        [
                            0,
                            453.800013,
                            "L"
                        ],
                        [
                            480.774016,
                            350.459416,
                            "L"
                        ]
                    ]
                },
                {
                    "category": "lane/road curb",
                    "id": 7,
                    "attributes": {
                        "direction": "parallel",
                        "style": "solid"
                    },
                    "poly2d": [
                        [
                            792.323817,
                            355.609902,
                            "L"
                        ],
                        [
                            1280.195648,
                            424.236375,
                            "L"
                        ]
                    ]
                },
                {
                    "category": "lane/road curb",
                    "id": 8,
                    "attributes": {
                        "direction": "parallel",
                        "style": "solid"
                    },
                    "poly2d": [
                        [
                            356.857656,
                            360.600918,
                            "L"
                        ],
                        [
                            0,
                            403.024556,
                            "L"
                        ]
                    ]
                },
                {
                    "category": "lane/single white",
                    "id": 9,
                    "attributes": {
                        "direction": "parallel",
                        "style": "solid"
                    },
                    "poly2d": [
                        [
                            671.291675,
                            359.353164,
                            "L"
                        ],
                        [
                            1280.195648,
                            495.358355,
                            "L"
                        ]
                    ]
                },
                {
                    "category": "lane/single white",
                    "id": 10,
                    "attributes": {
                        "direction": "parallel",
                        "style": "solid"
                    },
                    "poly2d": [
                        [
                            1280.195648,
                            487.871831,
                            "L"
                        ],
                        [
                            677.530445,
                            355.609902,
                            "L"
                        ]
                    ]
                },
                {
                    "category": "lane/single white",
                    "id": 11,
                    "attributes": {
                        "direction": "parallel",
                        "style": "dashed"
                    },
                    "poly2d": [
                        [
                            399.281294,
                            356.857656,
                            "L"
                        ],
                        [
                            0,
                            439.209423,
                            "L"
                        ]
                    ]
                },
                {
                    "category": "lane/single white",
                    "id": 12,
                    "attributes": {
                        "direction": "parallel",
                        "style": "dashed"
                    },
                    "poly2d": [
                        [
                            0,
                            447.943701,
                            "L"
                        ],
                        [
                            403.024556,
                            361.848672,
                            "L"
                        ]
                    ]
                },
                {
                    "category": "lane/single white",
                    "id": 13,
                    "attributes": {
                        "direction": "parallel",
                        "style": "dashed"
                    },
                    "poly2d": [
                        [
                            0,
                            610.151727,
                            "C"
                        ],
                        [
                            157.217009,
                            517.817928,
                            "C"
                        ],
                        [
                            341.884608,
                            406.767818,
                            "C"
                        ],
                        [
                            495.358355,
                            350.618886,
                            "L"
                        ]
                    ]
                },
                {
                    "category": "lane/single white",
                    "id": 14,
                    "attributes": {
                        "direction": "parallel",
                        "style": "dashed"
                    },
                    "poly2d": [
                        [
                            2.495508,
                            621.381513,
                            "C"
                        ],
                        [
                            170.942304,
                            519.065682,
                            "C"
                        ],
                        [
                            380.564983,
                            395.538032,
                            "C"
                        ],
                        [
                            500.349371,
                            356.857656,
                            "L"
                        ]
                    ]
                },
                {
                    "category": "lane/single white",
                    "id": 15,
                    "attributes": {
                        "direction": "parallel",
                        "style": "dashed"
                    },
                    "poly2d": [
                        [
                            575.214614,
                            355.609902,
                            "C"
                        ],
                        [
                            563.984827,
                            395.538032,
                            "C"
                        ],
                        [
                            708.724296,
                            492.862847,
                            "C"
                        ],
                        [
                            776.103015,
                            561.489319,
                            "L"
                        ]
                    ]
                },
                {
                    "category": "lane/single white",
                    "id": 16,
                    "attributes": {
                        "direction": "parallel",
                        "style": "dashed"
                    },
                    "poly2d": [
                        [
                            796.067079,
                            558.993811,
                            "C"
                        ],
                        [
                            717.458575,
                            486.624077,
                            "C"
                        ],
                        [
                            571.471352,
                            388.051507,
                            "C"
                        ],
                        [
                            581.453384,
                            354.362148,
                            "L"
                        ]
                    ]
                }
            ]
        }
    ],
    "attributes": {
        "weather": "clear",
        "scene": "highway",
        "timeofday": "night"
    }
}