{
    "name": "00e100a8-a5e1ece9",
    "frames": [
        {
            "timestamp": 10000,
            "objects": [
                {
                    "category": "traffic sign",
                    "id": 0,
                    "attributes": {
                        "occluded": false,
                        "truncated": false,
                        "trafficLightColor": "none"
                    },
                    "box2d": {
                        "x1": 399.301029,
                        "y1": 316.371342,
                        "x2": 424.879989,
                        "y2": 340.60404
                    }
                },
                {
                    "category": "traffic sign",
                    "id": 1,
                    "attributes": {
                        "occluded": false,
                        "truncated": false,
                        "trafficLightColor": "none"
                    },
                    "box2d": {
                        "x1": 415.456162,
                        "y1": 231.556896,
                        "x2": 490.846779,
                        "y2": 288.099859
                    }
                },
                {
                    "category": "traffic sign",
                    "id": 2,
                    "attributes": {
                        "occluded": false,
                        "truncated": false,
                        "trafficLightColor": "none"
                    },
                    "box2d": {
                        "x1": 500.270605,
                        "y1": 230.210636,
                        "x2": 577.007485,
                        "y2": 285.407339
                    }
                },
                {
                    "category": "traffic sign",
                    "id": 3,
                    "attributes": {
                        "occluded": false,
                        "truncated": false,
                        "trafficLightColor": "none"
                    },
                    "box2d": {
                        "x1": 494.885563,
                        "y1": 319.063864,
                        "x2": 520.464522,
                        "y2": 331.180213
                    }
                },
                {
                    "category": "traffic sign",
                    "id": 4,
                    "attributes": {
                        "occluded": false,
                        "truncated": false,
                        "trafficLightColor": "none"
                    },
                    "box2d": {
                        "x1": 494.885563,
                        "y1": 332.526474,
                        "x2": 519.118261,
                        "y2": 341.950301
                    }
                },
                {
                    "category": "traffic sign",
                    "id": 5,
                    "attributes": {
                        "occluded": false,
                        "truncated": false,
                        "trafficLightColor": "none"
                    },
                    "box2d": {
                        "x1": 467.960341,
                        "y1": 331.180213,
                        "x2": 481.422951,
                        "y2": 341.950301
                    }
                },
                {
                    "category": "traffic sign",
                    "id": 6,
                    "attributes": {
                        "occluded": false,
                        "truncated": false,
                        "trafficLightColor": "none"
                    },
                    "box2d": {
                        "x1": 480.076693,
                        "y1": 310.986299,
                        "x2": 496.231825,
                        "y2": 317.717604
                    }
                },
                {
                    "category": "traffic sign",
                    "id": 7,
                    "attributes": {
                        "occluded": false,
                        "truncated": false,
                        "trafficLightColor": "none"
                    },
                    "box2d": {
                        "x1": 591.816356,
                        "y1": 298.869948,
                        "x2": 607.971486,
                        "y2": 321.756385
                    }
                },
                {
                    "category": "traffic sign",
                    "id": 8,
                    "attributes": {
                        "occluded": false,
                        "truncated": false,
                        "trafficLightColor": "none"
                    },
                    "box2d": {
                        "x1": 572.430206,
                        "y1": 319.063864,
                        "x2": 597.201401,
                        "y2": 334.949749
                    }
                },
                {
                    "category": "traffic sign",
                    "id": 9,
                    "attributes": {
                        "occluded": false,
                        "truncated": false,
                        "trafficLightColor": "none"
                    },
                    "box2d": {
                        "x1": 947.960101,
                        "y1": 32.887227,
                        "x2": 1152.591779,
                        "y2": 214.632466
                    }
                },
                {
                    "category": "traffic sign",
                    "id": 10,
                    "attributes": {
                        "occluded": false,
                        "truncated": false,
                        "trafficLightColor": "none"
                    },
                    "box2d": {
                        "x1": 1034.120808,
                        "y1": 210.593682,
                        "x2": 1077.201161,
                        "y2": 244.250207
                    }
                },
                {
                    "category": "traffic sign",
                    "id": 11,
                    "attributes": {
                        "occluded": false,
                        "truncated": false,
                        "trafficLightColor": "none"
                    },
                    "box2d": {
                        "x1": 937.190015,
                        "y1": 221.363771,
                        "x2": 973.539062,
                        "y2": 257.712819
                    }
                },
                {
                    "category": "traffic sign",
                    "id": 12,
                    "attributes": {
                        "occluded": true,
                        "truncated": false,
                        "trafficLightColor": "none"
                    },
                    "box2d": {
                        "x1": 899.975498,
                        "y1": 210.689851,
                        "x2": 996.906293,
                        "y2": 252.423942
                    }
                },
                {
                    "category": "car",
                    "id": 13,
                    "attributes": {
                        "occluded": false,
                        "truncated": false,
                        "trafficLightColor": "none"
                    },
                    "box2d": {
                        "x1": 875.254776,
                        "y1": 288.09986,
                        "x2": 908.911302,
                        "y2": 305.601256
                    }
                },
                {
                    "category": "car",
                    "id": 14,
                    "attributes": {
                        "occluded": false,
                        "truncated": false,
                        "trafficLightColor": "none"
                    },
                    "box2d": {
                        "x1": 790.447562,
                        "y1": 280.406928,
                        "x2": 816.026521,
                        "y2": 296.562061
                    }
                },
                {
                    "category": "car",
                    "id": 15,
                    "attributes": {
                        "occluded": false,
                        "truncated": false,
                        "trafficLightColor": "none"
                    },
                    "box2d": {
                        "x1": 701.594335,
                        "y1": 280.406928,
                        "x2": 727.173294,
                        "y2": 300.600844
                    }
                },
                {
                    "category": "car",
                    "id": 16,
                    "attributes": {
                        "occluded": false,
                        "truncated": false,
                        "trafficLightColor": "none"
                    },
                    "box2d": {
                        "x1": 486.807996,
                        "y1": 287.022847,
                        "x2": 504.30939,
                        "y2": 295.100415
                    }
                },
                {
                    "category": "car",
                    "id": 17,
                    "attributes": {
                        "occluded": false,
                        "truncated": false,
                        "trafficLightColor": "none"
                    },
                    "box2d": {
                        "x1": 430.265033,
                        "y1": 291.061629,
                        "x2": 447.766429,
                        "y2": 301.831717
                    }
                },
                {
                    "category": "car",
                    "id": 18,
                    "attributes": {
                        "occluded": false,
                        "truncated": false,
                        "trafficLightColor": "none"
                    },
                    "box2d": {
                        "x1": 461.229037,
                        "y1": 289.715369,
                        "x2": 471.999125,
                        "y2": 296.446675
                    }
                },
                {
                    "category": "car",
                    "id": 19,
                    "attributes": {
                        "occluded": true,
                        "truncated": true,
                        "trafficLightColor": "none"
                    },
                    "box2d": {
                        "x1": 0,
                        "y1": 319.063864,
                        "x2": 56.542961,
                        "y2": 340.60404
                    }
                },
                {
                    "category": "car",
                    "id": 20,
                    "attributes": {
                        "occluded": true,
                        "truncated": false,
                        "trafficLightColor": "none"
                    },
                    "box2d": {
                        "x1": 63.274268,
                        "y1": 320.410124,
                        "x2": 90.199488,
                        "y2": 332.526474
                    }
                },
                {
                    "category": "car",
                    "id": 21,
                    "attributes": {
                        "occluded": true,
                        "truncated": false,
                        "trafficLightColor": "none"
                    },
                    "box2d": {
                        "x1": 122.509754,
                        "y1": 316.371342,
                        "x2": 144.04993,
                        "y2": 328.487691
                    }
                },
                {
                    "category": "car",
                    "id": 22,
                    "attributes": {
                        "occluded": true,
                        "truncated": false,
                        "trafficLightColor": "none"
                    },
                    "box2d": {
                        "x1": 90.19949,
                        "y1": 317.717603,
                        "x2": 118.470972,
                        "y2": 329.833952
                    }
                },
                {
                    "category": "car",
                    "id": 23,
                    "attributes": {
                        "occluded": true,
                        "truncated": false,
                        "trafficLightColor": "none"
                    },
                    "box2d": {
                        "x1": 145.396191,
                        "y1": 316.371342,
                        "x2": 166.936367,
                        "y2": 328.487691
                    }
                },
                {
                    "category": "car",
                    "id": 24,
                    "attributes": {
                        "occluded": true,
                        "truncated": false,
                        "trafficLightColor": "none"
                    },
                    "box2d": {
                        "x1": 166.936368,
                        "y1": 317.717603,
                        "x2": 197.900371,
                        "y2": 328.487691
                    }
                },
                {
                    "category": "car",
                    "id": 25,
                    "attributes": {
                        "occluded": true,
                        "truncated": false,
                        "trafficLightColor": "none"
                    },
                    "box2d": {
                        "x1": 197.900371,
                        "y1": 317.717603,
                        "x2": 224.825591,
                        "y2": 327.14143
                    }
                },
                {
                    "category": "car",
                    "id": 26,
                    "attributes": {
                        "occluded": true,
                        "truncated": false,
                        "trafficLightColor": "none"
                    },
                    "box2d": {
                        "x1": 226.171853,
                        "y1": 313.67882,
                        "x2": 251.750811,
                        "y2": 328.487691
                    }
                },
                {
                    "category": "car",
                    "id": 27,
                    "attributes": {
                        "occluded": true,
                        "truncated": false,
                        "trafficLightColor": "none"
                    },
                    "box2d": {
                        "x1": 253.097073,
                        "y1": 315.025081,
                        "x2": 275.98351,
                        "y2": 325.795169
                    }
                },
                {
                    "category": "car",
                    "id": 28,
                    "attributes": {
                        "occluded": false,
                        "truncated": false,
                        "trafficLightColor": "none"
                    },
                    "box2d": {
                        "x1": 275.983511,
                        "y1": 313.519331,
                        "x2": 291.060926,
                        "y2": 324.448908
                    }
                },
                {
                    "category": "car",
                    "id": 29,
                    "attributes": {
                        "occluded": true,
                        "truncated": false,
                        "trafficLightColor": "none"
                    },
                    "box2d": {
                        "x1": 0,
                        "y1": 284.061077,
                        "x2": 28.271482,
                        "y2": 304.254993
                    }
                },
                {
                    "category": "car",
                    "id": 30,
                    "attributes": {
                        "occluded": true,
                        "truncated": false,
                        "trafficLightColor": "none"
                    },
                    "box2d": {
                        "x1": 40.387831,
                        "y1": 284.061077,
                        "x2": 74.044356,
                        "y2": 300.21621
                    }
                },
                {
                    "category": "car",
                    "id": 31,
                    "attributes": {
                        "occluded": true,
                        "truncated": false,
                        "trafficLightColor": "none"
                    },
                    "box2d": {
                        "x1": 94.238272,
                        "y1": 285.407339,
                        "x2": 118.47097,
                        "y2": 298.869948
                    }
                },
                {
                    "category": "car",
                    "id": 32,
                    "attributes": {
                        "occluded": true,
                        "truncated": false,
                        "trafficLightColor": "none"
                    },
                    "box2d": {
                        "x1": 118.470972,
                        "y1": 286.753599,
                        "x2": 138.664886,
                        "y2": 297.523687
                    }
                },
                {
                    "category": "car",
                    "id": 33,
                    "attributes": {
                        "occluded": true,
                        "truncated": false,
                        "trafficLightColor": "none"
                    },
                    "box2d": {
                        "x1": 140.011147,
                        "y1": 282.714817,
                        "x2": 192.515328,
                        "y2": 298.869948
                    }
                },
                {
                    "category": "car",
                    "id": 34,
                    "attributes": {
                        "occluded": true,
                        "truncated": false,
                        "trafficLightColor": "none"
                    },
                    "box2d": {
                        "x1": 204.631675,
                        "y1": 278.676032,
                        "x2": 242.326984,
                        "y2": 300.216209
                    }
                },
                {
                    "category": "car",
                    "id": 35,
                    "attributes": {
                        "occluded": true,
                        "truncated": false,
                        "trafficLightColor": "none"
                    },
                    "box2d": {
                        "x1": 277.329771,
                        "y1": 278.676032,
                        "x2": 302.908731,
                        "y2": 292.138641
                    }
                },
                {
                    "category": "car",
                    "id": 36,
                    "attributes": {
                        "occluded": true,
                        "truncated": false,
                        "trafficLightColor": "none"
                    },
                    "box2d": {
                        "x1": 319.063864,
                        "y1": 275.983511,
                        "x2": 343.296562,
                        "y2": 285.407339
                    }
                },
                {
                    "category": "car",
                    "id": 37,
                    "attributes": {
                        "occluded": true,
                        "truncated": false,
                        "trafficLightColor": "none"
                    },
                    "box2d": {
                        "x1": 243.673246,
                        "y1": 278.676032,
                        "x2": 255.789596,
                        "y2": 294.831163
                    }
                },
                {
                    "category": "car",
                    "id": 38,
                    "attributes": {
                        "occluded": true,
                        "truncated": false,
                        "trafficLightColor": "none"
                    },
                    "box2d": {
                        "x1": 347.604604,
                        "y1": 271.944728,
                        "x2": 400.108784,
                        "y2": 290.792382
                    }
                },
                {
                    "category": "car",
                    "id": 39,
                    "attributes": {
                        "occluded": true,
                        "truncated": false,
                        "trafficLightColor": "none"
                    },
                    "box2d": {
                        "x1": 827.681285,
                        "y1": 280.022294,
                        "x2": 869.415375,
                        "y2": 298.869949
                    }
                },
                {
                    "category": "car",
                    "id": 40,
                    "attributes": {
                        "occluded": false,
                        "truncated": false,
                        "trafficLightColor": "none"
                    },
                    "box2d": {
                        "x1": 290.16259,
                        "y1": 312.620995,
                        "x2": 305.434305,
                        "y2": 322.502693
                    }
                },
                {
                    "category": "traffic sign",
                    "id": 41,
                    "attributes": {
                        "occluded": false,
                        "truncated": false,
                        "trafficLightColor": "none"
                    },
                    "box2d": {
                        "x1": 602.963263,
                        "y1": 321.784021,
                        "x2": 616.438306,
                        "y2": 333.462392
                    }
                },
                {
                    "category": "traffic sign",
                    "id": 42,
                    "attributes": {
                        "occluded": false,
                        "truncated": false,
                        "trafficLightColor": "none"
                    },
                    "box2d": {
                        "x1": 878.752474,
                        "y1": 270.578858,
                        "x2": 891.32918,
                        "y2": 279.56222
                    }
                },
                {
                    "category": "car",
                    "id": 43,
                    "attributes": {
                        "occluded": false,
                        "truncated": false,
                        "trafficLightColor": "none"
                    },
                    "box2d": {
                        "x1": 530.377682,
                        "y1": 304.895298,
                        "x2": 569.006138,
                        "y2": 337.235401
                    }
                },
                {
                    "category": "area/drivable",
                    "id": 44,
                    "attributes": {},
                    "poly2d": [
                        [
                            963.266121,
                            562.737073,
                            "L"
                        ],
                        [
                            709.97205,
                            426.731883,
                            "C"
                        ],
                        [
                            515.32242,
                            374.326213,
                            "C"
                        ],
                        [
                            565.232581,
                            358.10541,
                            "C"
                        ],
                        [
                            540.2775,
                            360.600918,
                            "L"
                        ],
                        [
                            415.502095,
                            399.281293,
                            "C"
                        ],
                        [
                            375.573966,
                            509.083649,
                            "C"
                        ],
                        [
                            288.231184,
                            583.948892,
                            "C"
                        ],
                        [
                            545.268518,
                            541.525254,
                            "C"
                        ],
                        [
                            859.702534,
                            554.002795,
                            "C"
                        ],
                        [
                            963.266121,
                            562.737073,
                            "C"
                        ]
                    ]
                },
                {
                    "category": "area/alternative",
                    "id": 45,
                    "attributes": {},
                    "poly2d": [
                        [
                            1.247754,
                            481.63306,
                            "L"
                        ],
                        [
                            159.712555,
                            428.928617,
                            "C"
                        ],
                        [
                            304.053692,
                            399.753281,
                            "C"
                        ],
                        [
                            460.421243,
                            369.335197,
                            "C"
                        ],
                        [
                            470.403274,
                            376.82172,
                            "L"
                        ],
                        [
                            391.5797,
                            436.606337,
                            "C"
                        ],
                        [
                            314.8025,
                            516.454625,
                            "C"
                        ],
                        [
                            257.987372,
                            582.483018,
                            "C"
                        ],
                        [
                            157.217009,
                            598.921941,
                            "C"
                        ],
                        [
                            82.351767,
                            610.151727,
                            "C"
                        ],
                        [
                            0,
                            626.372529,
                            "C"
                        ],
                        [
                            1.247754,
                            481.63306,
                            "L"
                        ]
                    ]
                },
                {
                    "category": "lane/road curb",
                    "id": 46,
                    "attributes": {
                        "direction": "parallel",
                        "style": "solid"
                    },
                    "poly2d": [
                        [
                            626.684214,
                            381.126318,
                            "L"
                        ],
                        [
                            1213.721059,
                            539.715792,
                            "L"
                        ]
                    ]
                },
                {
                    "category": "lane/road curb",
                    "id": 47,
                    "attributes": {
                        "direction": "parallel",
                        "style": "solid"
                    },
                    "poly2d": [
                        [
                            377.289476,
                            378.568423,
                            "C"
                        ],
                        [
                            241.721054,
                            397.752634,
                            "C"
                        ],
                        [
                            109.989474,
                            423.331581,
                            "C"
                        ],
                        [
                            1.278947,
                            447.631581,
                            "L"
                        ]
                    ]
                },
                {
                    "category": "lane/single white",
                    "id": 48,
                    "attributes": {
                        "direction": "parallel",
                        "style": "solid"
                    },
                    "poly2d": [
                        [
                            610.057898,
                            386.242107,
                            "L"
                        ],
                        [
                            830.036846,
                            489.836845,
                            "L"
                        ]
                    ]
                },
                {
                    "category": "lane/single white",
                    "id": 49,
                    "attributes": {
                        "direction": "parallel",
                        "style": "solid"
                    },
                    "poly2d": [
                        [
                            617.731582,
                            386.242107,
                            "L"
                        ],
                        [
                            841.547373,
                            486.000003,
                            "L"
                        ]
                    ]
                },
                {
                    "category": "lane/single white",
                    "id": 50,
                    "attributes": {
                        "direction": "parallel",
                        "style": "solid"
                    },
                    "poly2d": [
                        [
                            819.805267,
                            489.836845,
                            "L"
                        ],
                        [
                            957.931584,
                            560.17895,
                            "L"
                        ]
                    ]
                },
                {
                    "category": "lane/single white",
                    "id": 51,
                    "attributes": {
                        "direction": "parallel",
                        "style": "solid"
                    },
                    "poly2d": [
                        [
                            850.500004,
                            483.442108,
                            "L"
                        ],
                        [
                            1034.668426,
                            565.29474,
                            "L"
                        ]
                    ]
                },
                {
                    "category": "lane/single white",
                    "id": 52,
                    "attributes": {
                        "direction": "parallel",
                        "style": "solid"
                    },
                    "poly2d": [
                        [
                            390.078949,
                            377.289476,
                            "C"
                        ],
                        [
                            246.836843,
                            399.031581,
                            "C"
                        ],
                        [
                            124.057895,
                            438.67895,
                            "C"
                        ],
                        [
                            1.278947,
                            474.489476,
                            "L"
                        ]
                    ]
                },
                {
                    "category": "lane/single white",
                    "id": 53,
                    "attributes": {
                        "direction": "parallel",
                        "style": "solid"
                    },
                    "poly2d": [
                        [
                            395.194739,
                            381.126318,
                            "C"
                        ],
                        [
                            251.952633,
                            404.147371,
                            "C"
                        ],
                        [
                            118.942106,
                            448.910529,
                            "C"
                        ],
                        [
                            0,
                            483.442108,
                            "L"
                        ]
                    ]
                },
                {
                    "category": "lane/single white",
                    "id": 54,
                    "attributes": {
                        "direction": "parallel",
                        "style": "dashed"
                    },
                    "poly2d": [
                        [
                            477.047371,
                            376.010528,
                            "C"
                        ],
                        [
                            410.542107,
                            418.215792,
                            "C"
                        ],
                        [
                            318.457896,
                            521.810529,
                            "C"
                        ],
                        [
                            257.068422,
                            592.152635,
                            "L"
                        ]
                    ]
                },
                {
                    "category": "lane/single white",
                    "id": 55,
                    "attributes": {
                        "direction": "parallel",
                        "style": "dashed"
                    },
                    "poly2d": [
                        [
                            479.605266,
                            378.568423,
                            "C"
                        ],
                        [
                            415.657897,
                            434.842108,
                            "C"
                        ],
                        [
                            345.315791,
                            511.57895,
                            "C"
                        ],
                        [
                            283.926317,
                            587.036845,
                            "L"
                        ]
                    ]
                },
                {
                    "category": "lane/road curb",
                    "id": 56,
                    "attributes": {
                        "direction": "parallel",
                        "style": "solid"
                    },
                    "poly2d": [
                        [
                            333.805265,
                            321.015791,
                            "L"
                        ],
                        [
                            65.226316,
                            381.126318,
                            "L"
                        ]
                    ]
                }
            ]
        }
    ],
    "attributes": {
        "weather": "clear",
        "scene": "highway",
        "timeofday": "night"
    }
}