{
    "name": "00e11419-e4eeba84",
    "frames": [
        {
            "timestamp": 10000,
            "objects": [
                {
                    "category": "traffic sign",
                    "id": 0,
                    "attributes": {
                        "occluded": false,
                        "truncated": false,
                        "trafficLightColor": "none"
                    },
                    "box2d": {
                        "x1": 746.156918,
                        "y1": 281.992414,
                        "x2": 763.625474,
                        "y2": 291.974446
                    }
                },
                {
                    "category": "traffic sign",
                    "id": 1,
                    "attributes": {
                        "occluded": false,
                        "truncated": false,
                        "trafficLightColor": "none"
                    },
                    "box2d": {
                        "x1": 738.670393,
                        "y1": 293.2222,
                        "x2": 753.643442,
                        "y2": 299.46097
                    }
                },
                {
                    "category": "traffic light",
                    "id": 2,
                    "attributes": {
                        "occluded": false,
                        "truncated": false,
                        "trafficLightColor": "red"
                    },
                    "box2d": {
                        "x1": 690.007986,
                        "y1": 291.974446,
                        "x2": 696.246756,
                        "y2": 301.956478
                    }
                },
                {
                    "category": "car",
                    "id": 3,
                    "attributes": {
                        "occluded": false,
                        "truncated": false,
                        "trafficLightColor": "none"
                    },
                    "box2d": {
                        "x1": 385.555999,
                        "y1": 305.69974,
                        "x2": 531.543222,
                        "y2": 391.794769
                    }
                },
                {
                    "category": "car",
                    "id": 4,
                    "attributes": {
                        "occluded": false,
                        "truncated": false,
                        "trafficLightColor": "none"
                    },
                    "box2d": {
                        "x1": 501.597125,
                        "y1": 305.69974,
                        "x2": 549.011779,
                        "y2": 376.821721
                    }
                },
                {
                    "category": "car",
                    "id": 5,
                    "attributes": {
                        "occluded": false,
                        "truncated": false,
                        "trafficLightColor": "none"
                    },
                    "box2d": {
                        "x1": 540.2775,
                        "y1": 313.186265,
                        "x2": 578.957877,
                        "y2": 371.830705
                    }
                },
                {
                    "category": "car",
                    "id": 6,
                    "attributes": {
                        "occluded": false,
                        "truncated": false,
                        "trafficLightColor": "none"
                    },
                    "box2d": {
                        "x1": 562.737073,
                        "y1": 314.434019,
                        "x2": 588.939908,
                        "y2": 360.600918
                    }
                },
                {
                    "category": "car",
                    "id": 7,
                    "attributes": {
                        "occluded": false,
                        "truncated": false,
                        "trafficLightColor": "none"
                    },
                    "box2d": {
                        "x1": 581.453384,
                        "y1": 316.929527,
                        "x2": 615.142743,
                        "y2": 351.86664
                    }
                },
                {
                    "category": "car",
                    "id": 8,
                    "attributes": {
                        "occluded": false,
                        "truncated": false,
                        "trafficLightColor": "none"
                    },
                    "box2d": {
                        "x1": 605.160711,
                        "y1": 321.920543,
                        "x2": 621.381513,
                        "y2": 341.884608
                    }
                },
                {
                    "category": "car",
                    "id": 9,
                    "attributes": {
                        "occluded": false,
                        "truncated": false,
                        "trafficLightColor": "none"
                    },
                    "box2d": {
                        "x1": 620.133759,
                        "y1": 323.168297,
                        "x2": 631.363546,
                        "y2": 339.3891
                    }
                },
                {
                    "category": "car",
                    "id": 10,
                    "attributes": {
                        "occluded": false,
                        "truncated": false,
                        "trafficLightColor": "none"
                    },
                    "box2d": {
                        "x1": 628.868038,
                        "y1": 323.168297,
                        "x2": 646.336594,
                        "y2": 331.902575
                    }
                },
                {
                    "category": "car",
                    "id": 11,
                    "attributes": {
                        "occluded": false,
                        "truncated": true,
                        "trafficLightColor": "none"
                    },
                    "box2d": {
                        "x1": 1096.775804,
                        "y1": 293.2222,
                        "x2": 1275.204632,
                        "y2": 520.313436
                    }
                },
                {
                    "category": "car",
                    "id": 12,
                    "attributes": {
                        "occluded": true,
                        "truncated": false,
                        "trafficLightColor": "none"
                    },
                    "box2d": {
                        "x1": 902.126173,
                        "y1": 311.938511,
                        "x2": 1157.915752,
                        "y2": 464.164504
                    }
                },
                {
                    "category": "car",
                    "id": 13,
                    "attributes": {
                        "occluded": false,
                        "truncated": false,
                        "trafficLightColor": "none"
                    },
                    "box2d": {
                        "x1": 767.368736,
                        "y1": 306.947495,
                        "x2": 869.684568,
                        "y2": 380.564983
                    }
                },
                {
                    "category": "car",
                    "id": 14,
                    "attributes": {
                        "occluded": true,
                        "truncated": false,
                        "trafficLightColor": "none"
                    },
                    "box2d": {
                        "x1": 754.891196,
                        "y1": 318.177281,
                        "x2": 769.864244,
                        "y2": 365.591935
                    }
                },
                {
                    "category": "car",
                    "id": 15,
                    "attributes": {
                        "occluded": true,
                        "truncated": false,
                        "trafficLightColor": "none"
                    },
                    "box2d": {
                        "x1": 741.165901,
                        "y1": 326.911559,
                        "x2": 754.891196,
                        "y2": 366.83969
                    }
                },
                {
                    "category": "car",
                    "id": 16,
                    "attributes": {
                        "occluded": true,
                        "truncated": false,
                        "trafficLightColor": "none"
                    },
                    "box2d": {
                        "x1": 729.936115,
                        "y1": 330.654821,
                        "x2": 741.165901,
                        "y2": 355.609902
                    }
                },
                {
                    "category": "car",
                    "id": 17,
                    "attributes": {
                        "occluded": true,
                        "truncated": false,
                        "trafficLightColor": "none"
                    },
                    "box2d": {
                        "x1": 706.228788,
                        "y1": 316.929527,
                        "x2": 751.147934,
                        "y2": 355.609902
                    }
                },
                {
                    "category": "car",
                    "id": 18,
                    "attributes": {
                        "occluded": true,
                        "truncated": false,
                        "trafficLightColor": "none"
                    },
                    "box2d": {
                        "x1": 696.246756,
                        "y1": 318.177281,
                        "x2": 703.73328,
                        "y2": 341.884608
                    }
                },
                {
                    "category": "car",
                    "id": 19,
                    "attributes": {
                        "occluded": true,
                        "truncated": false,
                        "trafficLightColor": "none"
                    },
                    "box2d": {
                        "x1": 683.769215,
                        "y1": 325.663805,
                        "x2": 697.49451,
                        "y2": 341.884608
                    }
                },
                {
                    "category": "car",
                    "id": 20,
                    "attributes": {
                        "occluded": false,
                        "truncated": false,
                        "trafficLightColor": "none"
                    },
                    "box2d": {
                        "x1": 653.823118,
                        "y1": 319.425035,
                        "x2": 667.548413,
                        "y2": 326.911559
                    }
                },
                {
                    "category": "area/drivable",
                    "id": 21,
                    "attributes": {},
                    "poly2d": [
                        [
                            650.629301,
                            337.06456,
                            "L"
                        ],
                        [
                            501.597125,
                            408.015572,
                            "L"
                        ],
                        [
                            354.362148,
                            410.511079,
                            "L"
                        ],
                        [
                            0,
                            499.101616,
                            "L"
                        ],
                        [
                            2.495508,
                            593.930924,
                            "L"
                        ],
                        [
                            93.581552,
                            546.516272,
                            "C"
                        ],
                        [
                            993.212217,
                            512.826912,
                            "C"
                        ],
                        [
                            1167.984207,
                            554.980717,
                            "C"
                        ],
                        [
                            667.874465,
                            337.06456,
                            "L"
                        ],
                        [
                            650.629301,
                            337.06456,
                            "L"
                        ]
                    ]
                },
                {
                    "category": "lane/road curb",
                    "id": 22,
                    "attributes": {
                        "direction": "parallel",
                        "style": "solid"
                    },
                    "poly2d": [
                        [
                            378.22162,
                            400.176437,
                            "L"
                        ],
                        [
                            0,
                            504.960791,
                            "L"
                        ]
                    ]
                }
            ]
        }
    ],
    "attributes": {
        "weather": "clear",
        "scene": "residential",
        "timeofday": "night"
    }
}