{
    "name": "00e4cae5-c0582574",
    "frames": [
        {
            "timestamp": 10000,
            "objects": [
                {
                    "category": "traffic sign",
                    "id": 0,
                    "attributes": {
                        "occluded": false,
                        "truncated": false,
                        "trafficLightColor": "none"
                    },
                    "box2d": {
                        "x1": 270.62007,
                        "y1": 123.717422,
                        "x2": 319.05113,
                        "y2": 182.285214
                    }
                },
                {
                    "category": "traffic light",
                    "id": 1,
                    "attributes": {
                        "occluded": false,
                        "truncated": false,
                        "trafficLightColor": "green"
                    },
                    "box2d": {
                        "x1": 948.606374,
                        "y1": 283.652547,
                        "x2": 959.917934,
                        "y2": 296.041887
                    }
                },
                {
                    "category": "car",
                    "id": 2,
                    "attributes": {
                        "occluded": true,
                        "truncated": false,
                        "trafficLightColor": "none"
                    },
                    "box2d": {
                        "x1": 906.981659,
                        "y1": 320.820568,
                        "x2": 952.033807,
                        "y2": 359.114892
                    }
                },
                {
                    "category": "car",
                    "id": 3,
                    "attributes": {
                        "occluded": true,
                        "truncated": false,
                        "trafficLightColor": "none"
                    },
                    "box2d": {
                        "x1": 946.918875,
                        "y1": 323.073177,
                        "x2": 985.822917,
                        "y2": 345.599251
                    }
                },
                {
                    "category": "car",
                    "id": 4,
                    "attributes": {
                        "occluded": true,
                        "truncated": false,
                        "trafficLightColor": "none"
                    },
                    "box2d": {
                        "x1": 994.833346,
                        "y1": 326.452088,
                        "x2": 1013.980509,
                        "y2": 345.599251
                    }
                },
                {
                    "category": "car",
                    "id": 5,
                    "attributes": {
                        "occluded": false,
                        "truncated": false,
                        "trafficLightColor": "none"
                    },
                    "box2d": {
                        "x1": 1010.601598,
                        "y1": 327.57839,
                        "x2": 1037.632888,
                        "y2": 350.104465
                    }
                },
                {
                    "category": "car",
                    "id": 6,
                    "attributes": {
                        "occluded": true,
                        "truncated": false,
                        "trafficLightColor": "none"
                    },
                    "box2d": {
                        "x1": 1043.264407,
                        "y1": 319.694266,
                        "x2": 1075.927215,
                        "y2": 352.357073
                    }
                },
                {
                    "category": "car",
                    "id": 7,
                    "attributes": {
                        "occluded": true,
                        "truncated": false,
                        "trafficLightColor": "none"
                    },
                    "box2d": {
                        "x1": 1062.411569,
                        "y1": 318.567961,
                        "x2": 1123.231969,
                        "y2": 356.862288
                    }
                },
                {
                    "category": "truck",
                    "id": 8,
                    "attributes": {
                        "occluded": true,
                        "truncated": false,
                        "trafficLightColor": "none"
                    },
                    "box2d": {
                        "x1": 1112.293761,
                        "y1": 308.431229,
                        "x2": 1217.84148,
                        "y2": 372.262244
                    }
                },
                {
                    "category": "car",
                    "id": 9,
                    "attributes": {
                        "occluded": true,
                        "truncated": false,
                        "trafficLightColor": "none"
                    },
                    "box2d": {
                        "x1": 1157.85623,
                        "y1": 325.012277,
                        "x2": 1207.704747,
                        "y2": 379.388363
                    }
                },
                {
                    "category": "car",
                    "id": 10,
                    "attributes": {
                        "occluded": true,
                        "truncated": false,
                        "trafficLightColor": "none"
                    },
                    "box2d": {
                        "x1": 1183.168713,
                        "y1": 335.462516,
                        "x2": 1230.41868,
                        "y2": 392.512232
                    }
                },
                {
                    "category": "area/drivable",
                    "id": 11,
                    "attributes": {},
                    "poly2d": [
                        [
                            1131.71191,
                            374.672737,
                            "L"
                        ],
                        [
                            1186.045196,
                            377.621367,
                            "C"
                        ],
                        [
                            1198.314481,
                            423.972004,
                            "C"
                        ],
                        [
                            1210.583768,
                            473.04915,
                            "C"
                        ],
                        [
                            1280.095537,
                            490.771453,
                            "L"
                        ],
                        [
                            1278.746469,
                            665.267968,
                            "L"
                        ],
                        [
                            936.697822,
                            572.757914,
                            "C"
                        ],
                        [
                            635.731197,
                            560.473562,
                            "C"
                        ],
                        [
                            73.722091,
                            585.042266,
                            "C"
                        ],
                        [
                            865.680496,
                            410.339464,
                            "L"
                        ],
                        [
                            918.847404,
                            414.429226,
                            "L"
                        ],
                        [
                            1031.90155,
                            359.317297,
                            "L"
                        ],
                        [
                            1131.71191,
                            374.672737,
                            "L"
                        ]
                    ]
                },
                {
                    "category": "lane/road curb",
                    "id": 12,
                    "attributes": {
                        "direction": "parallel",
                        "style": "solid"
                    },
                    "poly2d": [
                        [
                            858.173689,
                            388.800002,
                            "L"
                        ],
                        [
                            712.373688,
                            418.215792,
                            "L"
                        ]
                    ]
                },
                {
                    "category": "lane/road curb",
                    "id": 13,
                    "attributes": {
                        "direction": "parallel",
                        "style": "solid"
                    },
                    "poly2d": [
                        [
                            99.757895,
                            540.99474,
                            "L"
                        ],
                        [
                            0,
                            557.621056,
                            "L"
                        ]
                    ]
                },
                {
                    "category": "lane/road curb",
                    "id": 14,
                    "attributes": {
                        "direction": "parallel",
                        "style": "solid"
                    },
                    "poly2d": [
                        [
                            549.947371,
                            448.910529,
                            "L"
                        ],
                        [
                            482.16316,
                            464.257897,
                            "L"
                        ]
                    ]
                }
            ]
        }
    ],
    "attributes": {
        "weather": "undefined",
        "scene": "residential",
        "timeofday": "daytime"
    }
}