{
    "name": "00e42886-bd5ed543",
    "frames": [
        {
            "timestamp": 10000,
            "objects": [
                {
                    "category": "traffic sign",
                    "id": 0,
                    "attributes": {
                        "occluded": false,
                        "truncated": false,
                        "trafficLightColor": "none"
                    },
                    "box2d": {
                        "x1": 626.826246,
                        "y1": 185.770685,
                        "x2": 715.516766,
                        "y2": 213.336657
                    }
                },
                {
                    "category": "traffic sign",
                    "id": 1,
                    "attributes": {
                        "occluded": false,
                        "truncated": false,
                        "trafficLightColor": "none"
                    },
                    "box2d": {
                        "x1": 218.130739,
                        "y1": 266.071561,
                        "x2": 248.093753,
                        "y2": 300.828657
                    }
                },
                {
                    "category": "traffic light",
                    "id": 2,
                    "attributes": {
                        "occluded": false,
                        "truncated": false,
                        "trafficLightColor": "green"
                    },
                    "box2d": {
                        "x1": 568.098739,
                        "y1": 122.249096,
                        "x2": 589.672109,
                        "y2": 174.984
                    }
                },
                {
                    "category": "traffic light",
                    "id": 3,
                    "attributes": {
                        "occluded": false,
                        "truncated": false,
                        "trafficLightColor": "green"
                    },
                    "box2d": {
                        "x1": 533.341643,
                        "y1": 314.012383,
                        "x2": 548.92241,
                        "y2": 323.600547
                    }
                },
                {
                    "category": "traffic light",
                    "id": 4,
                    "attributes": {
                        "occluded": false,
                        "truncated": false,
                        "trafficLightColor": "green"
                    },
                    "box2d": {
                        "x1": 486.599342,
                        "y1": 311.615342,
                        "x2": 503.378629,
                        "y2": 318.806465
                    }
                },
                {
                    "category": "traffic light",
                    "id": 5,
                    "attributes": {
                        "occluded": false,
                        "truncated": false,
                        "trafficLightColor": "green"
                    },
                    "box2d": {
                        "x1": 408.695506,
                        "y1": 306.82126,
                        "x2": 421.879232,
                        "y2": 315.210904
                    }
                },
                {
                    "category": "traffic light",
                    "id": 6,
                    "attributes": {
                        "occluded": false,
                        "truncated": false,
                        "trafficLightColor": "green"
                    },
                    "box2d": {
                        "x1": 387.122136,
                        "y1": 315.210904,
                        "x2": 402.702904,
                        "y2": 322.402027
                    }
                },
                {
                    "category": "traffic light",
                    "id": 7,
                    "attributes": {
                        "occluded": false,
                        "truncated": false,
                        "trafficLightColor": "green"
                    },
                    "box2d": {
                        "x1": 278.056767,
                        "y1": 309.218301,
                        "x2": 290.041972,
                        "y2": 318.806465
                    }
                },
                {
                    "category": "traffic light",
                    "id": 8,
                    "attributes": {
                        "occluded": false,
                        "truncated": false,
                        "trafficLightColor": "green"
                    },
                    "box2d": {
                        "x1": 249.292274,
                        "y1": 312.813863,
                        "x2": 261.277479,
                        "y2": 321.203506
                    }
                },
                {
                    "category": "traffic light",
                    "id": 9,
                    "attributes": {
                        "occluded": false,
                        "truncated": false,
                        "trafficLightColor": "green"
                    },
                    "box2d": {
                        "x1": 179.778082,
                        "y1": 294.836054,
                        "x2": 195.358849,
                        "y2": 304.424219
                    }
                },
                {
                    "category": "traffic light",
                    "id": 10,
                    "attributes": {
                        "occluded": false,
                        "truncated": false,
                        "trafficLightColor": "green"
                    },
                    "box2d": {
                        "x1": 131.83726,
                        "y1": 153.41063,
                        "x2": 161.800274,
                        "y2": 202.549972
                    }
                },
                {
                    "category": "traffic light",
                    "id": 11,
                    "attributes": {
                        "occluded": false,
                        "truncated": false,
                        "trafficLightColor": "red"
                    },
                    "box2d": {
                        "x1": 596.863232,
                        "y1": 125.844657,
                        "x2": 617.238081,
                        "y2": 177.381041
                    }
                },
                {
                    "category": "traffic light",
                    "id": 12,
                    "attributes": {
                        "occluded": false,
                        "truncated": false,
                        "trafficLightColor": "red"
                    },
                    "box2d": {
                        "x1": 726.303451,
                        "y1": 314.012383,
                        "x2": 743.082739,
                        "y2": 336.784273
                    }
                },
                {
                    "category": "traffic light",
                    "id": 13,
                    "attributes": {
                        "occluded": false,
                        "truncated": false,
                        "trafficLightColor": "red"
                    },
                    "box2d": {
                        "x1": 751.472382,
                        "y1": 221.726301,
                        "x2": 761.060547,
                        "y2": 255.284876
                    }
                },
                {
                    "category": "car",
                    "id": 14,
                    "attributes": {
                        "occluded": true,
                        "truncated": false,
                        "trafficLightColor": "none"
                    },
                    "box2d": {
                        "x1": 400.305862,
                        "y1": 346.372438,
                        "x2": 425.474794,
                        "y2": 360.754684
                    }
                },
                {
                    "category": "car",
                    "id": 15,
                    "attributes": {
                        "occluded": true,
                        "truncated": false,
                        "trafficLightColor": "none"
                    },
                    "box2d": {
                        "x1": 349.968,
                        "y1": 339.181315,
                        "x2": 393.114739,
                        "y2": 357.159123
                    }
                },
                {
                    "category": "car",
                    "id": 16,
                    "attributes": {
                        "occluded": true,
                        "truncated": false,
                        "trafficLightColor": "none"
                    },
                    "box2d": {
                        "x1": 311.615342,
                        "y1": 328.39463,
                        "x2": 340.379835,
                        "y2": 355.960602
                    }
                },
                {
                    "category": "car",
                    "id": 17,
                    "attributes": {
                        "occluded": true,
                        "truncated": false,
                        "trafficLightColor": "none"
                    },
                    "box2d": {
                        "x1": 258.880438,
                        "y1": 328.39463,
                        "x2": 318.806465,
                        "y2": 358.357643
                    }
                },
                {
                    "category": "car",
                    "id": 18,
                    "attributes": {
                        "occluded": true,
                        "truncated": false,
                        "trafficLightColor": "none"
                    },
                    "box2d": {
                        "x1": 143.822466,
                        "y1": 311.615342,
                        "x2": 206.145534,
                        "y2": 352.365041
                    }
                },
                {
                    "category": "car",
                    "id": 19,
                    "attributes": {
                        "occluded": true,
                        "truncated": false,
                        "trafficLightColor": "none"
                    },
                    "box2d": {
                        "x1": 463.827451,
                        "y1": 348.769479,
                        "x2": 480.606739,
                        "y2": 361.953205
                    }
                },
                {
                    "category": "car",
                    "id": 20,
                    "attributes": {
                        "occluded": false,
                        "truncated": false,
                        "trafficLightColor": "none"
                    },
                    "box2d": {
                        "x1": 461.43041,
                        "y1": 349.968,
                        "x2": 554.915013,
                        "y2": 425.474794
                    }
                },
                {
                    "category": "car",
                    "id": 21,
                    "attributes": {
                        "occluded": false,
                        "truncated": false,
                        "trafficLightColor": "none"
                    },
                    "box2d": {
                        "x1": 9.588164,
                        "y1": 312.813863,
                        "x2": 159.403233,
                        "y2": 395.51178
                    }
                },
                {
                    "category": "bus",
                    "id": 22,
                    "attributes": {
                        "occluded": false,
                        "truncated": true,
                        "trafficLightColor": "none"
                    },
                    "box2d": {
                        "x1": 1048.705478,
                        "y1": 309.218301,
                        "x2": 1278.821423,
                        "y2": 493.790465
                    }
                },
                {
                    "category": "area/drivable",
                    "id": 23,
                    "attributes": {},
                    "poly2d": [
                        [
                            413.077316,
                            414.596882,
                            "L"
                        ],
                        [
                            59.902194,
                            634.179675,
                            "L"
                        ],
                        [
                            668.819061,
                            573.749606,
                            "C"
                        ],
                        [
                            913.664662,
                            669.497186,
                            "C"
                        ],
                        [
                            1280.6437,
                            710.956874,
                            "C"
                        ],
                        [
                            1280.6437,
                            520.549418,
                            "L"
                        ],
                        [
                            1018.081655,
                            468.34092,
                            "L"
                        ],
                        [
                            867.598342,
                            442.236673,
                            "C"
                        ],
                        [
                            724.79275,
                            479.089729,
                            "C"
                        ],
                        [
                            601.949228,
                            393.099265,
                            "C"
                        ],
                        [
                            565.096172,
                            386.957089,
                            "L"
                        ],
                        [
                            554.347365,
                            429.952321,
                            "L"
                        ],
                        [
                            413.077316,
                            414.596882,
                            "L"
                        ]
                    ]
                },
                {
                    "category": "area/alternative",
                    "id": 24,
                    "attributes": {},
                    "poly2d": [
                        [
                            443.788195,
                            373.137194,
                            "L"
                        ],
                        [
                            0,
                            419.203512,
                            "L"
                        ],
                        [
                            0,
                            632.812065,
                            "L"
                        ],
                        [
                            453.00146,
                            383.886001,
                            "L"
                        ],
                        [
                            443.788195,
                            373.137194,
                            "L"
                        ]
                    ]
                },
                {
                    "category": "lane/single white",
                    "id": 25,
                    "attributes": {
                        "direction": "parallel",
                        "style": "solid"
                    },
                    "poly2d": [
                        [
                            98.608721,
                            612.142447,
                            "L"
                        ],
                        [
                            364.980329,
                            440.537661,
                            "L"
                        ]
                    ]
                },
                {
                    "category": "lane/single white",
                    "id": 26,
                    "attributes": {
                        "direction": "parallel",
                        "style": "solid"
                    },
                    "poly2d": [
                        [
                            71.715433,
                            609.581182,
                            "L"
                        ],
                        [
                            357.296533,
                            437.976395,
                            "L"
                        ]
                    ]
                },
                {
                    "category": "lane/single white",
                    "id": 27,
                    "attributes": {
                        "direction": "parallel",
                        "style": "solid"
                    },
                    "poly2d": [
                        [
                            206.18187,
                            400.838046,
                            "L"
                        ],
                        [
                            356.0159,
                            381.628555,
                            "L"
                        ]
                    ]
                },
                {
                    "category": "lane/single white",
                    "id": 28,
                    "attributes": {
                        "direction": "parallel",
                        "style": "dashed"
                    },
                    "poly2d": [
                        [
                            399.557413,
                            403.399312,
                            "L"
                        ],
                        [
                            462.308417,
                            386.751086,
                            "L"
                        ]
                    ]
                },
                {
                    "category": "lane/crosswalk",
                    "id": 29,
                    "attributes": {
                        "direction": "vertical",
                        "style": "dashed"
                    },
                    "poly2d": [
                        [
                            66.592902,
                            608.300549,
                            "L"
                        ],
                        [
                            354.735268,
                            617.264978,
                            "L"
                        ]
                    ]
                },
                {
                    "category": "lane/crosswalk",
                    "id": 30,
                    "attributes": {
                        "direction": "vertical",
                        "style": "dashed"
                    },
                    "poly2d": [
                        [
                            1199.952873,
                            658.245226,
                            "L"
                        ],
                        [
                            881.075322,
                            645.438898,
                            "L"
                        ]
                    ]
                },
                {
                    "category": "lane/crosswalk",
                    "id": 31,
                    "attributes": {
                        "direction": "vertical",
                        "style": "dashed"
                    },
                    "poly2d": [
                        [
                            1276.790837,
                            546.830178,
                            "L"
                        ],
                        [
                            904.126711,
                            458.466519,
                            "L"
                        ]
                    ]
                },
                {
                    "category": "lane/crosswalk",
                    "id": 32,
                    "attributes": {
                        "direction": "vertical",
                        "style": "dashed"
                    },
                    "poly2d": [
                        [
                            764.537743,
                            449.50209,
                            "L"
                        ],
                        [
                            1280.632735,
                            649.280797,
                            "L"
                        ]
                    ]
                },
                {
                    "category": "lane/crosswalk",
                    "id": 33,
                    "attributes": {
                        "direction": "vertical",
                        "style": "dashed"
                    },
                    "poly2d": [
                        [
                            97.328088,
                            417.486272,
                            "L"
                        ],
                        [
                            728.680026,
                            445.660192,
                            "L"
                        ]
                    ]
                },
                {
                    "category": "lane/crosswalk",
                    "id": 34,
                    "attributes": {
                        "direction": "vertical",
                        "style": "dashed"
                    },
                    "poly2d": [
                        [
                            206.18187,
                            403.399312,
                            "L"
                        ],
                        [
                            673.612819,
                            427.731333,
                            "L"
                        ]
                    ]
                },
                {
                    "category": "lane/road curb",
                    "id": 35,
                    "attributes": {
                        "direction": "parallel",
                        "style": "solid"
                    },
                    "poly2d": [
                        [
                            604.458651,
                            391.873617,
                            "C"
                        ],
                        [
                            701.786739,
                            443.098926,
                            "C"
                        ],
                        [
                            744.047619,
                            443.098926,
                            "C"
                        ],
                        [
                            1042.435046,
                            464.869683,
                            "L"
                        ]
                    ]
                },
                {
                    "category": "lane/road curb",
                    "id": 36,
                    "attributes": {
                        "direction": "parallel",
                        "style": "solid"
                    },
                    "poly2d": [
                        [
                            3.841898,
                            418.766904,
                            "L"
                        ],
                        [
                            416.205639,
                            373.944759,
                            "L"
                        ]
                    ]
                }
            ]
        }
    ],
    "attributes": {
        "weather": "clear",
        "scene": "city street",
        "timeofday": "night"
    }
}