{
    "name": "00e42886-b826e91d",
    "frames": [
        {
            "timestamp": 10000,
            "objects": [
                {
                    "category": "traffic light",
                    "id": 0,
                    "attributes": {
                        "occluded": false,
                        "truncated": false,
                        "trafficLightColor": "red"
                    },
                    "box2d": {
                        "x1": 405.170513,
                        "y1": 198.236842,
                        "x2": 416.74985,
                        "y2": 223.347974
                    }
                },
                {
                    "category": "traffic light",
                    "id": 1,
                    "attributes": {
                        "occluded": false,
                        "truncated": false,
                        "trafficLightColor": "red"
                    },
                    "box2d": {
                        "x1": 742.81262,
                        "y1": 177.773685,
                        "x2": 756.88104,
                        "y2": 210.870433
                    }
                },
                {
                    "category": "traffic light",
                    "id": 2,
                    "attributes": {
                        "occluded": false,
                        "truncated": false,
                        "trafficLightColor": "yellow"
                    },
                    "box2d": {
                        "x1": 824.665253,
                        "y1": 303.110529,
                        "x2": 843.849463,
                        "y2": 324.852634
                    }
                },
                {
                    "category": "traffic light",
                    "id": 3,
                    "attributes": {
                        "occluded": false,
                        "truncated": false,
                        "trafficLightColor": "red"
                    },
                    "box2d": {
                        "x1": 525.391566,
                        "y1": 315.900002,
                        "x2": 539.459987,
                        "y2": 338.141346
                    }
                },
                {
                    "category": "traffic light",
                    "id": 4,
                    "attributes": {
                        "occluded": false,
                        "truncated": false,
                        "trafficLightColor": "green"
                    },
                    "box2d": {
                        "x1": 1016.507358,
                        "y1": 283.926316,
                        "x2": 1063.828411,
                        "y2": 310.784211
                    }
                },
                {
                    "category": "traffic sign",
                    "id": 5,
                    "attributes": {
                        "occluded": false,
                        "truncated": false,
                        "trafficLightColor": "none"
                    },
                    "box2d": {
                        "x1": 159.612617,
                        "y1": 237.884212,
                        "x2": 197.981038,
                        "y2": 249.394738
                    }
                },
                {
                    "category": "traffic sign",
                    "id": 6,
                    "attributes": {
                        "occluded": true,
                        "truncated": false,
                        "trafficLightColor": "none"
                    },
                    "box2d": {
                        "x1": 34.275774,
                        "y1": 176.494738,
                        "x2": 67.528405,
                        "y2": 191.842107
                    }
                },
                {
                    "category": "traffic sign",
                    "id": 7,
                    "attributes": {
                        "occluded": true,
                        "truncated": false,
                        "trafficLightColor": "none"
                    },
                    "box2d": {
                        "x1": 40.670511,
                        "y1": 194.400001,
                        "x2": 85.433668,
                        "y2": 211.026318
                    }
                },
                {
                    "category": "traffic sign",
                    "id": 8,
                    "attributes": {
                        "occluded": false,
                        "truncated": false,
                        "trafficLightColor": "none"
                    },
                    "box2d": {
                        "x1": 987.091569,
                        "y1": 271.136844,
                        "x2": 1008.833674,
                        "y2": 295.436844
                    }
                },
                {
                    "category": "traffic sign",
                    "id": 9,
                    "attributes": {
                        "occluded": false,
                        "truncated": false,
                        "trafficLightColor": "none"
                    },
                    "box2d": {
                        "x1": 805.48104,
                        "y1": 236.605264,
                        "x2": 842.570514,
                        "y2": 250.673686
                    }
                },
                {
                    "category": "traffic light",
                    "id": 10,
                    "attributes": {
                        "occluded": false,
                        "truncated": false,
                        "trafficLightColor": "green"
                    },
                    "box2d": {
                        "x1": 808.038936,
                        "y1": 205.910527,
                        "x2": 824.665253,
                        "y2": 237.884212
                    }
                },
                {
                    "category": "traffic sign",
                    "id": 11,
                    "attributes": {
                        "occluded": false,
                        "truncated": false,
                        "trafficLightColor": "none"
                    },
                    "box2d": {
                        "x1": 979.417884,
                        "y1": 234.04737,
                        "x2": 1003.717884,
                        "y2": 249.394738
                    }
                },
                {
                    "category": "traffic sign",
                    "id": 12,
                    "attributes": {
                        "occluded": false,
                        "truncated": false,
                        "trafficLightColor": "none"
                    },
                    "box2d": {
                        "x1": 983.254726,
                        "y1": 218.700001,
                        "x2": 1003.717884,
                        "y2": 237.884212
                    }
                },
                {
                    "category": "traffic light",
                    "id": 13,
                    "attributes": {
                        "occluded": false,
                        "truncated": false,
                        "trafficLightColor": "red"
                    },
                    "box2d": {
                        "x1": 659.68104,
                        "y1": 304.389475,
                        "x2": 671.291675,
                        "y2": 324.416051
                    }
                },
                {
                    "category": "car",
                    "id": 14,
                    "attributes": {
                        "occluded": true,
                        "truncated": false,
                        "trafficLightColor": "none"
                    },
                    "box2d": {
                        "x1": 540.2775,
                        "y1": 312.06316,
                        "x2": 681.423146,
                        "y2": 355.54737
                    }
                },
                {
                    "category": "car",
                    "id": 15,
                    "attributes": {
                        "occluded": true,
                        "truncated": false,
                        "trafficLightColor": "none"
                    },
                    "box2d": {
                        "x1": 240.186301,
                        "y1": 318.457896,
                        "x2": 430.74946,
                        "y2": 488.557897
                    }
                },
                {
                    "category": "car",
                    "id": 16,
                    "attributes": {
                        "occluded": false,
                        "truncated": false,
                        "trafficLightColor": "none"
                    },
                    "box2d": {
                        "x1": 447.375776,
                        "y1": 338.921055,
                        "x2": 495.975776,
                        "y2": 376.010529
                    }
                },
                {
                    "category": "car",
                    "id": 17,
                    "attributes": {
                        "occluded": false,
                        "truncated": true,
                        "trafficLightColor": "none"
                    },
                    "box2d": {
                        "x1": 0,
                        "y1": 185.447368,
                        "x2": 342.502091,
                        "y2": 645.868423
                    }
                },
                {
                    "category": "car",
                    "id": 18,
                    "attributes": {
                        "occluded": false,
                        "truncated": true,
                        "trafficLightColor": "none"
                    },
                    "box2d": {
                        "x1": 384.707356,
                        "y1": 346.594739,
                        "x2": 928.25999,
                        "y2": 654.821056
                    }
                },
                {
                    "category": "bike",
                    "id": 19,
                    "attributes": {
                        "occluded": false,
                        "truncated": true,
                        "trafficLightColor": "none"
                    },
                    "box2d": {
                        "x1": 1199.396833,
                        "y1": 450.189476,
                        "x2": 1279.970517,
                        "y2": 555.063161
                    }
                },
                {
                    "category": "traffic light",
                    "id": 20,
                    "attributes": {
                        "occluded": false,
                        "truncated": false,
                        "trafficLightColor": "none"
                    },
                    "box2d": {
                        "x1": 719.954083,
                        "y1": 175.93332,
                        "x2": 732.431623,
                        "y2": 217.109203
                    }
                },
                {
                    "category": "area/alternative",
                    "id": 21,
                    "attributes": {},
                    "poly2d": [
                        [
                            937.131377,
                            477.562172,
                            "L"
                        ],
                        [
                            1280.811619,
                            582.187099,
                            "L"
                        ],
                        [
                            1280.811619,
                            720.562005,
                            "L"
                        ],
                        [
                            1170.006218,
                            720.562005,
                            "L"
                        ],
                        [
                            1100.818764,
                            698.62452,
                            "C"
                        ],
                        [
                            1024.881317,
                            673.312037,
                            "C"
                        ],
                        [
                            947.25637,
                            658.124548,
                            "C"
                        ],
                        [
                            937.131377,
                            477.562172,
                            "L"
                        ]
                    ]
                },
                {
                    "category": "lane/road curb",
                    "id": 22,
                    "attributes": {
                        "direction": "parallel",
                        "style": "solid"
                    },
                    "poly2d": [
                        [
                            1280.6437,
                            592.719986,
                            "L"
                        ],
                        [
                            1027.294918,
                            515.942786,
                            "L"
                        ]
                    ]
                },
                {
                    "category": "lane/crosswalk",
                    "id": 23,
                    "attributes": {
                        "direction": "vertical",
                        "style": "dashed"
                    },
                    "poly2d": [
                        [
                            836.887462,
                            423.810145,
                            "L"
                        ],
                        [
                            938.233366,
                            463.734289,
                            "L"
                        ]
                    ]
                },
                {
                    "category": "lane/road curb",
                    "id": 24,
                    "attributes": {
                        "direction": "parallel",
                        "style": "solid"
                    },
                    "poly2d": [
                        [
                            833.816374,
                            411.525793,
                            "C"
                        ],
                        [
                            876.811606,
                            422.274601,
                            "C"
                        ],
                        [
                            922.877926,
                            423.810145,
                            "C"
                        ],
                        [
                            975.086422,
                            423.810145,
                            "L"
                        ]
                    ]
                },
                {
                    "category": "lane/single white",
                    "id": 25,
                    "attributes": {
                        "direction": "vertical",
                        "style": "solid"
                    },
                    "poly2d": [
                        [
                            875.198841,
                            479.014189,
                            "L"
                        ],
                        [
                            945.055077,
                            483.005974,
                            "L"
                        ]
                    ]
                },
                {
                    "category": "lane/crosswalk",
                    "id": 26,
                    "attributes": {
                        "direction": "vertical",
                        "style": "dashed"
                    },
                    "poly2d": [
                        [
                            428.118931,
                            390.196975,
                            "L"
                        ],
                        [
                            488.993651,
                            393.190813,
                            "L"
                        ]
                    ]
                },
                {
                    "category": "lane/crosswalk",
                    "id": 27,
                    "attributes": {
                        "direction": "vertical",
                        "style": "dashed"
                    },
                    "poly2d": [
                        [
                            432.110716,
                            402.172329,
                            "L"
                        ],
                        [
                            481.010081,
                            404.168222,
                            "L"
                        ]
                    ]
                },
                {
                    "category": "lane/crosswalk",
                    "id": 28,
                    "attributes": {
                        "direction": "vertical",
                        "style": "dashed"
                    },
                    "poly2d": [
                        [
                            433.108662,
                            426.123039,
                            "L"
                        ],
                        [
                            458.057318,
                            431.11277,
                            "L"
                        ]
                    ]
                },
                {
                    "category": "lane/crosswalk",
                    "id": 29,
                    "attributes": {
                        "direction": "vertical",
                        "style": "dashed"
                    },
                    "poly2d": [
                        [
                            432.110716,
                            439.09634,
                            "L"
                        ],
                        [
                            451.071694,
                            441.092232,
                            "L"
                        ]
                    ]
                },
                {
                    "category": "lane/crosswalk",
                    "id": 30,
                    "attributes": {
                        "direction": "vertical",
                        "style": "dashed"
                    },
                    "poly2d": [
                        [
                            858.233755,
                            455.063479,
                            "L"
                        ],
                        [
                            882.184464,
                            453.067587,
                            "L"
                        ]
                    ]
                },
                {
                    "category": "lane/crosswalk",
                    "id": 31,
                    "attributes": {
                        "direction": "vertical",
                        "style": "dashed"
                    },
                    "poly2d": [
                        [
                            866.217325,
                            468.03678,
                            "L"
                        ],
                        [
                            910.126959,
                            468.03678,
                            "L"
                        ]
                    ]
                },
                {
                    "category": "lane/single white",
                    "id": 32,
                    "attributes": {
                        "direction": "vertical",
                        "style": "solid"
                    },
                    "poly2d": [
                        [
                            429.116877,
                            450.073748,
                            "L"
                        ],
                        [
                            445.084017,
                            452.069641,
                            "L"
                        ]
                    ]
                }
            ]
        }
    ],
    "attributes": {
        "weather": "clear",
        "scene": "city street",
        "timeofday": "night"
    }
}