{
    "name": "00e5e793-f94de032",
    "frames": [
        {
            "timestamp": 10000,
            "objects": [
                {
                    "category": "traffic light",
                    "id": 0,
                    "attributes": {
                        "occluded": false,
                        "truncated": false,
                        "trafficLightColor": "red"
                    },
                    "box2d": {
                        "x1": 610.314164,
                        "y1": 413.075504,
                        "x2": 630.870053,
                        "y2": 438.525653
                    }
                },
                {
                    "category": "car",
                    "id": 1,
                    "attributes": {
                        "occluded": true,
                        "truncated": false,
                        "trafficLightColor": "none"
                    },
                    "box2d": {
                        "x1": 431.495726,
                        "y1": 455.18004,
                        "x2": 477.501765,
                        "y2": 507.932371
                    }
                },
                {
                    "category": "car",
                    "id": 2,
                    "attributes": {
                        "occluded": true,
                        "truncated": false,
                        "trafficLightColor": "none"
                    },
                    "box2d": {
                        "x1": 397.23591,
                        "y1": 459.095449,
                        "x2": 431.495726,
                        "y2": 509.890074
                    }
                },
                {
                    "category": "car",
                    "id": 3,
                    "attributes": {
                        "occluded": true,
                        "truncated": false,
                        "trafficLightColor": "none"
                    },
                    "box2d": {
                        "x1": 359.060686,
                        "y1": 459.095449,
                        "x2": 398.214763,
                        "y2": 511.847779
                    }
                },
                {
                    "category": "car",
                    "id": 4,
                    "attributes": {
                        "occluded": true,
                        "truncated": false,
                        "trafficLightColor": "none"
                    },
                    "box2d": {
                        "x1": 312.075794,
                        "y1": 459.095449,
                        "x2": 358.081833,
                        "y2": 517.720889
                    }
                },
                {
                    "category": "car",
                    "id": 5,
                    "attributes": {
                        "occluded": true,
                        "truncated": false,
                        "trafficLightColor": "none"
                    },
                    "box2d": {
                        "x1": 250.408125,
                        "y1": 460.074301,
                        "x2": 311.8187,
                        "y2": 522.61515
                    }
                },
                {
                    "category": "car",
                    "id": 6,
                    "attributes": {
                        "occluded": true,
                        "truncated": false,
                        "trafficLightColor": "none"
                    },
                    "box2d": {
                        "x1": 185.803898,
                        "y1": 463.989708,
                        "x2": 248.45042,
                        "y2": 527.509409
                    }
                },
                {
                    "category": "car",
                    "id": 7,
                    "attributes": {
                        "occluded": true,
                        "truncated": false,
                        "trafficLightColor": "none"
                    },
                    "box2d": {
                        "x1": 113.368858,
                        "y1": 459.095449,
                        "x2": 184.825047,
                        "y2": 532.403668
                    }
                },
                {
                    "category": "car",
                    "id": 8,
                    "attributes": {
                        "occluded": false,
                        "truncated": true,
                        "trafficLightColor": "none"
                    },
                    "box2d": {
                        "x1": 1.522645,
                        "y1": 457.032072,
                        "x2": 115.069465,
                        "y2": 532.40367
                    }
                },
                {
                    "category": "car",
                    "id": 9,
                    "attributes": {
                        "occluded": true,
                        "truncated": false,
                        "trafficLightColor": "none"
                    },
                    "box2d": {
                        "x1": 638.755236,
                        "y1": 449.201257,
                        "x2": 672.036201,
                        "y2": 488.355334
                    }
                },
                {
                    "category": "car",
                    "id": 10,
                    "attributes": {
                        "occluded": true,
                        "truncated": false,
                        "trafficLightColor": "none"
                    },
                    "box2d": {
                        "x1": 654.416865,
                        "y1": 447.243552,
                        "x2": 700.422903,
                        "y2": 501.080406
                    }
                },
                {
                    "category": "car",
                    "id": 11,
                    "attributes": {
                        "occluded": true,
                        "truncated": false,
                        "trafficLightColor": "none"
                    },
                    "box2d": {
                        "x1": 683.782422,
                        "y1": 443.328146,
                        "x2": 742.513536,
                        "y2": 513.805484
                    }
                },
                {
                    "category": "car",
                    "id": 12,
                    "attributes": {
                        "occluded": false,
                        "truncated": false,
                        "trafficLightColor": "none"
                    },
                    "box2d": {
                        "x1": 719.802787,
                        "y1": 438.851931,
                        "x2": 872.503684,
                        "y2": 557.293012
                    }
                },
                {
                    "category": "car",
                    "id": 13,
                    "attributes": {
                        "occluded": false,
                        "truncated": false,
                        "trafficLightColor": "none"
                    },
                    "box2d": {
                        "x1": 602.340558,
                        "y1": 466.259786,
                        "x2": 625.833005,
                        "y2": 486.815676
                    }
                },
                {
                    "category": "car",
                    "id": 14,
                    "attributes": {
                        "occluded": false,
                        "truncated": false,
                        "trafficLightColor": "none"
                    },
                    "box2d": {
                        "x1": 574.932705,
                        "y1": 474.090601,
                        "x2": 594.509743,
                        "y2": 489.752231
                    }
                },
                {
                    "category": "traffic sign",
                    "id": 15,
                    "attributes": {
                        "occluded": false,
                        "truncated": false,
                        "trafficLightColor": "none"
                    },
                    "box2d": {
                        "x1": 867.775154,
                        "y1": 313.270845,
                        "x2": 914.760046,
                        "y2": 384.727035
                    }
                },
                {
                    "category": "traffic sign",
                    "id": 16,
                    "attributes": {
                        "occluded": true,
                        "truncated": false,
                        "trafficLightColor": "none"
                    },
                    "box2d": {
                        "x1": 1058.651277,
                        "y1": 370.044255,
                        "x2": 1082.143722,
                        "y2": 401.367517
                    }
                },
                {
                    "category": "area/drivable",
                    "id": 17,
                    "attributes": {},
                    "poly2d": [
                        [
                            560.135833,
                            484.970547,
                            "L"
                        ],
                        [
                            0,
                            719.733359,
                            "L"
                        ],
                        [
                            665.161303,
                            719.733359,
                            "L"
                        ],
                        [
                            601.322291,
                            484.970547,
                            "L"
                        ],
                        [
                            560.135833,
                            484.970547,
                            "L"
                        ]
                    ]
                },
                {
                    "category": "area/alternative",
                    "id": 18,
                    "attributes": {},
                    "poly2d": [
                        [
                            642.50875,
                            562.195155,
                            "L"
                        ],
                        [
                            692.962161,
                            719.733359,
                            "L"
                        ],
                        [
                            1279.869192,
                            719.733359,
                            "L"
                        ],
                        [
                            1279.869192,
                            663.101979,
                            "L"
                        ],
                        [
                            884.479193,
                            561.165493,
                            "L"
                        ],
                        [
                            642.50875,
                            562.195155,
                            "L"
                        ]
                    ]
                },
                {
                    "category": "lane/single white",
                    "id": 19,
                    "attributes": {
                        "direction": "parallel",
                        "style": "dashed"
                    },
                    "poly2d": [
                        [
                            612.698037,
                            482.160818,
                            "L"
                        ],
                        [
                            697.152957,
                            720.170138,
                            "L"
                        ]
                    ]
                },
                {
                    "category": "lane/single white",
                    "id": 20,
                    "attributes": {
                        "direction": "parallel",
                        "style": "dashed"
                    },
                    "poly2d": [
                        [
                            600.413685,
                            485.231906,
                            "L"
                        ],
                        [
                            671.048709,
                            720.170138,
                            "L"
                        ]
                    ]
                },
                {
                    "category": "lane/road curb",
                    "id": 21,
                    "attributes": {
                        "direction": "parallel",
                        "style": "solid"
                    },
                    "poly2d": [
                        [
                            864.527254,
                            540.51149,
                            "L"
                        ],
                        [
                            1280.6437,
                            661.819466,
                            "L"
                        ]
                    ]
                },
                {
                    "category": "lane/road curb",
                    "id": 22,
                    "attributes": {
                        "direction": "parallel",
                        "style": "solid"
                    },
                    "poly2d": [
                        [
                            551.276277,
                            485.231906,
                            "L"
                        ],
                        [
                            30.726859,
                            712.492418,
                            "L"
                        ]
                    ]
                }
            ]
        }
    ],
    "attributes": {
        "weather": "clear",
        "scene": "highway",
        "timeofday": "night"
    }
}