{
    "name": "00e5e793-22614772",
    "frames": [
        {
            "timestamp": 10000,
            "objects": [
                {
                    "category": "car",
                    "id": 0,
                    "attributes": {
                        "occluded": false,
                        "truncated": false,
                        "trafficLightColor": "none"
                    },
                    "box2d": {
                        "x1": 427.067835,
                        "y1": 468.779656,
                        "x2": 457.682017,
                        "y2": 485.617457
                    }
                },
                {
                    "category": "motor",
                    "id": 1,
                    "attributes": {
                        "occluded": true,
                        "truncated": false,
                        "trafficLightColor": "none"
                    },
                    "box2d": {
                        "x1": 463.804853,
                        "y1": 467.248948,
                        "x2": 479.111943,
                        "y2": 490.209585
                    }
                },
                {
                    "category": "rider",
                    "id": 2,
                    "attributes": {
                        "occluded": false,
                        "truncated": false,
                        "trafficLightColor": "none"
                    },
                    "box2d": {
                        "x1": 463.804853,
                        "y1": 450.411148,
                        "x2": 482.173361,
                        "y2": 470.310366
                    }
                },
                {
                    "category": "traffic sign",
                    "id": 3,
                    "attributes": {
                        "occluded": false,
                        "truncated": false,
                        "trafficLightColor": "none"
                    },
                    "box2d": {
                        "x1": 293.896145,
                        "y1": 393.392236,
                        "x2": 307.672527,
                        "y2": 408.699326
                    }
                },
                {
                    "category": "traffic sign",
                    "id": 4,
                    "attributes": {
                        "occluded": false,
                        "truncated": false,
                        "trafficLightColor": "none"
                    },
                    "box2d": {
                        "x1": 289.304016,
                        "y1": 411.760744,
                        "x2": 306.141817,
                        "y2": 427.067835
                    }
                },
                {
                    "category": "traffic sign",
                    "id": 5,
                    "attributes": {
                        "occluded": false,
                        "truncated": false,
                        "trafficLightColor": "none"
                    },
                    "box2d": {
                        "x1": 609.222216,
                        "y1": 407.168618,
                        "x2": 649.020653,
                        "y2": 436.25209
                    }
                },
                {
                    "category": "traffic sign",
                    "id": 6,
                    "attributes": {
                        "occluded": false,
                        "truncated": false,
                        "trafficLightColor": "none"
                    },
                    "box2d": {
                        "x1": 693.411215,
                        "y1": 375.023727,
                        "x2": 734.74036,
                        "y2": 411.760744
                    }
                },
                {
                    "category": "traffic sign",
                    "id": 7,
                    "attributes": {
                        "occluded": true,
                        "truncated": false,
                        "trafficLightColor": "none"
                    },
                    "box2d": {
                        "x1": 691.880507,
                        "y1": 361.247345,
                        "x2": 743.924617,
                        "y2": 399.515072
                    }
                },
                {
                    "category": "traffic sign",
                    "id": 8,
                    "attributes": {
                        "occluded": false,
                        "truncated": false,
                        "trafficLightColor": "none"
                    },
                    "box2d": {
                        "x1": 800.560852,
                        "y1": 318.38749,
                        "x2": 828.113614,
                        "y2": 345.940253
                    }
                },
                {
                    "category": "traffic sign",
                    "id": 9,
                    "attributes": {
                        "occluded": false,
                        "truncated": false,
                        "trafficLightColor": "none"
                    },
                    "box2d": {
                        "x1": 802.091562,
                        "y1": 349.001673,
                        "x2": 831.175034,
                        "y2": 379.615854
                    }
                },
                {
                    "category": "traffic light",
                    "id": 10,
                    "attributes": {
                        "occluded": false,
                        "truncated": false,
                        "trafficLightColor": "red"
                    },
                    "box2d": {
                        "x1": 572.695666,
                        "y1": 438.088936,
                        "x2": 589.533466,
                        "y2": 457.988154
                    }
                },
                {
                    "category": "area/drivable",
                    "id": 11,
                    "attributes": {},
                    "poly2d": [
                        [
                            437.63172,
                            496.462154,
                            "L"
                        ],
                        [
                            219.94437,
                            720.562004,
                            "L"
                        ],
                        [
                            1280.811619,
                            720.562004,
                            "L"
                        ],
                        [
                            1280.811619,
                            643.274554,
                            "L"
                        ],
                        [
                            572.631628,
                            481.274664,
                            "L"
                        ],
                        [
                            498.381678,
                            484.649663,
                            "L"
                        ],
                        [
                            495.006681,
                            498.149653,
                            "L"
                        ],
                        [
                            437.63172,
                            496.462154,
                            "L"
                        ]
                    ]
                },
                {
                    "category": "area/alternative",
                    "id": 12,
                    "attributes": {},
                    "poly2d": [
                        [
                            408.94424,
                            486.337161,
                            "L"
                        ],
                        [
                            272.256834,
                            516.712139,
                            "C"
                        ],
                        [
                            138.944426,
                            548.774617,
                            "C"
                        ],
                        [
                            0,
                            590.962089,
                            "C"
                        ],
                        [
                            0,
                            720.562004,
                            "L"
                        ],
                        [
                            192.944389,
                            720.562004,
                            "L"
                        ],
                        [
                            292.50682,
                            607.837077,
                            "C"
                        ],
                        [
                            368.444268,
                            547.087119,
                            "C"
                        ],
                        [
                            422.444231,
                            494.774654,
                            "C"
                        ],
                        [
                            408.94424,
                            486.337161,
                            "L"
                        ]
                    ]
                },
                {
                    "category": "lane/road curb",
                    "id": 13,
                    "attributes": {
                        "direction": "parallel",
                        "style": "solid"
                    },
                    "poly2d": [
                        [
                            376.22426,
                            489.838538,
                            "L"
                        ],
                        [
                            0,
                            586.57781,
                            "L"
                        ]
                    ]
                },
                {
                    "category": "lane/road curb",
                    "id": 14,
                    "attributes": {
                        "direction": "parallel",
                        "style": "solid"
                    },
                    "poly2d": [
                        [
                            618.840213,
                            491.374082,
                            "L"
                        ],
                        [
                            1280.6437,
                            641.857394,
                            "L"
                        ]
                    ]
                },
                {
                    "category": "lane/single white",
                    "id": 15,
                    "attributes": {
                        "direction": "parallel",
                        "style": "dashed"
                    },
                    "poly2d": [
                        [
                            437.64602,
                            497.516258,
                            "L"
                        ],
                        [
                            225.740948,
                            718.634594,
                            "L"
                        ]
                    ]
                },
                {
                    "category": "lane/single white",
                    "id": 16,
                    "attributes": {
                        "direction": "parallel",
                        "style": "dashed"
                    },
                    "poly2d": [
                        [
                            416.148404,
                            500.587346,
                            "L"
                        ],
                        [
                            184.281259,
                            720.170138,
                            "L"
                        ]
                    ]
                },
                {
                    "category": "lane/road curb",
                    "id": 17,
                    "attributes": {
                        "direction": "parallel",
                        "style": "solid"
                    },
                    "poly2d": [
                        [
                            247.238564,
                            494.44517,
                            "L"
                        ],
                        [
                            0,
                            509.80061,
                            "L"
                        ]
                    ]
                }
            ]
        }
    ],
    "attributes": {
        "weather": "clear",
        "scene": "city street",
        "timeofday": "night"
    }
}