{
    "name": "00e782b9-5fe9bffe",
    "frames": [
        {
            "timestamp": 10000,
            "objects": [
                {
                    "category": "traffic light",
                    "id": 0,
                    "attributes": {
                        "occluded": false,
                        "truncated": false,
                        "trafficLightColor": "green"
                    },
                    "box2d": {
                        "x1": 554.634986,
                        "y1": 299.931369,
                        "x2": 565.214576,
                        "y2": 321.090548
                    }
                },
                {
                    "category": "traffic light",
                    "id": 1,
                    "attributes": {
                        "occluded": false,
                        "truncated": false,
                        "trafficLightColor": "green"
                    },
                    "box2d": {
                        "x1": 665.720676,
                        "y1": 311.833406,
                        "x2": 676.300266,
                        "y2": 331.670138
                    }
                },
                {
                    "category": "traffic sign",
                    "id": 2,
                    "attributes": {
                        "occluded": false,
                        "truncated": false,
                        "trafficLightColor": "none"
                    },
                    "box2d": {
                        "x1": 712.006382,
                        "y1": 347.804006,
                        "x2": 722.585972,
                        "y2": 361.028492
                    }
                },
                {
                    "category": "car",
                    "id": 3,
                    "attributes": {
                        "occluded": true,
                        "truncated": false,
                        "trafficLightColor": "none"
                    },
                    "box2d": {
                        "x1": 301.518304,
                        "y1": 353.093802,
                        "x2": 388.799918,
                        "y2": 402.024405
                    }
                },
                {
                    "category": "car",
                    "id": 4,
                    "attributes": {
                        "occluded": true,
                        "truncated": false,
                        "trafficLightColor": "none"
                    },
                    "box2d": {
                        "x1": 160.016293,
                        "y1": 329.289726,
                        "x2": 301.518302,
                        "y2": 411.281545
                    }
                },
                {
                    "category": "car",
                    "id": 5,
                    "attributes": {
                        "occluded": false,
                        "truncated": true,
                        "trafficLightColor": "none"
                    },
                    "box2d": {
                        "x1": 0,
                        "y1": 318.145336,
                        "x2": 173.975454,
                        "y2": 434.520824
                    }
                },
                {
                    "category": "car",
                    "id": 6,
                    "attributes": {
                        "occluded": false,
                        "truncated": false,
                        "trafficLightColor": "none"
                    },
                    "box2d": {
                        "x1": 445.665212,
                        "y1": 361.689719,
                        "x2": 489.306019,
                        "y2": 388.138694
                    }
                },
                {
                    "category": "car",
                    "id": 7,
                    "attributes": {
                        "occluded": false,
                        "truncated": false,
                        "trafficLightColor": "none"
                    },
                    "box2d": {
                        "x1": 618.905991,
                        "y1": 351.11013,
                        "x2": 694.285568,
                        "y2": 418.555012
                    }
                },
                {
                    "category": "car",
                    "id": 8,
                    "attributes": {
                        "occluded": false,
                        "truncated": false,
                        "trafficLightColor": "none"
                    },
                    "box2d": {
                        "x1": 708.832502,
                        "y1": 365.657065,
                        "x2": 785.534525,
                        "y2": 430.457051
                    }
                },
                {
                    "category": "area/drivable",
                    "id": 9,
                    "attributes": {},
                    "poly2d": [
                        [
                            545.720572,
                            411.864583,
                            "L"
                        ],
                        [
                            273.889948,
                            504.534114,
                            "L"
                        ],
                        [
                            339.788281,
                            509.682422,
                            "L"
                        ],
                        [
                            420.101876,
                            469.525624,
                            "C"
                        ],
                        [
                            556.017187,
                            505.563777,
                            "C"
                        ],
                        [
                            604.411275,
                            525.127343,
                            "C"
                        ],
                        [
                            755.77151,
                            530.275652,
                            "C"
                        ],
                        [
                            896.83513,
                            544.69091,
                            "C"
                        ],
                        [
                            1055.402994,
                            563.224817,
                            "C"
                        ],
                        [
                            800.046952,
                            439.665442,
                            "L"
                        ],
                        [
                            545.720572,
                            411.864583,
                            "L"
                        ]
                    ]
                },
                {
                    "category": "lane/crosswalk",
                    "id": 10,
                    "attributes": {
                        "direction": "vertical",
                        "style": "dashed"
                    },
                    "poly2d": [
                        [
                            81.399811,
                            442.236673,
                            "C"
                        ],
                        [
                            449.930372,
                            454.521025,
                            "C"
                        ],
                        [
                            726.328293,
                            488.302994,
                            "C"
                        ],
                        [
                            959.730982,
                            508.265066,
                            "L"
                        ]
                    ]
                },
                {
                    "category": "lane/double yellow",
                    "id": 11,
                    "attributes": {
                        "direction": "parallel",
                        "style": "solid"
                    },
                    "poly2d": [
                        [
                            621.911301,
                            390.028177,
                            "L"
                        ],
                        [
                            403.864052,
                            457.592113,
                            "L"
                        ]
                    ]
                },
                {
                    "category": "lane/double yellow",
                    "id": 12,
                    "attributes": {
                        "direction": "parallel",
                        "style": "solid"
                    },
                    "poly2d": [
                        [
                            611.162493,
                            386.957089,
                            "L"
                        ],
                        [
                            385.437524,
                            449.914393,
                            "L"
                        ]
                    ]
                },
                {
                    "category": "lane/single white",
                    "id": 13,
                    "attributes": {
                        "direction": "vertical",
                        "style": "solid"
                    },
                    "poly2d": [
                        [
                            403.864052,
                            440.701129,
                            "L"
                        ],
                        [
                            102.897427,
                            429.952321,
                            "L"
                        ]
                    ]
                },
                {
                    "category": "lane/road curb",
                    "id": 14,
                    "attributes": {
                        "direction": "parallel",
                        "style": "solid"
                    },
                    "poly2d": [
                        [
                            787.750053,
                            429.952321,
                            "C"
                        ],
                        [
                            938.233366,
                            503.658434,
                            "C"
                        ],
                        [
                            1041.114814,
                            558.938018,
                            "C"
                        ],
                        [
                            1280.6437,
                            580.435634,
                            "L"
                        ]
                    ]
                }
            ]
        }
    ],
    "attributes": {
        "weather": "clear",
        "scene": "city street",
        "timeofday": "night"
    }
}