{
    "name": "00e81dcc-b1dd9e7b",
    "frames": [
        {
            "timestamp": 10000,
            "objects": [
                {
                    "category": "car",
                    "id": 0,
                    "attributes": {
                        "occluded": true,
                        "truncated": false,
                        "trafficLightColor": "none"
                    },
                    "box2d": {
                        "x1": 467.056508,
                        "y1": 291.991973,
                        "x2": 490.572641,
                        "y2": 300.810522
                    }
                },
                {
                    "category": "car",
                    "id": 1,
                    "attributes": {
                        "occluded": true,
                        "truncated": false,
                        "trafficLightColor": "none"
                    },
                    "box2d": {
                        "x1": 441.580701,
                        "y1": 287.092778,
                        "x2": 467.05651,
                        "y2": 300.810522
                    }
                },
                {
                    "category": "car",
                    "id": 2,
                    "attributes": {
                        "occluded": true,
                        "truncated": true,
                        "trafficLightColor": "none"
                    },
                    "box2d": {
                        "x1": 0,
                        "y1": 278.274229,
                        "x2": 120.193562,
                        "y2": 311.58875
                    }
                },
                {
                    "category": "car",
                    "id": 3,
                    "attributes": {
                        "occluded": false,
                        "truncated": false,
                        "trafficLightColor": "none"
                    },
                    "box2d": {
                        "x1": 516.93498,
                        "y1": 289.332417,
                        "x2": 549.269662,
                        "y2": 317.747744
                    }
                },
                {
                    "category": "car",
                    "id": 4,
                    "attributes": {
                        "occluded": false,
                        "truncated": false,
                        "trafficLightColor": "none"
                    },
                    "box2d": {
                        "x1": 649.353196,
                        "y1": 290.45223,
                        "x2": 701.284655,
                        "y2": 329.645783
                    }
                },
                {
                    "category": "car",
                    "id": 5,
                    "attributes": {
                        "occluded": false,
                        "truncated": false,
                        "trafficLightColor": "none"
                    },
                    "box2d": {
                        "x1": 555.288668,
                        "y1": 286.532873,
                        "x2": 625.837063,
                        "y2": 344.343366
                    }
                },
                {
                    "category": "car",
                    "id": 6,
                    "attributes": {
                        "occluded": true,
                        "truncated": false,
                        "trafficLightColor": "none"
                    },
                    "box2d": {
                        "x1": 829.07838,
                        "y1": 279.450036,
                        "x2": 861.413062,
                        "y2": 308.845201
                    }
                },
                {
                    "category": "car",
                    "id": 7,
                    "attributes": {
                        "occluded": true,
                        "truncated": false,
                        "trafficLightColor": "none"
                    },
                    "box2d": {
                        "x1": 182.269162,
                        "y1": 274.374011,
                        "x2": 245.958686,
                        "y2": 300.82966
                    }
                },
                {
                    "category": "car",
                    "id": 8,
                    "attributes": {
                        "occluded": true,
                        "truncated": false,
                        "trafficLightColor": "none"
                    },
                    "box2d": {
                        "x1": 349.821601,
                        "y1": 275.35385,
                        "x2": 402.732898,
                        "y2": 298.869983
                    }
                },
                {
                    "category": "area/drivable",
                    "id": 9,
                    "attributes": {},
                    "poly2d": [
                        [
                            525.304452,
                            346.875624,
                            "L"
                        ],
                        [
                            655.070871,
                            351.86664,
                            "L"
                        ],
                        [
                            752.395688,
                            436.713914,
                            "L"
                        ],
                        [
                            638.850069,
                            425.484129,
                            "C"
                        ],
                        [
                            525.304452,
                            417.997605,
                            "C"
                        ],
                        [
                            405.520064,
                            427.979637,
                            "C"
                        ],
                        [
                            525.304452,
                            346.875624,
                            "L"
                        ]
                    ]
                },
                {
                    "category": "area/alternative",
                    "id": 10,
                    "attributes": {},
                    "poly2d": [
                        [
                            1211.569175,
                            469.15552,
                            "L"
                        ],
                        [
                            727.440607,
                            331.902574,
                            "L"
                        ],
                        [
                            657.566381,
                            339.389101,
                            "L"
                        ],
                        [
                            763.625475,
                            434.218407,
                            "L"
                        ],
                        [
                            917.099221,
                            437.96167,
                            "C"
                        ],
                        [
                            1061.83869,
                            457.925733,
                            "C"
                        ],
                        [
                            1211.569175,
                            469.15552,
                            "C"
                        ]
                    ]
                },
                {
                    "category": "area/alternative",
                    "id": 11,
                    "attributes": {},
                    "poly2d": [
                        [
                            542.77301,
                            326.911559,
                            "L"
                        ],
                        [
                            519.065681,
                            316.929528,
                            "L"
                        ],
                        [
                            123.52765,
                            421.740866,
                            "L"
                        ],
                        [
                            217.109203,
                            414.254341,
                            "C"
                        ],
                        [
                            316.929528,
                            417.997605,
                            "C"
                        ],
                        [
                            399.281293,
                            424.236376,
                            "C"
                        ],
                        [
                            542.77301,
                            326.911559,
                            "L"
                        ]
                    ]
                },
                {
                    "category": "lane/road curb",
                    "id": 12,
                    "attributes": {
                        "direction": "parallel",
                        "style": "solid"
                    },
                    "poly2d": [
                        [
                            510.300003,
                            319.736844,
                            "L"
                        ],
                        [
                            101.036843,
                            419.494739,
                            "L"
                        ]
                    ]
                },
                {
                    "category": "lane/road curb",
                    "id": 13,
                    "attributes": {
                        "direction": "parallel",
                        "style": "solid"
                    },
                    "poly2d": [
                        [
                            712.373688,
                            321.015791,
                            "L"
                        ],
                        [
                            1272.552638,
                            462.97895,
                            "L"
                        ]
                    ]
                },
                {
                    "category": "lane/single white",
                    "id": 14,
                    "attributes": {
                        "direction": "parallel",
                        "style": "solid"
                    },
                    "poly2d": [
                        [
                            729.000004,
                            329.968423,
                            "L"
                        ],
                        [
                            1280.226323,
                            478.326318,
                            "L"
                        ]
                    ]
                },
                {
                    "category": "lane/single white",
                    "id": 15,
                    "attributes": {
                        "direction": "parallel",
                        "style": "dashed"
                    },
                    "poly2d": [
                        [
                            635.636845,
                            329.968423,
                            "L"
                        ],
                        [
                            758.415793,
                            439.957897,
                            "L"
                        ]
                    ]
                },
                {
                    "category": "lane/single white",
                    "id": 16,
                    "attributes": {
                        "direction": "parallel",
                        "style": "dashed"
                    },
                    "poly2d": [
                        [
                            640.752635,
                            329.968423,
                            "L"
                        ],
                        [
                            768.647372,
                            438.67895,
                            "L"
                        ]
                    ]
                },
                {
                    "category": "lane/single white",
                    "id": 17,
                    "attributes": {
                        "direction": "parallel",
                        "style": "dashed"
                    },
                    "poly2d": [
                        [
                            555.063161,
                            321.015791,
                            "L"
                        ],
                        [
                            401.589476,
                            416.936844,
                            "L"
                        ]
                    ]
                },
                {
                    "category": "lane/single white",
                    "id": 18,
                    "attributes": {
                        "direction": "parallel",
                        "style": "dashed"
                    },
                    "poly2d": [
                        [
                            555.063161,
                            326.131581,
                            "L"
                        ],
                        [
                            410.542107,
                            419.494739,
                            "L"
                        ]
                    ]
                }
            ]
        }
    ],
    "attributes": {
        "weather": "clear",
        "scene": "city street",
        "timeofday": "night"
    }
}