{
    "name": "00eb41b2-6bbff2ca",
    "frames": [
        {
            "timestamp": 10000,
            "objects": [
                {
                    "category": "traffic sign",
                    "id": 0,
                    "attributes": {
                        "occluded": false,
                        "truncated": false,
                        "trafficLightColor": "none"
                    },
                    "box2d": {
                        "x1": 536.056672,
                        "y1": 253.728132,
                        "x2": 584.522066,
                        "y2": 288.730919
                    }
                },
                {
                    "category": "traffic sign",
                    "id": 1,
                    "attributes": {
                        "occluded": false,
                        "truncated": false,
                        "trafficLightColor": "none"
                    },
                    "box2d": {
                        "x1": 587.214592,
                        "y1": 256.420653,
                        "x2": 647.796338,
                        "y2": 288.730917
                    }
                },
                {
                    "category": "traffic sign",
                    "id": 2,
                    "attributes": {
                        "occluded": false,
                        "truncated": false,
                        "trafficLightColor": "none"
                    },
                    "box2d": {
                        "x1": 647.796338,
                        "y1": 255.074394,
                        "x2": 711.070606,
                        "y2": 288.730921
                    }
                },
                {
                    "category": "traffic sign",
                    "id": 3,
                    "attributes": {
                        "occluded": false,
                        "truncated": false,
                        "trafficLightColor": "none"
                    },
                    "box2d": {
                        "x1": 767.613569,
                        "y1": 311.617357,
                        "x2": 818.771486,
                        "y2": 342.581359
                    }
                },
                {
                    "category": "car",
                    "id": 4,
                    "attributes": {
                        "occluded": false,
                        "truncated": false,
                        "trafficLightColor": "none"
                    },
                    "box2d": {
                        "x1": 176.360195,
                        "y1": 339.257778,
                        "x2": 371.568044,
                        "y2": 430.803529
                    }
                },
                {
                    "category": "car",
                    "id": 5,
                    "attributes": {
                        "occluded": false,
                        "truncated": false,
                        "trafficLightColor": "none"
                    },
                    "box2d": {
                        "x1": 647.551554,
                        "y1": 338.542578,
                        "x2": 698.709473,
                        "y2": 378.299352
                    }
                },
                {
                    "category": "car",
                    "id": 6,
                    "attributes": {
                        "occluded": false,
                        "truncated": false,
                        "trafficLightColor": "none"
                    },
                    "box2d": {
                        "x1": 593.701114,
                        "y1": 340.60404,
                        "x2": 632.987468,
                        "y2": 364.836738
                    }
                },
                {
                    "category": "car",
                    "id": 7,
                    "attributes": {
                        "occluded": false,
                        "truncated": false,
                        "trafficLightColor": "none"
                    },
                    "box2d": {
                        "x1": 569.468415,
                        "y1": 341.950301,
                        "x2": 593.945896,
                        "y2": 362.144218
                    }
                },
                {
                    "category": "car",
                    "id": 8,
                    "attributes": {
                        "occluded": true,
                        "truncated": false,
                        "trafficLightColor": "none"
                    },
                    "box2d": {
                        "x1": 557.352066,
                        "y1": 340.60404,
                        "x2": 568.122154,
                        "y2": 351.374128
                    }
                },
                {
                    "category": "car",
                    "id": 9,
                    "attributes": {
                        "occluded": true,
                        "truncated": false,
                        "trafficLightColor": "none"
                    },
                    "box2d": {
                        "x1": 529.080584,
                        "y1": 341.950301,
                        "x2": 545.235719,
                        "y2": 348.681607
                    }
                },
                {
                    "category": "car",
                    "id": 10,
                    "attributes": {
                        "occluded": true,
                        "truncated": false,
                        "trafficLightColor": "none"
                    },
                    "box2d": {
                        "x1": 512.925452,
                        "y1": 339.257778,
                        "x2": 527.734323,
                        "y2": 348.681609
                    }
                },
                {
                    "category": "car",
                    "id": 11,
                    "attributes": {
                        "occluded": true,
                        "truncated": false,
                        "trafficLightColor": "none"
                    },
                    "box2d": {
                        "x1": 499.462842,
                        "y1": 339.257778,
                        "x2": 514.271713,
                        "y2": 350.027869
                    }
                },
                {
                    "category": "car",
                    "id": 12,
                    "attributes": {
                        "occluded": true,
                        "truncated": false,
                        "trafficLightColor": "none"
                    },
                    "box2d": {
                        "x1": 477.922665,
                        "y1": 341.950301,
                        "x2": 491.385278,
                        "y2": 350.027869
                    }
                },
                {
                    "category": "car",
                    "id": 13,
                    "attributes": {
                        "occluded": true,
                        "truncated": false,
                        "trafficLightColor": "none"
                    },
                    "box2d": {
                        "x1": 488.692754,
                        "y1": 341.950301,
                        "x2": 499.462842,
                        "y2": 351.374131
                    }
                },
                {
                    "category": "car",
                    "id": 14,
                    "attributes": {
                        "occluded": true,
                        "truncated": false,
                        "trafficLightColor": "none"
                    },
                    "box2d": {
                        "x1": 460.42127,
                        "y1": 345.989085,
                        "x2": 477.922664,
                        "y2": 351.37413
                    }
                },
                {
                    "category": "car",
                    "id": 15,
                    "attributes": {
                        "occluded": true,
                        "truncated": false,
                        "trafficLightColor": "none"
                    },
                    "box2d": {
                        "x1": 449.651184,
                        "y1": 344.642823,
                        "x2": 463.113794,
                        "y2": 352.720391
                    }
                },
                {
                    "category": "car",
                    "id": 16,
                    "attributes": {
                        "occluded": true,
                        "truncated": false,
                        "trafficLightColor": "none"
                    },
                    "box2d": {
                        "x1": 407.917092,
                        "y1": 351.37413,
                        "x2": 426.764749,
                        "y2": 356.759175
                    }
                },
                {
                    "category": "car",
                    "id": 17,
                    "attributes": {
                        "occluded": true,
                        "truncated": false,
                        "trafficLightColor": "none"
                    },
                    "box2d": {
                        "x1": 424.072224,
                        "y1": 343.296562,
                        "x2": 441.573616,
                        "y2": 355.412915
                    }
                },
                {
                    "category": "car",
                    "id": 18,
                    "attributes": {
                        "occluded": true,
                        "truncated": false,
                        "trafficLightColor": "none"
                    },
                    "box2d": {
                        "x1": 390.415699,
                        "y1": 341.950301,
                        "x2": 406.570834,
                        "y2": 355.412914
                    }
                },
                {
                    "category": "car",
                    "id": 19,
                    "attributes": {
                        "occluded": true,
                        "truncated": false,
                        "trafficLightColor": "none"
                    },
                    "box2d": {
                        "x1": 359.451694,
                        "y1": 343.296562,
                        "x2": 376.953089,
                        "y2": 352.720392
                    }
                },
                {
                    "category": "car",
                    "id": 20,
                    "attributes": {
                        "occluded": true,
                        "truncated": false,
                        "trafficLightColor": "none"
                    },
                    "box2d": {
                        "x1": 366.183001,
                        "y1": 348.681607,
                        "x2": 386.376918,
                        "y2": 359.451696
                    }
                },
                {
                    "category": "car",
                    "id": 21,
                    "attributes": {
                        "occluded": true,
                        "truncated": false,
                        "trafficLightColor": "none"
                    },
                    "box2d": {
                        "x1": 328.487691,
                        "y1": 345.989085,
                        "x2": 355.412912,
                        "y2": 362.14422
                    }
                },
                {
                    "category": "car",
                    "id": 22,
                    "attributes": {
                        "occluded": true,
                        "truncated": false,
                        "trafficLightColor": "none"
                    },
                    "box2d": {
                        "x1": 624.665118,
                        "y1": 336.565257,
                        "x2": 648.897815,
                        "y2": 358.105436
                    }
                },
                {
                    "category": "car",
                    "id": 23,
                    "attributes": {
                        "occluded": true,
                        "truncated": false,
                        "trafficLightColor": "none"
                    },
                    "box2d": {
                        "x1": 588.31607,
                        "y1": 336.565257,
                        "x2": 630.050162,
                        "y2": 347.335348
                    }
                },
                {
                    "category": "car",
                    "id": 24,
                    "attributes": {
                        "occluded": true,
                        "truncated": false,
                        "trafficLightColor": "none"
                    },
                    "box2d": {
                        "x1": 574.853459,
                        "y1": 329.83395,
                        "x2": 593.701115,
                        "y2": 335.218999
                    }
                },
                {
                    "category": "bus",
                    "id": 25,
                    "attributes": {
                        "occluded": true,
                        "truncated": false,
                        "trafficLightColor": "none"
                    },
                    "box2d": {
                        "x1": 655.629121,
                        "y1": 316.371342,
                        "x2": 701.401996,
                        "y2": 347.335345
                    }
                },
                {
                    "category": "bus",
                    "id": 26,
                    "attributes": {
                        "occluded": true,
                        "truncated": false,
                        "trafficLightColor": "none"
                    },
                    "box2d": {
                        "x1": 588.31607,
                        "y1": 306.947514,
                        "x2": 605.817463,
                        "y2": 312.332556
                    }
                },
                {
                    "category": "area/alternative",
                    "id": 27,
                    "attributes": {},
                    "poly2d": [
                        [
                            585.058245,
                            369.042401,
                            "L"
                        ],
                        [
                            0,
                            543.712121,
                            "L"
                        ],
                        [
                            0,
                            715.837004,
                            "L"
                        ],
                        [
                            164.256907,
                            675.33703,
                            "C"
                        ],
                        [
                            311.069307,
                            678.712029,
                            "C"
                        ],
                        [
                            435.944221,
                            663.524539,
                            "C"
                        ],
                        [
                            631.694087,
                            374.962236,
                            "L"
                        ],
                        [
                            585.058245,
                            369.042401,
                            "L"
                        ]
                    ]
                },
                {
                    "category": "area/alternative",
                    "id": 28,
                    "attributes": {},
                    "poly2d": [
                        [
                            159.194412,
                            425.587201,
                            "L"
                        ],
                        [
                            0,
                            452.587184,
                            "L"
                        ],
                        [
                            0,
                            533.587128,
                            "L"
                        ],
                        [
                            253.694347,
                            455.962181,
                            "L"
                        ],
                        [
                            159.194412,
                            425.587201,
                            "L"
                        ]
                    ]
                },
                {
                    "category": "area/alternative",
                    "id": 29,
                    "attributes": {},
                    "poly2d": [
                        [
                            1280.811619,
                            661.83704,
                            "L"
                        ],
                        [
                            1280.811619,
                            501.524649,
                            "L"
                        ],
                        [
                            807.193965,
                            380.024735,
                            "L"
                        ],
                        [
                            768.381494,
                            393.524725,
                            "L"
                        ],
                        [
                            1280.811619,
                            661.83704,
                            "L"
                        ]
                    ]
                },
                {
                    "category": "area/drivable",
                    "id": 30,
                    "attributes": {},
                    "poly2d": [
                        [
                            633.381586,
                            381.712233,
                            "L"
                        ],
                        [
                            489.944185,
                            658.462042,
                            "L"
                        ],
                        [
                            820.693957,
                            631.462061,
                            "C"
                        ],
                        [
                            1077.193781,
                            661.83704,
                            "C"
                        ],
                        [
                            1280.811619,
                            709.087007,
                            "C"
                        ],
                        [
                            1280.811619,
                            677.024529,
                            "L"
                        ],
                        [
                            741.683733,
                            384.397841,
                            "L"
                        ],
                        [
                            633.381586,
                            381.712233,
                            "L"
                        ]
                    ]
                },
                {
                    "category": "lane/single white",
                    "id": 31,
                    "attributes": {
                        "direction": "parallel",
                        "style": "dashed"
                    },
                    "poly2d": [
                        [
                            643.408917,
                            374.672737,
                            "C"
                        ],
                        [
                            589.664877,
                            457.592113,
                            "C"
                        ],
                        [
                            540.51149,
                            563.54465,
                            "C"
                        ],
                        [
                            489.854516,
                            657.212834,
                            "L"
                        ]
                    ]
                },
                {
                    "category": "lane/single white",
                    "id": 32,
                    "attributes": {
                        "direction": "parallel",
                        "style": "dashed"
                    },
                    "poly2d": [
                        [
                            634.195653,
                            376.208281,
                            "C"
                        ],
                        [
                            589.664877,
                            423.810145,
                            "C"
                        ],
                        [
                            505.209956,
                            558.938018,
                            "C"
                        ],
                        [
                            434.574932,
                            671.03273,
                            "L"
                        ]
                    ]
                },
                {
                    "category": "lane/single white",
                    "id": 33,
                    "attributes": {
                        "direction": "parallel",
                        "style": "solid"
                    },
                    "poly2d": [
                        [
                            712.508397,
                            365.459473,
                            "L"
                        ],
                        [
                            1280.6437,
                            663.35501,
                            "L"
                        ]
                    ]
                },
                {
                    "category": "lane/single white",
                    "id": 34,
                    "attributes": {
                        "direction": "parallel",
                        "style": "solid"
                    },
                    "poly2d": [
                        [
                            1277.588591,
                            675.639362,
                            "L"
                        ],
                        [
                            707.901765,
                            365.459473,
                            "L"
                        ]
                    ]
                },
                {
                    "category": "lane/single white",
                    "id": 35,
                    "attributes": {
                        "direction": "parallel",
                        "style": "dashed"
                    },
                    "poly2d": [
                        [
                            591.200421,
                            370.066105,
                            "C"
                        ],
                        [
                            486.783428,
                            390.028177,
                            "C"
                        ],
                        [
                            196.549633,
                            483.696362,
                            "C"
                        ],
                        [
                            0,
                            540.51149,
                            "L"
                        ]
                    ]
                },
                {
                    "category": "lane/single white",
                    "id": 36,
                    "attributes": {
                        "direction": "parallel",
                        "style": "dashed"
                    },
                    "poly2d": [
                        [
                            577.380525,
                            365.459473,
                            "C"
                        ],
                        [
                            445.32374,
                            399.241441,
                            "C"
                        ],
                        [
                            250.309652,
                            452.985481,
                            "C"
                        ],
                        [
                            0,
                            534.369314,
                            "L"
                        ]
                    ]
                },
                {
                    "category": "lane/single white",
                    "id": 37,
                    "attributes": {
                        "direction": "parallel",
                        "style": "solid"
                    },
                    "poly2d": [
                        [
                            185.816803,
                            417.667969,
                            "L"
                        ],
                        [
                            0,
                            451.449937,
                            "L"
                        ]
                    ]
                },
                {
                    "category": "lane/road curb",
                    "id": 38,
                    "attributes": {
                        "direction": "parallel",
                        "style": "solid"
                    },
                    "poly2d": [
                        [
                            176.603539,
                            411.525793,
                            "L"
                        ],
                        [
                            0,
                            442.236673,
                            "L"
                        ]
                    ]
                }
            ]
        }
    ],
    "attributes": {
        "weather": "clear",
        "scene": "highway",
        "timeofday": "daytime"
    }
}