{
    "name": "00ecf963-bea6bf0f",
    "frames": [
        {
            "timestamp": 10000,
            "objects": [
                {
                    "category": "car",
                    "id": 0,
                    "attributes": {
                        "occluded": false,
                        "truncated": true,
                        "trafficLightColor": "none"
                    },
                    "box2d": {
                        "x1": 0,
                        "y1": 378.085144,
                        "x2": 127.259322,
                        "y2": 633.713561
                    }
                },
                {
                    "category": "car",
                    "id": 1,
                    "attributes": {
                        "occluded": false,
                        "truncated": false,
                        "trafficLightColor": "none"
                    },
                    "box2d": {
                        "x1": 163.996339,
                        "y1": 416.352869,
                        "x2": 255.838883,
                        "y2": 453.089888
                    }
                },
                {
                    "category": "car",
                    "id": 2,
                    "attributes": {
                        "occluded": false,
                        "truncated": false,
                        "trafficLightColor": "none"
                    },
                    "box2d": {
                        "x1": 315.536541,
                        "y1": 413.291454,
                        "x2": 359.927104,
                        "y2": 440.844218
                    }
                },
                {
                    "category": "car",
                    "id": 3,
                    "attributes": {
                        "occluded": false,
                        "truncated": false,
                        "trafficLightColor": "none"
                    },
                    "box2d": {
                        "x1": 374.513486,
                        "y1": 417.37334,
                        "x2": 403.596959,
                        "y2": 434.211141
                    }
                },
                {
                    "category": "car",
                    "id": 4,
                    "attributes": {
                        "occluded": true,
                        "truncated": false,
                        "trafficLightColor": "none"
                    },
                    "box2d": {
                        "x1": 357.675685,
                        "y1": 414.311922,
                        "x2": 374.513486,
                        "y2": 432.680432
                    }
                },
                {
                    "category": "car",
                    "id": 5,
                    "attributes": {
                        "occluded": true,
                        "truncated": false,
                        "trafficLightColor": "none"
                    },
                    "box2d": {
                        "x1": 399.004831,
                        "y1": 417.37334,
                        "x2": 417.37334,
                        "y2": 432.680432
                    }
                },
                {
                    "category": "bus",
                    "id": 6,
                    "attributes": {
                        "occluded": true,
                        "truncated": false,
                        "trafficLightColor": "none"
                    },
                    "box2d": {
                        "x1": 457.171776,
                        "y1": 380.636321,
                        "x2": 558.198576,
                        "y2": 441.864685
                    }
                },
                {
                    "category": "car",
                    "id": 7,
                    "attributes": {
                        "occluded": false,
                        "truncated": false,
                        "trafficLightColor": "none"
                    },
                    "box2d": {
                        "x1": 466.356031,
                        "y1": 402.066248,
                        "x2": 558.198576,
                        "y2": 472.478866
                    }
                },
                {
                    "category": "car",
                    "id": 8,
                    "attributes": {
                        "occluded": true,
                        "truncated": false,
                        "trafficLightColor": "none"
                    },
                    "box2d": {
                        "x1": 633.203321,
                        "y1": 415.842631,
                        "x2": 646.979702,
                        "y2": 431.149723
                    }
                },
                {
                    "category": "traffic sign",
                    "id": 9,
                    "attributes": {
                        "occluded": false,
                        "truncated": false,
                        "trafficLightColor": "none"
                    },
                    "box2d": {
                        "x1": 731.168703,
                        "y1": 137.253577,
                        "x2": 910.261666,
                        "y2": 317.877251
                    }
                },
                {
                    "category": "traffic light",
                    "id": 10,
                    "attributes": {
                        "occluded": false,
                        "truncated": false,
                        "trafficLightColor": "none"
                    },
                    "box2d": {
                        "x1": 508.405884,
                        "y1": 367.37018,
                        "x2": 520.651556,
                        "y2": 384.207981
                    }
                },
                {
                    "category": "traffic light",
                    "id": 11,
                    "attributes": {
                        "occluded": false,
                        "truncated": false,
                        "trafficLightColor": "none"
                    },
                    "box2d": {
                        "x1": 617.086229,
                        "y1": 356.655217,
                        "x2": 624.739775,
                        "y2": 370.431601
                    }
                },
                {
                    "category": "traffic sign",
                    "id": 12,
                    "attributes": {
                        "occluded": false,
                        "truncated": false,
                        "trafficLightColor": "none"
                    },
                    "box2d": {
                        "x1": 384.418446,
                        "y1": 353.593799,
                        "x2": 416.563337,
                        "y2": 407.168618
                    }
                },
                {
                    "category": "area/alternative",
                    "id": 13,
                    "attributes": {},
                    "poly2d": [
                        [
                            417.997604,
                            445.448193,
                            "L"
                        ],
                        [
                            132.19443,
                            491.062162,
                            "L"
                        ],
                        [
                            137.256928,
                            534.937132,
                            "L"
                        ],
                        [
                            450.439209,
                            445.448193,
                            "L"
                        ],
                        [
                            417.997604,
                            445.448193,
                            "L"
                        ]
                    ]
                },
                {
                    "category": "area/alternative",
                    "id": 14,
                    "attributes": {},
                    "poly2d": [
                        [
                            132.19443,
                            548.437123,
                            "L"
                        ],
                        [
                            125.444435,
                            617.624575,
                            "L"
                        ],
                        [
                            0,
                            663.187045,
                            "L"
                        ],
                        [
                            0,
                            720.562005,
                            "L"
                        ],
                        [
                            277.31933,
                            720.562005,
                            "L"
                        ],
                        [
                            468.006699,
                            479.249671,
                            "L"
                        ],
                        [
                            457.881705,
                            448.874691,
                            "L"
                        ],
                        [
                            346.506783,
                            467.437179,
                            "C"
                        ],
                        [
                            233.444361,
                            514.687146,
                            "C"
                        ],
                        [
                            132.19443,
                            548.437123,
                            "C"
                        ]
                    ]
                },
                {
                    "category": "area/drivable",
                    "id": 15,
                    "attributes": {},
                    "poly2d": [
                        [
                            483.194189,
                            479.249671,
                            "L"
                        ],
                        [
                            307.69431,
                            720.562005,
                            "L"
                        ],
                        [
                            1280.811619,
                            720.562005,
                            "L"
                        ],
                        [
                            992.818839,
                            631.124566,
                            "C"
                        ],
                        [
                            866.256426,
                            676.687035,
                            "C"
                        ],
                        [
                            626.631589,
                            435.374701,
                            "C"
                        ],
                        [
                            576.006626,
                            431.999703,
                            "L"
                        ],
                        [
                            555.756639,
                            472.499676,
                            "L"
                        ],
                        [
                            483.194189,
                            479.249671,
                            "L"
                        ]
                    ]
                },
                {
                    "category": "lane/road curb",
                    "id": 16,
                    "attributes": {
                        "direction": "parallel",
                        "style": "solid"
                    },
                    "poly2d": [
                        [
                            457.052081,
                            443.239177,
                            "L"
                        ],
                        [
                            118.645406,
                            491.057512,
                            "L"
                        ]
                    ]
                },
                {
                    "category": "lane/road curb",
                    "id": 17,
                    "attributes": {
                        "direction": "parallel",
                        "style": "solid"
                    },
                    "poly2d": [
                        [
                            644.647085,
                            457.032928,
                            "C"
                        ],
                        [
                            972.01876,
                            705.320433,
                            "C"
                        ],
                        [
                            770.630005,
                            575.65918,
                            "C"
                        ],
                        [
                            1238.697933,
                            699.802933,
                            "L"
                        ]
                    ]
                },
                {
                    "category": "lane/single white",
                    "id": 18,
                    "attributes": {
                        "direction": "parallel",
                        "style": "dashed"
                    },
                    "poly2d": [
                        [
                            469.260551,
                            493.815287,
                            "L"
                        ],
                        [
                            326.199151,
                            720.21196,
                            "L"
                        ]
                    ]
                },
                {
                    "category": "lane/single white",
                    "id": 19,
                    "attributes": {
                        "direction": "parallel",
                        "style": "dashed"
                    },
                    "poly2d": [
                        [
                            461.085614,
                            479.917771,
                            "L"
                        ],
                        [
                            296.769378,
                            720.21196,
                            "L"
                        ]
                    ]
                },
                {
                    "category": "lane/single white",
                    "id": 20,
                    "attributes": {
                        "direction": "parallel",
                        "style": "dashed"
                    },
                    "poly2d": [
                        [
                            306.369492,
                            483.005974,
                            "L"
                        ],
                        [
                            127.737117,
                            539.888909,
                            "L"
                        ]
                    ]
                },
                {
                    "category": "lane/single white",
                    "id": 21,
                    "attributes": {
                        "direction": "parallel",
                        "style": "dashed"
                    },
                    "poly2d": [
                        [
                            128.735063,
                            549.868371,
                            "L"
                        ],
                        [
                            315.351008,
                            485.999812,
                            "L"
                        ]
                    ]
                }
            ]
        }
    ],
    "attributes": {
        "weather": "clear",
        "scene": "highway",
        "timeofday": "daytime"
    }
}