{
    "name": "00ed2e85-82bdd22b",
    "frames": [
        {
            "timestamp": 10000,
            "objects": [
                {
                    "category": "traffic light",
                    "id": 0,
                    "attributes": {
                        "occluded": false,
                        "truncated": false,
                        "trafficLightColor": "red"
                    },
                    "box2d": {
                        "x1": 355.75035,
                        "y1": 200.13256,
                        "x2": 368.034702,
                        "y2": 229.307898
                    }
                },
                {
                    "category": "traffic light",
                    "id": 1,
                    "attributes": {
                        "occluded": false,
                        "truncated": false,
                        "trafficLightColor": "green"
                    },
                    "box2d": {
                        "x1": 527.731277,
                        "y1": 144.852977,
                        "x2": 540.015629,
                        "y2": 174.028312
                    }
                },
                {
                    "category": "traffic light",
                    "id": 2,
                    "attributes": {
                        "occluded": false,
                        "truncated": false,
                        "trafficLightColor": "green"
                    },
                    "box2d": {
                        "x1": 469.380605,
                        "y1": 190.919295,
                        "x2": 477.058325,
                        "y2": 210.881368
                    }
                },
                {
                    "category": "traffic sign",
                    "id": 3,
                    "attributes": {
                        "occluded": false,
                        "truncated": false,
                        "trafficLightColor": "none"
                    },
                    "box2d": {
                        "x1": 526.195733,
                        "y1": 132.568626,
                        "x2": 540.015629,
                        "y2": 141.781891
                    }
                },
                {
                    "category": "car",
                    "id": 4,
                    "attributes": {
                        "occluded": true,
                        "truncated": false,
                        "trafficLightColor": "none"
                    },
                    "box2d": {
                        "x1": 532.337909,
                        "y1": 255.412145,
                        "x2": 555.371069,
                        "y2": 286.123026
                    }
                },
                {
                    "category": "car",
                    "id": 5,
                    "attributes": {
                        "occluded": true,
                        "truncated": false,
                        "trafficLightColor": "none"
                    },
                    "box2d": {
                        "x1": 549.228893,
                        "y1": 264.625409,
                        "x2": 632.148269,
                        "y2": 326.047169
                    }
                },
                {
                    "category": "car",
                    "id": 6,
                    "attributes": {
                        "occluded": true,
                        "truncated": false,
                        "trafficLightColor": "none"
                    },
                    "box2d": {
                        "x1": 149.987452,
                        "y1": 224.701265,
                        "x2": 331.181644,
                        "y2": 355.222506
                    }
                },
                {
                    "category": "bus",
                    "id": 7,
                    "attributes": {
                        "occluded": true,
                        "truncated": true,
                        "trafficLightColor": "none"
                    },
                    "box2d": {
                        "x1": 0,
                        "y1": 180.170488,
                        "x2": 180.698333,
                        "y2": 255.412144
                    }
                },
                {
                    "category": "car",
                    "id": 8,
                    "attributes": {
                        "occluded": true,
                        "truncated": false,
                        "trafficLightColor": "none"
                    },
                    "box2d": {
                        "x1": 840.982254,
                        "y1": 224.701265,
                        "x2": 1100.48919,
                        "y2": 396.682193
                    }
                },
                {
                    "category": "car",
                    "id": 9,
                    "attributes": {
                        "occluded": false,
                        "truncated": false,
                        "trafficLightColor": "none"
                    },
                    "box2d": {
                        "x1": 300.470764,
                        "y1": 224.701265,
                        "x2": 563.048789,
                        "y2": 453.497321
                    }
                },
                {
                    "category": "car",
                    "id": 10,
                    "attributes": {
                        "occluded": false,
                        "truncated": true,
                        "trafficLightColor": "none"
                    },
                    "box2d": {
                        "x1": 1080.527118,
                        "y1": 283.051937,
                        "x2": 1280,
                        "y2": 525.667889
                    }
                },
                {
                    "category": "person",
                    "id": 11,
                    "attributes": {
                        "occluded": true,
                        "truncated": false,
                        "trafficLightColor": "none"
                    },
                    "box2d": {
                        "x1": 676.855351,
                        "y1": 257.930036,
                        "x2": 690.035009,
                        "y2": 299.665621
                    }
                },
                {
                    "category": "person",
                    "id": 12,
                    "attributes": {
                        "occluded": true,
                        "truncated": false,
                        "trafficLightColor": "none"
                    },
                    "box2d": {
                        "x1": 632.923156,
                        "y1": 256.831731,
                        "x2": 650.496034,
                        "y2": 301.862231
                    }
                },
                {
                    "category": "traffic sign",
                    "id": 13,
                    "attributes": {
                        "occluded": false,
                        "truncated": false,
                        "trafficLightColor": "none"
                    },
                    "box2d": {
                        "x1": 768.014655,
                        "y1": 136.018195,
                        "x2": 794.373972,
                        "y2": 165.672426
                    }
                },
                {
                    "category": "area/alternative",
                    "id": 14,
                    "attributes": {},
                    "poly2d": [
                        [
                            434.574932,
                            474.994937,
                            "L"
                        ],
                        [
                            299.44706,
                            455.032865,
                            "L"
                        ],
                        [
                            290.233796,
                            373.649033,
                            "L"
                        ],
                        [
                            130.537219,
                            344.473697,
                            "L"
                        ],
                        [
                            0,
                            365.971313,
                            "L"
                        ],
                        [
                            0,
                            585.554106,
                            "L"
                        ],
                        [
                            130.537219,
                            573.269754,
                            "C"
                        ],
                        [
                            268.73618,
                            565.592034,
                            "C"
                        ],
                        [
                            403.864052,
                            580.947474,
                            "C"
                        ],
                        [
                            434.574932,
                            474.994937,
                            "L"
                        ]
                    ]
                },
                {
                    "category": "area/drivable",
                    "id": 15,
                    "attributes": {},
                    "poly2d": [
                        [
                            425.361668,
                            573.269754,
                            "L"
                        ],
                        [
                            626.517933,
                            574.805298,
                            "C"
                        ],
                        [
                            824.603109,
                            587.08965,
                            "C"
                        ],
                        [
                            1015.010566,
                            605.516178,
                            "C"
                        ],
                        [
                            1128.640822,
                            599.374002,
                            "C"
                        ],
                        [
                            1229.986727,
                            610.12281,
                            "C"
                        ],
                        [
                            1280.6437,
                            619.336074,
                            "C"
                        ],
                        [
                            1280.6437,
                            527.203433,
                            "L"
                        ],
                        [
                            781.607877,
                            350.615873,
                            "L"
                        ],
                        [
                            741.683733,
                            347.544785,
                            "C"
                        ],
                        [
                            692.546325,
                            339.867065,
                            "C"
                        ],
                        [
                            655.693269,
                            326.047169,
                            "C"
                        ],
                        [
                            574.309437,
                            330.653801,
                            "L"
                        ],
                        [
                            569.702805,
                            467.317217,
                            "L"
                        ],
                        [
                            454.537004,
                            478.066025,
                            "L"
                        ],
                        [
                            425.361668,
                            573.269754,
                            "L"
                        ]
                    ]
                },
                {
                    "category": "lane/single white",
                    "id": 16,
                    "attributes": {
                        "direction": "parallel",
                        "style": "dashed"
                    },
                    "poly2d": [
                        [
                            448.786667,
                            451.479881,
                            "L"
                        ],
                        [
                            393.915528,
                            581.798446,
                            "L"
                        ]
                    ]
                },
                {
                    "category": "lane/single white",
                    "id": 17,
                    "attributes": {
                        "direction": "parallel",
                        "style": "dashed"
                    },
                    "poly2d": [
                        [
                            462.504451,
                            461.27827,
                            "L"
                        ],
                        [
                            418.411572,
                            572.000058,
                            "L"
                        ]
                    ]
                },
                {
                    "category": "lane/road curb",
                    "id": 18,
                    "attributes": {
                        "direction": "parallel",
                        "style": "solid"
                    },
                    "poly2d": [
                        [
                            154.834137,
                            339.778254,
                            "L"
                        ],
                        [
                            0,
                            368.19358,
                            "L"
                        ]
                    ]
                },
                {
                    "category": "lane/road curb",
                    "id": 19,
                    "attributes": {
                        "direction": "parallel",
                        "style": "solid"
                    },
                    "poly2d": [
                        [
                            628.097711,
                            315.282284,
                            "C"
                        ],
                        [
                            755.47714,
                            353.495998,
                            "C"
                        ],
                        [
                            712.364102,
                            342.71777,
                            "C"
                        ],
                        [
                            848.562107,
                            358.395192,
                            "L"
                        ]
                    ]
                }
            ]
        }
    ],
    "attributes": {
        "weather": "clear",
        "scene": "city street",
        "timeofday": "daytime"
    }
}