{
    "name": "00edfec7-4d92adef",
    "frames": [
        {
            "timestamp": 10000,
            "objects": [
                {
                    "category": "car",
                    "id": 0,
                    "attributes": {
                        "occluded": false,
                        "truncated": false,
                        "trafficLightColor": "none"
                    },
                    "box2d": {
                        "x1": 702.783293,
                        "y1": 430.464164,
                        "x2": 724.280909,
                        "y2": 448.890691
                    }
                },
                {
                    "category": "car",
                    "id": 1,
                    "attributes": {
                        "occluded": false,
                        "truncated": false,
                        "trafficLightColor": "none"
                    },
                    "box2d": {
                        "x1": 725.816453,
                        "y1": 433.535251,
                        "x2": 745.778524,
                        "y2": 455.032867
                    }
                },
                {
                    "category": "car",
                    "id": 2,
                    "attributes": {
                        "occluded": false,
                        "truncated": false,
                        "trafficLightColor": "none"
                    },
                    "box2d": {
                        "x1": 768.811685,
                        "y1": 441.212971,
                        "x2": 799.522566,
                        "y2": 456.56841
                    }
                },
                {
                    "category": "traffic light",
                    "id": 3,
                    "attributes": {
                        "occluded": false,
                        "truncated": false,
                        "trafficLightColor": "green"
                    },
                    "box2d": {
                        "x1": 782.631582,
                        "y1": 405.895457,
                        "x2": 791.844847,
                        "y2": 422.786444
                    }
                },
                {
                    "category": "car",
                    "id": 4,
                    "attributes": {
                        "occluded": true,
                        "truncated": false,
                        "trafficLightColor": "none"
                    },
                    "box2d": {
                        "x1": 822.555726,
                        "y1": 439.677427,
                        "x2": 854.80215,
                        "y2": 458.103955
                    }
                },
                {
                    "category": "car",
                    "id": 5,
                    "attributes": {
                        "occluded": true,
                        "truncated": false,
                        "trafficLightColor": "none"
                    },
                    "box2d": {
                        "x1": 831.76899,
                        "y1": 405.895457,
                        "x2": 999.143286,
                        "y2": 571.734211
                    }
                },
                {
                    "category": "car",
                    "id": 6,
                    "attributes": {
                        "occluded": false,
                        "truncated": true,
                        "trafficLightColor": "none"
                    },
                    "box2d": {
                        "x1": 926.972718,
                        "y1": 379.791209,
                        "x2": 1280,
                        "y2": 719.146434
                    }
                },
                {
                    "category": "area/drivable",
                    "id": 7,
                    "attributes": {},
                    "poly2d": [
                        [
                            735.541557,
                            474.483097,
                            "L"
                        ],
                        [
                            591.194114,
                            543.374627,
                            "C"
                        ],
                        [
                            485.999665,
                            637.874561,
                            "C"
                        ],
                        [
                            368.444268,
                            720.562004,
                            "C"
                        ],
                        [
                            402.194245,
                            712.12451,
                            "L"
                        ],
                        [
                            635.069086,
                            671.624538,
                            "C"
                        ],
                        [
                            820.693957,
                            681.749531,
                            "C"
                        ],
                        [
                            947.25637,
                            701.999516,
                            "C"
                        ],
                        [
                            787.750053,
                            476.018642,
                            "L"
                        ],
                        [
                            735.541557,
                            474.483097,
                            "L"
                        ]
                    ]
                },
                {
                    "category": "lane/road curb",
                    "id": 8,
                    "attributes": {
                        "direction": "parallel",
                        "style": "solid"
                    },
                    "poly2d": [
                        [
                            744.234183,
                            465.520979,
                            "C"
                        ],
                        [
                            704.275301,
                            474.511727,
                            "C"
                        ],
                        [
                            660.32053,
                            498.487057,
                            "C"
                        ],
                        [
                            341.648444,
                            720.258854,
                            "L"
                        ]
                    ]
                }
            ]
        }
    ],
    "attributes": {
        "weather": "clear",
        "scene": "city street",
        "timeofday": "night"
    }
}