{
    "name": "00ed2e85-95394dfd",
    "frames": [
        {
            "timestamp": 10000,
            "objects": [
                {
                    "category": "car",
                    "id": 0,
                    "attributes": {
                        "occluded": true,
                        "truncated": false,
                        "trafficLightColor": "none"
                    },
                    "box2d": {
                        "x1": 499.499656,
                        "y1": 259.874821,
                        "x2": 521.437142,
                        "y2": 280.124807
                    }
                },
                {
                    "category": "car",
                    "id": 1,
                    "attributes": {
                        "occluded": true,
                        "truncated": false,
                        "trafficLightColor": "none"
                    },
                    "box2d": {
                        "x1": 477.562172,
                        "y1": 259.874821,
                        "x2": 501.187154,
                        "y2": 293.624798
                    }
                },
                {
                    "category": "car",
                    "id": 2,
                    "attributes": {
                        "occluded": true,
                        "truncated": false,
                        "trafficLightColor": "none"
                    },
                    "box2d": {
                        "x1": 403.312223,
                        "y1": 256.499825,
                        "x2": 433.687203,
                        "y2": 285.187305
                    }
                },
                {
                    "category": "car",
                    "id": 3,
                    "attributes": {
                        "occluded": true,
                        "truncated": false,
                        "trafficLightColor": "none"
                    },
                    "box2d": {
                        "x1": 516.374646,
                        "y1": 263.249819,
                        "x2": 533.249635,
                        "y2": 278.437309
                    }
                },
                {
                    "category": "car",
                    "id": 4,
                    "attributes": {
                        "occluded": true,
                        "truncated": false,
                        "trafficLightColor": "none"
                    },
                    "box2d": {
                        "x1": 533.249634,
                        "y1": 264.937319,
                        "x2": 551.812121,
                        "y2": 283.499807
                    }
                },
                {
                    "category": "car",
                    "id": 5,
                    "attributes": {
                        "occluded": true,
                        "truncated": false,
                        "trafficLightColor": "none"
                    },
                    "box2d": {
                        "x1": 585.562097,
                        "y1": 268.312315,
                        "x2": 605.812085,
                        "y2": 296.999795
                    }
                },
                {
                    "category": "car",
                    "id": 6,
                    "attributes": {
                        "occluded": true,
                        "truncated": false,
                        "trafficLightColor": "none"
                    },
                    "box2d": {
                        "x1": 604.124585,
                        "y1": 269.999815,
                        "x2": 617.624577,
                        "y2": 298.687296
                    }
                },
                {
                    "category": "car",
                    "id": 7,
                    "attributes": {
                        "occluded": true,
                        "truncated": false,
                        "trafficLightColor": "none"
                    },
                    "box2d": {
                        "x1": 610.874581,
                        "y1": 261.562321,
                        "x2": 651.374554,
                        "y2": 298.687296
                    }
                },
                {
                    "category": "car",
                    "id": 8,
                    "attributes": {
                        "occluded": false,
                        "truncated": false,
                        "trafficLightColor": "none"
                    },
                    "box2d": {
                        "x1": 619.312073,
                        "y1": 269.999815,
                        "x2": 669.937038,
                        "y2": 305.437292
                    }
                },
                {
                    "category": "car",
                    "id": 9,
                    "attributes": {
                        "occluded": true,
                        "truncated": false,
                        "trafficLightColor": "none"
                    },
                    "box2d": {
                        "x1": 676.687036,
                        "y1": 268.312315,
                        "x2": 717.187007,
                        "y2": 323.999776
                    }
                },
                {
                    "category": "car",
                    "id": 10,
                    "attributes": {
                        "occluded": true,
                        "truncated": false,
                        "trafficLightColor": "none"
                    },
                    "box2d": {
                        "x1": 691.874524,
                        "y1": 253.124825,
                        "x2": 793.124455,
                        "y2": 335.812268
                    }
                },
                {
                    "category": "car",
                    "id": 11,
                    "attributes": {
                        "occluded": true,
                        "truncated": false,
                        "trafficLightColor": "none"
                    },
                    "box2d": {
                        "x1": 713.81201,
                        "y1": 273.374811,
                        "x2": 796.499451,
                        "y2": 350.999758
                    }
                },
                {
                    "category": "car",
                    "id": 12,
                    "attributes": {
                        "occluded": true,
                        "truncated": false,
                        "trafficLightColor": "none"
                    },
                    "box2d": {
                        "x1": 769.499471,
                        "y1": 275.062311,
                        "x2": 921.374367,
                        "y2": 372.937244
                    }
                },
                {
                    "category": "car",
                    "id": 13,
                    "attributes": {
                        "occluded": true,
                        "truncated": false,
                        "trafficLightColor": "none"
                    },
                    "box2d": {
                        "x1": 850.499414,
                        "y1": 269.999815,
                        "x2": 1088.436751,
                        "y2": 423.562209
                    }
                },
                {
                    "category": "car",
                    "id": 14,
                    "attributes": {
                        "occluded": false,
                        "truncated": true,
                        "trafficLightColor": "none"
                    },
                    "box2d": {
                        "x1": 992.924307,
                        "y1": 224.437345,
                        "x2": 1279.799111,
                        "y2": 550.124622
                    }
                },
                {
                    "category": "car",
                    "id": 15,
                    "attributes": {
                        "occluded": false,
                        "truncated": false,
                        "trafficLightColor": "none"
                    },
                    "box2d": {
                        "x1": 536.624632,
                        "y1": 266.624819,
                        "x2": 600.749587,
                        "y2": 320.62478
                    }
                },
                {
                    "category": "car",
                    "id": 16,
                    "attributes": {
                        "occluded": false,
                        "truncated": false,
                        "trafficLightColor": "none"
                    },
                    "box2d": {
                        "x1": 423.562209,
                        "y1": 253.124825,
                        "x2": 484.312166,
                        "y2": 305.437289
                    }
                },
                {
                    "category": "bus",
                    "id": 17,
                    "attributes": {
                        "occluded": true,
                        "truncated": false,
                        "trafficLightColor": "none"
                    },
                    "box2d": {
                        "x1": 356.062256,
                        "y1": 237.937335,
                        "x2": 388.124733,
                        "y2": 246.374831
                    }
                },
                {
                    "category": "bus",
                    "id": 18,
                    "attributes": {
                        "occluded": true,
                        "truncated": false,
                        "trafficLightColor": "none"
                    },
                    "box2d": {
                        "x1": 354.374756,
                        "y1": 244.687331,
                        "x2": 393.187229,
                        "y2": 264.937317
                    }
                },
                {
                    "category": "traffic sign",
                    "id": 19,
                    "attributes": {
                        "occluded": false,
                        "truncated": false,
                        "trafficLightColor": "none"
                    },
                    "box2d": {
                        "x1": 352.68726,
                        "y1": 188.99987,
                        "x2": 371.249746,
                        "y2": 200.812363
                    }
                },
                {
                    "category": "traffic sign",
                    "id": 20,
                    "attributes": {
                        "occluded": true,
                        "truncated": false,
                        "trafficLightColor": "none"
                    },
                    "box2d": {
                        "x1": 425.249709,
                        "y1": 214.312352,
                        "x2": 440.437199,
                        "y2": 224.437345
                    }
                },
                {
                    "category": "person",
                    "id": 21,
                    "attributes": {
                        "occluded": true,
                        "truncated": false,
                        "trafficLightColor": "none"
                    },
                    "box2d": {
                        "x1": 389.812231,
                        "y1": 245.249824,
                        "x2": 398.249727,
                        "y2": 280.6873
                    }
                },
                {
                    "category": "area/drivable",
                    "id": 22,
                    "attributes": {},
                    "poly2d": [
                        [
                            535.506653,
                            320.962275,
                            "L"
                        ],
                        [
                            478.131691,
                            396.899721,
                            "C"
                        ],
                        [
                            400.506746,
                            482.962163,
                            "C"
                        ],
                        [
                            294.194318,
                            569.024604,
                            "C"
                        ],
                        [
                            402.194245,
                            579.149597,
                            "L"
                        ],
                        [
                            456.194206,
                            557.212112,
                            "C"
                        ],
                        [
                            547.319144,
                            550.462116,
                            "C"
                        ],
                        [
                            594.569113,
                            572.399601,
                            "C"
                        ],
                        [
                            746.444009,
                            575.774599,
                            "C"
                        ],
                        [
                            884.818913,
                            580.837096,
                            "C"
                        ],
                        [
                            1021.50632,
                            604.462079,
                            "C"
                        ],
                        [
                            1112.631256,
                            597.712084,
                            "C"
                        ],
                        [
                            1202.068696,
                            609.524576,
                            "C"
                        ],
                        [
                            1280.811619,
                            619.649569,
                            "C"
                        ],
                        [
                            1280.811619,
                            609.524576,
                            "L"
                        ],
                        [
                            665.444064,
                            322.649773,
                            "L"
                        ],
                        [
                            535.506653,
                            320.962275,
                            "L"
                        ]
                    ]
                },
                {
                    "category": "lane/road curb",
                    "id": 23,
                    "attributes": {
                        "direction": "parallel",
                        "style": "solid"
                    },
                    "poly2d": [
                        [
                            308.979901,
                            300.894477,
                            "L"
                        ],
                        [
                            0,
                            337.185878,
                            "L"
                        ]
                    ]
                },
                {
                    "category": "lane/single white",
                    "id": 24,
                    "attributes": {
                        "direction": "parallel",
                        "style": "dashed"
                    },
                    "poly2d": [
                        [
                            525.742836,
                            304.817872,
                            "C"
                        ],
                        [
                            476.701447,
                            388.190007,
                            "C"
                        ],
                        [
                            345.270528,
                            490.198265,
                            "C"
                        ],
                        [
                            247.187753,
                            575.532097,
                            "L"
                        ]
                    ]
                },
                {
                    "category": "lane/single white",
                    "id": 25,
                    "attributes": {
                        "direction": "parallel",
                        "style": "dashed"
                    },
                    "poly2d": [
                        [
                            532.60863,
                            308.741265,
                            "C"
                        ],
                        [
                            486.509725,
                            396.036796,
                            "C"
                        ],
                        [
                            380.580327,
                            490.198265,
                            "C"
                        ],
                        [
                            291.325001,
                            574.551248,
                            "L"
                        ]
                    ]
                }
            ]
        }
    ],
    "attributes": {
        "weather": "clear",
        "scene": "city street",
        "timeofday": "daytime"
    }
}