{
    "name": "00f0dd0f-5e9c9557",
    "frames": [
        {
            "timestamp": 10000,
            "objects": [
                {
                    "category": "traffic light",
                    "id": 0,
                    "attributes": {
                        "occluded": false,
                        "truncated": false,
                        "trafficLightColor": "green"
                    },
                    "box2d": {
                        "x1": 685.892311,
                        "y1": 249.269969,
                        "x2": 698.176663,
                        "y2": 286.123024
                    }
                },
                {
                    "category": "traffic light",
                    "id": 1,
                    "attributes": {
                        "occluded": false,
                        "truncated": false,
                        "trafficLightColor": "green"
                    },
                    "box2d": {
                        "x1": 655.181431,
                        "y1": 252.341057,
                        "x2": 669.001327,
                        "y2": 286.123024
                    }
                },
                {
                    "category": "traffic light",
                    "id": 2,
                    "attributes": {
                        "occluded": false,
                        "truncated": false,
                        "trafficLightColor": "none"
                    },
                    "box2d": {
                        "x1": 669.001327,
                        "y1": 252.341057,
                        "x2": 687.427855,
                        "y2": 287.658569
                    }
                },
                {
                    "category": "traffic light",
                    "id": 3,
                    "attributes": {
                        "occluded": false,
                        "truncated": false,
                        "trafficLightColor": "green"
                    },
                    "box2d": {
                        "x1": 561.513244,
                        "y1": 316.833904,
                        "x2": 573.797597,
                        "y2": 338.33152
                    }
                },
                {
                    "category": "traffic sign",
                    "id": 4,
                    "attributes": {
                        "occluded": false,
                        "truncated": false,
                        "trafficLightColor": "none"
                    },
                    "box2d": {
                        "x1": 656.716975,
                        "y1": 236.985617,
                        "x2": 669.001327,
                        "y2": 250.805512
                    }
                },
                {
                    "category": "traffic sign",
                    "id": 5,
                    "attributes": {
                        "occluded": false,
                        "truncated": false,
                        "trafficLightColor": "none"
                    },
                    "box2d": {
                        "x1": 682.821223,
                        "y1": 236.985617,
                        "x2": 693.570031,
                        "y2": 249.269969
                    }
                },
                {
                    "category": "traffic sign",
                    "id": 6,
                    "attributes": {
                        "occluded": false,
                        "truncated": false,
                        "trafficLightColor": "none"
                    },
                    "box2d": {
                        "x1": 670.536871,
                        "y1": 236.985617,
                        "x2": 679.750136,
                        "y2": 249.269969
                    }
                },
                {
                    "category": "traffic light",
                    "id": 7,
                    "attributes": {
                        "occluded": false,
                        "truncated": false,
                        "trafficLightColor": "red"
                    },
                    "box2d": {
                        "x1": 607.579565,
                        "y1": 365.971313,
                        "x2": 613.72174,
                        "y2": 381.326753
                    }
                },
                {
                    "category": "traffic light",
                    "id": 8,
                    "attributes": {
                        "occluded": false,
                        "truncated": false,
                        "trafficLightColor": "green"
                    },
                    "box2d": {
                        "x1": 503.162573,
                        "y1": 376.720121,
                        "x2": 512.375838,
                        "y2": 390.540017
                    }
                },
                {
                    "category": "car",
                    "id": 9,
                    "attributes": {
                        "occluded": true,
                        "truncated": false,
                        "trafficLightColor": "none"
                    },
                    "box2d": {
                        "x1": 576.868684,
                        "y1": 402.824369,
                        "x2": 593.759669,
                        "y2": 425.857531
                    }
                },
                {
                    "category": "car",
                    "id": 10,
                    "attributes": {
                        "occluded": true,
                        "truncated": false,
                        "trafficLightColor": "none"
                    },
                    "box2d": {
                        "x1": 592.224124,
                        "y1": 408.966545,
                        "x2": 641.361532,
                        "y2": 474.994939
                    }
                },
                {
                    "category": "car",
                    "id": 11,
                    "attributes": {
                        "occluded": false,
                        "truncated": false,
                        "trafficLightColor": "none"
                    },
                    "box2d": {
                        "x1": 547.693349,
                        "y1": 402.824369,
                        "x2": 583.010861,
                        "y2": 428.928619
                    }
                },
                {
                    "category": "truck",
                    "id": 12,
                    "attributes": {
                        "occluded": true,
                        "truncated": false,
                        "trafficLightColor": "none"
                    },
                    "box2d": {
                        "x1": 622.935005,
                        "y1": 362.900224,
                        "x2": 725.816452,
                        "y2": 405.895457
                    }
                },
                {
                    "category": "car",
                    "id": 13,
                    "attributes": {
                        "occluded": false,
                        "truncated": false,
                        "trafficLightColor": "none"
                    },
                    "box2d": {
                        "x1": 604.508477,
                        "y1": 398.217737,
                        "x2": 782.631581,
                        "y2": 528.738977
                    }
                },
                {
                    "category": "bus",
                    "id": 14,
                    "attributes": {
                        "occluded": false,
                        "truncated": false,
                        "trafficLightColor": "none"
                    },
                    "box2d": {
                        "x1": 50.177093,
                        "y1": 227.772353,
                        "x2": 510.840294,
                        "y2": 536.416698
                    }
                },
                {
                    "category": "bus",
                    "id": 15,
                    "attributes": {
                        "occluded": false,
                        "truncated": true,
                        "trafficLightColor": "none"
                    },
                    "box2d": {
                        "x1": 793.38039,
                        "y1": 0.51184,
                        "x2": 1280,
                        "y2": 719.146434
                    }
                },
                {
                    "category": "area/drivable",
                    "id": 16,
                    "attributes": {},
                    "poly2d": [
                        [
                            777.001245,
                            556.37877,
                            "L"
                        ],
                        [
                            618.840213,
                            533.345609,
                            "L"
                        ],
                        [
                            592.735965,
                            473.459393,
                            "L"
                        ],
                        [
                            167.390275,
                            709.93317,
                            "L"
                        ],
                        [
                            290.233796,
                            711.468714,
                            "C"
                        ],
                        [
                            417.667969,
                            717.09905,
                            "C"
                        ],
                        [
                            542.063013,
                            720.170138,
                            "C"
                        ],
                        [
                            932.09119,
                            720.170138,
                            "L"
                        ],
                        [
                            777.001245,
                            556.37877,
                            "L"
                        ]
                    ]
                },
                {
                    "category": "area/alternative",
                    "id": 17,
                    "attributes": {},
                    "poly2d": [
                        [
                            370.082084,
                            580.947474,
                            "L"
                        ],
                        [
                            90.613075,
                            706.862082,
                            "L"
                        ],
                        [
                            76.793179,
                            682.293378,
                            "C"
                        ],
                        [
                            41.475667,
                            670.009026,
                            "C"
                        ],
                        [
                            0,
                            671.54457,
                            "C"
                        ],
                        [
                            0,
                            591.696282,
                            "L"
                        ],
                        [
                            182.745715,
                            545.629962,
                            "L"
                        ],
                        [
                            370.082084,
                            580.947474,
                            "L"
                        ]
                    ]
                },
                {
                    "category": "lane/road curb",
                    "id": 18,
                    "attributes": {
                        "direction": "parallel",
                        "style": "solid"
                    },
                    "poly2d": [
                        [
                            58.809645,
                            508.310533,
                            "L"
                        ],
                        [
                            0,
                            518.108922,
                            "L"
                        ]
                    ]
                },
                {
                    "category": "lane/single white",
                    "id": 19,
                    "attributes": {
                        "direction": "parallel",
                        "style": "dashed"
                    },
                    "poly2d": [
                        [
                            595.762932,
                            457.358913,
                            "L"
                        ],
                        [
                            113.680782,
                            720.181544,
                            "L"
                        ]
                    ]
                },
                {
                    "category": "lane/single white",
                    "id": 20,
                    "attributes": {
                        "direction": "parallel",
                        "style": "dashed"
                    },
                    "poly2d": [
                        [
                            593.803248,
                            469.116979,
                            "L"
                        ],
                        [
                            151.894611,
                            720.181544,
                            "L"
                        ]
                    ]
                },
                {
                    "category": "lane/single white",
                    "id": 21,
                    "attributes": {
                        "direction": "parallel",
                        "style": "dashed"
                    },
                    "poly2d": [
                        [
                            760.376348,
                            533.786343,
                            "L"
                        ],
                        [
                            918.130873,
                            720.181544,
                            "L"
                        ]
                    ]
                },
                {
                    "category": "lane/single white",
                    "id": 22,
                    "attributes": {
                        "direction": "parallel",
                        "style": "dashed"
                    },
                    "poly2d": [
                        [
                            772.134451,
                            530.846826,
                            "L"
                        ],
                        [
                            933.808343,
                            717.016206,
                            "L"
                        ]
                    ]
                },
                {
                    "category": "lane/road curb",
                    "id": 23,
                    "attributes": {
                        "direction": "parallel",
                        "style": "solid"
                    },
                    "poly2d": [
                        [
                            545.791002,
                            427.963749,
                            "L"
                        ],
                        [
                            509.536857,
                            429.923427,
                            "L"
                        ]
                    ]
                }
            ]
        }
    ],
    "attributes": {
        "weather": "clear",
        "scene": "city street",
        "timeofday": "dawn/dusk"
    }
}