{
    "name": "00f0dd0f-1adbde75",
    "frames": [
        {
            "timestamp": 10000,
            "objects": [
                {
                    "category": "traffic sign",
                    "id": 0,
                    "attributes": {
                        "occluded": false,
                        "truncated": false,
                        "trafficLightColor": "none"
                    },
                    "box2d": {
                        "x1": 280.356833,
                        "y1": 295.649792,
                        "x2": 337.731794,
                        "y2": 346.274757
                    }
                },
                {
                    "category": "traffic sign",
                    "id": 1,
                    "attributes": {
                        "occluded": false,
                        "truncated": false,
                        "trafficLightColor": "none"
                    },
                    "box2d": {
                        "x1": 568.919136,
                        "y1": 368.212242,
                        "x2": 602.669113,
                        "y2": 385.087229
                    }
                },
                {
                    "category": "car",
                    "id": 2,
                    "attributes": {
                        "occluded": true,
                        "truncated": false,
                        "trafficLightColor": "none"
                    },
                    "box2d": {
                        "x1": 565.544137,
                        "y1": 396.899722,
                        "x2": 589.169121,
                        "y2": 418.837207
                    }
                },
                {
                    "category": "car",
                    "id": 3,
                    "attributes": {
                        "occluded": false,
                        "truncated": false,
                        "trafficLightColor": "none"
                    },
                    "box2d": {
                        "x1": 604.356611,
                        "y1": 396.899722,
                        "x2": 624.606597,
                        "y2": 417.149708
                    }
                },
                {
                    "category": "car",
                    "id": 4,
                    "attributes": {
                        "occluded": false,
                        "truncated": false,
                        "trafficLightColor": "none"
                    },
                    "box2d": {
                        "x1": 503.10668,
                        "y1": 395.212223,
                        "x2": 579.044128,
                        "y2": 454.274683
                    }
                },
                {
                    "category": "area/drivable",
                    "id": 5,
                    "attributes": {},
                    "poly2d": [
                        [
                            473.069196,
                            455.624687,
                            "L"
                        ],
                        [
                            86.631962,
                            705.374515,
                            "L"
                        ],
                        [
                            84.944462,
                            712.12451,
                            "L"
                        ],
                        [
                            246.94435,
                            712.12451,
                            "C"
                        ],
                        [
                            373.506763,
                            710.437013,
                            "C"
                        ],
                        [
                            473.069196,
                            718.874506,
                            "C"
                        ],
                        [
                            1013.068825,
                            720.562004,
                            "L"
                        ],
                        [
                            635.069086,
                            457.312185,
                            "L"
                        ],
                        [
                            473.069196,
                            455.624687,
                            "L"
                        ]
                    ]
                },
                {
                    "category": "area/alternative",
                    "id": 6,
                    "attributes": {},
                    "poly2d": [
                        [
                            609.756602,
                            416.812214,
                            "L"
                        ],
                        [
                            1280.811619,
                            590.624593,
                            "L"
                        ],
                        [
                            1280.811619,
                            720.562004,
                            "L"
                        ],
                        [
                            1050.193799,
                            720.562004,
                            "L"
                        ],
                        [
                            586.131618,
                            420.18721,
                            "L"
                        ],
                        [
                            609.756602,
                            416.812214,
                            "L"
                        ]
                    ]
                },
                {
                    "category": "area/alternative",
                    "id": 7,
                    "attributes": {},
                    "poly2d": [
                        [
                            650.256574,
                            420.18721,
                            "L"
                        ],
                        [
                            1280.811619,
                            528.187137,
                            "L"
                        ],
                        [
                            1280.811619,
                            583.874598,
                            "L"
                        ],
                        [
                            651.944072,
                            418.499712,
                            "L"
                        ],
                        [
                            650.256574,
                            420.18721,
                            "L"
                        ]
                    ]
                },
                {
                    "category": "area/alternative",
                    "id": 8,
                    "attributes": {},
                    "poly2d": [
                        [
                            492.925604,
                            411.525793,
                            "L"
                        ],
                        [
                            0,
                            460.663201,
                            "L"
                        ],
                        [
                            0,
                            660.283922,
                            "L"
                        ],
                        [
                            53.760019,
                            672.568274,
                            "L"
                        ],
                        [
                            497.532236,
                            426.881233,
                            "L"
                        ],
                        [
                            492.925604,
                            411.525793,
                            "L"
                        ]
                    ]
                },
                {
                    "category": "lane/road curb",
                    "id": 9,
                    "attributes": {
                        "direction": "parallel",
                        "style": "solid"
                    },
                    "poly2d": [
                        [
                            1.247754,
                            456.67798,
                            "L"
                        ],
                        [
                            499.101617,
                            406.767818,
                            "L"
                        ]
                    ]
                },
                {
                    "category": "lane/single white",
                    "id": 10,
                    "attributes": {
                        "direction": "parallel",
                        "style": "solid"
                    },
                    "poly2d": [
                        [
                            633.859054,
                            414.254342,
                            "L"
                        ],
                        [
                            1280.195648,
                            526.552206,
                            "L"
                        ]
                    ]
                },
                {
                    "category": "lane/single white",
                    "id": 11,
                    "attributes": {
                        "direction": "parallel",
                        "style": "dashed"
                    },
                    "poly2d": [
                        [
                            625.124775,
                            421.740866,
                            "L"
                        ],
                        [
                            1280.195648,
                            587.692154,
                            "L"
                        ]
                    ]
                },
                {
                    "category": "lane/single white",
                    "id": 12,
                    "attributes": {
                        "direction": "parallel",
                        "style": "dashed"
                    },
                    "poly2d": [
                        [
                            1276.452386,
                            577.710122,
                            "L"
                        ],
                        [
                            627.620283,
                            419.245358,
                            "L"
                        ]
                    ]
                },
                {
                    "category": "lane/single white",
                    "id": 13,
                    "attributes": {
                        "direction": "parallel",
                        "style": "dashed"
                    },
                    "poly2d": [
                        [
                            577.710122,
                            419.245358,
                            "L"
                        ],
                        [
                            1010.680775,
                            719.954083,
                            "L"
                        ]
                    ]
                },
                {
                    "category": "lane/single white",
                    "id": 14,
                    "attributes": {
                        "direction": "parallel",
                        "style": "dashed"
                    },
                    "poly2d": [
                        [
                            1048.113396,
                            716.210821,
                            "L"
                        ],
                        [
                            580.20563,
                            416.74985,
                            "L"
                        ]
                    ]
                },
                {
                    "category": "lane/double white",
                    "id": 15,
                    "attributes": {
                        "direction": "parallel",
                        "style": "solid"
                    },
                    "poly2d": [
                        [
                            91.086045,
                            706.228788,
                            "L"
                        ],
                        [
                            505.340387,
                            435.466161,
                            "L"
                        ]
                    ]
                },
                {
                    "category": "lane/double white",
                    "id": 16,
                    "attributes": {
                        "direction": "parallel",
                        "style": "solid"
                    },
                    "poly2d": [
                        [
                            48.662408,
                            676.282691,
                            "L"
                        ],
                        [
                            504.092633,
                            426.731883,
                            "L"
                        ]
                    ]
                }
            ]
        }
    ],
    "attributes": {
        "weather": "clear",
        "scene": "highway",
        "timeofday": "daytime"
    }
}