{
    "name": "00f2b0d5-c84860fe",
    "frames": [
        {
            "timestamp": 10000,
            "objects": [
                {
                    "category": "traffic sign",
                    "id": 0,
                    "attributes": {
                        "occluded": false,
                        "truncated": false,
                        "trafficLightColor": "none"
                    },
                    "box2d": {
                        "x1": 670.481401,
                        "y1": 149.768981,
                        "x2": 682.462919,
                        "y2": 163.248189
                    }
                },
                {
                    "category": "traffic sign",
                    "id": 1,
                    "attributes": {
                        "occluded": false,
                        "truncated": false,
                        "trafficLightColor": "none"
                    },
                    "box2d": {
                        "x1": 766.333548,
                        "y1": 154.262051,
                        "x2": 778.315065,
                        "y2": 164.745879
                    }
                },
                {
                    "category": "traffic sign",
                    "id": 2,
                    "attributes": {
                        "occluded": false,
                        "truncated": false,
                        "trafficLightColor": "none"
                    },
                    "box2d": {
                        "x1": 820.25038,
                        "y1": 182.718156,
                        "x2": 841.218038,
                        "y2": 197.695054
                    }
                },
                {
                    "category": "traffic sign",
                    "id": 3,
                    "attributes": {
                        "occluded": false,
                        "truncated": false,
                        "trafficLightColor": "none"
                    },
                    "box2d": {
                        "x1": 787.301205,
                        "y1": 188.708915,
                        "x2": 808.268863,
                        "y2": 202.188124
                    }
                },
                {
                    "category": "traffic sign",
                    "id": 4,
                    "attributes": {
                        "occluded": false,
                        "truncated": false,
                        "trafficLightColor": "none"
                    },
                    "box2d": {
                        "x1": 754.352028,
                        "y1": 179.722778,
                        "x2": 760.342788,
                        "y2": 191.704296
                    }
                },
                {
                    "category": "traffic sign",
                    "id": 5,
                    "attributes": {
                        "occluded": false,
                        "truncated": false,
                        "trafficLightColor": "none"
                    },
                    "box2d": {
                        "x1": 770.826618,
                        "y1": 173.732017,
                        "x2": 781.310447,
                        "y2": 188.708914
                    }
                },
                {
                    "category": "traffic sign",
                    "id": 6,
                    "attributes": {
                        "occluded": false,
                        "truncated": false,
                        "trafficLightColor": "none"
                    },
                    "box2d": {
                        "x1": 742.370511,
                        "y1": 187.211227,
                        "x2": 755.84972,
                        "y2": 199.192745
                    }
                },
                {
                    "category": "traffic sign",
                    "id": 7,
                    "attributes": {
                        "occluded": false,
                        "truncated": false,
                        "trafficLightColor": "none"
                    },
                    "box2d": {
                        "x1": 565.643113,
                        "y1": 169.23895,
                        "x2": 576.126943,
                        "y2": 182.718159
                    }
                },
                {
                    "category": "traffic light",
                    "id": 8,
                    "attributes": {
                        "occluded": false,
                        "truncated": false,
                        "trafficLightColor": "green"
                    },
                    "box2d": {
                        "x1": 719.905162,
                        "y1": 173.732017,
                        "x2": 730.38899,
                        "y2": 185.713538
                    }
                },
                {
                    "category": "traffic light",
                    "id": 9,
                    "attributes": {
                        "occluded": false,
                        "truncated": false,
                        "trafficLightColor": "green"
                    },
                    "box2d": {
                        "x1": 691.449057,
                        "y1": 173.732017,
                        "x2": 704.928266,
                        "y2": 185.713538
                    }
                },
                {
                    "category": "traffic light",
                    "id": 10,
                    "attributes": {
                        "occluded": false,
                        "truncated": false,
                        "trafficLightColor": "green"
                    },
                    "box2d": {
                        "x1": 694.444438,
                        "y1": 193.201985,
                        "x2": 707.923646,
                        "y2": 205.183503
                    }
                },
                {
                    "category": "traffic light",
                    "id": 11,
                    "attributes": {
                        "occluded": false,
                        "truncated": false,
                        "trafficLightColor": "green"
                    },
                    "box2d": {
                        "x1": 673.476779,
                        "y1": 191.704297,
                        "x2": 683.960608,
                        "y2": 203.685817
                    }
                },
                {
                    "category": "traffic light",
                    "id": 12,
                    "attributes": {
                        "occluded": false,
                        "truncated": false,
                        "trafficLightColor": "red"
                    },
                    "box2d": {
                        "x1": 755.84972,
                        "y1": 197.695055,
                        "x2": 769.328928,
                        "y2": 215.667334
                    }
                },
                {
                    "category": "car",
                    "id": 13,
                    "attributes": {
                        "occluded": true,
                        "truncated": false,
                        "trafficLightColor": "none"
                    },
                    "box2d": {
                        "x1": 712.416716,
                        "y1": 206.681194,
                        "x2": 721.402855,
                        "y2": 226.151162
                    }
                },
                {
                    "category": "car",
                    "id": 14,
                    "attributes": {
                        "occluded": true,
                        "truncated": false,
                        "trafficLightColor": "none"
                    },
                    "box2d": {
                        "x1": 718.407474,
                        "y1": 206.681194,
                        "x2": 745.36589,
                        "y2": 233.639611
                    }
                },
                {
                    "category": "car",
                    "id": 15,
                    "attributes": {
                        "occluded": true,
                        "truncated": false,
                        "trafficLightColor": "none"
                    },
                    "box2d": {
                        "x1": 679.46754,
                        "y1": 208.178885,
                        "x2": 700.435197,
                        "y2": 223.155781
                    }
                },
                {
                    "category": "car",
                    "id": 16,
                    "attributes": {
                        "occluded": true,
                        "truncated": false,
                        "trafficLightColor": "none"
                    },
                    "box2d": {
                        "x1": 661.495261,
                        "y1": 203.685815,
                        "x2": 680.965228,
                        "y2": 229.146541
                    }
                },
                {
                    "category": "car",
                    "id": 17,
                    "attributes": {
                        "occluded": true,
                        "truncated": false,
                        "trafficLightColor": "none"
                    },
                    "box2d": {
                        "x1": 619.559946,
                        "y1": 191.704297,
                        "x2": 668.98371,
                        "y2": 203.685817
                    }
                },
                {
                    "category": "car",
                    "id": 18,
                    "attributes": {
                        "occluded": false,
                        "truncated": false,
                        "trafficLightColor": "none"
                    },
                    "box2d": {
                        "x1": 694.444438,
                        "y1": 205.183504,
                        "x2": 721.402853,
                        "y2": 232.141922
                    }
                },
                {
                    "category": "car",
                    "id": 19,
                    "attributes": {
                        "occluded": false,
                        "truncated": false,
                        "trafficLightColor": "none"
                    },
                    "box2d": {
                        "x1": 544.675456,
                        "y1": 187.211227,
                        "x2": 662.992952,
                        "y2": 296.542584
                    }
                },
                {
                    "category": "traffic sign",
                    "id": 20,
                    "attributes": {
                        "occluded": true,
                        "truncated": false,
                        "trafficLightColor": "none"
                    },
                    "box2d": {
                        "x1": 340.989641,
                        "y1": 139.285153,
                        "x2": 376.934196,
                        "y2": 164.745879
                    }
                },
                {
                    "category": "car",
                    "id": 21,
                    "attributes": {
                        "occluded": true,
                        "truncated": false,
                        "trafficLightColor": "none"
                    },
                    "box2d": {
                        "x1": 800.780414,
                        "y1": 217.165024,
                        "x2": 818.752691,
                        "y2": 230.644232
                    }
                },
                {
                    "category": "car",
                    "id": 22,
                    "attributes": {
                        "occluded": true,
                        "truncated": false,
                        "trafficLightColor": "none"
                    },
                    "box2d": {
                        "x1": 817.255001,
                        "y1": 215.667332,
                        "x2": 841.218038,
                        "y2": 230.644229
                    }
                },
                {
                    "category": "car",
                    "id": 23,
                    "attributes": {
                        "occluded": true,
                        "truncated": false,
                        "trafficLightColor": "none"
                    },
                    "box2d": {
                        "x1": 859.190316,
                        "y1": 214.169645,
                        "x2": 886.148735,
                        "y2": 236.634993
                    }
                },
                {
                    "category": "car",
                    "id": 24,
                    "attributes": {
                        "occluded": false,
                        "truncated": false,
                        "trafficLightColor": "none"
                    },
                    "box2d": {
                        "x1": 746.863581,
                        "y1": 215.667332,
                        "x2": 773.821998,
                        "y2": 238.13268
                    }
                },
                {
                    "category": "area/drivable",
                    "id": 25,
                    "attributes": {},
                    "poly2d": [
                        [
                            511.352132,
                            286.123025,
                            "L"
                        ],
                        [
                            100.131952,
                            466.087174,
                            "L"
                        ],
                        [
                            103.506951,
                            536.962126,
                            "L"
                        ],
                        [
                            631.124565,
                            564.05649,
                            "C"
                        ],
                        [
                            888.19391,
                            577.462097,
                            "C"
                        ],
                        [
                            1225.693677,
                            719.212,
                            "C"
                        ],
                        [
                            1280.811619,
                            715.837004,
                            "L"
                        ],
                        [
                            1280.811619,
                            401.962219,
                            "L"
                        ],
                        [
                            786.214509,
                            249.269969,
                            "L"
                        ],
                        [
                            683.333061,
                            246.198881,
                            "L"
                        ],
                        [
                            661.835445,
                            298.407377,
                            "L"
                        ],
                        [
                            511.352132,
                            286.123025,
                            "L"
                        ]
                    ]
                },
                {
                    "category": "lane/double yellow",
                    "id": 26,
                    "attributes": {
                        "direction": "parallel",
                        "style": "solid"
                    },
                    "poly2d": [
                        [
                            542.441827,
                            268.723484,
                            "L"
                        ],
                        [
                            1.997944,
                            506.478833,
                            "L"
                        ]
                    ]
                },
                {
                    "category": "lane/double yellow",
                    "id": 27,
                    "attributes": {
                        "direction": "parallel",
                        "style": "solid"
                    },
                    "poly2d": [
                        [
                            539.444911,
                            261.730679,
                            "L"
                        ],
                        [
                            0,
                            469.516867,
                            "L"
                        ]
                    ]
                },
                {
                    "category": "lane/road curb",
                    "id": 28,
                    "attributes": {
                        "direction": "parallel",
                        "style": "solid"
                    },
                    "poly2d": [
                        [
                            523.461358,
                            225.767685,
                            "L"
                        ],
                        [
                            0,
                            258.733763,
                            "L"
                        ]
                    ]
                },
                {
                    "category": "lane/road curb",
                    "id": 29,
                    "attributes": {
                        "direction": "parallel",
                        "style": "solid"
                    },
                    "poly2d": [
                        [
                            784.193065,
                            242.75021,
                            "L"
                        ],
                        [
                            1279.683206,
                            401.586767,
                            "L"
                        ]
                    ]
                }
            ]
        }
    ],
    "attributes": {
        "weather": "clear",
        "scene": "highway",
        "timeofday": "night"
    }
}