{
    "name": "00f28fce-a799f8a1",
    "frames": [
        {
            "timestamp": 10000,
            "objects": [
                {
                    "category": "car",
                    "id": 0,
                    "attributes": {
                        "occluded": false,
                        "truncated": false,
                        "trafficLightColor": "none"
                    },
                    "box2d": {
                        "x1": 587.867685,
                        "y1": 325.647396,
                        "x2": 681.223599,
                        "y2": 416.806701
                    }
                },
                {
                    "category": "car",
                    "id": 1,
                    "attributes": {
                        "occluded": false,
                        "truncated": false,
                        "trafficLightColor": "none"
                    },
                    "box2d": {
                        "x1": 727.352404,
                        "y1": 347.613493,
                        "x2": 794.349002,
                        "y2": 401.430432
                    }
                },
                {
                    "category": "car",
                    "id": 2,
                    "attributes": {
                        "occluded": false,
                        "truncated": false,
                        "trafficLightColor": "none"
                    },
                    "box2d": {
                        "x1": 899.237117,
                        "y1": 357.498237,
                        "x2": 1027.738788,
                        "y2": 429.986359
                    }
                },
                {
                    "category": "car",
                    "id": 3,
                    "attributes": {
                        "occluded": true,
                        "truncated": false,
                        "trafficLightColor": "none"
                    },
                    "box2d": {
                        "x1": 845.969331,
                        "y1": 357.498237,
                        "x2": 922.850672,
                        "y2": 411.315174
                    }
                },
                {
                    "category": "car",
                    "id": 4,
                    "attributes": {
                        "occluded": true,
                        "truncated": false,
                        "trafficLightColor": "none"
                    },
                    "box2d": {
                        "x1": 819.610014,
                        "y1": 355.301627,
                        "x2": 853.657465,
                        "y2": 402.528737
                    }
                },
                {
                    "category": "car",
                    "id": 5,
                    "attributes": {
                        "occluded": true,
                        "truncated": false,
                        "trafficLightColor": "none"
                    },
                    "box2d": {
                        "x1": 793.250697,
                        "y1": 356.399932,
                        "x2": 821.806624,
                        "y2": 394.840603
                    }
                },
                {
                    "category": "car",
                    "id": 6,
                    "attributes": {
                        "occluded": true,
                        "truncated": false,
                        "trafficLightColor": "none"
                    },
                    "box2d": {
                        "x1": 669.142246,
                        "y1": 349.810103,
                        "x2": 692.20665,
                        "y2": 393.742296
                    }
                },
                {
                    "category": "car",
                    "id": 7,
                    "attributes": {
                        "occluded": true,
                        "truncated": false,
                        "trafficLightColor": "none"
                    },
                    "box2d": {
                        "x1": 682.321904,
                        "y1": 346.515188,
                        "x2": 724.05749,
                        "y2": 379.464333
                    }
                },
                {
                    "category": "car",
                    "id": 8,
                    "attributes": {
                        "occluded": true,
                        "truncated": false,
                        "trafficLightColor": "none"
                    },
                    "box2d": {
                        "x1": 594.182938,
                        "y1": 333.060954,
                        "x2": 611.755816,
                        "y2": 345.142305
                    }
                },
                {
                    "category": "car",
                    "id": 9,
                    "attributes": {
                        "occluded": true,
                        "truncated": false,
                        "trafficLightColor": "none"
                    },
                    "box2d": {
                        "x1": 582.101584,
                        "y1": 329.766039,
                        "x2": 598.576158,
                        "y2": 342.9457
                    }
                },
                {
                    "category": "car",
                    "id": 10,
                    "attributes": {
                        "occluded": true,
                        "truncated": false,
                        "trafficLightColor": "none"
                    },
                    "box2d": {
                        "x1": 575.511755,
                        "y1": 328.667734,
                        "x2": 587.593107,
                        "y2": 339.650783
                    }
                },
                {
                    "category": "car",
                    "id": 11,
                    "attributes": {
                        "occluded": true,
                        "truncated": false,
                        "trafficLightColor": "none"
                    },
                    "box2d": {
                        "x1": 370.40332,
                        "y1": 338.552478,
                        "x2": 449.481271,
                        "y2": 361.616881
                    }
                },
                {
                    "category": "car",
                    "id": 12,
                    "attributes": {
                        "occluded": true,
                        "truncated": false,
                        "trafficLightColor": "none"
                    },
                    "box2d": {
                        "x1": 548.328709,
                        "y1": 333.060954,
                        "x2": 558.213453,
                        "y2": 347.338917
                    }
                },
                {
                    "category": "car",
                    "id": 13,
                    "attributes": {
                        "occluded": true,
                        "truncated": false,
                        "trafficLightColor": "none"
                    },
                    "box2d": {
                        "x1": 526.362612,
                        "y1": 336.355868,
                        "x2": 545.033793,
                        "y2": 353.928746
                    }
                },
                {
                    "category": "car",
                    "id": 14,
                    "attributes": {
                        "occluded": true,
                        "truncated": false,
                        "trafficLightColor": "none"
                    },
                    "box2d": {
                        "x1": 492.315161,
                        "y1": 338.552478,
                        "x2": 523.067699,
                        "y2": 360.518576
                    }
                },
                {
                    "category": "traffic sign",
                    "id": 15,
                    "attributes": {
                        "occluded": false,
                        "truncated": false,
                        "trafficLightColor": "none"
                    },
                    "box2d": {
                        "x1": 483.254146,
                        "y1": 271.555881,
                        "x2": 497.532109,
                        "y2": 292.423673
                    }
                },
                {
                    "category": "traffic sign",
                    "id": 16,
                    "attributes": {
                        "occluded": false,
                        "truncated": false,
                        "trafficLightColor": "none"
                    },
                    "box2d": {
                        "x1": 495.884652,
                        "y1": 290.227064,
                        "x2": 528.833798,
                        "y2": 300.111807
                    }
                },
                {
                    "category": "traffic sign",
                    "id": 17,
                    "attributes": {
                        "occluded": false,
                        "truncated": false,
                        "trafficLightColor": "none"
                    },
                    "box2d": {
                        "x1": 509.06431,
                        "y1": 326.471124,
                        "x2": 517.850747,
                        "y2": 336.35587
                    }
                },
                {
                    "category": "traffic sign",
                    "id": 18,
                    "attributes": {
                        "occluded": false,
                        "truncated": false,
                        "trafficLightColor": "none"
                    },
                    "box2d": {
                        "x1": 693.579529,
                        "y1": 303.406722,
                        "x2": 700.169359,
                        "y2": 313.291466
                    }
                },
                {
                    "category": "traffic sign",
                    "id": 19,
                    "attributes": {
                        "occluded": false,
                        "truncated": false,
                        "trafficLightColor": "none"
                    },
                    "box2d": {
                        "x1": 951.406599,
                        "y1": 215.542332,
                        "x2": 988.748967,
                        "y2": 262.76944
                    }
                },
                {
                    "category": "traffic sign",
                    "id": 20,
                    "attributes": {
                        "occluded": false,
                        "truncated": false,
                        "trafficLightColor": "none"
                    },
                    "box2d": {
                        "x1": 1118.34894,
                        "y1": 224.328771,
                        "x2": 1142.511648,
                        "y2": 250.688088
                    }
                },
                {
                    "category": "traffic sign",
                    "id": 21,
                    "attributes": {
                        "occluded": false,
                        "truncated": false,
                        "trafficLightColor": "none"
                    },
                    "box2d": {
                        "x1": 1126.037074,
                        "y1": 251.786393,
                        "x2": 1154.593001,
                        "y2": 279.244015
                    }
                },
                {
                    "category": "traffic sign",
                    "id": 22,
                    "attributes": {
                        "occluded": false,
                        "truncated": false,
                        "trafficLightColor": "none"
                    },
                    "box2d": {
                        "x1": 1100.776062,
                        "y1": 252.884698,
                        "x2": 1126.037074,
                        "y2": 267.162661
                    }
                },
                {
                    "category": "traffic light",
                    "id": 23,
                    "attributes": {
                        "occluded": false,
                        "truncated": false,
                        "trafficLightColor": "green"
                    },
                    "box2d": {
                        "x1": 506.043972,
                        "y1": 306.701637,
                        "x2": 518.125323,
                        "y2": 320.9796
                    }
                },
                {
                    "category": "traffic light",
                    "id": 24,
                    "attributes": {
                        "occluded": false,
                        "truncated": false,
                        "trafficLightColor": "green"
                    },
                    "box2d": {
                        "x1": 547.779557,
                        "y1": 292.423673,
                        "x2": 555.467689,
                        "y2": 303.406722
                    }
                },
                {
                    "category": "traffic light",
                    "id": 25,
                    "attributes": {
                        "occluded": false,
                        "truncated": false,
                        "trafficLightColor": "green"
                    },
                    "box2d": {
                        "x1": 678.477837,
                        "y1": 304.505027,
                        "x2": 686.165969,
                        "y2": 316.586379
                    }
                },
                {
                    "category": "traffic light",
                    "id": 26,
                    "attributes": {
                        "occluded": false,
                        "truncated": false,
                        "trafficLightColor": "green"
                    },
                    "box2d": {
                        "x1": 620.267679,
                        "y1": 316.586381,
                        "x2": 626.857508,
                        "y2": 325.37282
                    }
                },
                {
                    "category": "traffic light",
                    "id": 27,
                    "attributes": {
                        "occluded": false,
                        "truncated": false,
                        "trafficLightColor": "red"
                    },
                    "box2d": {
                        "x1": 538.169389,
                        "y1": 282.538929,
                        "x2": 544.759221,
                        "y2": 291.325366
                    }
                },
                {
                    "category": "traffic sign",
                    "id": 28,
                    "attributes": {
                        "occluded": false,
                        "truncated": false,
                        "trafficLightColor": "none"
                    },
                    "box2d": {
                        "x1": 531.57956,
                        "y1": 283.637234,
                        "x2": 539.267694,
                        "y2": 295.718586
                    }
                },
                {
                    "category": "car",
                    "id": 29,
                    "attributes": {
                        "occluded": true,
                        "truncated": false,
                        "trafficLightColor": "none"
                    },
                    "box2d": {
                        "x1": 565.901587,
                        "y1": 325.37282,
                        "x2": 575.786331,
                        "y2": 336.355868
                    }
                },
                {
                    "category": "traffic light",
                    "id": 30,
                    "attributes": {
                        "occluded": false,
                        "truncated": false,
                        "trafficLightColor": "green"
                    },
                    "box2d": {
                        "x1": 572.491417,
                        "y1": 314.389771,
                        "x2": 576.884634,
                        "y2": 323.176208
                    }
                },
                {
                    "category": "area/drivable",
                    "id": 31,
                    "attributes": {},
                    "poly2d": [
                        [
                            508.281044,
                            415.108721,
                            "L"
                        ],
                        [
                            215.682918,
                            620.043583,
                            "L"
                        ],
                        [
                            523.636485,
                            613.193898,
                            "C"
                        ],
                        [
                            672.584253,
                            627.013794,
                            "C"
                        ],
                        [
                            903.122543,
                            664.974277,
                            "C"
                        ],
                        [
                            644.944461,
                            418.179809,
                            "L"
                        ],
                        [
                            508.281044,
                            415.108721,
                            "L"
                        ]
                    ]
                },
                {
                    "category": "area/alternative",
                    "id": 32,
                    "attributes": {},
                    "poly2d": [
                        [
                            672.478311,
                            428.339288,
                            "L"
                        ],
                        [
                            933.07634,
                            666.471966,
                            "L"
                        ],
                        [
                            991.977406,
                            670.009026,
                            "C"
                        ],
                        [
                            1044.185902,
                            691.506642,
                            "C"
                        ],
                        [
                            1088.836079,
                            720.3888,
                            "C"
                        ],
                        [
                            1280.524791,
                            720.3888,
                            "L"
                        ],
                        [
                            1280.524791,
                            587.094407,
                            "L"
                        ],
                        [
                            723.399765,
                            402.87856,
                            "L"
                        ],
                        [
                            672.478311,
                            428.339288,
                            "L"
                        ]
                    ]
                },
                {
                    "category": "area/alternative",
                    "id": 33,
                    "attributes": {},
                    "poly2d": [
                        [
                            778.814288,
                            414.860078,
                            "L"
                        ],
                        [
                            1280.524791,
                            578.108268,
                            "L"
                        ],
                        [
                            1280.524791,
                            473.269981,
                            "L"
                        ],
                        [
                            1037.914625,
                            432.832355,
                            "L"
                        ],
                        [
                            1001.970071,
                            441.818496,
                            "L"
                        ],
                        [
                            804.275014,
                            401.38087,
                            "L"
                        ],
                        [
                            778.814288,
                            414.860078,
                            "L"
                        ]
                    ]
                },
                {
                    "category": "area/alternative",
                    "id": 34,
                    "attributes": {},
                    "poly2d": [
                        [
                            482.271705,
                            383.408591,
                            "L"
                        ],
                        [
                            0,
                            500.228398,
                            "L"
                        ],
                        [
                            0,
                            633.522791,
                            "L"
                        ],
                        [
                            59.923177,
                            626.034342,
                            "C"
                        ],
                        [
                            127.31922,
                            617.048202,
                            "C"
                        ],
                        [
                            190.222192,
                            617.048202,
                            "C"
                        ],
                        [
                            509.230123,
                            404.37625,
                            "L"
                        ],
                        [
                            482.271705,
                            383.408591,
                            "L"
                        ]
                    ]
                },
                {
                    "category": "lane/road curb",
                    "id": 35,
                    "attributes": {
                        "direction": "parallel",
                        "style": "solid"
                    },
                    "poly2d": [
                        [
                            1016.042616,
                            426.082388,
                            "L"
                        ],
                        [
                            1280.295636,
                            471.148794,
                            "L"
                        ]
                    ]
                },
                {
                    "category": "lane/road curb",
                    "id": 36,
                    "attributes": {
                        "direction": "parallel",
                        "style": "solid"
                    },
                    "poly2d": [
                        [
                            0,
                            480.366922,
                            "L"
                        ],
                        [
                            499.827416,
                            371.797853,
                            "L"
                        ]
                    ]
                },
                {
                    "category": "lane/single white",
                    "id": 37,
                    "attributes": {
                        "direction": "parallel",
                        "style": "solid"
                    },
                    "poly2d": [
                        [
                            1.024237,
                            493.681997,
                            "L"
                        ],
                        [
                            406.621894,
                            396.379529,
                            "L"
                        ]
                    ]
                },
                {
                    "category": "lane/single white",
                    "id": 38,
                    "attributes": {
                        "direction": "parallel",
                        "style": "solid"
                    },
                    "poly2d": [
                        [
                            2.048473,
                            497.778943,
                            "L"
                        ],
                        [
                            406.621894,
                            400.476475,
                            "L"
                        ]
                    ]
                },
                {
                    "category": "lane/single white",
                    "id": 39,
                    "attributes": {
                        "direction": "parallel",
                        "style": "dashed"
                    },
                    "poly2d": [
                        [
                            550.015005,
                            378.967508,
                            "L"
                        ],
                        [
                            228.404741,
                            616.590378,
                            "L"
                        ]
                    ]
                },
                {
                    "category": "lane/single white",
                    "id": 40,
                    "attributes": {
                        "direction": "parallel",
                        "style": "dashed"
                    },
                    "poly2d": [
                        [
                            207.920011,
                            614.541905,
                            "L"
                        ],
                        [
                            546.942296,
                            376.919035,
                            "L"
                        ]
                    ]
                },
                {
                    "category": "lane/single white",
                    "id": 41,
                    "attributes": {
                        "direction": "parallel",
                        "style": "dashed"
                    },
                    "poly2d": [
                        [
                            641.172054,
                            410.71884,
                            "L"
                        ],
                        [
                            871.625269,
                            626.832743,
                            "L"
                        ]
                    ]
                },
                {
                    "category": "lane/single white",
                    "id": 42,
                    "attributes": {
                        "direction": "parallel",
                        "style": "dashed"
                    },
                    "poly2d": [
                        [
                            890.061526,
                            625.808507,
                            "L"
                        ],
                        [
                            645.269,
                            407.64613,
                            "L"
                        ]
                    ]
                },
                {
                    "category": "lane/single white",
                    "id": 43,
                    "attributes": {
                        "direction": "parallel",
                        "style": "dashed"
                    },
                    "poly2d": [
                        [
                            706.723191,
                            395.355292,
                            "L"
                        ],
                        [
                            1276.19869,
                            583.81481,
                            "L"
                        ]
                    ]
                },
                {
                    "category": "lane/single white",
                    "id": 44,
                    "attributes": {
                        "direction": "parallel",
                        "style": "dashed"
                    },
                    "poly2d": [
                        [
                            1279.271399,
                            576.645154,
                            "L"
                        ],
                        [
                            709.7959,
                            393.306819,
                            "L"
                        ]
                    ]
                },
                {
                    "category": "lane/single white",
                    "id": 45,
                    "attributes": {
                        "direction": "parallel",
                        "style": "dashed"
                    },
                    "poly2d": [
                        [
                            808.122605,
                            399.452238,
                            "L"
                        ],
                        [
                            1280.295636,
                            501.875889,
                            "L"
                        ]
                    ]
                },
                {
                    "category": "lane/crosswalk",
                    "id": 46,
                    "attributes": {
                        "direction": "vertical",
                        "style": "dashed"
                    },
                    "poly2d": [
                        [
                            518.263673,
                            372.822089,
                            "L"
                        ],
                        [
                            593.032938,
                            375.894799,
                            "L"
                        ]
                    ]
                },
                {
                    "category": "lane/crosswalk",
                    "id": 47,
                    "attributes": {
                        "direction": "vertical",
                        "style": "dashed"
                    },
                    "poly2d": [
                        [
                            523.384856,
                            368.725143,
                            "L"
                        ],
                        [
                            594.057175,
                            372.822089,
                            "L"
                        ]
                    ]
                },
                {
                    "category": "lane/crosswalk",
                    "id": 48,
                    "attributes": {
                        "direction": "vertical",
                        "style": "dashed"
                    },
                    "poly2d": [
                        [
                            528.506038,
                            365.652434,
                            "L"
                        ],
                        [
                            592.008702,
                            368.725143,
                            "L"
                        ]
                    ]
                },
                {
                    "category": "lane/crosswalk",
                    "id": 49,
                    "attributes": {
                        "direction": "vertical",
                        "style": "dashed"
                    },
                    "poly2d": [
                        [
                            588.935992,
                            364.628197,
                            "L"
                        ],
                        [
                            529.530275,
                            361.555488,
                            "L"
                        ]
                    ]
                }
            ]
        }
    ],
    "attributes": {
        "weather": "clear",
        "scene": "city street",
        "timeofday": "night"
    }
}