{
    "name": "00f42f6b-5a20a4d2",
    "frames": [
        {
            "timestamp": 10000,
            "objects": [
                {
                    "category": "traffic light",
                    "id": 0,
                    "attributes": {
                        "occluded": false,
                        "truncated": false,
                        "trafficLightColor": "none"
                    },
                    "box2d": {
                        "x1": 749.207357,
                        "y1": 309.505266,
                        "x2": 758.159988,
                        "y2": 327.410529
                    }
                },
                {
                    "category": "traffic light",
                    "id": 1,
                    "attributes": {
                        "occluded": false,
                        "truncated": false,
                        "trafficLightColor": "none"
                    },
                    "box2d": {
                        "x1": 903.95999,
                        "y1": 304.389475,
                        "x2": 912.912621,
                        "y2": 323.573686
                    }
                },
                {
                    "category": "traffic light",
                    "id": 2,
                    "attributes": {
                        "occluded": false,
                        "truncated": false,
                        "trafficLightColor": "none"
                    },
                    "box2d": {
                        "x1": 891.170516,
                        "y1": 304.389475,
                        "x2": 900.123147,
                        "y2": 324.852633
                    }
                },
                {
                    "category": "traffic light",
                    "id": 3,
                    "attributes": {
                        "occluded": true,
                        "truncated": false,
                        "trafficLightColor": "none"
                    },
                    "box2d": {
                        "x1": 1049.75999,
                        "y1": 372.173686,
                        "x2": 1065.107358,
                        "y2": 386.242107
                    }
                },
                {
                    "category": "traffic sign",
                    "id": 4,
                    "attributes": {
                        "occluded": true,
                        "truncated": false,
                        "trafficLightColor": "none"
                    },
                    "box2d": {
                        "x1": 605.965251,
                        "y1": 336.36316,
                        "x2": 625.149461,
                        "y2": 349.152633
                    }
                },
                {
                    "category": "traffic sign",
                    "id": 5,
                    "attributes": {
                        "occluded": false,
                        "truncated": false,
                        "trafficLightColor": "none"
                    },
                    "box2d": {
                        "x1": 364.244197,
                        "y1": 129.173685,
                        "x2": 455.04946,
                        "y2": 218.700001
                    }
                },
                {
                    "category": "traffic sign",
                    "id": 6,
                    "attributes": {
                        "occluded": false,
                        "truncated": false,
                        "trafficLightColor": "none"
                    },
                    "box2d": {
                        "x1": 1043.365253,
                        "y1": 338.921055,
                        "x2": 1072.781043,
                        "y2": 349.152634
                    }
                },
                {
                    "category": "traffic sign",
                    "id": 7,
                    "attributes": {
                        "occluded": false,
                        "truncated": false,
                        "trafficLightColor": "none"
                    },
                    "box2d": {
                        "x1": 1026.738937,
                        "y1": 352.989476,
                        "x2": 1053.596832,
                        "y2": 361.942108
                    }
                },
                {
                    "category": "traffic sign",
                    "id": 8,
                    "attributes": {
                        "occluded": false,
                        "truncated": false,
                        "trafficLightColor": "none"
                    },
                    "box2d": {
                        "x1": 384.707356,
                        "y1": 219.978949,
                        "x2": 417.959987,
                        "y2": 254.510529
                    }
                },
                {
                    "category": "traffic sign",
                    "id": 9,
                    "attributes": {
                        "occluded": false,
                        "truncated": false,
                        "trafficLightColor": "none"
                    },
                    "box2d": {
                        "x1": 955.117884,
                        "y1": 344.036844,
                        "x2": 985.812621,
                        "y2": 370.894738
                    }
                },
                {
                    "category": "traffic sign",
                    "id": 10,
                    "attributes": {
                        "occluded": false,
                        "truncated": false,
                        "trafficLightColor": "none"
                    },
                    "box2d": {
                        "x1": 958.954726,
                        "y1": 372.173686,
                        "x2": 979.417884,
                        "y2": 381.126318
                    }
                },
                {
                    "category": "car",
                    "id": 11,
                    "attributes": {
                        "occluded": true,
                        "truncated": false,
                        "trafficLightColor": "none"
                    },
                    "box2d": {
                        "x1": 787.575779,
                        "y1": 382.405266,
                        "x2": 797.807358,
                        "y2": 397.752634
                    }
                },
                {
                    "category": "car",
                    "id": 12,
                    "attributes": {
                        "occluded": true,
                        "truncated": false,
                        "trafficLightColor": "none"
                    },
                    "box2d": {
                        "x1": 781.18104,
                        "y1": 386.242107,
                        "x2": 793.970514,
                        "y2": 401.589475
                    }
                },
                {
                    "category": "car",
                    "id": 13,
                    "attributes": {
                        "occluded": true,
                        "truncated": false,
                        "trafficLightColor": "none"
                    },
                    "box2d": {
                        "x1": 804.202094,
                        "y1": 384.96316,
                        "x2": 815.71262,
                        "y2": 396.473686
                    }
                },
                {
                    "category": "car",
                    "id": 14,
                    "attributes": {
                        "occluded": true,
                        "truncated": false,
                        "trafficLightColor": "none"
                    },
                    "box2d": {
                        "x1": 825.944199,
                        "y1": 383.684213,
                        "x2": 841.291568,
                        "y2": 397.752634
                    }
                },
                {
                    "category": "car",
                    "id": 15,
                    "attributes": {
                        "occluded": true,
                        "truncated": false,
                        "trafficLightColor": "none"
                    },
                    "box2d": {
                        "x1": 836.175779,
                        "y1": 388.800002,
                        "x2": 851.523147,
                        "y2": 402.868423
                    }
                },
                {
                    "category": "car",
                    "id": 16,
                    "attributes": {
                        "occluded": true,
                        "truncated": false,
                        "trafficLightColor": "none"
                    },
                    "box2d": {
                        "x1": 848.965253,
                        "y1": 392.636844,
                        "x2": 865.591569,
                        "y2": 409.26316
                    }
                },
                {
                    "category": "car",
                    "id": 17,
                    "attributes": {
                        "occluded": true,
                        "truncated": false,
                        "trafficLightColor": "none"
                    },
                    "box2d": {
                        "x1": 886.054726,
                        "y1": 396.473686,
                        "x2": 934.654726,
                        "y2": 445.073687
                    }
                },
                {
                    "category": "car",
                    "id": 18,
                    "attributes": {
                        "occluded": true,
                        "truncated": false,
                        "trafficLightColor": "none"
                    },
                    "box2d": {
                        "x1": 744.091566,
                        "y1": 387.521055,
                        "x2": 778.623146,
                        "y2": 416.936844
                    }
                },
                {
                    "category": "person",
                    "id": 19,
                    "attributes": {
                        "occluded": false,
                        "truncated": false,
                        "trafficLightColor": "none"
                    },
                    "box2d": {
                        "x1": 773.507357,
                        "y1": 391.357897,
                        "x2": 788.854725,
                        "y2": 424.610529
                    }
                },
                {
                    "category": "person",
                    "id": 20,
                    "attributes": {
                        "occluded": false,
                        "truncated": false,
                        "trafficLightColor": "none"
                    },
                    "box2d": {
                        "x1": 209.491564,
                        "y1": 367.057897,
                        "x2": 282.391565,
                        "y2": 509.021055
                    }
                },
                {
                    "category": "car",
                    "id": 21,
                    "attributes": {
                        "occluded": false,
                        "truncated": false,
                        "trafficLightColor": "none"
                    },
                    "box2d": {
                        "x1": 859.196831,
                        "y1": 391.357897,
                        "x2": 891.170514,
                        "y2": 416.936844
                    }
                },
                {
                    "category": "car",
                    "id": 22,
                    "attributes": {
                        "occluded": false,
                        "truncated": false,
                        "trafficLightColor": "none"
                    },
                    "box2d": {
                        "x1": 909.075779,
                        "y1": 397.752634,
                        "x2": 997.323147,
                        "y2": 462.97895
                    }
                },
                {
                    "category": "car",
                    "id": 23,
                    "attributes": {
                        "occluded": false,
                        "truncated": false,
                        "trafficLightColor": "none"
                    },
                    "box2d": {
                        "x1": 602.128409,
                        "y1": 386.242107,
                        "x2": 727.465251,
                        "y2": 475.768423
                    }
                },
                {
                    "category": "car",
                    "id": 24,
                    "attributes": {
                        "occluded": false,
                        "truncated": false,
                        "trafficLightColor": "none"
                    },
                    "box2d": {
                        "x1": 994.765253,
                        "y1": 391.357897,
                        "x2": 1218.581043,
                        "y2": 540.994739
                    }
                },
                {
                    "category": "car",
                    "id": 25,
                    "attributes": {
                        "occluded": false,
                        "truncated": false,
                        "trafficLightColor": "none"
                    },
                    "box2d": {
                        "x1": 295.181039,
                        "y1": 367.057897,
                        "x2": 607.244198,
                        "y2": 585.757898
                    }
                },
                {
                    "category": "area/drivable",
                    "id": 26,
                    "attributes": {},
                    "poly2d": [
                        [
                            326.106679,
                            583.200075,
                            "L"
                        ],
                        [
                            0,
                            700.780737,
                            "L"
                        ],
                        [
                            0,
                            719.593642,
                            "L"
                        ],
                        [
                            584.784132,
                            719.593642,
                            "L"
                        ],
                        [
                            763.506736,
                            694.509766,
                            "C"
                        ],
                        [
                            1056.674515,
                            702.348479,
                            "C"
                        ],
                        [
                            1055.106773,
                            719.593642,
                            "C"
                        ],
                        [
                            1279.277583,
                            719.593642,
                            "L"
                        ],
                        [
                            1280.811619,
                            578.812102,
                            "L"
                        ],
                        [
                            1202.474535,
                            545.574264,
                            "L"
                        ],
                        [
                            1013.068825,
                            531.562135,
                            "L"
                        ],
                        [
                            829.131451,
                            410.062218,
                            "L"
                        ],
                        [
                            798.756472,
                            408.374719,
                            "L"
                        ],
                        [
                            790.318978,
                            428.624705,
                            "L"
                        ],
                        [
                            743.06901,
                            426.937206,
                            "L"
                        ],
                        [
                            716.474471,
                            481.296836,
                            "L"
                        ],
                        [
                            668.819061,
                            479.249671,
                            "L"
                        ],
                        [
                            537.751867,
                            595.742012,
                            "L"
                        ],
                        [
                            326.106679,
                            583.200075,
                            "L"
                        ]
                    ]
                },
                {
                    "category": "lane/road curb",
                    "id": 27,
                    "attributes": {
                        "direction": "parallel",
                        "style": "solid"
                    },
                    "poly2d": [
                        [
                            321.338685,
                            575.814973,
                            "L"
                        ],
                        [
                            0,
                            699.560305,
                            "L"
                        ]
                    ]
                },
                {
                    "category": "lane/crosswalk",
                    "id": 28,
                    "attributes": {
                        "direction": "vertical",
                        "style": "dashed"
                    },
                    "poly2d": [
                        [
                            749.457616,
                            420.135362,
                            "L"
                        ],
                        [
                            883.182411,
                            425.125093,
                            "L"
                        ]
                    ]
                },
                {
                    "category": "lane/crosswalk",
                    "id": 29,
                    "attributes": {
                        "direction": "vertical",
                        "style": "dashed"
                    },
                    "poly2d": [
                        [
                            744.467886,
                            425.125093,
                            "L"
                        ],
                        [
                            886.176248,
                            431.11277,
                            "L"
                        ]
                    ]
                },
                {
                    "category": "lane/crosswalk",
                    "id": 30,
                    "attributes": {
                        "direction": "vertical",
                        "style": "dashed"
                    },
                    "poly2d": [
                        [
                            885.178302,
                            439.096339,
                            "L"
                        ],
                        [
                            720.517176,
                            427.120985,
                            "L"
                        ]
                    ]
                },
                {
                    "category": "lane/crosswalk",
                    "id": 31,
                    "attributes": {
                        "direction": "vertical",
                        "style": "dashed"
                    },
                    "poly2d": [
                        [
                            722.513068,
                            436.102501,
                            "L"
                        ],
                        [
                            888.172141,
                            443.088125,
                            "L"
                        ]
                    ]
                },
                {
                    "category": "lane/single white",
                    "id": 32,
                    "attributes": {
                        "direction": "vertical",
                        "style": "solid"
                    },
                    "poly2d": [
                        [
                            722.513068,
                            441.092232,
                            "L"
                        ],
                        [
                            884.180357,
                            444.086071,
                            "L"
                        ]
                    ]
                }
            ]
        }
    ],
    "attributes": {
        "weather": "snowy",
        "scene": "city street",
        "timeofday": "daytime"
    }
}