{
    "name": "00f42f6b-b1ca1f6c",
    "frames": [
        {
            "timestamp": 10000,
            "objects": [
                {
                    "category": "traffic sign",
                    "id": 0,
                    "attributes": {
                        "occluded": false,
                        "truncated": false,
                        "trafficLightColor": "none"
                    },
                    "box2d": {
                        "x1": 236.513257,
                        "y1": 200.587192,
                        "x2": 295.392084,
                        "y2": 277.429051
                    }
                },
                {
                    "category": "car",
                    "id": 1,
                    "attributes": {
                        "occluded": true,
                        "truncated": true,
                        "trafficLightColor": "none"
                    },
                    "box2d": {
                        "x1": 0,
                        "y1": 393.190813,
                        "x2": 88.817212,
                        "y2": 426.123039
                    }
                },
                {
                    "category": "car",
                    "id": 2,
                    "attributes": {
                        "occluded": true,
                        "truncated": false,
                        "trafficLightColor": "none"
                    },
                    "box2d": {
                        "x1": 190.607728,
                        "y1": 398.180545,
                        "x2": 280.422888,
                        "y2": 420.135361
                    }
                },
                {
                    "category": "car",
                    "id": 3,
                    "attributes": {
                        "occluded": true,
                        "truncated": false,
                        "trafficLightColor": "none"
                    },
                    "box2d": {
                        "x1": 173.020612,
                        "y1": 410.155899,
                        "x2": 193.601568,
                        "y2": 419.137415
                    }
                },
                {
                    "category": "car",
                    "id": 4,
                    "attributes": {
                        "occluded": true,
                        "truncated": false,
                        "trafficLightColor": "none"
                    },
                    "box2d": {
                        "x1": 318.897292,
                        "y1": 392.192867,
                        "x2": 419.813102,
                        "y2": 426.45569
                    }
                },
                {
                    "category": "car",
                    "id": 5,
                    "attributes": {
                        "occluded": true,
                        "truncated": false,
                        "trafficLightColor": "none"
                    },
                    "box2d": {
                        "x1": 486.6755,
                        "y1": 386.20519,
                        "x2": 545.876588,
                        "y2": 411.486496
                    }
                },
                {
                    "category": "car",
                    "id": 6,
                    "attributes": {
                        "occluded": false,
                        "truncated": false,
                        "trafficLightColor": "none"
                    },
                    "box2d": {
                        "x1": 440.094285,
                        "y1": 375.227781,
                        "x2": 454.065535,
                        "y2": 390.196972
                    }
                },
                {
                    "category": "car",
                    "id": 7,
                    "attributes": {
                        "occluded": false,
                        "truncated": false,
                        "trafficLightColor": "none"
                    },
                    "box2d": {
                        "x1": 469.034726,
                        "y1": 379.219567,
                        "x2": 485.999811,
                        "y2": 393.190813
                    }
                },
                {
                    "category": "car",
                    "id": 8,
                    "attributes": {
                        "occluded": false,
                        "truncated": false,
                        "trafficLightColor": "none"
                    },
                    "box2d": {
                        "x1": 582.201829,
                        "y1": 378.22162,
                        "x2": 607.150484,
                        "y2": 402.771105
                    }
                },
                {
                    "category": "car",
                    "id": 9,
                    "attributes": {
                        "occluded": false,
                        "truncated": false,
                        "trafficLightColor": "none"
                    },
                    "box2d": {
                        "x1": 694.570574,
                        "y1": 408.160007,
                        "x2": 723.511015,
                        "y2": 430.114822
                    }
                },
                {
                    "category": "car",
                    "id": 10,
                    "attributes": {
                        "occluded": false,
                        "truncated": false,
                        "trafficLightColor": "none"
                    },
                    "box2d": {
                        "x1": 545.876585,
                        "y1": 372.233942,
                        "x2": 562.841673,
                        "y2": 383.21135
                    }
                },
                {
                    "category": "car",
                    "id": 11,
                    "attributes": {
                        "occluded": false,
                        "truncated": false,
                        "trafficLightColor": "none"
                    },
                    "box2d": {
                        "x1": 524.919717,
                        "y1": 374.229836,
                        "x2": 533.901232,
                        "y2": 382.213405
                    }
                },
                {
                    "category": "car",
                    "id": 12,
                    "attributes": {
                        "occluded": false,
                        "truncated": false,
                        "trafficLightColor": "none"
                    },
                    "box2d": {
                        "x1": 565.236742,
                        "y1": 373.830664,
                        "x2": 579.207989,
                        "y2": 382.812181
                    }
                },
                {
                    "category": "car",
                    "id": 13,
                    "attributes": {
                        "occluded": true,
                        "truncated": false,
                        "trafficLightColor": "none"
                    },
                    "box2d": {
                        "x1": 459.304751,
                        "y1": 372.732917,
                        "x2": 471.280106,
                        "y2": 384.708271
                    }
                },
                {
                    "category": "car",
                    "id": 14,
                    "attributes": {
                        "occluded": true,
                        "truncated": false,
                        "trafficLightColor": "none"
                    },
                    "box2d": {
                        "x1": 485.251353,
                        "y1": 375.726755,
                        "x2": 498.224654,
                        "y2": 384.708271
                    }
                },
                {
                    "category": "car",
                    "id": 15,
                    "attributes": {
                        "occluded": true,
                        "truncated": false,
                        "trafficLightColor": "none"
                    },
                    "box2d": {
                        "x1": 502.21644,
                        "y1": 371.089803,
                        "x2": 517.185632,
                        "y2": 384.708271
                    }
                },
                {
                    "category": "car",
                    "id": 16,
                    "attributes": {
                        "occluded": true,
                        "truncated": false,
                        "trafficLightColor": "none"
                    },
                    "box2d": {
                        "x1": 721.764607,
                        "y1": 413.648712,
                        "x2": 734.737909,
                        "y2": 428.617903
                    }
                },
                {
                    "category": "car",
                    "id": 17,
                    "attributes": {
                        "occluded": true,
                        "truncated": false,
                        "trafficLightColor": "none"
                    },
                    "box2d": {
                        "x1": 681.846759,
                        "y1": 405.665141,
                        "x2": 687.834436,
                        "y2": 418.638441
                    }
                },
                {
                    "category": "car",
                    "id": 18,
                    "attributes": {
                        "occluded": true,
                        "truncated": false,
                        "trafficLightColor": "none"
                    },
                    "box2d": {
                        "x1": 146.947584,
                        "y1": 408.65898,
                        "x2": 163.91267,
                        "y2": 416.64255
                    }
                },
                {
                    "category": "car",
                    "id": 19,
                    "attributes": {
                        "occluded": true,
                        "truncated": false,
                        "trafficLightColor": "none"
                    },
                    "box2d": {
                        "x1": 126.988656,
                        "y1": 409.656926,
                        "x2": 138.96401,
                        "y2": 416.642551
                    }
                },
                {
                    "category": "car",
                    "id": 20,
                    "attributes": {
                        "occluded": true,
                        "truncated": false,
                        "trafficLightColor": "none"
                    },
                    "box2d": {
                        "x1": 358.512183,
                        "y1": 381.714432,
                        "x2": 385.80543,
                        "y2": 393.099264
                    }
                },
                {
                    "category": "bus",
                    "id": 21,
                    "attributes": {
                        "occluded": true,
                        "truncated": false,
                        "trafficLightColor": "none"
                    },
                    "box2d": {
                        "x1": 832.879068,
                        "y1": 376.20828,
                        "x2": 891.655206,
                        "y2": 394.327698
                    }
                },
                {
                    "category": "car",
                    "id": 22,
                    "attributes": {
                        "occluded": true,
                        "truncated": false,
                        "trafficLightColor": "none"
                    },
                    "box2d": {
                        "x1": 796.361089,
                        "y1": 386.604376,
                        "x2": 810.332336,
                        "y2": 395.585892
                    }
                },
                {
                    "category": "car",
                    "id": 23,
                    "attributes": {
                        "occluded": true,
                        "truncated": false,
                        "trafficLightColor": "none"
                    },
                    "box2d": {
                        "x1": 1086.763439,
                        "y1": 362.25448,
                        "x2": 1154.623782,
                        "y2": 387.203135
                    }
                },
                {
                    "category": "car",
                    "id": 24,
                    "attributes": {
                        "occluded": true,
                        "truncated": false,
                        "trafficLightColor": "none"
                    },
                    "box2d": {
                        "x1": 817.523628,
                        "y1": 378.97226,
                        "x2": 835.950156,
                        "y2": 398.934331
                    }
                },
                {
                    "category": "car",
                    "id": 25,
                    "attributes": {
                        "occluded": true,
                        "truncated": false,
                        "trafficLightColor": "none"
                    },
                    "box2d": {
                        "x1": 809.845909,
                        "y1": 377.436714,
                        "x2": 822.130261,
                        "y2": 395.863241
                    }
                },
                {
                    "category": "truck",
                    "id": 26,
                    "attributes": {
                        "occluded": true,
                        "truncated": true,
                        "trafficLightColor": "none"
                    },
                    "box2d": {
                        "x1": 1221.797167,
                        "y1": 347.032944,
                        "x2": 1278.612295,
                        "y2": 474.483096
                    }
                },
                {
                    "category": "area/drivable",
                    "id": 27,
                    "attributes": {},
                    "poly2d": [
                        [
                            358.105411,
                            717.458575,
                            "L"
                        ],
                        [
                            773.607508,
                            466.660012,
                            "L"
                        ],
                        [
                            796.067078,
                            452.934718,
                            "C"
                        ],
                        [
                            801.058095,
                            432.970651,
                            "C"
                        ],
                        [
                            739.918147,
                            431.722899,
                            "C"
                        ],
                        [
                            746.156919,
                            429.227391,
                            "L"
                        ],
                        [
                            806.049113,
                            426.731882,
                            "C"
                        ],
                        [
                            868.436814,
                            441.704932,
                            "C"
                        ],
                        [
                            912.108204,
                            451.686963,
                            "C"
                        ],
                        [
                            1041.874627,
                            520.313436,
                            "C"
                        ],
                        [
                            1175.384308,
                            587.692154,
                            "C"
                        ],
                        [
                            1280.195647,
                            642.593333,
                            "C"
                        ],
                        [
                            1280.195647,
                            719.954082,
                            "L"
                        ],
                        [
                            358.105411,
                            717.458575,
                            "L"
                        ]
                    ]
                },
                {
                    "category": "area/alternative",
                    "id": 28,
                    "attributes": {},
                    "poly2d": [
                        [
                            2.495508,
                            578.957876,
                            "L"
                        ],
                        [
                            630.115792,
                            456.677981,
                            "L"
                        ],
                        [
                            653.823118,
                            455.430227,
                            "C"
                        ],
                        [
                            696.246756,
                            445.448192,
                            "C"
                        ],
                        [
                            694.999001,
                            434.218407,
                            "C"
                        ],
                        [
                            731.183869,
                            435.466163,
                            "L"
                        ],
                        [
                            804.801358,
                            434.218407,
                            "C"
                        ],
                        [
                            791.076063,
                            459.173487,
                            "C"
                        ],
                        [
                            739.918147,
                            477.889799,
                            "C"
                        ],
                        [
                            340.636855,
                            719.954082,
                            "L"
                        ],
                        [
                            0,
                            719.954082,
                            "L"
                        ],
                        [
                            2.495508,
                            578.957876,
                            "L"
                        ]
                    ]
                },
                {
                    "category": "lane/road curb",
                    "id": 29,
                    "attributes": {
                        "direction": "parallel",
                        "style": "solid"
                    },
                    "poly2d": [
                        [
                            691.91053,
                            428.447371,
                            "C"
                        ],
                        [
                            707.257898,
                            455.305266,
                            "C"
                        ],
                        [
                            323.573686,
                            498.789476,
                            "C"
                        ],
                        [
                            139.405264,
                            534.600003,
                            "L"
                        ]
                    ]
                },
                {
                    "category": "lane/road curb",
                    "id": 30,
                    "attributes": {
                        "direction": "parallel",
                        "style": "solid"
                    },
                    "poly2d": [
                        [
                            1269.994744,
                            663.773688,
                            "L"
                        ],
                        [
                            906.773689,
                            448.910529,
                            "L"
                        ],
                        [
                            773.763162,
                            429.726318,
                            "L"
                        ]
                    ]
                }
            ]
        }
    ],
    "attributes": {
        "weather": "overcast",
        "scene": "highway",
        "timeofday": "daytime"
    }
}