{
    "name": "00f42f6b-699a498c",
    "frames": [
        {
            "timestamp": 10000,
            "objects": [
                {
                    "category": "traffic sign",
                    "id": 0,
                    "attributes": {
                        "occluded": false,
                        "truncated": false,
                        "trafficLightColor": "none"
                    },
                    "box2d": {
                        "x1": 967.168861,
                        "y1": 310.499787,
                        "x2": 999.231339,
                        "y2": 322.312277
                    }
                },
                {
                    "category": "traffic sign",
                    "id": 1,
                    "attributes": {
                        "occluded": false,
                        "truncated": true,
                        "trafficLightColor": "none"
                    },
                    "box2d": {
                        "x1": 1264.168657,
                        "y1": 160.312391,
                        "x2": 1279.356147,
                        "y2": 224.437345
                    }
                },
                {
                    "category": "traffic sign",
                    "id": 2,
                    "attributes": {
                        "occluded": false,
                        "truncated": false,
                        "trafficLightColor": "none"
                    },
                    "box2d": {
                        "x1": 248.294355,
                        "y1": 229.499842,
                        "x2": 314.10681,
                        "y2": 246.374831
                    }
                },
                {
                    "category": "traffic sign",
                    "id": 3,
                    "attributes": {
                        "occluded": false,
                        "truncated": false,
                        "trafficLightColor": "none"
                    },
                    "box2d": {
                        "x1": 314.10681,
                        "y1": 197.437364,
                        "x2": 337.731795,
                        "y2": 221.062349
                    }
                },
                {
                    "category": "bike",
                    "id": 4,
                    "attributes": {
                        "occluded": true,
                        "truncated": false,
                        "trafficLightColor": "none"
                    },
                    "box2d": {
                        "x1": 1004.293836,
                        "y1": 448.874691,
                        "x2": 1049.856304,
                        "y2": 526.499639
                    }
                },
                {
                    "category": "rider",
                    "id": 5,
                    "attributes": {
                        "occluded": true,
                        "truncated": false,
                        "trafficLightColor": "none"
                    },
                    "box2d": {
                        "x1": 1000.918838,
                        "y1": 410.062218,
                        "x2": 1049.856304,
                        "y2": 509.624651
                    }
                },
                {
                    "category": "traffic light",
                    "id": 6,
                    "attributes": {
                        "occluded": false,
                        "truncated": false,
                        "trafficLightColor": "none"
                    },
                    "box2d": {
                        "x1": 327.6068,
                        "y1": 313.874783,
                        "x2": 337.731793,
                        "y2": 349.312259
                    }
                },
                {
                    "category": "traffic light",
                    "id": 7,
                    "attributes": {
                        "occluded": false,
                        "truncated": false,
                        "trafficLightColor": "green"
                    },
                    "box2d": {
                        "x1": 977.293854,
                        "y1": 354.374756,
                        "x2": 995.856341,
                        "y2": 376.312241
                    }
                },
                {
                    "category": "traffic light",
                    "id": 8,
                    "attributes": {
                        "occluded": false,
                        "truncated": false,
                        "trafficLightColor": "none"
                    },
                    "box2d": {
                        "x1": 963.793864,
                        "y1": 354.374756,
                        "x2": 975.606354,
                        "y2": 374.624741
                    }
                },
                {
                    "category": "traffic light",
                    "id": 9,
                    "attributes": {
                        "occluded": true,
                        "truncated": false,
                        "trafficLightColor": "none"
                    },
                    "box2d": {
                        "x1": 1232.106179,
                        "y1": 268.312316,
                        "x2": 1277.668649,
                        "y2": 325.687277
                    }
                },
                {
                    "category": "traffic light",
                    "id": 10,
                    "attributes": {
                        "occluded": false,
                        "truncated": false,
                        "trafficLightColor": "none"
                    },
                    "box2d": {
                        "x1": 786.606485,
                        "y1": 248.06233,
                        "x2": 801.793973,
                        "y2": 278.437308
                    }
                },
                {
                    "category": "traffic light",
                    "id": 11,
                    "attributes": {
                        "occluded": false,
                        "truncated": false,
                        "trafficLightColor": "green"
                    },
                    "box2d": {
                        "x1": 774.793994,
                        "y1": 246.374831,
                        "x2": 786.606482,
                        "y2": 281.812307
                    }
                },
                {
                    "category": "traffic light",
                    "id": 12,
                    "attributes": {
                        "occluded": false,
                        "truncated": false,
                        "trafficLightColor": "none"
                    },
                    "box2d": {
                        "x1": 762.981503,
                        "y1": 248.06233,
                        "x2": 773.106494,
                        "y2": 281.368423
                    }
                },
                {
                    "category": "traffic light",
                    "id": 13,
                    "attributes": {
                        "occluded": false,
                        "truncated": false,
                        "trafficLightColor": "none"
                    },
                    "box2d": {
                        "x1": 627.981593,
                        "y1": 188.99987,
                        "x2": 648.231583,
                        "y2": 234.562339
                    }
                },
                {
                    "category": "traffic light",
                    "id": 14,
                    "attributes": {
                        "occluded": false,
                        "truncated": false,
                        "trafficLightColor": "green"
                    },
                    "box2d": {
                        "x1": 606.04411,
                        "y1": 187.312371,
                        "x2": 622.919098,
                        "y2": 232.874841
                    }
                },
                {
                    "category": "traffic light",
                    "id": 15,
                    "attributes": {
                        "occluded": false,
                        "truncated": false,
                        "trafficLightColor": "none"
                    },
                    "box2d": {
                        "x1": 592.544119,
                        "y1": 188.99987,
                        "x2": 604.356611,
                        "y2": 234.562339
                    }
                },
                {
                    "category": "traffic light",
                    "id": 16,
                    "attributes": {
                        "occluded": false,
                        "truncated": false,
                        "trafficLightColor": "green"
                    },
                    "box2d": {
                        "x1": 572.294134,
                        "y1": 366.187248,
                        "x2": 587.481622,
                        "y2": 377.99974
                    }
                },
                {
                    "category": "car",
                    "id": 17,
                    "attributes": {
                        "occluded": true,
                        "truncated": false,
                        "trafficLightColor": "none"
                    },
                    "box2d": {
                        "x1": 894.606412,
                        "y1": 401.624724,
                        "x2": 909.7939,
                        "y2": 421.874709
                    }
                },
                {
                    "category": "car",
                    "id": 18,
                    "attributes": {
                        "occluded": true,
                        "truncated": false,
                        "trafficLightColor": "none"
                    },
                    "box2d": {
                        "x1": 833.856454,
                        "y1": 403.312223,
                        "x2": 854.106439,
                        "y2": 416.812213
                    }
                },
                {
                    "category": "car",
                    "id": 19,
                    "attributes": {
                        "occluded": true,
                        "truncated": false,
                        "trafficLightColor": "none"
                    },
                    "box2d": {
                        "x1": 800.106476,
                        "y1": 401.624724,
                        "x2": 830.481455,
                        "y2": 420.187211
                    }
                },
                {
                    "category": "truck",
                    "id": 20,
                    "attributes": {
                        "occluded": true,
                        "truncated": false,
                        "trafficLightColor": "none"
                    },
                    "box2d": {
                        "x1": 771.418996,
                        "y1": 391.499731,
                        "x2": 793.356481,
                        "y2": 404.999721
                    }
                },
                {
                    "category": "car",
                    "id": 21,
                    "attributes": {
                        "occluded": true,
                        "truncated": false,
                        "trafficLightColor": "none"
                    },
                    "box2d": {
                        "x1": 776.481492,
                        "y1": 398.249726,
                        "x2": 796.731477,
                        "y2": 421.87471
                    }
                },
                {
                    "category": "car",
                    "id": 22,
                    "attributes": {
                        "occluded": true,
                        "truncated": false,
                        "trafficLightColor": "none"
                    },
                    "box2d": {
                        "x1": 744.419014,
                        "y1": 394.874728,
                        "x2": 774.793995,
                        "y2": 421.874709
                    }
                },
                {
                    "category": "car",
                    "id": 23,
                    "attributes": {
                        "occluded": true,
                        "truncated": false,
                        "trafficLightColor": "none"
                    },
                    "box2d": {
                        "x1": 681.981558,
                        "y1": 398.249726,
                        "x2": 754.544008,
                        "y2": 457.312186
                    }
                },
                {
                    "category": "car",
                    "id": 24,
                    "attributes": {
                        "occluded": false,
                        "truncated": false,
                        "trafficLightColor": "none"
                    },
                    "box2d": {
                        "x1": 673.544063,
                        "y1": 411.749716,
                        "x2": 1004.293836,
                        "y2": 693.562022
                    }
                },
                {
                    "category": "car",
                    "id": 25,
                    "attributes": {
                        "occluded": true,
                        "truncated": true,
                        "trafficLightColor": "none"
                    },
                    "box2d": {
                        "x1": 1232.106179,
                        "y1": 413.437216,
                        "x2": 1279.356147,
                        "y2": 477.562172
                    }
                },
                {
                    "category": "traffic light",
                    "id": 26,
                    "attributes": {
                        "occluded": false,
                        "truncated": false,
                        "trafficLightColor": "none"
                    },
                    "box2d": {
                        "x1": 265.169344,
                        "y1": 308.812288,
                        "x2": 298.919321,
                        "y2": 344.249763
                    }
                },
                {
                    "category": "truck",
                    "id": 27,
                    "attributes": {
                        "occluded": false,
                        "truncated": true,
                        "trafficLightColor": "none"
                    },
                    "box2d": {
                        "x1": 0.232027,
                        "y1": 399.937225,
                        "x2": 94.731962,
                        "y2": 484.312168
                    }
                },
                {
                    "category": "area/alternative",
                    "id": 28,
                    "attributes": {},
                    "poly2d": [
                        [
                            996.95548,
                            530.295468,
                            "L"
                        ],
                        [
                            1008.185267,
                            706.228788,
                            "L"
                        ],
                        [
                            1136.703933,
                            719.954082,
                            "L"
                        ],
                        [
                            1280.195647,
                            719.954082,
                            "L"
                        ],
                        [
                            1280.195647,
                            640.097824,
                            "L"
                        ],
                        [
                            1075.563985,
                            531.543222,
                            "L"
                        ],
                        [
                            996.95548,
                            530.295468,
                            "L"
                        ]
                    ]
                },
                {
                    "category": "lane/road curb",
                    "id": 29,
                    "attributes": {
                        "direction": "parallel",
                        "style": "solid"
                    },
                    "poly2d": [
                        [
                            378.61041,
                            508.476778,
                            "C"
                        ],
                        [
                            487.498365,
                            522.462387,
                            "C"
                        ],
                        [
                            124.871506,
                            597.385291,
                            "C"
                        ],
                        [
                            6.992803,
                            646.334921,
                            "L"
                        ]
                    ]
                },
                {
                    "category": "lane/road curb",
                    "id": 30,
                    "attributes": {
                        "direction": "parallel",
                        "style": "solid"
                    },
                    "poly2d": [
                        [
                            132.863283,
                            479.506588,
                            "L"
                        ],
                        [
                            398.58985,
                            479.506588,
                            "L"
                        ]
                    ]
                },
                {
                    "category": "lane/road curb",
                    "id": 31,
                    "attributes": {
                        "direction": "parallel",
                        "style": "solid"
                    },
                    "poly2d": [
                        [
                            679.300999,
                            442.544622,
                            "L"
                        ],
                        [
                            632.349313,
                            460.526119,
                            "L"
                        ]
                    ]
                },
                {
                    "category": "lane/road curb",
                    "id": 32,
                    "attributes": {
                        "direction": "parallel",
                        "style": "solid"
                    },
                    "poly2d": [
                        [
                            1050.918606,
                            476.509673,
                            "L"
                        ],
                        [
                            1209.755162,
                            479.506588,
                            "L"
                        ]
                    ]
                },
                {
                    "category": "lane/road curb",
                    "id": 33,
                    "attributes": {
                        "direction": "parallel",
                        "style": "solid"
                    },
                    "poly2d": [
                        [
                            1127.839452,
                            520.464442,
                            "C"
                        ],
                        [
                            1034.935051,
                            543.440799,
                            "C"
                        ],
                        [
                            1191.773665,
                            570.413045,
                            "C"
                        ],
                        [
                            1272.690401,
                            629.352396,
                            "L"
                        ]
                    ]
                },
                {
                    "category": "lane/double yellow",
                    "id": 34,
                    "attributes": {
                        "direction": "parallel",
                        "style": "solid"
                    },
                    "poly2d": [
                        [
                            667.313334,
                            618.363704,
                            "L"
                        ],
                        [
                            607.37501,
                            715.263993,
                            "L"
                        ]
                    ]
                },
                {
                    "category": "lane/double yellow",
                    "id": 35,
                    "attributes": {
                        "direction": "parallel",
                        "style": "solid"
                    },
                    "poly2d": [
                        [
                            670.310251,
                            558.42538,
                            "L"
                        ],
                        [
                            531.453135,
                            717.261937,
                            "L"
                        ]
                    ]
                }
            ]
        }
    ],
    "attributes": {
        "weather": "snowy",
        "scene": "city street",
        "timeofday": "daytime"
    }
}