{
    "name": "00f89335-1825f637",
    "frames": [
        {
            "timestamp": 10000,
            "objects": [
                {
                    "category": "traffic light",
                    "id": 0,
                    "attributes": {
                        "occluded": false,
                        "truncated": false,
                        "trafficLightColor": "green"
                    },
                    "box2d": {
                        "x1": 323.168297,
                        "y1": 378.069476,
                        "x2": 335.645838,
                        "y2": 398.033541
                    }
                },
                {
                    "category": "traffic light",
                    "id": 1,
                    "attributes": {
                        "occluded": false,
                        "truncated": false,
                        "trafficLightColor": "red"
                    },
                    "box2d": {
                        "x1": 591.435416,
                        "y1": 396.785785,
                        "x2": 601.41745,
                        "y2": 409.263326
                    }
                },
                {
                    "category": "traffic light",
                    "id": 2,
                    "attributes": {
                        "occluded": false,
                        "truncated": false,
                        "trafficLightColor": "red"
                    },
                    "box2d": {
                        "x1": 547.764025,
                        "y1": 420.493112,
                        "x2": 556.498304,
                        "y2": 432.970653
                    }
                },
                {
                    "category": "traffic light",
                    "id": 3,
                    "attributes": {
                        "occluded": false,
                        "truncated": false,
                        "trafficLightColor": "red"
                    },
                    "box2d": {
                        "x1": 683.769215,
                        "y1": 394.290278,
                        "x2": 691.255742,
                        "y2": 406.767818
                    }
                },
                {
                    "category": "traffic light",
                    "id": 4,
                    "attributes": {
                        "occluded": false,
                        "truncated": false,
                        "trafficLightColor": "red"
                    },
                    "box2d": {
                        "x1": 623.877021,
                        "y1": 415.502095,
                        "x2": 630.115794,
                        "y2": 425.484129
                    }
                },
                {
                    "category": "traffic light",
                    "id": 5,
                    "attributes": {
                        "occluded": false,
                        "truncated": false,
                        "trafficLightColor": "red"
                    },
                    "box2d": {
                        "x1": 590.187662,
                        "y1": 424.236376,
                        "x2": 593.930924,
                        "y2": 437.96167
                    }
                },
                {
                    "category": "traffic light",
                    "id": 6,
                    "attributes": {
                        "occluded": false,
                        "truncated": false,
                        "trafficLightColor": "green"
                    },
                    "box2d": {
                        "x1": 772.359752,
                        "y1": 285.735676,
                        "x2": 787.332802,
                        "y2": 316.929528
                    }
                },
                {
                    "category": "traffic light",
                    "id": 7,
                    "attributes": {
                        "occluded": false,
                        "truncated": false,
                        "trafficLightColor": "none"
                    },
                    "box2d": {
                        "x1": 757.386704,
                        "y1": 286.98343,
                        "x2": 772.359752,
                        "y2": 315.681772
                    }
                },
                {
                    "category": "traffic light",
                    "id": 8,
                    "attributes": {
                        "occluded": false,
                        "truncated": false,
                        "trafficLightColor": "green"
                    },
                    "box2d": {
                        "x1": 541.525254,
                        "y1": 308.195249,
                        "x2": 551.507287,
                        "y2": 332.189351
                    }
                },
                {
                    "category": "traffic sign",
                    "id": 9,
                    "attributes": {
                        "occluded": false,
                        "truncated": false,
                        "trafficLightColor": "none"
                    },
                    "box2d": {
                        "x1": 882.162107,
                        "y1": 373.078459,
                        "x2": 910.86045,
                        "y2": 385.555999
                    }
                },
                {
                    "category": "traffic sign",
                    "id": 10,
                    "attributes": {
                        "occluded": false,
                        "truncated": false,
                        "trafficLightColor": "none"
                    },
                    "box2d": {
                        "x1": 316.929528,
                        "y1": 363.096426,
                        "x2": 346.875624,
                        "y2": 376.82172
                    }
                },
                {
                    "category": "traffic sign",
                    "id": 11,
                    "attributes": {
                        "occluded": false,
                        "truncated": false,
                        "trafficLightColor": "none"
                    },
                    "box2d": {
                        "x1": 1142.942703,
                        "y1": 238.321022,
                        "x2": 1171.641045,
                        "y2": 260.780595
                    }
                },
                {
                    "category": "traffic sign",
                    "id": 12,
                    "attributes": {
                        "occluded": false,
                        "truncated": false,
                        "trafficLightColor": "none"
                    },
                    "box2d": {
                        "x1": 1121.730884,
                        "y1": 281.992414,
                        "x2": 1150.429226,
                        "y2": 291.974447
                    }
                },
                {
                    "category": "traffic sign",
                    "id": 13,
                    "attributes": {
                        "occluded": false,
                        "truncated": false,
                        "trafficLightColor": "none"
                    },
                    "box2d": {
                        "x1": 1119.235376,
                        "y1": 300.708724,
                        "x2": 1175.384308,
                        "y2": 318.177282
                    }
                },
                {
                    "category": "traffic sign",
                    "id": 14,
                    "attributes": {
                        "occluded": false,
                        "truncated": false,
                        "trafficLightColor": "none"
                    },
                    "box2d": {
                        "x1": 1139.199441,
                        "y1": 321.920543,
                        "x2": 1170.393293,
                        "y2": 341.884608
                    }
                },
                {
                    "category": "traffic sign",
                    "id": 15,
                    "attributes": {
                        "occluded": false,
                        "truncated": false,
                        "trafficLightColor": "none"
                    },
                    "box2d": {
                        "x1": 1137.951687,
                        "y1": 334.398084,
                        "x2": 1167.897783,
                        "y2": 368.087445
                    }
                },
                {
                    "category": "traffic sign",
                    "id": 16,
                    "attributes": {
                        "occluded": false,
                        "truncated": false,
                        "trafficLightColor": "none"
                    },
                    "box2d": {
                        "x1": 319.425036,
                        "y1": 408.015572,
                        "x2": 341.884607,
                        "y2": 421.740866
                    }
                },
                {
                    "category": "person",
                    "id": 17,
                    "attributes": {
                        "occluded": false,
                        "truncated": false,
                        "trafficLightColor": "none"
                    },
                    "box2d": {
                        "x1": 913.355959,
                        "y1": 429.227391,
                        "x2": 930.824516,
                        "y2": 477.889797
                    }
                },
                {
                    "category": "person",
                    "id": 18,
                    "attributes": {
                        "occluded": false,
                        "truncated": false,
                        "trafficLightColor": "none"
                    },
                    "box2d": {
                        "x1": 905.869436,
                        "y1": 432.970653,
                        "x2": 919.59473,
                        "y2": 475.394289
                    }
                },
                {
                    "category": "person",
                    "id": 19,
                    "attributes": {
                        "occluded": false,
                        "truncated": false,
                        "trafficLightColor": "none"
                    },
                    "box2d": {
                        "x1": 978.239169,
                        "y1": 414.254341,
                        "x2": 1004.442003,
                        "y2": 481.633059
                    }
                },
                {
                    "category": "car",
                    "id": 20,
                    "attributes": {
                        "occluded": false,
                        "truncated": true,
                        "trafficLightColor": "none"
                    },
                    "box2d": {
                        "x1": 1023.158315,
                        "y1": 400.529049,
                        "x2": 1280,
                        "y2": 557.746058
                    }
                },
                {
                    "category": "car",
                    "id": 21,
                    "attributes": {
                        "occluded": true,
                        "truncated": false,
                        "trafficLightColor": "none"
                    },
                    "box2d": {
                        "x1": 779.846277,
                        "y1": 406.767818,
                        "x2": 890.896386,
                        "y2": 511.579158
                    }
                },
                {
                    "category": "car",
                    "id": 22,
                    "attributes": {
                        "occluded": true,
                        "truncated": false,
                        "trafficLightColor": "none"
                    },
                    "box2d": {
                        "x1": 524.056698,
                        "y1": 431.722899,
                        "x2": 586.4444,
                        "y2": 486.624077
                    }
                },
                {
                    "category": "car",
                    "id": 23,
                    "attributes": {
                        "occluded": true,
                        "truncated": false,
                        "trafficLightColor": "none"
                    },
                    "box2d": {
                        "x1": 602.665202,
                        "y1": 429.227391,
                        "x2": 632.611299,
                        "y2": 491.615093
                    }
                },
                {
                    "category": "car",
                    "id": 24,
                    "attributes": {
                        "occluded": false,
                        "truncated": false,
                        "trafficLightColor": "none"
                    },
                    "box2d": {
                        "x1": 601.417448,
                        "y1": 414.254341,
                        "x2": 813.535636,
                        "y2": 581.453383
                    }
                },
                {
                    "category": "car",
                    "id": 25,
                    "attributes": {
                        "occluded": false,
                        "truncated": false,
                        "trafficLightColor": "none"
                    },
                    "box2d": {
                        "x1": 321.920543,
                        "y1": 386.803753,
                        "x2": 541.525256,
                        "y2": 544.020764
                    }
                },
                {
                    "category": "car",
                    "id": 26,
                    "attributes": {
                        "occluded": false,
                        "truncated": true,
                        "trafficLightColor": "none"
                    },
                    "box2d": {
                        "x1": 1.247754,
                        "y1": 381.812737,
                        "x2": 301.956478,
                        "y2": 598.921941
                    }
                },
                {
                    "category": "area/drivable",
                    "id": 27,
                    "attributes": {},
                    "poly2d": [
                        [
                            459.806359,
                            596.080545,
                            "L"
                        ],
                        [
                            301.051236,
                            720.3888,
                            "L"
                        ],
                        [
                            972.016274,
                            720.3888,
                            "L"
                        ],
                        [
                            818.460933,
                            589.648898,
                            "L"
                        ],
                        [
                            459.806359,
                            596.080545,
                            "L"
                        ]
                    ]
                },
                {
                    "category": "area/alternative",
                    "id": 28,
                    "attributes": {},
                    "poly2d": [
                        [
                            819.251914,
                            575.112889,
                            "L"
                        ],
                        [
                            819.251914,
                            533.177573,
                            "L"
                        ],
                        [
                            924.090199,
                            518.200676,
                            "L"
                        ],
                        [
                            1280.524791,
                            623.038961,
                            "L"
                        ],
                        [
                            1280.524791,
                            720.3888,
                            "L"
                        ],
                        [
                            997.477001,
                            720.3888,
                            "L"
                        ],
                        [
                            819.251914,
                            575.112889,
                            "L"
                        ]
                    ]
                },
                {
                    "category": "area/alternative",
                    "id": 29,
                    "attributes": {},
                    "poly2d": [
                        [
                            0,
                            635.020481,
                            "L"
                        ],
                        [
                            0,
                            720.3888,
                            "L"
                        ],
                        [
                            274.092821,
                            718.89111,
                            "L"
                        ],
                        [
                            469.892444,
                            574.293458,
                            "L"
                        ],
                        [
                            322.48022,
                            545.118122,
                            "L"
                        ],
                        [
                            0,
                            635.020481,
                            "L"
                        ]
                    ]
                },
                {
                    "category": "lane/crosswalk",
                    "id": 30,
                    "attributes": {
                        "direction": "vertical",
                        "style": "dashed"
                    },
                    "poly2d": [
                        [
                            1010.20662,
                            490.493047,
                            "L"
                        ],
                        [
                            941.31294,
                            480.75807,
                            "L"
                        ]
                    ]
                },
                {
                    "category": "lane/crosswalk",
                    "id": 31,
                    "attributes": {
                        "direction": "vertical",
                        "style": "dashed"
                    },
                    "poly2d": [
                        [
                            995.978577,
                            494.986113,
                            "L"
                        ],
                        [
                            882.154236,
                            494.986113,
                            "L"
                        ]
                    ]
                },
                {
                    "category": "lane/crosswalk",
                    "id": 32,
                    "attributes": {
                        "direction": "vertical",
                        "style": "dashed"
                    },
                    "poly2d": [
                        [
                            1031.923106,
                            514.456066,
                            "L"
                        ],
                        [
                            813.260557,
                            513.707221,
                            "L"
                        ]
                    ]
                },
                {
                    "category": "lane/crosswalk",
                    "id": 33,
                    "attributes": {
                        "direction": "vertical",
                        "style": "dashed"
                    },
                    "poly2d": [
                        [
                            605.830673,
                            514.456066,
                            "L"
                        ],
                        [
                            539.93237,
                            513.707221,
                            "L"
                        ]
                    ]
                },
                {
                    "category": "lane/crosswalk",
                    "id": 34,
                    "attributes": {
                        "direction": "vertical",
                        "style": "dashed"
                    },
                    "poly2d": [
                        [
                            600.588762,
                            497.98149,
                            "L"
                        ],
                        [
                            540.681215,
                            496.483801,
                            "L"
                        ]
                    ]
                },
                {
                    "category": "lane/single white",
                    "id": 35,
                    "attributes": {
                        "direction": "vertical",
                        "style": "solid"
                    },
                    "poly2d": [
                        [
                            1031.174261,
                            527.935264,
                            "L"
                        ],
                        [
                            812.511712,
                            527.935264,
                            "L"
                        ]
                    ]
                },
                {
                    "category": "lane/single white",
                    "id": 36,
                    "attributes": {
                        "direction": "vertical",
                        "style": "solid"
                    },
                    "poly2d": [
                        [
                            1037.165016,
                            533.926019,
                            "L"
                        ],
                        [
                            812.511712,
                            532.42833,
                            "L"
                        ]
                    ]
                },
                {
                    "category": "lane/single white",
                    "id": 37,
                    "attributes": {
                        "direction": "vertical",
                        "style": "solid"
                    },
                    "poly2d": [
                        [
                            604.332984,
                            524.939887,
                            "L"
                        ],
                        [
                            509.978597,
                            524.939887,
                            "L"
                        ]
                    ]
                },
                {
                    "category": "lane/single white",
                    "id": 38,
                    "attributes": {
                        "direction": "vertical",
                        "style": "solid"
                    },
                    "poly2d": [
                        [
                            605.830673,
                            531.679486,
                            "L"
                        ],
                        [
                            507.732063,
                            529.432953,
                            "L"
                        ]
                    ]
                },
                {
                    "category": "lane/single white",
                    "id": 39,
                    "attributes": {
                        "direction": "parallel",
                        "style": "solid"
                    },
                    "poly2d": [
                        [
                            244.138854,
                            556.391349,
                            "L"
                        ],
                        [
                            0,
                            629.778095,
                            "L"
                        ]
                    ]
                },
                {
                    "category": "lane/single white",
                    "id": 40,
                    "attributes": {
                        "direction": "parallel",
                        "style": "solid"
                    },
                    "poly2d": [
                        [
                            244.138854,
                            562.382104,
                            "L"
                        ],
                        [
                            0,
                            636.517694,
                            "L"
                        ]
                    ]
                },
                {
                    "category": "lane/single white",
                    "id": 41,
                    "attributes": {
                        "direction": "parallel",
                        "style": "solid"
                    },
                    "poly2d": [
                        [
                            528.699705,
                            530.930641,
                            "L"
                        ],
                        [
                            271.846095,
                            719.639416,
                            "L"
                        ]
                    ]
                },
                {
                    "category": "lane/single white",
                    "id": 42,
                    "attributes": {
                        "direction": "parallel",
                        "style": "solid"
                    },
                    "poly2d": [
                        [
                            538.434682,
                            531.679486,
                            "L"
                        ],
                        [
                            301.799868,
                            719.639416,
                            "L"
                        ]
                    ]
                },
                {
                    "category": "lane/single white",
                    "id": 43,
                    "attributes": {
                        "direction": "parallel",
                        "style": "solid"
                    },
                    "poly2d": [
                        [
                            992.9832,
                            533.926019,
                            "L"
                        ],
                        [
                            1279.774987,
                            615.550052,
                            "L"
                        ]
                    ]
                },
                {
                    "category": "lane/single white",
                    "id": 44,
                    "attributes": {
                        "direction": "parallel",
                        "style": "solid"
                    },
                    "poly2d": [
                        [
                            980.252846,
                            535.423707,
                            "L"
                        ],
                        [
                            1279.774987,
                            622.289651,
                            "L"
                        ]
                    ]
                },
                {
                    "category": "lane/single white",
                    "id": 45,
                    "attributes": {
                        "direction": "parallel",
                        "style": "solid"
                    },
                    "poly2d": [
                        [
                            808.018646,
                            564.628637,
                            "L"
                        ],
                        [
                            993.732044,
                            719.639416,
                            "L"
                        ]
                    ]
                },
                {
                    "category": "lane/single white",
                    "id": 46,
                    "attributes": {
                        "direction": "parallel",
                        "style": "solid"
                    },
                    "poly2d": [
                        [
                            804.274424,
                            573.614769,
                            "L"
                        ],
                        [
                            971.266714,
                            719.639416,
                            "L"
                        ]
                    ]
                }
            ]
        }
    ],
    "attributes": {
        "weather": "overcast",
        "scene": "city street",
        "timeofday": "daytime"
    }
}