{
    "name": "00f8f875-bad0295f",
    "frames": [
        {
            "timestamp": 10000,
            "objects": [
                {
                    "category": "car",
                    "id": 0,
                    "attributes": {
                        "occluded": true,
                        "truncated": false,
                        "trafficLightColor": "none"
                    },
                    "box2d": {
                        "x1": 293.896144,
                        "y1": 276.29299,
                        "x2": 368.900891,
                        "y2": 302.26721
                    }
                },
                {
                    "category": "car",
                    "id": 1,
                    "attributes": {
                        "occluded": true,
                        "truncated": false,
                        "trafficLightColor": "none"
                    },
                    "box2d": {
                        "x1": 564.831653,
                        "y1": 274.379605,
                        "x2": 578.608034,
                        "y2": 286.625275
                    }
                },
                {
                    "category": "car",
                    "id": 2,
                    "attributes": {
                        "occluded": false,
                        "truncated": false,
                        "trafficLightColor": "none"
                    },
                    "box2d": {
                        "x1": 574.015908,
                        "y1": 254.709993,
                        "x2": 600.344123,
                        "y2": 286.854884
                    }
                },
                {
                    "category": "car",
                    "id": 3,
                    "attributes": {
                        "occluded": false,
                        "truncated": false,
                        "trafficLightColor": "none"
                    },
                    "box2d": {
                        "x1": 586.26158,
                        "y1": 247.209518,
                        "x2": 656.674196,
                        "y2": 303.845756
                    }
                },
                {
                    "category": "car",
                    "id": 4,
                    "attributes": {
                        "occluded": false,
                        "truncated": false,
                        "trafficLightColor": "none"
                    },
                    "box2d": {
                        "x1": 442.374925,
                        "y1": 247.209518,
                        "x2": 571.164958,
                        "y2": 358.951281
                    }
                },
                {
                    "category": "person",
                    "id": 5,
                    "attributes": {
                        "occluded": false,
                        "truncated": false,
                        "trafficLightColor": "none"
                    },
                    "box2d": {
                        "x1": 710.249016,
                        "y1": 238.025263,
                        "x2": 731.678941,
                        "y2": 281.956616
                    }
                },
                {
                    "category": "traffic light",
                    "id": 6,
                    "attributes": {
                        "occluded": false,
                        "truncated": false,
                        "trafficLightColor": "none"
                    },
                    "box2d": {
                        "x1": 580.138743,
                        "y1": 153.07091,
                        "x2": 592.384414,
                        "y2": 179.728463
                    }
                },
                {
                    "category": "traffic light",
                    "id": 7,
                    "attributes": {
                        "occluded": false,
                        "truncated": false,
                        "trafficLightColor": "none"
                    },
                    "box2d": {
                        "x1": 486.765489,
                        "y1": 190.573281,
                        "x2": 499.01116,
                        "y2": 213.533916
                    }
                },
                {
                    "category": "traffic light",
                    "id": 8,
                    "attributes": {
                        "occluded": false,
                        "truncated": false,
                        "trafficLightColor": "none"
                    },
                    "box2d": {
                        "x1": 661.776577,
                        "y1": 221.187462,
                        "x2": 669.43012,
                        "y2": 235.729199
                    }
                },
                {
                    "category": "person",
                    "id": 9,
                    "attributes": {
                        "occluded": true,
                        "truncated": false,
                        "trafficLightColor": "none"
                    },
                    "box2d": {
                        "x1": 440.844218,
                        "y1": 262.516607,
                        "x2": 450.028469,
                        "y2": 305.376463
                    }
                },
                {
                    "category": "car",
                    "id": 10,
                    "attributes": {
                        "occluded": true,
                        "truncated": false,
                        "trafficLightColor": "none"
                    },
                    "box2d": {
                        "x1": 969.857286,
                        "y1": 228.68794,
                        "x2": 986.695087,
                        "y2": 250.117871
                    }
                },
                {
                    "category": "traffic sign",
                    "id": 11,
                    "attributes": {
                        "occluded": true,
                        "truncated": false,
                        "trafficLightColor": "none"
                    },
                    "box2d": {
                        "x1": 292.365436,
                        "y1": 235.729199,
                        "x2": 309.203236,
                        "y2": 260.220545
                    }
                },
                {
                    "category": "traffic sign",
                    "id": 12,
                    "attributes": {
                        "occluded": false,
                        "truncated": false,
                        "trafficLightColor": "none"
                    },
                    "box2d": {
                        "x1": 349.001673,
                        "y1": 237.259909,
                        "x2": 359.716634,
                        "y2": 249.50558
                    }
                },
                {
                    "category": "area/drivable",
                    "id": 13,
                    "attributes": {},
                    "poly2d": [
                        [
                            388.694255,
                            368.212241,
                            "L"
                        ],
                        [
                            201.381884,
                            501.524649,
                            "L"
                        ],
                        [
                            267.194337,
                            493.087156,
                            "C"
                        ],
                        [
                            300.944313,
                            501.524649,
                            "C"
                        ],
                        [
                            327.944297,
                            518.399639,
                            "C"
                        ],
                        [
                            805.506467,
                            479.587164,
                            "L"
                        ],
                        [
                            824.068955,
                            466.087174,
                            "L"
                        ],
                        [
                            861.193928,
                            415.462209,
                            "C"
                        ],
                        [
                            1024.881316,
                            410.399713,
                            "C"
                        ],
                        [
                            997.881335,
                            471.149671,
                            "C"
                        ],
                        [
                            1280.811619,
                            457.649679,
                            "L"
                        ],
                        [
                            1280.811619,
                            435.712195,
                            "L"
                        ],
                        [
                            705.944036,
                            302.399787,
                            "L"
                        ],
                        [
                            575.844981,
                            310.691729,
                            "L"
                        ],
                        [
                            578.916069,
                            353.686961,
                            "L"
                        ],
                        [
                            388.694255,
                            368.212241,
                            "L"
                        ]
                    ]
                },
                {
                    "category": "lane/road curb",
                    "id": 14,
                    "attributes": {
                        "direction": "parallel",
                        "style": "solid"
                    },
                    "poly2d": [
                        [
                            444.334132,
                            320.51145,
                            "L"
                        ],
                        [
                            217.762919,
                            501.968448,
                            "L"
                        ]
                    ]
                },
                {
                    "category": "lane/road curb",
                    "id": 15,
                    "attributes": {
                        "direction": "parallel",
                        "style": "solid"
                    },
                    "poly2d": [
                        [
                            654.231272,
                            291.085991,
                            "C"
                        ],
                        [
                            839.60772,
                            325.415693,
                            "C"
                        ],
                        [
                            1071.063914,
                            389.388621,
                            "C"
                        ],
                        [
                            1279.980227,
                            438.213287,
                            "L"
                        ]
                    ]
                }
            ]
        }
    ],
    "attributes": {
        "weather": "clear",
        "scene": "city street",
        "timeofday": "daytime"
    }
}