{
    "name": "00f89335-2ef7949d",
    "frames": [
        {
            "timestamp": 10000,
            "objects": [
                {
                    "category": "car",
                    "id": 0,
                    "attributes": {
                        "occluded": true,
                        "truncated": false,
                        "trafficLightColor": "none"
                    },
                    "box2d": {
                        "x1": 706.4638,
                        "y1": 393.160333,
                        "x2": 715.28235,
                        "y2": 401.978883
                    }
                },
                {
                    "category": "car",
                    "id": 1,
                    "attributes": {
                        "occluded": true,
                        "truncated": false,
                        "trafficLightColor": "none"
                    },
                    "box2d": {
                        "x1": 695.685574,
                        "y1": 391.200655,
                        "x2": 704.504124,
                        "y2": 398.059526
                    }
                },
                {
                    "category": "car",
                    "id": 2,
                    "attributes": {
                        "occluded": true,
                        "truncated": false,
                        "trafficLightColor": "none"
                    },
                    "box2d": {
                        "x1": 693.725896,
                        "y1": 399.039366,
                        "x2": 706.4638,
                        "y2": 407.857916
                    }
                },
                {
                    "category": "car",
                    "id": 3,
                    "attributes": {
                        "occluded": true,
                        "truncated": false,
                        "trafficLightColor": "none"
                    },
                    "box2d": {
                        "x1": 686.867024,
                        "y1": 388.26114,
                        "x2": 693.725896,
                        "y2": 396.099849
                    }
                },
                {
                    "category": "car",
                    "id": 4,
                    "attributes": {
                        "occluded": true,
                        "truncated": false,
                        "trafficLightColor": "none"
                    },
                    "box2d": {
                        "x1": 678.048475,
                        "y1": 389.240978,
                        "x2": 685.887185,
                        "y2": 397.079688
                    }
                },
                {
                    "category": "car",
                    "id": 5,
                    "attributes": {
                        "occluded": true,
                        "truncated": false,
                        "trafficLightColor": "none"
                    },
                    "box2d": {
                        "x1": 681.96783,
                        "y1": 396.099849,
                        "x2": 692.746056,
                        "y2": 403.938561
                    }
                },
                {
                    "category": "car",
                    "id": 6,
                    "attributes": {
                        "occluded": true,
                        "truncated": false,
                        "trafficLightColor": "none"
                    },
                    "box2d": {
                        "x1": 669.229925,
                        "y1": 391.200655,
                        "x2": 677.068636,
                        "y2": 399.039366
                    }
                },
                {
                    "category": "car",
                    "id": 7,
                    "attributes": {
                        "occluded": true,
                        "truncated": false,
                        "trafficLightColor": "none"
                    },
                    "box2d": {
                        "x1": 669.229925,
                        "y1": 400.999044,
                        "x2": 680.987991,
                        "y2": 410.797432
                    }
                },
                {
                    "category": "car",
                    "id": 8,
                    "attributes": {
                        "occluded": true,
                        "truncated": false,
                        "trafficLightColor": "none"
                    },
                    "box2d": {
                        "x1": 652.572664,
                        "y1": 393.160333,
                        "x2": 667.270247,
                        "y2": 400.019204
                    }
                },
                {
                    "category": "car",
                    "id": 9,
                    "attributes": {
                        "occluded": true,
                        "truncated": false,
                        "trafficLightColor": "none"
                    },
                    "box2d": {
                        "x1": 662.371052,
                        "y1": 399.039366,
                        "x2": 671.189602,
                        "y2": 408.837754
                    }
                },
                {
                    "category": "car",
                    "id": 10,
                    "attributes": {
                        "occluded": true,
                        "truncated": false,
                        "trafficLightColor": "none"
                    },
                    "box2d": {
                        "x1": 647.673471,
                        "y1": 398.059528,
                        "x2": 653.552504,
                        "y2": 408.837754
                    }
                },
                {
                    "category": "car",
                    "id": 11,
                    "attributes": {
                        "occluded": true,
                        "truncated": false,
                        "trafficLightColor": "none"
                    },
                    "box2d": {
                        "x1": 634.935567,
                        "y1": 396.099849,
                        "x2": 649.633149,
                        "y2": 408.837754
                    }
                },
                {
                    "category": "car",
                    "id": 12,
                    "attributes": {
                        "occluded": true,
                        "truncated": false,
                        "trafficLightColor": "none"
                    },
                    "box2d": {
                        "x1": 650.612988,
                        "y1": 400.019204,
                        "x2": 665.31057,
                        "y2": 414.716787
                    }
                },
                {
                    "category": "car",
                    "id": 13,
                    "attributes": {
                        "occluded": false,
                        "truncated": false,
                        "trafficLightColor": "none"
                    },
                    "box2d": {
                        "x1": 638.854922,
                        "y1": 401.978883,
                        "x2": 655.512181,
                        "y2": 419.615982
                    }
                },
                {
                    "category": "car",
                    "id": 14,
                    "attributes": {
                        "occluded": false,
                        "truncated": false,
                        "trafficLightColor": "none"
                    },
                    "box2d": {
                        "x1": 94.083666,
                        "y1": 431.148225,
                        "x2": 391.954673,
                        "y2": 555.587757
                    }
                },
                {
                    "category": "car",
                    "id": 15,
                    "attributes": {
                        "occluded": false,
                        "truncated": false,
                        "trafficLightColor": "none"
                    },
                    "box2d": {
                        "x1": 928.906354,
                        "y1": 389.994995,
                        "x2": 1118.263341,
                        "y2": 511.667942
                    }
                },
                {
                    "category": "car",
                    "id": 16,
                    "attributes": {
                        "occluded": false,
                        "truncated": false,
                        "trafficLightColor": "none"
                    },
                    "box2d": {
                        "x1": 542.118105,
                        "y1": 412.70422,
                        "x2": 594.049563,
                        "y2": 447.978418
                    }
                },
                {
                    "category": "car",
                    "id": 17,
                    "attributes": {
                        "occluded": true,
                        "truncated": false,
                        "trafficLightColor": "none"
                    },
                    "box2d": {
                        "x1": 66.648178,
                        "y1": 448.785324,
                        "x2": 177.369966,
                        "y2": 525.212754
                    }
                },
                {
                    "category": "car",
                    "id": 18,
                    "attributes": {
                        "occluded": true,
                        "truncated": false,
                        "trafficLightColor": "none"
                    },
                    "box2d": {
                        "x1": 344.250046,
                        "y1": 431.455711,
                        "x2": 387.055478,
                        "y2": 456.931521
                    }
                },
                {
                    "category": "car",
                    "id": 19,
                    "attributes": {
                        "occluded": true,
                        "truncated": false,
                        "trafficLightColor": "none"
                    },
                    "box2d": {
                        "x1": 609.459756,
                        "y1": 393.895212,
                        "x2": 633.955727,
                        "y2": 423.290378
                    }
                },
                {
                    "category": "car",
                    "id": 20,
                    "attributes": {
                        "occluded": true,
                        "truncated": false,
                        "trafficLightColor": "none"
                    },
                    "box2d": {
                        "x1": 885.121092,
                        "y1": 407.939578,
                        "x2": 957.629166,
                        "y2": 489.266202
                    }
                },
                {
                    "category": "car",
                    "id": 21,
                    "attributes": {
                        "occluded": true,
                        "truncated": false,
                        "trafficLightColor": "none"
                    },
                    "box2d": {
                        "x1": 841.028344,
                        "y1": 401.080707,
                        "x2": 927.254162,
                        "y2": 470.649264
                    }
                },
                {
                    "category": "car",
                    "id": 22,
                    "attributes": {
                        "occluded": true,
                        "truncated": false,
                        "trafficLightColor": "none"
                    },
                    "box2d": {
                        "x1": 810.65334,
                        "y1": 405.000062,
                        "x2": 866.504155,
                        "y2": 461.830714
                    }
                },
                {
                    "category": "car",
                    "id": 23,
                    "attributes": {
                        "occluded": true,
                        "truncated": false,
                        "trafficLightColor": "none"
                    },
                    "box2d": {
                        "x1": 766.560593,
                        "y1": 393.241996,
                        "x2": 828.290438,
                        "y2": 448.11297
                    }
                },
                {
                    "category": "car",
                    "id": 24,
                    "attributes": {
                        "occluded": false,
                        "truncated": false,
                        "trafficLightColor": "none"
                    },
                    "box2d": {
                        "x1": 735.20575,
                        "y1": 389.322641,
                        "x2": 768.520271,
                        "y2": 429.496033
                    }
                },
                {
                    "category": "car",
                    "id": 25,
                    "attributes": {
                        "occluded": true,
                        "truncated": false,
                        "trafficLightColor": "none"
                    },
                    "box2d": {
                        "x1": 590.98282,
                        "y1": 404.533467,
                        "x2": 617.438468,
                        "y2": 426.089921
                    }
                },
                {
                    "category": "car",
                    "id": 26,
                    "attributes": {
                        "occluded": true,
                        "truncated": false,
                        "trafficLightColor": "none"
                    },
                    "box2d": {
                        "x1": 726.200579,
                        "y1": 395.714917,
                        "x2": 738.938484,
                        "y2": 403.553628
                    }
                },
                {
                    "category": "car",
                    "id": 27,
                    "attributes": {
                        "occluded": true,
                        "truncated": false,
                        "trafficLightColor": "none"
                    },
                    "box2d": {
                        "x1": 722.281225,
                        "y1": 391.795562,
                        "x2": 733.059451,
                        "y2": 401.59395
                    }
                },
                {
                    "category": "traffic sign",
                    "id": 28,
                    "attributes": {
                        "occluded": false,
                        "truncated": false,
                        "trafficLightColor": "none"
                    },
                    "box2d": {
                        "x1": 553.282327,
                        "y1": 339.444171,
                        "x2": 582.024269,
                        "y2": 360.020786
                    }
                },
                {
                    "category": "traffic sign",
                    "id": 29,
                    "attributes": {
                        "occluded": false,
                        "truncated": false,
                        "trafficLightColor": "none"
                    },
                    "box2d": {
                        "x1": 749.772689,
                        "y1": 350.194393,
                        "x2": 758.591239,
                        "y2": 363.912138
                    }
                },
                {
                    "category": "traffic sign",
                    "id": 30,
                    "attributes": {
                        "occluded": false,
                        "truncated": false,
                        "trafficLightColor": "none"
                    },
                    "box2d": {
                        "x1": 766.42995,
                        "y1": 384.488753,
                        "x2": 774.26866,
                        "y2": 392.327465
                    }
                },
                {
                    "category": "traffic sign",
                    "id": 31,
                    "attributes": {
                        "occluded": false,
                        "truncated": false,
                        "trafficLightColor": "none"
                    },
                    "box2d": {
                        "x1": 544.986373,
                        "y1": 372.730687,
                        "x2": 555.7646,
                        "y2": 376.650043
                    }
                },
                {
                    "category": "traffic sign",
                    "id": 32,
                    "attributes": {
                        "occluded": false,
                        "truncated": false,
                        "trafficLightColor": "none"
                    },
                    "box2d": {
                        "x1": 500.893625,
                        "y1": 367.831493,
                        "x2": 512.651691,
                        "y2": 375.670204
                    }
                },
                {
                    "category": "traffic light",
                    "id": 33,
                    "attributes": {
                        "occluded": false,
                        "truncated": false,
                        "trafficLightColor": "green"
                    },
                    "box2d": {
                        "x1": 725.864598,
                        "y1": 366.459725,
                        "x2": 732.919449,
                        "y2": 377.237952
                    }
                },
                {
                    "category": "traffic light",
                    "id": 34,
                    "attributes": {
                        "occluded": false,
                        "truncated": false,
                        "trafficLightColor": "green"
                    },
                    "box2d": {
                        "x1": 582.024269,
                        "y1": 367.439564,
                        "x2": 586.923464,
                        "y2": 378.21779
                    }
                },
                {
                    "category": "traffic sign",
                    "id": 35,
                    "attributes": {
                        "occluded": false,
                        "truncated": false,
                        "trafficLightColor": "none"
                    },
                    "box2d": {
                        "x1": 750.360569,
                        "y1": 367.439564,
                        "x2": 759.179119,
                        "y2": 377.237952
                    }
                },
                {
                    "category": "traffic sign",
                    "id": 36,
                    "attributes": {
                        "occluded": false,
                        "truncated": false,
                        "trafficLightColor": "none"
                    },
                    "box2d": {
                        "x1": 1205.593728,
                        "y1": 222.423417,
                        "x2": 1257.525186,
                        "y2": 310.608911
                    }
                },
                {
                    "category": "car",
                    "id": 37,
                    "attributes": {
                        "occluded": true,
                        "truncated": false,
                        "trafficLightColor": "none"
                    },
                    "box2d": {
                        "x1": 444.193617,
                        "y1": 417.411345,
                        "x2": 488.286363,
                        "y2": 447.786348
                    }
                },
                {
                    "category": "person",
                    "id": 38,
                    "attributes": {
                        "occluded": false,
                        "truncated": false,
                        "trafficLightColor": "none"
                    },
                    "box2d": {
                        "x1": 513.855479,
                        "y1": 424.970102,
                        "x2": 517.774835,
                        "y2": 439.667685
                    }
                },
                {
                    "category": "person",
                    "id": 39,
                    "attributes": {
                        "occluded": false,
                        "truncated": false,
                        "trafficLightColor": "none"
                    },
                    "box2d": {
                        "x1": 519.734512,
                        "y1": 423.010424,
                        "x2": 525.613545,
                        "y2": 441.627362
                    }
                },
                {
                    "category": "person",
                    "id": 40,
                    "attributes": {
                        "occluded": true,
                        "truncated": false,
                        "trafficLightColor": "none"
                    },
                    "box2d": {
                        "x1": 529.766195,
                        "y1": 418.064575,
                        "x2": 535.645228,
                        "y2": 442.560545
                    }
                },
                {
                    "category": "person",
                    "id": 41,
                    "attributes": {
                        "occluded": true,
                        "truncated": false,
                        "trafficLightColor": "none"
                    },
                    "box2d": {
                        "x1": 532.705711,
                        "y1": 420.024253,
                        "x2": 539.564583,
                        "y2": 442.560545
                    }
                },
                {
                    "category": "person",
                    "id": 42,
                    "attributes": {
                        "occluded": false,
                        "truncated": false,
                        "trafficLightColor": "none"
                    },
                    "box2d": {
                        "x1": 603.720703,
                        "y1": 418.811116,
                        "x2": 613.519093,
                        "y2": 440.36757
                    }
                },
                {
                    "category": "person",
                    "id": 43,
                    "attributes": {
                        "occluded": false,
                        "truncated": false,
                        "trafficLightColor": "none"
                    },
                    "box2d": {
                        "x1": 722.31938,
                        "y1": 408.032889,
                        "x2": 736.978786,
                        "y2": 433.458989
                    }
                },
                {
                    "category": "car",
                    "id": 44,
                    "attributes": {
                        "occluded": false,
                        "truncated": false,
                        "trafficLightColor": "none"
                    },
                    "box2d": {
                        "x1": 670.387922,
                        "y1": 409.012728,
                        "x2": 695.863733,
                        "y2": 428.381641
                    }
                },
                {
                    "category": "truck",
                    "id": 45,
                    "attributes": {
                        "occluded": false,
                        "truncated": true,
                        "trafficLightColor": "none"
                    },
                    "box2d": {
                        "x1": 1.157997,
                        "y1": 31.546913,
                        "x2": 69.746716,
                        "y2": 649.825218
                    }
                },
                {
                    "category": "traffic sign",
                    "id": 46,
                    "attributes": {
                        "occluded": false,
                        "truncated": false,
                        "trafficLightColor": "none"
                    },
                    "box2d": {
                        "x1": 1028.0959,
                        "y1": 316.977863,
                        "x2": 1040.833804,
                        "y2": 353.2319
                    }
                },
                {
                    "category": "traffic light",
                    "id": 47,
                    "attributes": {
                        "occluded": false,
                        "truncated": false,
                        "trafficLightColor": "none"
                    },
                    "box2d": {
                        "x1": 586.335568,
                        "y1": 367.243599,
                        "x2": 592.214602,
                        "y2": 378.021826
                    }
                },
                {
                    "category": "area/alternative",
                    "id": 48,
                    "attributes": {},
                    "poly2d": [
                        [
                            660.381567,
                            431.999703,
                            "L"
                        ],
                        [
                            34.319497,
                            705.374515,
                            "L"
                        ],
                        [
                            236.819358,
                            671.624538,
                            "C"
                        ],
                        [
                            398.819247,
                            668.249541,
                            "C"
                        ],
                        [
                            570.944129,
                            685.12453,
                            "C"
                        ],
                        [
                            692.444044,
                            435.374701,
                            "L"
                        ],
                        [
                            660.381567,
                            431.999703,
                            "L"
                        ]
                    ]
                },
                {
                    "category": "area/drivable",
                    "id": 49,
                    "attributes": {},
                    "poly2d": [
                        [
                            699.194039,
                            443.812196,
                            "L"
                        ],
                        [
                            591.194116,
                            685.12453,
                            "L"
                        ],
                        [
                            751.506505,
                            691.874525,
                            "C"
                        ],
                        [
                            905.068898,
                            701.999517,
                            "C"
                        ],
                        [
                            1026.568815,
                            720.562005,
                            "C"
                        ],
                        [
                            1280.811619,
                            718.874506,
                            "L"
                        ],
                        [
                            753.194003,
                            443.812196,
                            "L"
                        ],
                        [
                            699.194039,
                            443.812196,
                            "L"
                        ]
                    ]
                },
                {
                    "category": "area/alternative",
                    "id": 50,
                    "attributes": {},
                    "poly2d": [
                        [
                            935.443879,
                            528.187137,
                            "L"
                        ],
                        [
                            1280.811619,
                            707.062015,
                            "L"
                        ],
                        [
                            1280.811619,
                            561.937114,
                            "L"
                        ],
                        [
                            1143.006235,
                            526.499638,
                            "L"
                        ],
                        [
                            935.443879,
                            528.187137,
                            "L"
                        ]
                    ]
                },
                {
                    "category": "lane/road curb",
                    "id": 51,
                    "attributes": {
                        "direction": "parallel",
                        "style": "solid"
                    },
                    "poly2d": [
                        [
                            1118.789876,
                            518.200675,
                            "L"
                        ],
                        [
                            1280.524791,
                            557.140611,
                            "L"
                        ]
                    ]
                },
                {
                    "category": "lane/road curb",
                    "id": 52,
                    "attributes": {
                        "direction": "parallel",
                        "style": "solid"
                    },
                    "poly2d": [
                        [
                            390.912626,
                            473.269981,
                            "L"
                        ],
                        [
                            542.179297,
                            447.809255,
                            "L"
                        ]
                    ]
                },
                {
                    "category": "lane/single white",
                    "id": 53,
                    "attributes": {
                        "direction": "vertical",
                        "style": "solid"
                    },
                    "poly2d": [
                        [
                            375.935727,
                            516.702986,
                            "L"
                        ],
                        [
                            452.31791,
                            509.214536,
                            "L"
                        ]
                    ]
                },
                {
                    "category": "lane/single white",
                    "id": 54,
                    "attributes": {
                        "direction": "parallel",
                        "style": "dashed"
                    },
                    "poly2d": [
                        [
                            745.865112,
                            435.827737,
                            "L"
                        ],
                        [
                            919.59713,
                            525.689125,
                            "L"
                        ]
                    ]
                },
                {
                    "category": "lane/single white",
                    "id": 55,
                    "attributes": {
                        "direction": "parallel",
                        "style": "dashed"
                    },
                    "poly2d": [
                        [
                            705.427487,
                            428.339287,
                            "L"
                        ],
                        [
                            657.831464,
                            520.622952,
                            "L"
                        ]
                    ]
                },
                {
                    "category": "lane/double yellow",
                    "id": 56,
                    "attributes": {
                        "direction": "parallel",
                        "style": "solid"
                    },
                    "poly2d": [
                        [
                            396.903386,
                            531.679884,
                            "L"
                        ],
                        [
                            647.017584,
                            432.832356,
                            "L"
                        ]
                    ]
                },
                {
                    "category": "lane/double yellow",
                    "id": 57,
                    "attributes": {
                        "direction": "parallel",
                        "style": "solid"
                    },
                    "poly2d": [
                        [
                            434.345631,
                            531.679884,
                            "L"
                        ],
                        [
                            651.510654,
                            440.320805,
                            "L"
                        ]
                    ]
                },
                {
                    "category": "lane/crosswalk",
                    "id": 58,
                    "attributes": {
                        "direction": "vertical",
                        "style": "dashed"
                    },
                    "poly2d": [
                        [
                            241.143644,
                            546.656783,
                            "C"
                        ],
                        [
                            579.621543,
                            524.191435,
                            "C"
                        ],
                        [
                            867.177986,
                            521.196056,
                            "C"
                        ],
                        [
                            1172.706708,
                            536.172953,
                            "L"
                        ]
                    ]
                },
                {
                    "category": "lane/crosswalk",
                    "id": 59,
                    "attributes": {
                        "direction": "vertical",
                        "style": "dashed"
                    },
                    "poly2d": [
                        [
                            46.44397,
                            606.564375,
                            "C"
                        ],
                        [
                            467.294807,
                            578.108268,
                            "C"
                        ],
                        [
                            963.030135,
                            572.117509,
                            "C"
                        ],
                        [
                            1280.524791,
                            596.080547,
                            "L"
                        ]
                    ]
                },
                {
                    "category": "lane/crosswalk",
                    "id": 60,
                    "attributes": {
                        "direction": "vertical",
                        "style": "dashed"
                    },
                    "poly2d": [
                        [
                            41.9509,
                            599.075925,
                            "C"
                        ],
                        [
                            480.774015,
                            572.117509,
                            "C"
                        ],
                        [
                            924.0902,
                            554.145231,
                            "C"
                        ],
                        [
                            1280.524791,
                            590.089787,
                            "L"
                        ]
                    ]
                }
            ]
        }
    ],
    "attributes": {
        "weather": "clear",
        "scene": "city street",
        "timeofday": "dawn/dusk"
    }
}