{
    "name": "00fba75b-5d18da26",
    "frames": [
        {
            "timestamp": 10000,
            "objects": [
                {
                    "category": "truck",
                    "id": 0,
                    "attributes": {
                        "occluded": false,
                        "truncated": true,
                        "trafficLightColor": "none"
                    },
                    "box2d": {
                        "x1": 1.247753,
                        "y1": 84.847275,
                        "x2": 303.204231,
                        "y2": 616.390498
                    }
                },
                {
                    "category": "car",
                    "id": 1,
                    "attributes": {
                        "occluded": true,
                        "truncated": false,
                        "trafficLightColor": "none"
                    },
                    "box2d": {
                        "x1": 292.783839,
                        "y1": 370.582949,
                        "x2": 331.902574,
                        "y2": 395.042912
                    }
                },
                {
                    "category": "car",
                    "id": 2,
                    "attributes": {
                        "occluded": true,
                        "truncated": false,
                        "trafficLightColor": "none"
                    },
                    "box2d": {
                        "x1": 321.920541,
                        "y1": 369.335198,
                        "x2": 350.618884,
                        "y2": 391.794771
                    }
                },
                {
                    "category": "car",
                    "id": 3,
                    "attributes": {
                        "occluded": false,
                        "truncated": false,
                        "trafficLightColor": "none"
                    },
                    "box2d": {
                        "x1": 364.34418,
                        "y1": 369.335198,
                        "x2": 388.051506,
                        "y2": 386.803755
                    }
                },
                {
                    "category": "car",
                    "id": 4,
                    "attributes": {
                        "occluded": true,
                        "truncated": false,
                        "trafficLightColor": "none"
                    },
                    "box2d": {
                        "x1": 400.529049,
                        "y1": 366.83969,
                        "x2": 408.015573,
                        "y2": 381.812737
                    }
                },
                {
                    "category": "car",
                    "id": 5,
                    "attributes": {
                        "occluded": true,
                        "truncated": false,
                        "trafficLightColor": "none"
                    },
                    "box2d": {
                        "x1": 406.767818,
                        "y1": 364.34418,
                        "x2": 435.466161,
                        "y2": 391.794769
                    }
                },
                {
                    "category": "car",
                    "id": 6,
                    "attributes": {
                        "occluded": true,
                        "truncated": false,
                        "trafficLightColor": "none"
                    },
                    "box2d": {
                        "x1": 486.624077,
                        "y1": 360.600918,
                        "x2": 506.58814,
                        "y2": 391.794769
                    }
                },
                {
                    "category": "car",
                    "id": 7,
                    "attributes": {
                        "occluded": false,
                        "truncated": false,
                        "trafficLightColor": "none"
                    },
                    "box2d": {
                        "x1": 435.466162,
                        "y1": 360.600918,
                        "x2": 496.606109,
                        "y2": 408.015573
                    }
                },
                {
                    "category": "car",
                    "id": 8,
                    "attributes": {
                        "occluded": false,
                        "truncated": false,
                        "trafficLightColor": "none"
                    },
                    "box2d": {
                        "x1": 496.606109,
                        "y1": 319.425035,
                        "x2": 666.300659,
                        "y2": 470.403273
                    }
                },
                {
                    "category": "area/drivable",
                    "id": 9,
                    "attributes": {},
                    "poly2d": [
                        [
                            423.826124,
                            499.051803,
                            "L"
                        ],
                        [
                            757.039174,
                            468.340921,
                            "L"
                        ],
                        [
                            978.15751,
                            614.217603,
                            "L"
                        ],
                        [
                            824.603109,
                            612.682057,
                            "C"
                        ],
                        [
                            443.788195,
                            643.392937,
                            "C"
                        ],
                        [
                            179.674626,
                            690.994801,
                            "C"
                        ],
                        [
                            423.826124,
                            499.051803,
                            "L"
                        ]
                    ]
                },
                {
                    "category": "area/alternative",
                    "id": 10,
                    "attributes": {},
                    "poly2d": [
                        [
                            406.93514,
                            406.919161,
                            "L"
                        ],
                        [
                            310.195868,
                            433.023409,
                            "L"
                        ],
                        [
                            324.015764,
                            558.938019,
                            "L"
                        ],
                        [
                            489.854515,
                            429.952321,
                            "L"
                        ],
                        [
                            406.93514,
                            406.919161,
                            "L"
                        ]
                    ]
                },
                {
                    "category": "area/alternative",
                    "id": 11,
                    "attributes": {},
                    "poly2d": [
                        [
                            686.193352,
                            395.237071,
                            "L"
                        ],
                        [
                            1266.818496,
                            606.373487,
                            "L"
                        ],
                        [
                            1014.484731,
                            611.523156,
                            "L"
                        ],
                        [
                            674.606597,
                            409.39866,
                            "L"
                        ],
                        [
                            686.193352,
                            395.237071,
                            "L"
                        ]
                    ]
                },
                {
                    "category": "lane/road curb",
                    "id": 12,
                    "attributes": {
                        "direction": "parallel",
                        "style": "solid"
                    },
                    "poly2d": [
                        [
                            677.303055,
                            392.596019,
                            "L"
                        ],
                        [
                            1263.699653,
                            604.378095,
                            "L"
                        ]
                    ]
                },
                {
                    "category": "lane/single white",
                    "id": 13,
                    "attributes": {
                        "direction": "parallel",
                        "style": "solid"
                    },
                    "poly2d": [
                        [
                            665.31539,
                            411.576488,
                            "L"
                        ],
                        [
                            983.987477,
                            616.36576,
                            "L"
                        ]
                    ]
                },
                {
                    "category": "lane/single white",
                    "id": 14,
                    "attributes": {
                        "direction": "parallel",
                        "style": "solid"
                    },
                    "poly2d": [
                        [
                            666.314363,
                            406.581628,
                            "L"
                        ],
                        [
                            1015.954583,
                            611.370899,
                            "L"
                        ]
                    ]
                },
                {
                    "category": "lane/single white",
                    "id": 15,
                    "attributes": {
                        "direction": "parallel",
                        "style": "dashed"
                    },
                    "poly2d": [
                        [
                            493.492197,
                            434.552845,
                            "L"
                        ],
                        [
                            181.812915,
                            693.286608,
                            "L"
                        ]
                    ]
                },
                {
                    "category": "lane/single white",
                    "id": 16,
                    "attributes": {
                        "direction": "parallel",
                        "style": "dashed"
                    },
                    "poly2d": [
                        [
                            491.494252,
                            427.560041,
                            "L"
                        ],
                        [
                            147.847865,
                            694.28558,
                            "L"
                        ]
                    ]
                },
                {
                    "category": "lane/single white",
                    "id": 17,
                    "attributes": {
                        "direction": "parallel",
                        "style": "dashed"
                    },
                    "poly2d": [
                        [
                            417.57032,
                            400.587795,
                            "L"
                        ],
                        [
                            302.688533,
                            432.554901,
                            "L"
                        ]
                    ]
                }
            ]
        }
    ],
    "attributes": {
        "weather": "clear",
        "scene": "highway",
        "timeofday": "daytime"
    }
}