{
    "name": "00fc910e-bce87172",
    "frames": [
        {
            "timestamp": 10000,
            "objects": [
                {
                    "category": "traffic light",
                    "id": 0,
                    "attributes": {
                        "occluded": false,
                        "truncated": false,
                        "trafficLightColor": "green"
                    },
                    "box2d": {
                        "x1": 737.696831,
                        "y1": 63.947369,
                        "x2": 758.159988,
                        "y2": 138.126316
                    }
                },
                {
                    "category": "traffic light",
                    "id": 1,
                    "attributes": {
                        "occluded": true,
                        "truncated": false,
                        "trafficLightColor": "none"
                    },
                    "box2d": {
                        "x1": 746.649463,
                        "y1": 80.573685,
                        "x2": 769.670516,
                        "y2": 149.636842
                    }
                },
                {
                    "category": "traffic sign",
                    "id": 2,
                    "attributes": {
                        "occluded": false,
                        "truncated": false,
                        "trafficLightColor": "none"
                    },
                    "box2d": {
                        "x1": 108.454722,
                        "y1": 324.852632,
                        "x2": 125.081037,
                        "y2": 347.873686
                    }
                },
                {
                    "category": "traffic sign",
                    "id": 3,
                    "attributes": {
                        "occluded": false,
                        "truncated": false,
                        "trafficLightColor": "none"
                    },
                    "box2d": {
                        "x1": 346.338934,
                        "y1": 360.66316,
                        "x2": 384.707356,
                        "y2": 372.173686
                    }
                },
                {
                    "category": "person",
                    "id": 4,
                    "attributes": {
                        "occluded": false,
                        "truncated": false,
                        "trafficLightColor": "none"
                    },
                    "box2d": {
                        "x1": 932.09683,
                        "y1": 406.705265,
                        "x2": 961.51262,
                        "y2": 457.863159
                    }
                },
                {
                    "category": "car",
                    "id": 5,
                    "attributes": {
                        "occluded": true,
                        "truncated": false,
                        "trafficLightColor": "none"
                    },
                    "box2d": {
                        "x1": 486.231692,
                        "y1": 414.37895,
                        "x2": 504.928408,
                        "y2": 428.447371
                    }
                },
                {
                    "category": "car",
                    "id": 6,
                    "attributes": {
                        "occluded": false,
                        "truncated": false,
                        "trafficLightColor": "none"
                    },
                    "box2d": {
                        "x1": 472.954724,
                        "y1": 415.657897,
                        "x2": 487.023146,
                        "y2": 429.726318
                    }
                },
                {
                    "category": "truck",
                    "id": 7,
                    "attributes": {
                        "occluded": true,
                        "truncated": false,
                        "trafficLightColor": "none"
                    },
                    "box2d": {
                        "x1": 538.181038,
                        "y1": 365.778949,
                        "x2": 604.686302,
                        "y2": 442.515792
                    }
                },
                {
                    "category": "car",
                    "id": 8,
                    "attributes": {
                        "occluded": true,
                        "truncated": false,
                        "trafficLightColor": "none"
                    },
                    "box2d": {
                        "x1": 655.844198,
                        "y1": 411.821054,
                        "x2": 676.307356,
                        "y2": 438.67895
                    }
                },
                {
                    "category": "car",
                    "id": 9,
                    "attributes": {
                        "occluded": true,
                        "truncated": false,
                        "trafficLightColor": "none"
                    },
                    "box2d": {
                        "x1": 668.633673,
                        "y1": 415.657897,
                        "x2": 704.4442,
                        "y2": 454.026317
                    }
                },
                {
                    "category": "car",
                    "id": 10,
                    "attributes": {
                        "occluded": true,
                        "truncated": false,
                        "trafficLightColor": "none"
                    },
                    "box2d": {
                        "x1": 842.570516,
                        "y1": 402.868422,
                        "x2": 941.049464,
                        "y2": 509.021055
                    }
                },
                {
                    "category": "car",
                    "id": 11,
                    "attributes": {
                        "occluded": true,
                        "truncated": false,
                        "trafficLightColor": "none"
                    },
                    "box2d": {
                        "x1": 397.496828,
                        "y1": 406.705265,
                        "x2": 446.096829,
                        "y2": 452.747371
                    }
                },
                {
                    "category": "car",
                    "id": 12,
                    "attributes": {
                        "occluded": true,
                        "truncated": false,
                        "trafficLightColor": "none"
                    },
                    "box2d": {
                        "x1": 375.754724,
                        "y1": 411.821054,
                        "x2": 415.402092,
                        "y2": 473.210529
                    }
                },
                {
                    "category": "bus",
                    "id": 13,
                    "attributes": {
                        "occluded": true,
                        "truncated": false,
                        "trafficLightColor": "none"
                    },
                    "box2d": {
                        "x1": 302.854723,
                        "y1": 379.847371,
                        "x2": 373.196828,
                        "y2": 425.889477
                    }
                },
                {
                    "category": "car",
                    "id": 14,
                    "attributes": {
                        "occluded": false,
                        "truncated": false,
                        "trafficLightColor": "none"
                    },
                    "box2d": {
                        "x1": 286.228406,
                        "y1": 416.936844,
                        "x2": 410.286301,
                        "y2": 503.905266
                    }
                },
                {
                    "category": "car",
                    "id": 15,
                    "attributes": {
                        "occluded": false,
                        "truncated": false,
                        "trafficLightColor": "none"
                    },
                    "box2d": {
                        "x1": 581.665251,
                        "y1": 409.26316,
                        "x2": 672.470513,
                        "y2": 470.652635
                    }
                },
                {
                    "category": "truck",
                    "id": 16,
                    "attributes": {
                        "occluded": false,
                        "truncated": false,
                        "trafficLightColor": "none"
                    },
                    "box2d": {
                        "x1": 680.144198,
                        "y1": 381.126318,
                        "x2": 891.170515,
                        "y2": 530.763161
                    }
                },
                {
                    "category": "bus",
                    "id": 17,
                    "attributes": {
                        "occluded": false,
                        "truncated": true,
                        "trafficLightColor": "none"
                    },
                    "box2d": {
                        "x1": 0,
                        "y1": 363.221056,
                        "x2": 197.981039,
                        "y2": 502.626319
                    }
                },
                {
                    "category": "person",
                    "id": 18,
                    "attributes": {
                        "occluded": false,
                        "truncated": false,
                        "trafficLightColor": "none"
                    },
                    "box2d": {
                        "x1": 272.159987,
                        "y1": 415.657897,
                        "x2": 288.786302,
                        "y2": 450.189476
                    }
                },
                {
                    "category": "person",
                    "id": 19,
                    "attributes": {
                        "occluded": true,
                        "truncated": false,
                        "trafficLightColor": "none"
                    },
                    "box2d": {
                        "x1": 290.065249,
                        "y1": 422.052635,
                        "x2": 302.854723,
                        "y2": 446.352635
                    }
                },
                {
                    "category": "traffic sign",
                    "id": 20,
                    "attributes": {
                        "occluded": false,
                        "truncated": false,
                        "trafficLightColor": "none"
                    },
                    "box2d": {
                        "x1": 1125.217885,
                        "y1": 341.478948,
                        "x2": 1159.749465,
                        "y2": 372.173684
                    }
                },
                {
                    "category": "area/drivable",
                    "id": 21,
                    "attributes": {},
                    "poly2d": [
                        [
                            489.854516,
                            434.558953,
                            "L"
                        ],
                        [
                            526.707573,
                            434.558953,
                            "L"
                        ],
                        [
                            815.389845,
                            703.279154,
                            "L"
                        ],
                        [
                            618.840213,
                            700.208065,
                            "C"
                        ],
                        [
                            437.64602,
                            706.350242,
                            "C"
                        ],
                        [
                            222.669861,
                            717.09905,
                            "C"
                        ],
                        [
                            489.854516,
                            434.558953,
                            "L"
                        ]
                    ]
                },
                {
                    "category": "area/alternative",
                    "id": 22,
                    "attributes": {},
                    "poly2d": [
                        [
                            667.977622,
                            546.653666,
                            "L"
                        ],
                        [
                            882.953782,
                            537.440402,
                            "L"
                        ],
                        [
                            1280.6437,
                            663.35501,
                            "L"
                        ],
                        [
                            1280.6437,
                            720.170138,
                            "L"
                        ],
                        [
                            1027.294918,
                            720.170138,
                            "L"
                        ],
                        [
                            976.621965,
                            709.42133,
                            "C"
                        ],
                        [
                            912.129118,
                            700.208065,
                            "C"
                        ],
                        [
                            830.745285,
                            700.208065,
                            "C"
                        ],
                        [
                            667.977622,
                            546.653666,
                            "L"
                        ]
                    ]
                },
                {
                    "category": "area/alternative",
                    "id": 23,
                    "attributes": {},
                    "poly2d": [
                        [
                            886.02487,
                            528.227137,
                            "L"
                        ],
                        [
                            975.086422,
                            515.942785,
                            "L"
                        ],
                        [
                            1280.6437,
                            585.042266,
                            "L"
                        ],
                        [
                            1280.6437,
                            654.141746,
                            "L"
                        ],
                        [
                            886.02487,
                            528.227137,
                            "L"
                        ]
                    ]
                },
                {
                    "category": "lane/road curb",
                    "id": 24,
                    "attributes": {
                        "direction": "parallel",
                        "style": "solid"
                    },
                    "poly2d": [
                        [
                            933.581264,
                            499.446767,
                            "L"
                        ],
                        [
                            1280.632735,
                            577.565363,
                            "L"
                        ]
                    ]
                },
                {
                    "category": "lane/double yellow",
                    "id": 25,
                    "attributes": {
                        "direction": "parallel",
                        "style": "solid"
                    },
                    "poly2d": [
                        [
                            277.897303,
                            658.245226,
                            "L"
                        ],
                        [
                            221.549463,
                            719.715597,
                            "L"
                        ]
                    ]
                },
                {
                    "category": "lane/double yellow",
                    "id": 26,
                    "attributes": {
                        "direction": "parallel",
                        "style": "solid"
                    },
                    "poly2d": [
                        [
                            213.865667,
                            658.245226,
                            "L"
                        ],
                        [
                            144.711499,
                            719.715597,
                            "L"
                        ]
                    ]
                },
                {
                    "category": "lane/crosswalk",
                    "id": 27,
                    "attributes": {
                        "direction": "vertical",
                        "style": "dashed"
                    },
                    "poly2d": [
                        [
                            1.280633,
                            658.245226,
                            "C"
                        ],
                        [
                            452.063355,
                            637.755102,
                            "C"
                        ],
                        [
                            858.023932,
                            637.755102,
                            "C"
                        ],
                        [
                            1280.632735,
                            641.597,
                            "L"
                        ]
                    ]
                },
                {
                    "category": "lane/crosswalk",
                    "id": 28,
                    "attributes": {
                        "direction": "vertical",
                        "style": "dashed"
                    },
                    "poly2d": [
                        [
                            1.280633,
                            576.284731,
                            "C"
                        ],
                        [
                            445.660192,
                            541.707647,
                            "C"
                        ],
                        [
                            810.640521,
                            549.391443,
                            "C"
                        ],
                        [
                            1229.407426,
                            569.881567,
                            "L"
                        ]
                    ]
                },
                {
                    "category": "lane/single white",
                    "id": 29,
                    "attributes": {
                        "direction": "parallel",
                        "style": "dashed"
                    },
                    "poly2d": [
                        [
                            674.893451,
                            551.952709,
                            "L"
                        ],
                        [
                            534.023851,
                            435.41513,
                            "L"
                        ]
                    ]
                },
                {
                    "category": "lane/single white",
                    "id": 30,
                    "attributes": {
                        "direction": "parallel",
                        "style": "dashed"
                    },
                    "poly2d": [
                        [
                            536.585116,
                            440.537661,
                            "L"
                        ],
                        [
                            667.209655,
                            557.07524,
                            "L"
                        ]
                    ]
                },
                {
                    "category": "lane/double yellow",
                    "id": 31,
                    "attributes": {
                        "direction": "parallel",
                        "style": "solid"
                    },
                    "poly2d": [
                        [
                            432.853864,
                            494.324236,
                            "L"
                        ],
                        [
                            494.324236,
                            432.853864,
                            "L"
                        ]
                    ]
                },
                {
                    "category": "lane/double yellow",
                    "id": 32,
                    "attributes": {
                        "direction": "parallel",
                        "style": "solid"
                    },
                    "poly2d": [
                        [
                            411.083108,
                            494.324236,
                            "L"
                        ],
                        [
                            484.079174,
                            430.292599,
                            "L"
                        ]
                    ]
                },
                {
                    "category": "lane/single white",
                    "id": 33,
                    "attributes": {
                        "direction": "vertical",
                        "style": "solid"
                    },
                    "poly2d": [
                        [
                            33.296451,
                            513.533727,
                            "C"
                        ],
                        [
                            176.727317,
                            502.008032,
                            "C"
                        ],
                        [
                            283.019834,
                            498.166134,
                            "C"
                        ],
                        [
                            408.521842,
                            490.482338,
                            "L"
                        ]
                    ]
                },
                {
                    "category": "lane/single white",
                    "id": 34,
                    "attributes": {
                        "direction": "parallel",
                        "style": "dashed"
                    },
                    "poly2d": [
                        [
                            76.837964,
                            508.411196,
                            "L"
                        ],
                        [
                            288.142365,
                            453.343988,
                            "L"
                        ]
                    ]
                },
                {
                    "category": "lane/single white",
                    "id": 35,
                    "attributes": {
                        "direction": "parallel",
                        "style": "dashed"
                    },
                    "poly2d": [
                        [
                            283.019834,
                            485.359807,
                            "L"
                        ],
                        [
                            247.162118,
                            499.446767,
                            "L"
                        ]
                    ]
                },
                {
                    "category": "lane/single white",
                    "id": 36,
                    "attributes": {
                        "direction": "parallel",
                        "style": "dashed"
                    },
                    "poly2d": [
                        [
                            954.071388,
                            554.513974,
                            "L"
                        ],
                        [
                            863.146463,
                            525.059421,
                            "L"
                        ]
                    ]
                }
            ]
        }
    ],
    "attributes": {
        "weather": "clear",
        "scene": "city street",
        "timeofday": "daytime"
    }
}