{
    "name": "00fcfec9-7ba5dabf",
    "frames": [
        {
            "timestamp": 10000,
            "objects": [
                {
                    "category": "traffic light",
                    "id": 0,
                    "attributes": {
                        "occluded": false,
                        "truncated": false,
                        "trafficLightColor": "green"
                    },
                    "box2d": {
                        "x1": 56.636236,
                        "y1": 428.598544,
                        "x2": 67.3512,
                        "y2": 443.905636
                    }
                },
                {
                    "category": "traffic light",
                    "id": 1,
                    "attributes": {
                        "occluded": false,
                        "truncated": false,
                        "trafficLightColor": "none"
                    },
                    "box2d": {
                        "x1": 82.658291,
                        "y1": 353.593799,
                        "x2": 101.0268,
                        "y2": 382.677271
                    }
                },
                {
                    "category": "traffic light",
                    "id": 2,
                    "attributes": {
                        "occluded": false,
                        "truncated": false,
                        "trafficLightColor": "none"
                    },
                    "box2d": {
                        "x1": 42.859854,
                        "y1": 405.637908,
                        "x2": 61.228362,
                        "y2": 440.844216
                    }
                },
                {
                    "category": "person",
                    "id": 3,
                    "attributes": {
                        "occluded": true,
                        "truncated": false,
                        "trafficLightColor": "none"
                    },
                    "box2d": {
                        "x1": 640.98443,
                        "y1": 409.847358,
                        "x2": 677.721448,
                        "y2": 535.365502
                    }
                },
                {
                    "category": "person",
                    "id": 4,
                    "attributes": {
                        "occluded": false,
                        "truncated": false,
                        "trafficLightColor": "none"
                    },
                    "box2d": {
                        "x1": 902.735683,
                        "y1": 379.233176,
                        "x2": 979.271138,
                        "y2": 536.896213
                    }
                },
                {
                    "category": "person",
                    "id": 5,
                    "attributes": {
                        "occluded": true,
                        "truncated": true,
                        "trafficLightColor": "none"
                    },
                    "box2d": {
                        "x1": 1222.599216,
                        "y1": 354.031145,
                        "x2": 1277.704742,
                        "y2": 594.352473
                    }
                },
                {
                    "category": "motor",
                    "id": 6,
                    "attributes": {
                        "occluded": false,
                        "truncated": false,
                        "trafficLightColor": "none"
                    },
                    "box2d": {
                        "x1": 754.639579,
                        "y1": 407.168617,
                        "x2": 814.337234,
                        "y2": 494.419035
                    }
                },
                {
                    "category": "truck",
                    "id": 7,
                    "attributes": {
                        "occluded": true,
                        "truncated": false,
                        "trafficLightColor": "none"
                    },
                    "box2d": {
                        "x1": 606.543475,
                        "y1": 284.329213,
                        "x2": 660.118293,
                        "y2": 556.79543
                    }
                },
                {
                    "category": "truck",
                    "id": 8,
                    "attributes": {
                        "occluded": false,
                        "truncated": false,
                        "trafficLightColor": "none"
                    },
                    "box2d": {
                        "x1": 154.812085,
                        "y1": 178.17454,
                        "x2": 621.678356,
                        "y2": 646.571519
                    }
                },
                {
                    "category": "lane/road curb",
                    "id": 9,
                    "attributes": {
                        "direction": "parallel",
                        "style": "solid"
                    },
                    "poly2d": [
                        [
                            628.053477,
                            546.653666,
                            "L"
                        ],
                        [
                            995.048494,
                            720.170138,
                            "L"
                        ]
                    ]
                },
                {
                    "category": "lane/road curb",
                    "id": 10,
                    "attributes": {
                        "direction": "parallel",
                        "style": "solid"
                    },
                    "poly2d": [
                        [
                            159.712555,
                            515.942786,
                            "L"
                        ],
                        [
                            0,
                            548.18921,
                            "L"
                        ]
                    ]
                }
            ]
        }
    ],
    "attributes": {
        "weather": "partly cloudy",
        "scene": "city street",
        "timeofday": "daytime"
    }
}