{
    "name": "00fcfec9-8accd82b",
    "frames": [
        {
            "timestamp": 10000,
            "objects": [
                {
                    "category": "bus",
                    "id": 0,
                    "attributes": {
                        "occluded": true,
                        "truncated": true,
                        "trafficLightColor": "none"
                    },
                    "box2d": {
                        "x1": 627.901707,
                        "y1": 144.500557,
                        "x2": 1278.674007,
                        "y2": 631.020421
                    }
                },
                {
                    "category": "truck",
                    "id": 1,
                    "attributes": {
                        "occluded": false,
                        "truncated": false,
                        "trafficLightColor": "none"
                    },
                    "box2d": {
                        "x1": 406.472794,
                        "y1": 334.7423,
                        "x2": 643.495291,
                        "y2": 592.556246
                    }
                },
                {
                    "category": "car",
                    "id": 2,
                    "attributes": {
                        "occluded": true,
                        "truncated": false,
                        "trafficLightColor": "none"
                    },
                    "box2d": {
                        "x1": 292.119835,
                        "y1": 442.857826,
                        "x2": 357.612894,
                        "y2": 490.678156
                    }
                },
                {
                    "category": "car",
                    "id": 3,
                    "attributes": {
                        "occluded": true,
                        "truncated": false,
                        "trafficLightColor": "none"
                    },
                    "box2d": {
                        "x1": 239.101644,
                        "y1": 448.055687,
                        "x2": 291.080261,
                        "y2": 482.361576
                    }
                },
                {
                    "category": "car",
                    "id": 4,
                    "attributes": {
                        "occluded": true,
                        "truncated": false,
                        "trafficLightColor": "none"
                    },
                    "box2d": {
                        "x1": 224.54763,
                        "y1": 445.976541,
                        "x2": 254.69523,
                        "y2": 475.084569
                    }
                },
                {
                    "category": "traffic sign",
                    "id": 5,
                    "attributes": {
                        "occluded": false,
                        "truncated": false,
                        "trafficLightColor": "none"
                    },
                    "box2d": {
                        "x1": 343.058879,
                        "y1": 403.354076,
                        "x2": 361.771181,
                        "y2": 418.947663
                    }
                },
                {
                    "category": "area/drivable",
                    "id": 6,
                    "attributes": {},
                    "poly2d": [
                        [
                            201.172244,
                            697.648818,
                            "L"
                        ],
                        [
                            357.797732,
                            685.364466,
                            "C"
                        ],
                        [
                            535.920837,
                            689.971098,
                            "C"
                        ],
                        [
                            686.404149,
                            703.790994,
                            "C"
                        ],
                        [
                            827.674197,
                            720.170138,
                            "L"
                        ],
                        [
                            1280.6437,
                            720.170138,
                            "L"
                        ],
                        [
                            1280.6437,
                            651.582498,
                            "L"
                        ],
                        [
                            1242.271079,
                            639.298146,
                            "L"
                        ],
                        [
                            870.66943,
                            650.046954,
                            "L"
                        ],
                        [
                            747.825909,
                            597.838458,
                            "L"
                        ],
                        [
                            291.76934,
                            593.231826,
                            "L"
                        ],
                        [
                            167.390275,
                            665.402394,
                            "L"
                        ],
                        [
                            178.123105,
                            675.639362,
                            "C"
                        ],
                        [
                            188.887891,
                            680.757834,
                            "C"
                        ],
                        [
                            201.172244,
                            697.648818,
                            "C"
                        ]
                    ]
                },
                {
                    "category": "lane/road curb",
                    "id": 7,
                    "attributes": {
                        "direction": "parallel",
                        "style": "solid"
                    },
                    "poly2d": [
                        [
                            405.426318,
                            521.810529,
                            "L"
                        ],
                        [
                            170.100001,
                            670.168425,
                            "L"
                        ]
                    ]
                },
                {
                    "category": "lane/road curb",
                    "id": 8,
                    "attributes": {
                        "direction": "parallel",
                        "style": "solid"
                    },
                    "poly2d": [
                        [
                            1215.000006,
                            633.078952,
                            "L"
                        ],
                        [
                            1275.110533,
                            647.147372,
                            "L"
                        ]
                    ]
                }
            ]
        }
    ],
    "attributes": {
        "weather": "clear",
        "scene": "city street",
        "timeofday": "daytime"
    }
}