{
    "name": "00ffeef4-75f6b5ec",
    "frames": [
        {
            "timestamp": 10000,
            "objects": [
                {
                    "category": "car",
                    "id": 0,
                    "attributes": {
                        "occluded": false,
                        "truncated": false,
                        "trafficLightColor": "none"
                    },
                    "box2d": {
                        "x1": 344.380115,
                        "y1": 293.222199,
                        "x2": 380.564982,
                        "y2": 310.690757
                    }
                },
                {
                    "category": "car",
                    "id": 1,
                    "attributes": {
                        "occluded": false,
                        "truncated": false,
                        "trafficLightColor": "none"
                    },
                    "box2d": {
                        "x1": 590.187662,
                        "y1": 279.496905,
                        "x2": 626.372529,
                        "y2": 304.451986
                    }
                },
                {
                    "category": "car",
                    "id": 2,
                    "attributes": {
                        "occluded": false,
                        "truncated": false,
                        "trafficLightColor": "none"
                    },
                    "box2d": {
                        "x1": 542.77301,
                        "y1": 280.744659,
                        "x2": 561.48932,
                        "y2": 291.974446
                    }
                },
                {
                    "category": "car",
                    "id": 3,
                    "attributes": {
                        "occluded": true,
                        "truncated": false,
                        "trafficLightColor": "none"
                    },
                    "box2d": {
                        "x1": 570.223599,
                        "y1": 281.992415,
                        "x2": 588.939908,
                        "y2": 294.469955
                    }
                },
                {
                    "category": "car",
                    "id": 4,
                    "attributes": {
                        "occluded": false,
                        "truncated": false,
                        "trafficLightColor": "none"
                    },
                    "box2d": {
                        "x1": 429.22739,
                        "y1": 289.478938,
                        "x2": 466.660011,
                        "y2": 309.443003
                    }
                },
                {
                    "category": "car",
                    "id": 5,
                    "attributes": {
                        "occluded": true,
                        "truncated": false,
                        "trafficLightColor": "none"
                    },
                    "box2d": {
                        "x1": 623.877022,
                        "y1": 278.498699,
                        "x2": 645.088841,
                        "y2": 289.728485
                    }
                },
                {
                    "category": "traffic sign",
                    "id": 6,
                    "attributes": {
                        "occluded": false,
                        "truncated": false,
                        "trafficLightColor": "none"
                    },
                    "box2d": {
                        "x1": 623.128368,
                        "y1": 159.712517,
                        "x2": 699.241366,
                        "y2": 214.613694
                    }
                },
                {
                    "category": "traffic sign",
                    "id": 7,
                    "attributes": {
                        "occluded": false,
                        "truncated": false,
                        "trafficLightColor": "none"
                    },
                    "box2d": {
                        "x1": 757.386704,
                        "y1": 260.780596,
                        "x2": 777.84987,
                        "y2": 285.735678
                    }
                },
                {
                    "category": "traffic light",
                    "id": 8,
                    "attributes": {
                        "occluded": false,
                        "truncated": false,
                        "trafficLightColor": "green"
                    },
                    "box2d": {
                        "x1": 349.37113,
                        "y1": 237.073267,
                        "x2": 359.353163,
                        "y2": 249.550807
                    }
                },
                {
                    "category": "area/drivable",
                    "id": 9,
                    "attributes": {},
                    "poly2d": [
                        [
                            530.444156,
                            305.774785,
                            "L"
                        ],
                        [
                            341.444287,
                            376.649736,
                            "C"
                        ],
                        [
                            171.006904,
                            476.212168,
                            "C"
                        ],
                        [
                            0,
                            569.024604,
                            "C"
                        ],
                        [
                            0,
                            665.212039,
                            "L"
                        ],
                        [
                            260.444342,
                            584.212092,
                            "C"
                        ],
                        [
                            525.381659,
                            543.712121,
                            "C"
                        ],
                        [
                            780.193985,
                            533.587128,
                            "C"
                        ],
                        [
                            708.749513,
                            458.999684,
                            "C"
                        ],
                        [
                            604.694104,
                            380.024735,
                            "C"
                        ],
                        [
                            567.569131,
                            307.462285,
                            "C"
                        ],
                        [
                            530.444156,
                            305.774785,
                            "L"
                        ]
                    ]
                },
                {
                    "category": "area/alternative",
                    "id": 10,
                    "attributes": {},
                    "poly2d": [
                        [
                            1280.811619,
                            393.524725,
                            "L"
                        ],
                        [
                            1280.811619,
                            469.462173,
                            "L"
                        ],
                        [
                            667.131562,
                            314.21228,
                            "L"
                        ],
                        [
                            673.881557,
                            310.837281,
                            "L"
                        ],
                        [
                            1280.811619,
                            393.524725,
                            "L"
                        ]
                    ]
                },
                {
                    "category": "area/alternative",
                    "id": 11,
                    "attributes": {},
                    "poly2d": [
                        [
                            640.131581,
                            320.962275,
                            "L"
                        ],
                        [
                            1280.811619,
                            482.962163,
                            "L"
                        ],
                        [
                            1280.811619,
                            584.212092,
                            "L"
                        ],
                        [
                            1117.693753,
                            518.399639,
                            "C"
                        ],
                        [
                            955.693865,
                            503.212149,
                            "C"
                        ],
                        [
                            805.506467,
                            536.962126,
                            "C"
                        ],
                        [
                            731.256517,
                            464.399676,
                            "C"
                        ],
                        [
                            641.819081,
                            388.462228,
                            "C"
                        ],
                        [
                            581.069123,
                            320.962275,
                            "C"
                        ],
                        [
                            640.131581,
                            320.962275,
                            "L"
                        ]
                    ]
                },
                {
                    "category": "lane/road curb",
                    "id": 12,
                    "attributes": {
                        "direction": "parallel",
                        "style": "solid"
                    },
                    "poly2d": [
                        [
                            512.887676,
                            307.108801,
                            "L"
                        ],
                        [
                            0,
                            525.15605,
                            "L"
                        ]
                    ]
                },
                {
                    "category": "lane/road curb",
                    "id": 13,
                    "attributes": {
                        "direction": "parallel",
                        "style": "solid"
                    },
                    "poly2d": [
                        [
                            1280.6437,
                            374.672737,
                            "L"
                        ],
                        [
                            644.944461,
                            296.359993,
                            "L"
                        ]
                    ]
                },
                {
                    "category": "lane/single white",
                    "id": 14,
                    "attributes": {
                        "direction": "parallel",
                        "style": "solid"
                    },
                    "poly2d": [
                        [
                            1279.124135,
                            386.957089,
                            "L"
                        ],
                        [
                            638.802285,
                            300.966625,
                            "L"
                        ]
                    ]
                },
                {
                    "category": "lane/single white",
                    "id": 15,
                    "attributes": {
                        "direction": "parallel",
                        "style": "solid"
                    },
                    "poly2d": [
                        [
                            416.148404,
                            350.104033,
                            "L"
                        ],
                        [
                            0,
                            560.473562,
                            "L"
                        ]
                    ]
                },
                {
                    "category": "lane/single white",
                    "id": 16,
                    "attributes": {
                        "direction": "parallel",
                        "style": "dashed"
                    },
                    "poly2d": [
                        [
                            566.631717,
                            322.464241,
                            "L"
                        ],
                        [
                            787.750052,
                            543.582578,
                            "L"
                        ]
                    ]
                },
                {
                    "category": "lane/single white",
                    "id": 17,
                    "attributes": {
                        "direction": "parallel",
                        "style": "dashed"
                    },
                    "poly2d": [
                        [
                            581.987157,
                            323.999785,
                            "L"
                        ],
                        [
                            800.034405,
                            537.440402,
                            "L"
                        ]
                    ]
                },
                {
                    "category": "lane/single white",
                    "id": 18,
                    "attributes": {
                        "direction": "parallel",
                        "style": "dashed"
                    },
                    "poly2d": [
                        [
                            641.873373,
                            313.250977,
                            "L"
                        ],
                        [
                            1280.6437,
                            479.08973,
                            "L"
                        ]
                    ]
                }
            ]
        }
    ],
    "attributes": {
        "weather": "clear",
        "scene": "highway",
        "timeofday": "night"
    }
}