{
    "name": "00ffeef4-ea139a4e",
    "frames": [
        {
            "timestamp": 10000,
            "objects": [
                {
                    "category": "car",
                    "id": 0,
                    "attributes": {
                        "occluded": true,
                        "truncated": false,
                        "trafficLightColor": "none"
                    },
                    "box2d": {
                        "x1": 527.010397,
                        "y1": 306.556751,
                        "x2": 553.732051,
                        "y2": 325.855724
                    }
                },
                {
                    "category": "car",
                    "id": 1,
                    "attributes": {
                        "occluded": true,
                        "truncated": false,
                        "trafficLightColor": "none"
                    },
                    "box2d": {
                        "x1": 504.742352,
                        "y1": 309.525825,
                        "x2": 529.979469,
                        "y2": 333.278405
                    }
                },
                {
                    "category": "car",
                    "id": 2,
                    "attributes": {
                        "occluded": false,
                        "truncated": false,
                        "trafficLightColor": "none"
                    },
                    "box2d": {
                        "x1": 491.381523,
                        "y1": 318.433043,
                        "x2": 519.587714,
                        "y2": 336.247477
                    }
                },
                {
                    "category": "car",
                    "id": 3,
                    "attributes": {
                        "occluded": false,
                        "truncated": false,
                        "trafficLightColor": "none"
                    },
                    "box2d": {
                        "x1": 440.907289,
                        "y1": 318.433043,
                        "x2": 486.927916,
                        "y2": 349.608306
                    }
                },
                {
                    "category": "car",
                    "id": 4,
                    "attributes": {
                        "occluded": true,
                        "truncated": false,
                        "trafficLightColor": "none"
                    },
                    "box2d": {
                        "x1": 331.0516,
                        "y1": 313.979432,
                        "x2": 397.855737,
                        "y2": 367.42274
                    }
                },
                {
                    "category": "car",
                    "id": 5,
                    "attributes": {
                        "occluded": true,
                        "truncated": false,
                        "trafficLightColor": "none"
                    },
                    "box2d": {
                        "x1": 301.360873,
                        "y1": 312.494895,
                        "x2": 372.618616,
                        "y2": 380.783565
                    }
                },
                {
                    "category": "car",
                    "id": 6,
                    "attributes": {
                        "occluded": true,
                        "truncated": false,
                        "trafficLightColor": "none"
                    },
                    "box2d": {
                        "x1": 185.567041,
                        "y1": 319.91758,
                        "x2": 326.597991,
                        "y2": 401.567078
                    }
                },
                {
                    "category": "car",
                    "id": 7,
                    "attributes": {
                        "occluded": true,
                        "truncated": false,
                        "trafficLightColor": "none"
                    },
                    "box2d": {
                        "x1": 57.896917,
                        "y1": 319.91758,
                        "x2": 240.494886,
                        "y2": 432.742339
                    }
                },
                {
                    "category": "car",
                    "id": 8,
                    "attributes": {
                        "occluded": false,
                        "truncated": true,
                        "trafficLightColor": "none"
                    },
                    "box2d": {
                        "x1": 0,
                        "y1": 334.762942,
                        "x2": 95.010325,
                        "y2": 453.525847
                    }
                },
                {
                    "category": "car",
                    "id": 9,
                    "attributes": {
                        "occluded": true,
                        "truncated": false,
                        "trafficLightColor": "none"
                    },
                    "box2d": {
                        "x1": 607.175358,
                        "y1": 306.556751,
                        "x2": 633.897012,
                        "y2": 330.309333
                    }
                },
                {
                    "category": "car",
                    "id": 10,
                    "attributes": {
                        "occluded": true,
                        "truncated": false,
                        "trafficLightColor": "none"
                    },
                    "box2d": {
                        "x1": 623.505257,
                        "y1": 311.010362,
                        "x2": 659.134129,
                        "y2": 342.185625
                    }
                },
                {
                    "category": "car",
                    "id": 11,
                    "attributes": {
                        "occluded": true,
                        "truncated": false,
                        "trafficLightColor": "none"
                    },
                    "box2d": {
                        "x1": 645.773302,
                        "y1": 315.463969,
                        "x2": 669.525885,
                        "y2": 346.639232
                    }
                },
                {
                    "category": "car",
                    "id": 12,
                    "attributes": {
                        "occluded": true,
                        "truncated": false,
                        "trafficLightColor": "none"
                    },
                    "box2d": {
                        "x1": 659.134129,
                        "y1": 311.010362,
                        "x2": 697.732074,
                        "y2": 357.030988
                    }
                },
                {
                    "category": "car",
                    "id": 13,
                    "attributes": {
                        "occluded": true,
                        "truncated": false,
                        "trafficLightColor": "none"
                    },
                    "box2d": {
                        "x1": 672.494956,
                        "y1": 313.979432,
                        "x2": 730.391874,
                        "y2": 365.938205
                    }
                },
                {
                    "category": "car",
                    "id": 14,
                    "attributes": {
                        "occluded": true,
                        "truncated": false,
                        "trafficLightColor": "none"
                    },
                    "box2d": {
                        "x1": 709.608364,
                        "y1": 313.979432,
                        "x2": 800.165081,
                        "y2": 388.206248
                    }
                },
                {
                    "category": "car",
                    "id": 15,
                    "attributes": {
                        "occluded": false,
                        "truncated": false,
                        "trafficLightColor": "none"
                    },
                    "box2d": {
                        "x1": 777.154766,
                        "y1": 291.600262,
                        "x2": 1068.71955,
                        "y2": 447.487194
                    }
                },
                {
                    "category": "traffic light",
                    "id": 16,
                    "attributes": {
                        "occluded": false,
                        "truncated": false,
                        "trafficLightColor": "red"
                    },
                    "box2d": {
                        "x1": 532.948541,
                        "y1": 250.144371,
                        "x2": 544.824831,
                        "y2": 264.989733
                    }
                },
                {
                    "category": "traffic light",
                    "id": 17,
                    "attributes": {
                        "occluded": false,
                        "truncated": false,
                        "trafficLightColor": "red"
                    },
                    "box2d": {
                        "x1": 590.845457,
                        "y1": 256.082516,
                        "x2": 604.206286,
                        "y2": 269.443344
                    }
                },
                {
                    "category": "traffic light",
                    "id": 18,
                    "attributes": {
                        "occluded": false,
                        "truncated": false,
                        "trafficLightColor": "red"
                    },
                    "box2d": {
                        "x1": 595.299066,
                        "y1": 278.35056,
                        "x2": 607.175358,
                        "y2": 290.226852
                    }
                },
                {
                    "category": "traffic light",
                    "id": 19,
                    "attributes": {
                        "occluded": false,
                        "truncated": false,
                        "trafficLightColor": "red"
                    },
                    "box2d": {
                        "x1": 467.628943,
                        "y1": 297.649533,
                        "x2": 480.98977,
                        "y2": 309.525823
                    }
                },
                {
                    "category": "traffic sign",
                    "id": 20,
                    "attributes": {
                        "occluded": true,
                        "truncated": false,
                        "trafficLightColor": "none"
                    },
                    "box2d": {
                        "x1": 731.876409,
                        "y1": 247.175299,
                        "x2": 755.628993,
                        "y2": 279.835099
                    }
                },
                {
                    "category": "traffic sign",
                    "id": 21,
                    "attributes": {
                        "occluded": true,
                        "truncated": false,
                        "trafficLightColor": "none"
                    },
                    "box2d": {
                        "x1": 638.350623,
                        "y1": 296.164996,
                        "x2": 651.711451,
                        "y2": 309.525825
                    }
                },
                {
                    "category": "traffic light",
                    "id": 22,
                    "attributes": {
                        "occluded": false,
                        "truncated": true,
                        "trafficLightColor": "red"
                    },
                    "box2d": {
                        "x1": 1246.268247,
                        "y1": 134.350537,
                        "x2": 1277.443509,
                        "y2": 178.886626
                    }
                },
                {
                    "category": "area/drivable",
                    "id": 23,
                    "attributes": {},
                    "poly2d": [
                        [
                            578.475027,
                            300.292706,
                            "L"
                        ],
                        [
                            546.86527,
                            341.385393,
                            "L"
                        ],
                        [
                            0,
                            486.790282,
                            "L"
                        ],
                        [
                            0,
                            651.161026,
                            "L"
                        ],
                        [
                            531.06039,
                            548.429311,
                            "C"
                        ],
                        [
                            1074.748238,
                            603.746389,
                            "C"
                        ],
                        [
                            1280.195222,
                            679.609809,
                            "C"
                        ],
                        [
                            1280.195222,
                            521.561016,
                            "L"
                        ],
                        [
                            1070.006774,
                            467.824427,
                            "L"
                        ],
                        [
                            889.83115,
                            470.985403,
                            "L"
                        ],
                        [
                            605.343323,
                            341.385393,
                            "L"
                        ],
                        [
                            592.69942,
                            300.292706,
                            "L"
                        ],
                        [
                            578.475027,
                            300.292706,
                            "L"
                        ]
                    ]
                },
                {
                    "category": "lane/crosswalk",
                    "id": 24,
                    "attributes": {
                        "direction": "vertical",
                        "style": "dashed"
                    },
                    "poly2d": [
                        [
                            0,
                            475.012766,
                            "C"
                        ],
                        [
                            359.697233,
                            475.78134,
                            "C"
                        ],
                        [
                            626.219342,
                            444.76523,
                            "C"
                        ],
                        [
                            1079.11086,
                            476.647767,
                            "L"
                        ]
                    ]
                },
                {
                    "category": "lane/crosswalk",
                    "id": 25,
                    "attributes": {
                        "direction": "vertical",
                        "style": "dashed"
                    },
                    "poly2d": [
                        [
                            0.836654,
                            486.457778,
                            "C"
                        ],
                        [
                            369.507158,
                            488.043747,
                            "C"
                        ],
                        [
                            694.071321,
                            467.655256,
                            "C"
                        ],
                        [
                            1106.088152,
                            491.362785,
                            "L"
                        ]
                    ]
                },
                {
                    "category": "lane/road curb",
                    "id": 26,
                    "attributes": {
                        "direction": "parallel",
                        "style": "solid"
                    },
                    "poly2d": [
                        [
                            1052.133567,
                            462.750251,
                            "L"
                        ],
                        [
                            1280.195152,
                            510.982807,
                            "L"
                        ]
                    ]
                },
                {
                    "category": "lane/single white",
                    "id": 27,
                    "attributes": {
                        "direction": "parallel",
                        "style": "dashed"
                    },
                    "poly2d": [
                        [
                            539.56501,
                            367.10264,
                            "L"
                        ],
                        [
                            439.013284,
                            457.027745,
                            "L"
                        ]
                    ]
                },
                {
                    "category": "lane/single white",
                    "id": 28,
                    "attributes": {
                        "direction": "parallel",
                        "style": "dashed"
                    },
                    "poly2d": [
                        [
                            534.660048,
                            364.650136,
                            "L"
                        ],
                        [
                            429.203359,
                            455.392742,
                            "L"
                        ]
                    ]
                }
            ]
        }
    ],
    "attributes": {
        "weather": "clear",
        "scene": "residential",
        "timeofday": "night"
    }
}