{
    "name": "00ffeef4-b105ce4d",
    "frames": [
        {
            "timestamp": 10000,
            "objects": [
                {
                    "category": "traffic sign",
                    "id": 0,
                    "attributes": {
                        "occluded": false,
                        "truncated": false,
                        "trafficLightColor": "none"
                    },
                    "box2d": {
                        "x1": 416.35287,
                        "y1": 174.80698,
                        "x2": 459.212725,
                        "y2": 226.851088
                    }
                },
                {
                    "category": "traffic sign",
                    "id": 1,
                    "attributes": {
                        "occluded": false,
                        "truncated": false,
                        "trafficLightColor": "none"
                    },
                    "box2d": {
                        "x1": 479.111944,
                        "y1": 174.80698,
                        "x2": 540.340307,
                        "y2": 226.851088
                    }
                },
                {
                    "category": "traffic sign",
                    "id": 2,
                    "attributes": {
                        "occluded": false,
                        "truncated": false,
                        "trafficLightColor": "none"
                    },
                    "box2d": {
                        "x1": 561.770235,
                        "y1": 177.868397,
                        "x2": 632.182852,
                        "y2": 229.912505
                    }
                },
                {
                    "category": "traffic sign",
                    "id": 3,
                    "attributes": {
                        "occluded": false,
                        "truncated": false,
                        "trafficLightColor": "none"
                    },
                    "box2d": {
                        "x1": 477.581235,
                        "y1": 239.096765,
                        "x2": 512.787544,
                        "y2": 255.934565
                    }
                },
                {
                    "category": "traffic sign",
                    "id": 4,
                    "attributes": {
                        "occluded": false,
                        "truncated": false,
                        "trafficLightColor": "none"
                    },
                    "box2d": {
                        "x1": 517.379671,
                        "y1": 275.833783,
                        "x2": 528.094635,
                        "y2": 288.079456
                    }
                },
                {
                    "category": "traffic sign",
                    "id": 5,
                    "attributes": {
                        "occluded": false,
                        "truncated": false,
                        "trafficLightColor": "none"
                    },
                    "box2d": {
                        "x1": 600.037962,
                        "y1": 263.588112,
                        "x2": 619.93718,
                        "y2": 280.425911
                    }
                },
                {
                    "category": "traffic sign",
                    "id": 6,
                    "attributes": {
                        "occluded": false,
                        "truncated": false,
                        "trafficLightColor": "none"
                    },
                    "box2d": {
                        "x1": 636.774979,
                        "y1": 249.811731,
                        "x2": 649.020652,
                        "y2": 274.303077
                    }
                },
                {
                    "category": "traffic sign",
                    "id": 7,
                    "attributes": {
                        "occluded": true,
                        "truncated": false,
                        "trafficLightColor": "none"
                    },
                    "box2d": {
                        "x1": 554.116689,
                        "y1": 274.303074,
                        "x2": 567.893071,
                        "y2": 295.733001
                    }
                },
                {
                    "category": "car",
                    "id": 8,
                    "attributes": {
                        "occluded": true,
                        "truncated": false,
                        "trafficLightColor": "none"
                    },
                    "box2d": {
                        "x1": 267.87409,
                        "y1": 271.241645,
                        "x2": 287.773308,
                        "y2": 291.140865
                    }
                },
                {
                    "category": "truck",
                    "id": 9,
                    "attributes": {
                        "occluded": false,
                        "truncated": false,
                        "trafficLightColor": "none"
                    },
                    "box2d": {
                        "x1": 303.080399,
                        "y1": 267.87409,
                        "x2": 338.286708,
                        "y2": 303.080399
                    }
                },
                {
                    "category": "car",
                    "id": 10,
                    "attributes": {
                        "occluded": false,
                        "truncated": false,
                        "trafficLightColor": "none"
                    },
                    "box2d": {
                        "x1": 425.537126,
                        "y1": 281.650472,
                        "x2": 459.212726,
                        "y2": 306.141817
                    }
                },
                {
                    "category": "area/drivable",
                    "id": 11,
                    "attributes": {},
                    "poly2d": [
                        [
                            165.951288,
                            611.399481,
                            "L"
                        ],
                        [
                            439.209424,
                            547.764025,
                            "C"
                        ],
                        [
                            771.111998,
                            581.453385,
                            "C"
                        ],
                        [
                            1031.892593,
                            595.178677,
                            "C"
                        ],
                        [
                            889.648632,
                            501.597125,
                            "C"
                        ],
                        [
                            750.896997,
                            412.037633,
                            "C"
                        ],
                        [
                            595.178677,
                            323.168297,
                            "C"
                        ],
                        [
                            524.056698,
                            323.168297,
                            "L"
                        ],
                        [
                            165.951288,
                            611.399481,
                            "L"
                        ]
                    ]
                },
                {
                    "category": "area/alternative",
                    "id": 12,
                    "attributes": {},
                    "poly2d": [
                        [
                            431.503844,
                            319.904993,
                            "L"
                        ],
                        [
                            433.039388,
                            349.080329,
                            "C"
                        ],
                        [
                            259.522916,
                            381.326753,
                            "C"
                        ],
                        [
                            0,
                            444.284057,
                            "C"
                        ],
                        [
                            0,
                            636.227058,
                            "L"
                        ],
                        [
                            138.214939,
                            611.658354,
                            "L"
                        ],
                        [
                            500.603324,
                            326.047169,
                            "L"
                        ],
                        [
                            431.503844,
                            319.904993,
                            "L"
                        ]
                    ]
                },
                {
                    "category": "lane/road curb",
                    "id": 13,
                    "attributes": {
                        "direction": "parallel",
                        "style": "solid"
                    },
                    "poly2d": [
                        [
                            0,
                            371.797853,
                            "L"
                        ],
                        [
                            294.980114,
                            319.561791,
                            "L"
                        ]
                    ]
                },
                {
                    "category": "lane/road curb",
                    "id": 14,
                    "attributes": {
                        "direction": "parallel",
                        "style": "solid"
                    },
                    "poly2d": [
                        [
                            635.026635,
                            322.6345,
                            "L"
                        ],
                        [
                            1280.295636,
                            398.428002,
                            "L"
                        ]
                    ]
                },
                {
                    "category": "lane/single white",
                    "id": 15,
                    "attributes": {
                        "direction": "parallel",
                        "style": "solid"
                    },
                    "poly2d": [
                        [
                            596.105648,
                            320.586027,
                            "C"
                        ],
                        [
                            680.093042,
                            348.240413,
                            "C"
                        ],
                        [
                            921.812858,
                            377.943272,
                            "C"
                        ],
                        [
                            1080.569516,
                            398.428002,
                            "L"
                        ]
                    ]
                },
                {
                    "category": "lane/single white",
                    "id": 16,
                    "attributes": {
                        "direction": "parallel",
                        "style": "solid"
                    },
                    "poly2d": [
                        [
                            594.057175,
                            324.682973,
                            "C"
                        ],
                        [
                            693.408116,
                            357.458541,
                            "C"
                        ],
                        [
                            924.885567,
                            385.112927,
                            "C"
                        ],
                        [
                            1077.496807,
                            405.597657,
                            "L"
                        ]
                    ]
                },
                {
                    "category": "lane/single white",
                    "id": 17,
                    "attributes": {
                        "direction": "parallel",
                        "style": "solid"
                    },
                    "poly2d": [
                        [
                            1028.333455,
                            594.057175,
                            "C"
                        ],
                        [
                            902.352364,
                            508.021308,
                            "C"
                        ],
                        [
                            703.650481,
                            378.967508,
                            "C"
                        ],
                        [
                            634.002399,
                            345.167703,
                            "L"
                        ]
                    ]
                },
                {
                    "category": "lane/single white",
                    "id": 18,
                    "attributes": {
                        "direction": "parallel",
                        "style": "solid"
                    },
                    "poly2d": [
                        [
                            1099.005774,
                            606.348013,
                            "C"
                        ],
                        [
                            949.467243,
                            519.28791,
                            "C"
                        ],
                        [
                            800.95295,
                            424.033915,
                            "C"
                        ],
                        [
                            650.390183,
                            345.167703,
                            "L"
                        ]
                    ]
                },
                {
                    "category": "lane/single white",
                    "id": 19,
                    "attributes": {
                        "direction": "parallel",
                        "style": "dashed"
                    },
                    "poly2d": [
                        [
                            180.265625,
                            602.251067,
                            "C"
                        ],
                        [
                            288.834695,
                            509.045545,
                            "C"
                        ],
                        [
                            533.627221,
                            331.852629,
                            "C"
                        ],
                        [
                            505.972835,
                            323.658737,
                            "L"
                        ]
                    ]
                },
                {
                    "category": "lane/single white",
                    "id": 20,
                    "attributes": {
                        "direction": "parallel",
                        "style": "dashed"
                    },
                    "poly2d": [
                        [
                            144.417348,
                            607.37225,
                            "C"
                        ],
                        [
                            272.446911,
                            512.118254,
                            "C"
                        ],
                        [
                            472.17303,
                            368.725143,
                            "C"
                        ],
                        [
                            503.924362,
                            324.682973,
                            "L"
                        ]
                    ]
                },
                {
                    "category": "lane/single white",
                    "id": 21,
                    "attributes": {
                        "direction": "parallel",
                        "style": "dashed"
                    },
                    "poly2d": [
                        [
                            363.603961,
                            343.11923,
                            "L"
                        ],
                        [
                            0,
                            448.615591,
                            "L"
                        ]
                    ]
                },
                {
                    "category": "lane/single white",
                    "id": 22,
                    "attributes": {
                        "direction": "parallel",
                        "style": "dashed"
                    },
                    "poly2d": [
                        [
                            355.410068,
                            340.046521,
                            "L"
                        ],
                        [
                            0,
                            439.397462,
                            "L"
                        ]
                    ]
                }
            ]
        }
    ],
    "attributes": {
        "weather": "clear",
        "scene": "highway",
        "timeofday": "night"
    }
}