{
    "name": "0a006b7b-bc62a7c5",
    "frames": [
        {
            "timestamp": 10000,
            "objects": [
                {
                    "category": "traffic light",
                    "id": 0,
                    "attributes": {
                        "occluded": false,
                        "truncated": false,
                        "trafficLightColor": "green"
                    },
                    "box2d": {
                        "x1": 586.4444,
                        "y1": 390.547015,
                        "x2": 597.674188,
                        "y2": 403.024556
                    }
                },
                {
                    "category": "traffic light",
                    "id": 1,
                    "attributes": {
                        "occluded": false,
                        "truncated": false,
                        "trafficLightColor": "green"
                    },
                    "box2d": {
                        "x1": 671.291675,
                        "y1": 394.290278,
                        "x2": 686.264723,
                        "y2": 406.767818
                    }
                },
                {
                    "category": "car",
                    "id": 2,
                    "attributes": {
                        "occluded": true,
                        "truncated": false,
                        "trafficLightColor": "none"
                    },
                    "box2d": {
                        "x1": 607.656219,
                        "y1": 420.493112,
                        "x2": 626.372526,
                        "y2": 429.227392
                    }
                },
                {
                    "category": "car",
                    "id": 3,
                    "attributes": {
                        "occluded": true,
                        "truncated": false,
                        "trafficLightColor": "none"
                    },
                    "box2d": {
                        "x1": 557.746057,
                        "y1": 426.731883,
                        "x2": 578.957876,
                        "y2": 441.704931
                    }
                },
                {
                    "category": "car",
                    "id": 4,
                    "attributes": {
                        "occluded": true,
                        "truncated": false,
                        "trafficLightColor": "none"
                    },
                    "box2d": {
                        "x1": 600.169695,
                        "y1": 427.979637,
                        "x2": 615.142743,
                        "y2": 436.713915
                    }
                },
                {
                    "category": "car",
                    "id": 5,
                    "attributes": {
                        "occluded": true,
                        "truncated": false,
                        "trafficLightColor": "none"
                    },
                    "box2d": {
                        "x1": 646.336594,
                        "y1": 429.227391,
                        "x2": 666.300659,
                        "y2": 439.209423
                    }
                },
                {
                    "category": "car",
                    "id": 6,
                    "attributes": {
                        "occluded": true,
                        "truncated": false,
                        "trafficLightColor": "none"
                    },
                    "box2d": {
                        "x1": 661.309643,
                        "y1": 424.236375,
                        "x2": 683.769214,
                        "y2": 436.713915
                    }
                },
                {
                    "category": "car",
                    "id": 7,
                    "attributes": {
                        "occluded": true,
                        "truncated": false,
                        "trafficLightColor": "none"
                    },
                    "box2d": {
                        "x1": 651.32761,
                        "y1": 437.961669,
                        "x2": 668.796165,
                        "y2": 450.439209
                    }
                },
                {
                    "category": "car",
                    "id": 8,
                    "attributes": {
                        "occluded": true,
                        "truncated": false,
                        "trafficLightColor": "none"
                    },
                    "box2d": {
                        "x1": 671.291675,
                        "y1": 415.502096,
                        "x2": 703.73328,
                        "y2": 452.934717
                    }
                },
                {
                    "category": "car",
                    "id": 9,
                    "attributes": {
                        "occluded": true,
                        "truncated": false,
                        "trafficLightColor": "none"
                    },
                    "box2d": {
                        "x1": 747.404672,
                        "y1": 426.731883,
                        "x2": 789.828309,
                        "y2": 462.916748
                    }
                },
                {
                    "category": "car",
                    "id": 10,
                    "attributes": {
                        "occluded": false,
                        "truncated": false,
                        "trafficLightColor": "none"
                    },
                    "box2d": {
                        "x1": 571.471352,
                        "y1": 413.006588,
                        "x2": 601.417449,
                        "y2": 442.952685
                    }
                },
                {
                    "category": "car",
                    "id": 11,
                    "attributes": {
                        "occluded": false,
                        "truncated": false,
                        "trafficLightColor": "none"
                    },
                    "box2d": {
                        "x1": 605.160711,
                        "y1": 430.475145,
                        "x2": 623.87702,
                        "y2": 442.952685
                    }
                },
                {
                    "category": "car",
                    "id": 12,
                    "attributes": {
                        "occluded": false,
                        "truncated": false,
                        "trafficLightColor": "none"
                    },
                    "box2d": {
                        "x1": 637.602316,
                        "y1": 419.245358,
                        "x2": 647.584348,
                        "y2": 431.722899
                    }
                },
                {
                    "category": "car",
                    "id": 13,
                    "attributes": {
                        "occluded": false,
                        "truncated": false,
                        "trafficLightColor": "none"
                    },
                    "box2d": {
                        "x1": 688.760232,
                        "y1": 414.254342,
                        "x2": 748.652426,
                        "y2": 461.668994
                    }
                },
                {
                    "category": "car",
                    "id": 14,
                    "attributes": {
                        "occluded": false,
                        "truncated": false,
                        "trafficLightColor": "none"
                    },
                    "box2d": {
                        "x1": 369.335197,
                        "y1": 408.015572,
                        "x2": 476.642043,
                        "y2": 481.63306
                    }
                },
                {
                    "category": "car",
                    "id": 15,
                    "attributes": {
                        "occluded": true,
                        "truncated": false,
                        "trafficLightColor": "none"
                    },
                    "box2d": {
                        "x1": 343.132362,
                        "y1": 406.767818,
                        "x2": 379.317227,
                        "y2": 450.439209
                    }
                },
                {
                    "category": "car",
                    "id": 16,
                    "attributes": {
                        "occluded": true,
                        "truncated": false,
                        "trafficLightColor": "none"
                    },
                    "box2d": {
                        "x1": 259.532841,
                        "y1": 406.767818,
                        "x2": 291.974448,
                        "y2": 447.943701
                    }
                },
                {
                    "category": "traffic sign",
                    "id": 17,
                    "attributes": {
                        "occluded": false,
                        "truncated": false,
                        "trafficLightColor": "none"
                    },
                    "box2d": {
                        "x1": 563.984827,
                        "y1": 399.281294,
                        "x2": 575.214614,
                        "y2": 411.758834
                    }
                },
                {
                    "category": "person",
                    "id": 18,
                    "attributes": {
                        "occluded": false,
                        "truncated": false,
                        "trafficLightColor": "none"
                    },
                    "box2d": {
                        "x1": 540.2775,
                        "y1": 401.776802,
                        "x2": 552.755041,
                        "y2": 451.686962
                    }
                },
                {
                    "category": "person",
                    "id": 19,
                    "attributes": {
                        "occluded": false,
                        "truncated": false,
                        "trafficLightColor": "none"
                    },
                    "box2d": {
                        "x1": 519.065682,
                        "y1": 405.520064,
                        "x2": 540.277499,
                        "y2": 455.430226
                    }
                },
                {
                    "category": "area/drivable",
                    "id": 20,
                    "attributes": {},
                    "poly2d": [
                        [
                            328.558408,
                            670.720984,
                            "L"
                        ],
                        [
                            445.798256,
                            662.54146,
                            "C"
                        ],
                        [
                            564.401356,
                            689.806541,
                            "C"
                        ],
                        [
                            586.213421,
                            719.79813,
                            "C"
                        ],
                        [
                            1021.091457,
                            719.79813,
                            "L"
                        ],
                        [
                            657.10263,
                            451.237085,
                            "L"
                        ],
                        [
                            599.84596,
                            448.510578,
                            "L"
                        ],
                        [
                            328.558408,
                            670.720984,
                            "L"
                        ]
                    ]
                },
                {
                    "category": "area/alternative",
                    "id": 21,
                    "attributes": {},
                    "poly2d": [
                        [
                            4.103949,
                            703.439081,
                            "L"
                        ],
                        [
                            543.952546,
                            464.869625,
                            "L"
                        ],
                        [
                            560.311594,
                            470.322641,
                            "L"
                        ],
                        [
                            304.019835,
                            673.447491,
                            "L"
                        ],
                        [
                            254.94269,
                            673.447491,
                            "C"
                        ],
                        [
                            155.425146,
                            695.259558,
                            "C"
                        ],
                        [
                            89.988952,
                            719.79813,
                            "C"
                        ],
                        [
                            0,
                            719.79813,
                            "L"
                        ],
                        [
                            4.103949,
                            703.439081,
                            "L"
                        ]
                    ]
                },
                {
                    "category": "area/alternative",
                    "id": 22,
                    "attributes": {},
                    "poly2d": [
                        [
                            0,
                            575.293201,
                            "L"
                        ],
                        [
                            339.464441,
                            494.861214,
                            "L"
                        ],
                        [
                            434.892222,
                            507.1305,
                            "L"
                        ],
                        [
                            0,
                            681.627016,
                            "L"
                        ],
                        [
                            0,
                            575.293201,
                            "L"
                        ]
                    ]
                },
                {
                    "category": "lane/road curb",
                    "id": 23,
                    "attributes": {
                        "direction": "parallel",
                        "style": "solid"
                    },
                    "poly2d": [
                        [
                            360.66316,
                            488.557897,
                            "L"
                        ],
                        [
                            1.278947,
                            575.526319,
                            "L"
                        ]
                    ]
                },
                {
                    "category": "lane/road curb",
                    "id": 24,
                    "attributes": {
                        "direction": "parallel",
                        "style": "solid"
                    },
                    "poly2d": [
                        [
                            799.342109,
                            478.326318,
                            "L"
                        ],
                        [
                            851.778952,
                            491.115792,
                            "L"
                        ]
                    ]
                },
                {
                    "category": "lane/single white",
                    "id": 25,
                    "attributes": {
                        "direction": "parallel",
                        "style": "solid"
                    },
                    "poly2d": [
                        [
                            546.110529,
                            455.305266,
                            "L"
                        ],
                        [
                            1.278947,
                            694.468425,
                            "L"
                        ]
                    ]
                },
                {
                    "category": "lane/single white",
                    "id": 26,
                    "attributes": {
                        "direction": "parallel",
                        "style": "solid"
                    },
                    "poly2d": [
                        [
                            661.215793,
                            455.305266,
                            "L"
                        ],
                        [
                            998.8579,
                            690.631583,
                            "L"
                        ]
                    ]
                },
                {
                    "category": "lane/single white",
                    "id": 27,
                    "attributes": {
                        "direction": "parallel",
                        "style": "solid"
                    },
                    "poly2d": [
                        [
                            666.331582,
                            454.026318,
                            "L"
                        ],
                        [
                            1009.089479,
                            685.515793,
                            "L"
                        ]
                    ]
                },
                {
                    "category": "lane/single white",
                    "id": 28,
                    "attributes": {
                        "direction": "parallel",
                        "style": "solid"
                    },
                    "poly2d": [
                        [
                            589.59474,
                            452.747371,
                            "L"
                        ],
                        [
                            297.994738,
                            677.842109,
                            "L"
                        ]
                    ]
                },
                {
                    "category": "lane/single white",
                    "id": 29,
                    "attributes": {
                        "direction": "parallel",
                        "style": "solid"
                    },
                    "poly2d": [
                        [
                            594.710529,
                            454.026318,
                            "L"
                        ],
                        [
                            328.689475,
                            677.842109,
                            "L"
                        ]
                    ]
                },
                {
                    "category": "lane/single white",
                    "id": 30,
                    "attributes": {
                        "direction": "parallel",
                        "style": "solid"
                    },
                    "poly2d": [
                        [
                            548.668424,
                            459.142108,
                            "L"
                        ],
                        [
                            11.510526,
                            698.305267,
                            "L"
                        ]
                    ]
                }
            ]
        }
    ],
    "attributes": {
        "weather": "clear",
        "scene": "city street",
        "timeofday": "night"
    }
}