{
    "name": "0a006b7b-d44d2584",
    "frames": [
        {
            "timestamp": 10000,
            "objects": [
                {
                    "category": "traffic sign",
                    "id": 0,
                    "attributes": {
                        "occluded": false,
                        "truncated": false,
                        "trafficLightColor": "none"
                    },
                    "box2d": {
                        "x1": 592.544118,
                        "y1": 212.962348,
                        "x2": 641.481585,
                        "y2": 245.024825
                    }
                },
                {
                    "category": "traffic sign",
                    "id": 1,
                    "attributes": {
                        "occluded": false,
                        "truncated": false,
                        "trafficLightColor": "none"
                    },
                    "box2d": {
                        "x1": 552.044147,
                        "y1": 211.27485,
                        "x2": 590.85662,
                        "y2": 246.712325
                    }
                },
                {
                    "category": "car",
                    "id": 2,
                    "attributes": {
                        "occluded": true,
                        "truncated": false,
                        "trafficLightColor": "none"
                    },
                    "box2d": {
                        "x1": 487.91919,
                        "y1": 261.899815,
                        "x2": 533.481659,
                        "y2": 307.462283
                    }
                },
                {
                    "category": "car",
                    "id": 3,
                    "attributes": {
                        "occluded": true,
                        "truncated": false,
                        "trafficLightColor": "none"
                    },
                    "box2d": {
                        "x1": 590.85662,
                        "y1": 266.962312,
                        "x2": 609.419107,
                        "y2": 293.962293
                    }
                },
                {
                    "category": "car",
                    "id": 4,
                    "attributes": {
                        "occluded": true,
                        "truncated": false,
                        "trafficLightColor": "none"
                    },
                    "box2d": {
                        "x1": 606.04411,
                        "y1": 270.337308,
                        "x2": 631.356592,
                        "y2": 293.962292
                    }
                },
                {
                    "category": "car",
                    "id": 5,
                    "attributes": {
                        "occluded": true,
                        "truncated": false,
                        "trafficLightColor": "none"
                    },
                    "box2d": {
                        "x1": 621.231598,
                        "y1": 263.587313,
                        "x2": 658.356573,
                        "y2": 300.712287
                    }
                },
                {
                    "category": "car",
                    "id": 6,
                    "attributes": {
                        "occluded": false,
                        "truncated": false,
                        "trafficLightColor": "none"
                    },
                    "box2d": {
                        "x1": 413.669242,
                        "y1": 239.96233,
                        "x2": 501.419182,
                        "y2": 336.149765
                    }
                },
                {
                    "category": "car",
                    "id": 7,
                    "attributes": {
                        "occluded": false,
                        "truncated": false,
                        "trafficLightColor": "none"
                    },
                    "box2d": {
                        "x1": 533.481659,
                        "y1": 260.212317,
                        "x2": 595.919115,
                        "y2": 320.962275
                    }
                },
                {
                    "category": "car",
                    "id": 8,
                    "attributes": {
                        "occluded": false,
                        "truncated": false,
                        "trafficLightColor": "none"
                    },
                    "box2d": {
                        "x1": 653.294077,
                        "y1": 256.837318,
                        "x2": 734.294021,
                        "y2": 324.337273
                    }
                },
                {
                    "category": "car",
                    "id": 9,
                    "attributes": {
                        "occluded": false,
                        "truncated": false,
                        "trafficLightColor": "none"
                    },
                    "box2d": {
                        "x1": 811.918968,
                        "y1": 246.712325,
                        "x2": 1203.418698,
                        "y2": 450.899684
                    }
                },
                {
                    "category": "car",
                    "id": 10,
                    "attributes": {
                        "occluded": false,
                        "truncated": true,
                        "trafficLightColor": "none"
                    },
                    "box2d": {
                        "x1": 0,
                        "y1": 197.774859,
                        "x2": 327.606801,
                        "y2": 482.962163
                    }
                },
                {
                    "category": "area/drivable",
                    "id": 11,
                    "attributes": {},
                    "poly2d": [
                        [
                            538.991925,
                            323.999785,
                            "L"
                        ],
                        [
                            223.171367,
                            537.670643,
                            "L"
                        ],
                        [
                            444.829459,
                            528.684504,
                            "C"
                        ],
                        [
                            653.008344,
                            531.679884,
                            "C"
                        ],
                        [
                            888.145643,
                            542.163712,
                            "C"
                        ],
                        [
                            637.266741,
                            322.464241,
                            "L"
                        ],
                        [
                            538.991925,
                            323.999785,
                            "L"
                        ]
                    ]
                },
                {
                    "category": "area/alternative",
                    "id": 12,
                    "attributes": {},
                    "poly2d": [
                        [
                            1237.107371,
                            441.818496,
                            "L"
                        ],
                        [
                            915.104061,
                            503.223776,
                            "L"
                        ],
                        [
                            981.002412,
                            554.145232,
                            "L"
                        ],
                        [
                            1090.333769,
                            569.122129,
                            "C"
                        ],
                        [
                            1190.678987,
                            590.089786,
                            "C"
                        ],
                        [
                            1280.524791,
                            617.048202,
                            "C"
                        ],
                        [
                            1280.524791,
                            450.804634,
                            "L"
                        ],
                        [
                            1237.107371,
                            441.818496,
                            "L"
                        ]
                    ]
                },
                {
                    "category": "area/alternative",
                    "id": 13,
                    "attributes": {},
                    "poly2d": [
                        [
                            402.328508,
                            331.677505,
                            "L"
                        ],
                        [
                            331.693484,
                            350.104033,
                            "L"
                        ],
                        [
                            330.15794,
                            442.236673,
                            "L"
                        ],
                        [
                            479.276326,
                            353.454796,
                            "L"
                        ],
                        [
                            402.328508,
                            331.677505,
                            "L"
                        ]
                    ]
                },
                {
                    "category": "lane/single white",
                    "id": 14,
                    "attributes": {
                        "direction": "parallel",
                        "style": "solid"
                    },
                    "poly2d": [
                        [
                            413.100002,
                            324.852633,
                            "L"
                        ],
                        [
                            328.689475,
                            346.594739,
                            "L"
                        ]
                    ]
                },
                {
                    "category": "lane/single white",
                    "id": 15,
                    "attributes": {
                        "direction": "parallel",
                        "style": "solid"
                    },
                    "poly2d": [
                        [
                            735.394741,
                            312.06316,
                            "L"
                        ],
                        [
                            814.689478,
                            332.526318,
                            "L"
                        ]
                    ]
                },
                {
                    "category": "lane/road curb",
                    "id": 16,
                    "attributes": {
                        "direction": "parallel",
                        "style": "solid"
                    },
                    "poly2d": [
                        [
                            413.100002,
                            319.736844,
                            "L"
                        ],
                        [
                            323.573686,
                            341.478949,
                            "L"
                        ]
                    ]
                },
                {
                    "category": "lane/road curb",
                    "id": 17,
                    "attributes": {
                        "direction": "parallel",
                        "style": "solid"
                    },
                    "poly2d": [
                        [
                            735.394741,
                            309.505265,
                            "L"
                        ],
                        [
                            819.805267,
                            327.410528,
                            "L"
                        ]
                    ]
                },
                {
                    "category": "lane/road curb",
                    "id": 18,
                    "attributes": {
                        "direction": "parallel",
                        "style": "solid"
                    },
                    "poly2d": [
                        [
                            1204.768427,
                            429.726318,
                            "L"
                        ],
                        [
                            1276.38948,
                            447.631581,
                            "L"
                        ]
                    ]
                },
                {
                    "category": "lane/double white",
                    "id": 19,
                    "attributes": {
                        "direction": "parallel",
                        "style": "dashed"
                    },
                    "poly2d": [
                        [
                            620.289477,
                            296.715791,
                            "L"
                        ],
                        [
                            887.589478,
                            539.715792,
                            "L"
                        ]
                    ]
                },
                {
                    "category": "lane/double white",
                    "id": 20,
                    "attributes": {
                        "direction": "parallel",
                        "style": "dashed"
                    },
                    "poly2d": [
                        [
                            630.521056,
                            299.273686,
                            "L"
                        ],
                        [
                            968.163163,
                            544.831582,
                            "L"
                        ]
                    ]
                },
                {
                    "category": "lane/single white",
                    "id": 21,
                    "attributes": {
                        "direction": "parallel",
                        "style": "dashed"
                    },
                    "poly2d": [
                        [
                            534.600003,
                            319.736844,
                            "L"
                        ],
                        [
                            180.33158,
                            542.273687,
                            "L"
                        ]
                    ]
                },
                {
                    "category": "lane/single white",
                    "id": 22,
                    "attributes": {
                        "direction": "parallel",
                        "style": "dashed"
                    },
                    "poly2d": [
                        [
                            543.552634,
                            319.736844,
                            "L"
                        ],
                        [
                            216.142106,
                            539.715792,
                            "L"
                        ]
                    ]
                }
            ]
        }
    ],
    "attributes": {
        "weather": "clear",
        "scene": "highway",
        "timeofday": "night"
    }
}