{
    "name": "0a006b7b-3e22a8a2",
    "frames": [
        {
            "timestamp": 10000,
            "objects": [
                {
                    "category": "traffic sign",
                    "id": 0,
                    "attributes": {
                        "occluded": false,
                        "truncated": false,
                        "trafficLightColor": "none"
                    },
                    "box2d": {
                        "x1": 806.735958,
                        "y1": 182.752883,
                        "x2": 869.169241,
                        "y2": 240.289436
                    }
                },
                {
                    "category": "traffic sign",
                    "id": 1,
                    "attributes": {
                        "occluded": false,
                        "truncated": false,
                        "trafficLightColor": "none"
                    },
                    "box2d": {
                        "x1": 406.428426,
                        "y1": 292.579497,
                        "x2": 433.360429,
                        "y2": 317.063138
                    }
                },
                {
                    "category": "traffic sign",
                    "id": 2,
                    "attributes": {
                        "occluded": false,
                        "truncated": false,
                        "trafficLightColor": "none"
                    },
                    "box2d": {
                        "x1": 411.325153,
                        "y1": 319.511503,
                        "x2": 427.239519,
                        "y2": 329.304959
                    }
                },
                {
                    "category": "traffic sign",
                    "id": 3,
                    "attributes": {
                        "occluded": false,
                        "truncated": false,
                        "trafficLightColor": "none"
                    },
                    "box2d": {
                        "x1": 669.627555,
                        "y1": 297.476226,
                        "x2": 697.783741,
                        "y2": 320.735684
                    }
                },
                {
                    "category": "traffic sign",
                    "id": 4,
                    "attributes": {
                        "occluded": false,
                        "truncated": false,
                        "trafficLightColor": "none"
                    },
                    "box2d": {
                        "x1": 679.421011,
                        "y1": 323.184049,
                        "x2": 692.887014,
                        "y2": 331.753322
                    }
                },
                {
                    "category": "traffic sign",
                    "id": 5,
                    "attributes": {
                        "occluded": false,
                        "truncated": false,
                        "trafficLightColor": "none"
                    },
                    "box2d": {
                        "x1": 648.816462,
                        "y1": 298.700408,
                        "x2": 661.058281,
                        "y2": 326.856595
                    }
                },
                {
                    "category": "traffic sign",
                    "id": 6,
                    "attributes": {
                        "occluded": false,
                        "truncated": false,
                        "trafficLightColor": "none"
                    },
                    "box2d": {
                        "x1": 605.970091,
                        "y1": 297.476226,
                        "x2": 637.798824,
                        "y2": 328.080776
                    }
                },
                {
                    "category": "traffic sign",
                    "id": 7,
                    "attributes": {
                        "occluded": true,
                        "truncated": false,
                        "trafficLightColor": "none"
                    },
                    "box2d": {
                        "x1": 544.760992,
                        "y1": 297.476226,
                        "x2": 587.607361,
                        "y2": 330.529141
                    }
                },
                {
                    "category": "car",
                    "id": 8,
                    "attributes": {
                        "occluded": true,
                        "truncated": false,
                        "trafficLightColor": "none"
                    },
                    "box2d": {
                        "x1": 612.091001,
                        "y1": 358.685326,
                        "x2": 624.332821,
                        "y2": 366.030418
                    }
                },
                {
                    "category": "car",
                    "id": 9,
                    "attributes": {
                        "occluded": true,
                        "truncated": false,
                        "trafficLightColor": "none"
                    },
                    "box2d": {
                        "x1": 605.970091,
                        "y1": 361.13369,
                        "x2": 613.315183,
                        "y2": 372.151328
                    }
                },
                {
                    "category": "truck",
                    "id": 10,
                    "attributes": {
                        "occluded": true,
                        "truncated": false,
                        "trafficLightColor": "none"
                    },
                    "box2d": {
                        "x1": 545.985173,
                        "y1": 337.874233,
                        "x2": 570.468814,
                        "y2": 373.375511
                    }
                },
                {
                    "category": "truck",
                    "id": 11,
                    "attributes": {
                        "occluded": false,
                        "truncated": false,
                        "trafficLightColor": "none"
                    },
                    "box2d": {
                        "x1": 455.395705,
                        "y1": 286.458588,
                        "x2": 548.433538,
                        "y2": 397.859151
                    }
                },
                {
                    "category": "car",
                    "id": 12,
                    "attributes": {
                        "occluded": false,
                        "truncated": false,
                        "trafficLightColor": "none"
                    },
                    "box2d": {
                        "x1": 585.158998,
                        "y1": 358.685326,
                        "x2": 605.970092,
                        "y2": 375.823874
                    }
                },
                {
                    "category": "car",
                    "id": 13,
                    "attributes": {
                        "occluded": true,
                        "truncated": false,
                        "trafficLightColor": "none"
                    },
                    "box2d": {
                        "x1": 396.634969,
                        "y1": 356.645026,
                        "x2": 440.705521,
                        "y2": 383.57703
                    }
                },
                {
                    "category": "car",
                    "id": 14,
                    "attributes": {
                        "occluded": true,
                        "truncated": false,
                        "trafficLightColor": "none"
                    },
                    "box2d": {
                        "x1": 178.730572,
                        "y1": 358.277272,
                        "x2": 276.665132,
                        "y2": 413.365462
                    }
                },
                {
                    "category": "car",
                    "id": 15,
                    "attributes": {
                        "occluded": false,
                        "truncated": true,
                        "trafficLightColor": "none"
                    },
                    "box2d": {
                        "x1": 0,
                        "y1": 349.503961,
                        "x2": 213.007668,
                        "y2": 486.612345
                    }
                },
                {
                    "category": "traffic light",
                    "id": 16,
                    "attributes": {
                        "occluded": false,
                        "truncated": false,
                        "trafficLightColor": "red"
                    },
                    "box2d": {
                        "x1": 670.851736,
                        "y1": 273.604677,
                        "x2": 683.093556,
                        "y2": 288.294861
                    }
                },
                {
                    "category": "area/drivable",
                    "id": 17,
                    "attributes": {},
                    "poly2d": [
                        [
                            227.67761,
                            605.284791,
                            "L"
                        ],
                        [
                            519.413973,
                            582.109472,
                            "C"
                        ],
                        [
                            772.979223,
                            608.011299,
                            "C"
                        ],
                        [
                            1037.450505,
                            651.635428,
                            "C"
                        ],
                        [
                            625.435834,
                            384.388775,
                            "L"
                        ],
                        [
                            568.491118,
                            384.437638,
                            "L"
                        ],
                        [
                            227.67761,
                            605.284791,
                            "L"
                        ]
                    ]
                },
                {
                    "category": "area/alternative",
                    "id": 18,
                    "attributes": {},
                    "poly2d": [
                        [
                            1280.095536,
                            580.746218,
                            "L"
                        ],
                        [
                            693.910489,
                            392.617161,
                            "L"
                        ],
                        [
                            662.555647,
                            398.070178,
                            "L"
                        ],
                        [
                            1094.707175,
                            662.54146,
                            "L"
                        ],
                        [
                            1169.686147,
                            659.814951,
                            "C"
                        ],
                        [
                            1244.665119,
                            681.627015,
                            "C"
                        ],
                        [
                            1280.095536,
                            695.259557,
                            "C"
                        ],
                        [
                            1280.095536,
                            580.746218,
                            "L"
                        ]
                    ]
                },
                {
                    "category": "area/alternative",
                    "id": 19,
                    "attributes": {},
                    "poly2d": [
                        [
                            0,
                            519.399786,
                            "L"
                        ],
                        [
                            432.165714,
                            403.523194,
                            "L"
                        ],
                        [
                            504.418179,
                            414.429227,
                            "L"
                        ],
                        [
                            205.865544,
                            602.558284,
                            "L"
                        ],
                        [
                            154.061891,
                            614.827569,
                            "C"
                        ],
                        [
                            46.364823,
                            598.46852,
                            "C"
                        ],
                        [
                            0,
                            639.366141,
                            "C"
                        ],
                        [
                            0,
                            519.399786,
                            "L"
                        ]
                    ]
                },
                {
                    "category": "lane/road curb",
                    "id": 20,
                    "attributes": {
                        "direction": "parallel",
                        "style": "solid"
                    },
                    "poly2d": [
                        [
                            213.78002,
                            432.554901,
                            "L"
                        ],
                        [
                            397.590879,
                            398.589851,
                            "L"
                        ]
                    ]
                },
                {
                    "category": "lane/road curb",
                    "id": 21,
                    "attributes": {
                        "direction": "parallel",
                        "style": "solid"
                    },
                    "poly2d": [
                        [
                            661.319502,
                            379.609382,
                            "L"
                        ],
                        [
                            1277.685262,
                            577.405849,
                            "L"
                        ]
                    ]
                },
                {
                    "category": "lane/single white",
                    "id": 22,
                    "attributes": {
                        "direction": "parallel",
                        "style": "solid"
                    },
                    "poly2d": [
                        [
                            638.343145,
                            361.627885,
                            "C"
                        ],
                        [
                            657.323614,
                            416.571348,
                            "C"
                        ],
                        [
                            638.343145,
                            386.602186,
                            "C"
                        ],
                        [
                            1071.897018,
                            655.32567,
                            "L"
                        ]
                    ]
                },
                {
                    "category": "lane/single white",
                    "id": 23,
                    "attributes": {
                        "direction": "parallel",
                        "style": "solid"
                    },
                    "poly2d": [
                        [
                            633.348285,
                            365.623773,
                            "C"
                        ],
                        [
                            638.343145,
                            416.571348,
                            "C"
                        ],
                        [
                            720.258854,
                            430.556957,
                            "C"
                        ],
                        [
                            1026.943275,
                            646.334921,
                            "L"
                        ]
                    ]
                },
                {
                    "category": "lane/single white",
                    "id": 24,
                    "attributes": {
                        "direction": "parallel",
                        "style": "dashed"
                    },
                    "poly2d": [
                        [
                            570.413045,
                            379.609382,
                            "L"
                        ],
                        [
                            226.766657,
                            612.369871,
                            "L"
                        ]
                    ]
                },
                {
                    "category": "lane/single white",
                    "id": 25,
                    "attributes": {
                        "direction": "parallel",
                        "style": "dashed"
                    },
                    "poly2d": [
                        [
                            560.423324,
                            379.609382,
                            "L"
                        ],
                        [
                            206.787216,
                            615.366788,
                            "L"
                        ]
                    ]
                },
                {
                    "category": "lane/single white",
                    "id": 26,
                    "attributes": {
                        "direction": "parallel",
                        "style": "dashed"
                    },
                    "poly2d": [
                        [
                            446.54051,
                            396.591907,
                            "L"
                        ],
                        [
                            210.783104,
                            450.536398,
                            "L"
                        ]
                    ]
                }
            ]
        }
    ],
    "attributes": {
        "weather": "clear",
        "scene": "highway",
        "timeofday": "night"
    }
}