{
    "name": "0a006b7b-c22407a2",
    "frames": [
        {
            "timestamp": 10000,
            "objects": [
                {
                    "category": "car",
                    "id": 0,
                    "attributes": {
                        "occluded": true,
                        "truncated": false,
                        "trafficLightColor": "none"
                    },
                    "box2d": {
                        "x1": 566.999802,
                        "y1": 256.69276,
                        "x2": 585.899794,
                        "y2": 268.842757
                    }
                },
                {
                    "category": "car",
                    "id": 1,
                    "attributes": {
                        "occluded": true,
                        "truncated": false,
                        "trafficLightColor": "none"
                    },
                    "box2d": {
                        "x1": 572.399799,
                        "y1": 258.04276,
                        "x2": 612.899783,
                        "y2": 294.492747
                    }
                },
                {
                    "category": "car",
                    "id": 2,
                    "attributes": {
                        "occluded": false,
                        "truncated": false,
                        "trafficLightColor": "none"
                    },
                    "box2d": {
                        "x1": 476.549832,
                        "y1": 256.885622,
                        "x2": 553.499805,
                        "y2": 312.235602
                    }
                },
                {
                    "category": "car",
                    "id": 3,
                    "attributes": {
                        "occluded": true,
                        "truncated": false,
                        "trafficLightColor": "none"
                    },
                    "box2d": {
                        "x1": 379.349867,
                        "y1": 258.235622,
                        "x2": 418.499854,
                        "y2": 293.335611
                    }
                },
                {
                    "category": "car",
                    "id": 4,
                    "attributes": {
                        "occluded": true,
                        "truncated": false,
                        "trafficLightColor": "none"
                    },
                    "box2d": {
                        "x1": 260.549908,
                        "y1": 269.035617,
                        "x2": 336.149881,
                        "y2": 296.035608
                    }
                },
                {
                    "category": "car",
                    "id": 5,
                    "attributes": {
                        "occluded": true,
                        "truncated": false,
                        "trafficLightColor": "none"
                    },
                    "box2d": {
                        "x1": 45.899985,
                        "y1": 242.035629,
                        "x2": 198.449931,
                        "y2": 312.235603
                    }
                },
                {
                    "category": "car",
                    "id": 6,
                    "attributes": {
                        "occluded": true,
                        "truncated": false,
                        "trafficLightColor": "none"
                    },
                    "box2d": {
                        "x1": 809.03544,
                        "y1": 259.778479,
                        "x2": 840.085429,
                        "y2": 277.328471
                    }
                },
                {
                    "category": "car",
                    "id": 7,
                    "attributes": {
                        "occluded": true,
                        "truncated": false,
                        "trafficLightColor": "none"
                    },
                    "box2d": {
                        "x1": 836.03543,
                        "y1": 248.978483,
                        "x2": 883.285414,
                        "y2": 296.228466
                    }
                },
                {
                    "category": "car",
                    "id": 8,
                    "attributes": {
                        "occluded": true,
                        "truncated": false,
                        "trafficLightColor": "none"
                    },
                    "box2d": {
                        "x1": 845.485427,
                        "y1": 253.028482,
                        "x2": 935.935396,
                        "y2": 316.478457
                    }
                },
                {
                    "category": "car",
                    "id": 9,
                    "attributes": {
                        "occluded": false,
                        "truncated": false,
                        "trafficLightColor": "none"
                    },
                    "box2d": {
                        "x1": 599.39979,
                        "y1": 248.785624,
                        "x2": 803.249718,
                        "y2": 425.635565
                    }
                },
                {
                    "category": "traffic sign",
                    "id": 10,
                    "attributes": {
                        "occluded": false,
                        "truncated": false,
                        "trafficLightColor": "none"
                    },
                    "box2d": {
                        "x1": 471.149835,
                        "y1": 109.735675,
                        "x2": 600.74979,
                        "y2": 177.235651
                    }
                },
                {
                    "category": "traffic sign",
                    "id": 11,
                    "attributes": {
                        "occluded": false,
                        "truncated": false,
                        "trafficLightColor": "none"
                    },
                    "box2d": {
                        "x1": 670.949765,
                        "y1": 135.385665,
                        "x2": 777.599728,
                        "y2": 169.135655
                    }
                },
                {
                    "category": "traffic sign",
                    "id": 12,
                    "attributes": {
                        "occluded": false,
                        "truncated": false,
                        "trafficLightColor": "none"
                    },
                    "box2d": {
                        "x1": 647.999773,
                        "y1": 227.185633,
                        "x2": 669.599766,
                        "y2": 256.885622
                    }
                },
                {
                    "category": "traffic sign",
                    "id": 13,
                    "attributes": {
                        "occluded": false,
                        "truncated": false,
                        "trafficLightColor": "none"
                    },
                    "box2d": {
                        "x1": 764.099733,
                        "y1": 190.735646,
                        "x2": 777.599728,
                        "y2": 212.335638
                    }
                },
                {
                    "category": "traffic sign",
                    "id": 14,
                    "attributes": {
                        "occluded": false,
                        "truncated": false,
                        "trafficLightColor": "none"
                    },
                    "box2d": {
                        "x1": 712.799751,
                        "y1": 170.485653,
                        "x2": 741.149741,
                        "y2": 186.685647
                    }
                },
                {
                    "category": "traffic sign",
                    "id": 15,
                    "attributes": {
                        "occluded": false,
                        "truncated": false,
                        "trafficLightColor": "none"
                    },
                    "box2d": {
                        "x1": 777.98545,
                        "y1": 189.385648,
                        "x2": 810.38544,
                        "y2": 224.485634
                    }
                },
                {
                    "category": "traffic sign",
                    "id": 16,
                    "attributes": {
                        "occluded": false,
                        "truncated": false,
                        "trafficLightColor": "none"
                    },
                    "box2d": {
                        "x1": 786.085448,
                        "y1": 224.485634,
                        "x2": 803.635443,
                        "y2": 251.485625
                    }
                },
                {
                    "category": "traffic sign",
                    "id": 17,
                    "attributes": {
                        "occluded": false,
                        "truncated": false,
                        "trafficLightColor": "none"
                    },
                    "box2d": {
                        "x1": 784.735446,
                        "y1": 251.485625,
                        "x2": 804.985439,
                        "y2": 264.98562
                    }
                },
                {
                    "category": "traffic sign",
                    "id": 18,
                    "attributes": {
                        "occluded": false,
                        "truncated": false,
                        "trafficLightColor": "none"
                    },
                    "box2d": {
                        "x1": 872.485417,
                        "y1": 209.635639,
                        "x2": 883.285414,
                        "y2": 236.635629
                    }
                },
                {
                    "category": "traffic light",
                    "id": 19,
                    "attributes": {
                        "occluded": false,
                        "truncated": false,
                        "trafficLightColor": "green"
                    },
                    "box2d": {
                        "x1": 588.599795,
                        "y1": 235.092769,
                        "x2": 600.749792,
                        "y2": 247.242766
                    }
                },
                {
                    "category": "traffic sign",
                    "id": 20,
                    "attributes": {
                        "occluded": true,
                        "truncated": false,
                        "trafficLightColor": "none"
                    },
                    "box2d": {
                        "x1": 20.249993,
                        "y1": 220.435635,
                        "x2": 45.899983,
                        "y2": 247.435626
                    }
                },
                {
                    "category": "traffic sign",
                    "id": 21,
                    "attributes": {
                        "occluded": false,
                        "truncated": false,
                        "trafficLightColor": "none"
                    },
                    "box2d": {
                        "x1": 914.323865,
                        "y1": 48.028262,
                        "x2": 1034.394535,
                        "y2": 192.87542
                    }
                },
                {
                    "category": "area/alternative",
                    "id": 22,
                    "attributes": {},
                    "poly2d": [
                        [
                            0,
                            428.339288,
                            "L"
                        ],
                        [
                            449.930372,
                            307.620641,
                            "L"
                        ],
                        [
                            515.958765,
                            319.904993,
                            "L"
                        ],
                        [
                            199.20833,
                            534.675263,
                            "L"
                        ],
                        [
                            0,
                            566.126748,
                            "L"
                        ],
                        [
                            0,
                            428.339288,
                            "L"
                        ]
                    ]
                },
                {
                    "category": "area/drivable",
                    "id": 23,
                    "attributes": {},
                    "poly2d": [
                        [
                            957.039376,
                            539.168332,
                            "L"
                        ],
                        [
                            843.21495,
                            434.330047,
                            "L"
                        ],
                        [
                            392.410316,
                            425.343907,
                            "L"
                        ],
                        [
                            226.166746,
                            536.172953,
                            "L"
                        ],
                        [
                            473.285567,
                            506.219157,
                            "C"
                        ],
                        [
                            807.270394,
                            516.702986,
                            "C"
                        ],
                        [
                            957.039376,
                            539.168332,
                            "C"
                        ]
                    ]
                },
                {
                    "category": "lane/road curb",
                    "id": 24,
                    "attributes": {
                        "direction": "parallel",
                        "style": "solid"
                    },
                    "poly2d": [
                        [
                            1079.100299,
                            567.624014,
                            "C"
                        ],
                        [
                            992.9832,
                            498.730334,
                            "C"
                        ],
                        [
                            858.940062,
                            405.873635,
                            "C"
                        ],
                        [
                            851.451617,
                            357.947596,
                            "L"
                        ]
                    ]
                },
                {
                    "category": "lane/single white",
                    "id": 25,
                    "attributes": {
                        "direction": "parallel",
                        "style": "solid"
                    },
                    "poly2d": [
                        [
                            855.19584,
                            345.966088,
                            "C"
                        ],
                        [
                            800.530203,
                            375.919861,
                            "C"
                        ],
                        [
                            836.47473,
                            408.869013,
                            "C"
                        ],
                        [
                            1019.941596,
                            557.889039,
                            "L"
                        ]
                    ]
                },
                {
                    "category": "lane/single white",
                    "id": 26,
                    "attributes": {
                        "direction": "parallel",
                        "style": "solid"
                    },
                    "poly2d": [
                        [
                            846.958553,
                            342.221866,
                            "C"
                        ],
                        [
                            797.534825,
                            379.664083,
                            "C"
                        ],
                        [
                            822.995533,
                            417.855144,
                            "C"
                        ],
                        [
                            972.764401,
                            549.651749,
                            "L"
                        ]
                    ]
                },
                {
                    "category": "lane/single white",
                    "id": 27,
                    "attributes": {
                        "direction": "parallel",
                        "style": "solid"
                    },
                    "poly2d": [
                        [
                            417.870743,
                            313.016937,
                            "L"
                        ],
                        [
                            0,
                            418.603989,
                            "L"
                        ]
                    ]
                },
                {
                    "category": "lane/single white",
                    "id": 28,
                    "attributes": {
                        "direction": "parallel",
                        "style": "solid"
                    },
                    "poly2d": [
                        [
                            420.117276,
                            318.258847,
                            "L"
                        ],
                        [
                            0,
                            424.594744,
                            "L"
                        ]
                    ]
                },
                {
                    "category": "lane/single white",
                    "id": 29,
                    "attributes": {
                        "direction": "parallel",
                        "style": "solid"
                    },
                    "poly2d": [
                        [
                            556.406945,
                            306.277338,
                            "C"
                        ],
                        [
                            522.70895,
                            307.026183,
                            "C"
                        ],
                        [
                            474.782912,
                            358.696441,
                            "C"
                        ],
                        [
                            192.468594,
                            540.665618,
                            "L"
                        ]
                    ]
                },
                {
                    "category": "lane/single white",
                    "id": 30,
                    "attributes": {
                        "direction": "parallel",
                        "style": "solid"
                    },
                    "poly2d": [
                        [
                            553.411569,
                            310.021559,
                            "C"
                        ],
                        [
                            529.448549,
                            307.026183,
                            "C"
                        ],
                        [
                            492.755177,
                            355.701063,
                            "C"
                        ],
                        [
                            217.180457,
                            541.414462,
                            "L"
                        ]
                    ]
                },
                {
                    "category": "lane/single white",
                    "id": 31,
                    "attributes": {
                        "direction": "parallel",
                        "style": "solid"
                    },
                    "poly2d": [
                        [
                            810.265179,
                            295.793517,
                            "C"
                        ],
                        [
                            842.465486,
                            307.026183,
                            "C"
                        ],
                        [
                            818.502467,
                            306.277338,
                            "C"
                        ],
                        [
                            791.544071,
                            310.770404,
                            "L"
                        ]
                    ]
                },
                {
                    "category": "lane/single white",
                    "id": 32,
                    "attributes": {
                        "direction": "parallel",
                        "style": "solid"
                    },
                    "poly2d": [
                        [
                            817.004779,
                            292.049296,
                            "C"
                        ],
                        [
                            843.963175,
                            307.775026,
                            "C"
                        ],
                        [
                            831.981666,
                            307.026183,
                            "C"
                        ],
                        [
                            792.292916,
                            316.761158,
                            "L"
                        ]
                    ]
                }
            ]
        }
    ],
    "attributes": {
        "weather": "clear",
        "scene": "city street",
        "timeofday": "night"
    }
}