{
    "name": "0a006b7b-8b98f153",
    "frames": [
        {
            "timestamp": 10000,
            "objects": [
                {
                    "category": "traffic light",
                    "id": 0,
                    "attributes": {
                        "occluded": false,
                        "truncated": false,
                        "trafficLightColor": "green"
                    },
                    "box2d": {
                        "x1": 435.841307,
                        "y1": 328.156202,
                        "x2": 451.710689,
                        "y2": 347.992933
                    }
                },
                {
                    "category": "traffic light",
                    "id": 1,
                    "attributes": {
                        "occluded": false,
                        "truncated": false,
                        "trafficLightColor": "green"
                    },
                    "box2d": {
                        "x1": 671.237176,
                        "y1": 344.025586,
                        "x2": 684.461662,
                        "y2": 363.862319
                    }
                },
                {
                    "category": "traffic light",
                    "id": 2,
                    "attributes": {
                        "occluded": false,
                        "truncated": false,
                        "trafficLightColor": "red"
                    },
                    "box2d": {
                        "x1": 628.918819,
                        "y1": 375.764357,
                        "x2": 639.498408,
                        "y2": 390.311292
                    }
                },
                {
                    "category": "traffic light",
                    "id": 3,
                    "attributes": {
                        "occluded": false,
                        "truncated": false,
                        "trafficLightColor": "red"
                    },
                    "box2d": {
                        "x1": 561.800265,
                        "y1": 380.658595,
                        "x2": 575.024752,
                        "y2": 393.883082
                    }
                },
                {
                    "category": "person",
                    "id": 4,
                    "attributes": {
                        "occluded": true,
                        "truncated": false,
                        "trafficLightColor": "none"
                    },
                    "box2d": {
                        "x1": 897.281442,
                        "y1": 415.910117,
                        "x2": 910.505928,
                        "y2": 458.228474
                    }
                },
                {
                    "category": "traffic light",
                    "id": 5,
                    "attributes": {
                        "occluded": false,
                        "truncated": false,
                        "trafficLightColor": "green"
                    },
                    "box2d": {
                        "x1": 371.16727,
                        "y1": 370.726452,
                        "x2": 387.036652,
                        "y2": 394.530527
                    }
                },
                {
                    "category": "traffic sign",
                    "id": 6,
                    "attributes": {
                        "occluded": false,
                        "truncated": false,
                        "trafficLightColor": "none"
                    },
                    "box2d": {
                        "x1": 367.640737,
                        "y1": 341.85299,
                        "x2": 386.155019,
                        "y2": 352.43258
                    }
                },
                {
                    "category": "traffic sign",
                    "id": 7,
                    "attributes": {
                        "occluded": false,
                        "truncated": false,
                        "trafficLightColor": "none"
                    },
                    "box2d": {
                        "x1": 787.61266,
                        "y1": 332.690317,
                        "x2": 806.126941,
                        "y2": 351.204597
                    }
                },
                {
                    "category": "car",
                    "id": 8,
                    "attributes": {
                        "occluded": true,
                        "truncated": false,
                        "trafficLightColor": "none"
                    },
                    "box2d": {
                        "x1": 472.869868,
                        "y1": 409.770181,
                        "x2": 507.253534,
                        "y2": 440.186502
                    }
                },
                {
                    "category": "car",
                    "id": 9,
                    "attributes": {
                        "occluded": true,
                        "truncated": false,
                        "trafficLightColor": "none"
                    },
                    "box2d": {
                        "x1": 357.816833,
                        "y1": 407.125283,
                        "x2": 404.102538,
                        "y2": 450.766091
                    }
                },
                {
                    "category": "car",
                    "id": 10,
                    "attributes": {
                        "occluded": true,
                        "truncated": false,
                        "trafficLightColor": "none"
                    },
                    "box2d": {
                        "x1": 200.445439,
                        "y1": 415.059976,
                        "x2": 252.020938,
                        "y2": 449.443642
                    }
                },
                {
                    "category": "car",
                    "id": 11,
                    "attributes": {
                        "occluded": true,
                        "truncated": false,
                        "trafficLightColor": "none"
                    },
                    "box2d": {
                        "x1": 125.632626,
                        "y1": 409.959098,
                        "x2": 199.689755,
                        "y2": 450.955006
                    }
                },
                {
                    "category": "car",
                    "id": 12,
                    "attributes": {
                        "occluded": false,
                        "truncated": false,
                        "trafficLightColor": "none"
                    },
                    "box2d": {
                        "x1": 628.918819,
                        "y1": 406.180678,
                        "x2": 652.722894,
                        "y2": 423.372511
                    }
                },
                {
                    "category": "car",
                    "id": 13,
                    "attributes": {
                        "occluded": false,
                        "truncated": false,
                        "trafficLightColor": "none"
                    },
                    "box2d": {
                        "x1": 611.726982,
                        "y1": 411.09263,
                        "x2": 635.531057,
                        "y2": 432.251809
                    }
                },
                {
                    "category": "car",
                    "id": 14,
                    "attributes": {
                        "occluded": false,
                        "truncated": false,
                        "trafficLightColor": "none"
                    },
                    "box2d": {
                        "x1": 582.633112,
                        "y1": 412.415079,
                        "x2": 605.11474,
                        "y2": 429.606911
                    }
                },
                {
                    "category": "car",
                    "id": 15,
                    "attributes": {
                        "occluded": true,
                        "truncated": false,
                        "trafficLightColor": "none"
                    },
                    "box2d": {
                        "x1": 598.502498,
                        "y1": 408.44773,
                        "x2": 613.049433,
                        "y2": 420.34977
                    }
                },
                {
                    "category": "car",
                    "id": 16,
                    "attributes": {
                        "occluded": true,
                        "truncated": false,
                        "trafficLightColor": "none"
                    },
                    "box2d": {
                        "x1": 558.829037,
                        "y1": 413.737527,
                        "x2": 570.731076,
                        "y2": 429.606911
                    }
                },
                {
                    "category": "car",
                    "id": 17,
                    "attributes": {
                        "occluded": false,
                        "truncated": false,
                        "trafficLightColor": "none"
                    },
                    "box2d": {
                        "x1": 536.347408,
                        "y1": 409.770181,
                        "x2": 560.151483,
                        "y2": 429.606913
                    }
                },
                {
                    "category": "car",
                    "id": 18,
                    "attributes": {
                        "occluded": false,
                        "truncated": false,
                        "trafficLightColor": "none"
                    },
                    "box2d": {
                        "x1": 388.233154,
                        "y1": 408.44773,
                        "x2": 482.127012,
                        "y2": 469.280373
                    }
                },
                {
                    "category": "car",
                    "id": 19,
                    "attributes": {
                        "occluded": false,
                        "truncated": false,
                        "trafficLightColor": "none"
                    },
                    "box2d": {
                        "x1": 279.79236,
                        "y1": 399.190592,
                        "x2": 380.298461,
                        "y2": 469.280375
                    }
                },
                {
                    "category": "car",
                    "id": 20,
                    "attributes": {
                        "occluded": false,
                        "truncated": false,
                        "trafficLightColor": "none"
                    },
                    "box2d": {
                        "x1": 741.546583,
                        "y1": 402.024405,
                        "x2": 819.571056,
                        "y2": 469.46929
                    }
                },
                {
                    "category": "car",
                    "id": 21,
                    "attributes": {
                        "occluded": false,
                        "truncated": false,
                        "trafficLightColor": "none"
                    },
                    "box2d": {
                        "x1": 648.975172,
                        "y1": 407.314198,
                        "x2": 725.677197,
                        "y2": 468.146839
                    }
                },
                {
                    "category": "car",
                    "id": 22,
                    "attributes": {
                        "occluded": false,
                        "truncated": false,
                        "trafficLightColor": "none"
                    },
                    "box2d": {
                        "x1": 994.240988,
                        "y1": 418.648934,
                        "x2": 1207.155229,
                        "y2": 519.155036
                    }
                },
                {
                    "category": "traffic sign",
                    "id": 23,
                    "attributes": {
                        "occluded": false,
                        "truncated": false,
                        "trafficLightColor": "none"
                    },
                    "box2d": {
                        "x1": 899.705926,
                        "y1": 330.171354,
                        "x2": 919.542655,
                        "y2": 340.750943
                    }
                },
                {
                    "category": "person",
                    "id": 24,
                    "attributes": {
                        "occluded": true,
                        "truncated": false,
                        "trafficLightColor": "none"
                    },
                    "box2d": {
                        "x1": 978.423121,
                        "y1": 410.148022,
                        "x2": 994.292504,
                        "y2": 436.596997
                    }
                },
                {
                    "category": "area/drivable",
                    "id": 25,
                    "attributes": {},
                    "poly2d": [
                        [
                            563.560629,
                            438.141881,
                            "L"
                        ],
                        [
                            0,
                            720.170138,
                            "L"
                        ],
                        [
                            204.243332,
                            688.435554,
                            "C"
                        ],
                        [
                            462.214724,
                            662.331306,
                            "C"
                        ],
                        [
                            726.328293,
                            688.435554,
                            "C"
                        ],
                        [
                            601.949229,
                            439.677425,
                            "L"
                        ],
                        [
                            563.560629,
                            438.141881,
                            "L"
                        ]
                    ]
                },
                {
                    "category": "area/alternative",
                    "id": 26,
                    "attributes": {},
                    "poly2d": [
                        [
                            629.589021,
                            474.994937,
                            "L"
                        ],
                        [
                            744.754821,
                            473.459393,
                            "L"
                        ],
                        [
                            1280.6437,
                            682.293378,
                            "L"
                        ],
                        [
                            1280.6437,
                            720.170138,
                            "L"
                        ],
                        [
                            1068.754606,
                            700.719906,
                            "C"
                        ],
                        [
                            936.697822,
                            688.435554,
                            "C"
                        ],
                        [
                            737.077101,
                            686.90001,
                            "C"
                        ],
                        [
                            629.589021,
                            474.994937,
                            "L"
                        ]
                    ]
                },
                {
                    "category": "area/alternative",
                    "id": 27,
                    "attributes": {},
                    "poly2d": [
                        [
                            824.603109,
                            470.388305,
                            "L"
                        ],
                        [
                            1280.6437,
                            574.805298,
                            "L"
                        ],
                        [
                            1280.6437,
                            673.080114,
                            "L"
                        ],
                        [
                            787.750053,
                            482.672657,
                            "L"
                        ],
                        [
                            824.603109,
                            470.388305,
                            "L"
                        ]
                    ]
                },
                {
                    "category": "area/alternative",
                    "id": 28,
                    "attributes": {},
                    "poly2d": [
                        [
                            383.90198,
                            471.923849,
                            "L"
                        ],
                        [
                            0,
                            559.449858,
                            "L"
                        ],
                        [
                            0,
                            709.93317,
                            "L"
                        ],
                        [
                            437.64602,
                            493.421465,
                            "L"
                        ],
                        [
                            383.90198,
                            471.923849,
                            "L"
                        ]
                    ]
                },
                {
                    "category": "area/alternative",
                    "id": 29,
                    "attributes": {},
                    "poly2d": [
                        [
                            264.129548,
                            464.246129,
                            "L"
                        ],
                        [
                            0,
                            501.099185,
                            "L"
                        ],
                        [
                            0,
                            547.165506,
                            "L"
                        ],
                        [
                            304.053692,
                            484.208201,
                            "L"
                        ],
                        [
                            264.129548,
                            464.246129,
                            "L"
                        ]
                    ]
                },
                {
                    "category": "lane/crosswalk",
                    "id": 30,
                    "attributes": {
                        "direction": "vertical",
                        "style": "dashed"
                    },
                    "poly2d": [
                        [
                            476.03462,
                            457.592113,
                            "L"
                        ],
                        [
                            649.551093,
                            457.592113,
                            "L"
                        ]
                    ]
                },
                {
                    "category": "lane/crosswalk",
                    "id": 31,
                    "attributes": {
                        "direction": "vertical",
                        "style": "dashed"
                    },
                    "poly2d": [
                        [
                            641.873373,
                            449.914393,
                            "L"
                        ],
                        [
                            483.71234,
                            449.914393,
                            "L"
                        ]
                    ]
                },
                {
                    "category": "lane/crosswalk",
                    "id": 32,
                    "attributes": {
                        "direction": "vertical",
                        "style": "dashed"
                    },
                    "poly2d": [
                        [
                            644.944461,
                            443.772217,
                            "L"
                        ],
                        [
                            485.247884,
                            442.236673,
                            "L"
                        ]
                    ]
                },
                {
                    "category": "lane/single white",
                    "id": 33,
                    "attributes": {
                        "direction": "parallel",
                        "style": "dashed"
                    },
                    "poly2d": [
                        [
                            511.352132,
                            463.734289,
                            "L"
                        ],
                        [
                            32.262403,
                            690.994802,
                            "L"
                        ]
                    ]
                },
                {
                    "category": "lane/single white",
                    "id": 34,
                    "attributes": {
                        "direction": "parallel",
                        "style": "dashed"
                    },
                    "poly2d": [
                        [
                            624.982389,
                            472.947553,
                            "L"
                        ],
                        [
                            735.541557,
                            677.174906,
                            "L"
                        ]
                    ]
                },
                {
                    "category": "lane/single white",
                    "id": 35,
                    "attributes": {
                        "direction": "parallel",
                        "style": "dashed"
                    },
                    "poly2d": [
                        [
                            614.233581,
                            472.947553,
                            "L"
                        ],
                        [
                            729.399381,
                            681.781538,
                            "L"
                        ]
                    ]
                },
                {
                    "category": "lane/single white",
                    "id": 36,
                    "attributes": {
                        "direction": "parallel",
                        "style": "dashed"
                    },
                    "poly2d": [
                        [
                            747.825909,
                            476.018642,
                            "L"
                        ],
                        [
                            1245.342167,
                            651.070658,
                            "L"
                        ]
                    ]
                },
                {
                    "category": "lane/single white",
                    "id": 37,
                    "attributes": {
                        "direction": "parallel",
                        "style": "dashed"
                    },
                    "poly2d": [
                        [
                            390.196975,
                            466.040888,
                            "L"
                        ],
                        [
                            0,
                            556.853994,
                            "L"
                        ]
                    ]
                },
                {
                    "category": "lane/single white",
                    "id": 38,
                    "attributes": {
                        "direction": "parallel",
                        "style": "solid"
                    },
                    "poly2d": [
                        [
                            859.920622,
                            477.554186,
                            "L"
                        ],
                        [
                            1280.6437,
                            571.22237,
                            "L"
                        ]
                    ]
                },
                {
                    "category": "lane/single white",
                    "id": 39,
                    "attributes": {
                        "direction": "parallel",
                        "style": "solid"
                    },
                    "poly2d": [
                        [
                            231.883124,
                            474.483097,
                            "L"
                        ],
                        [
                            0,
                            540.51149,
                            "L"
                        ]
                    ]
                },
                {
                    "category": "lane/road curb",
                    "id": 40,
                    "attributes": {
                        "direction": "parallel",
                        "style": "solid"
                    },
                    "poly2d": [
                        [
                            277.949444,
                            460.663201,
                            "L"
                        ],
                        [
                            0,
                            497.516258,
                            "L"
                        ]
                    ]
                }
            ]
        }
    ],
    "attributes": {
        "weather": "clear",
        "scene": "city street",
        "timeofday": "night"
    }
}