{
    "name": "0a006b7b-ff7dae0c",
    "frames": [
        {
            "timestamp": 10000,
            "objects": [
                {
                    "category": "car",
                    "id": 0,
                    "attributes": {
                        "occluded": true,
                        "truncated": false,
                        "trafficLightColor": "none"
                    },
                    "box2d": {
                        "x1": 265.679979,
                        "y1": 332.279979,
                        "x2": 345.599971,
                        "y2": 376.559976
                    }
                },
                {
                    "category": "car",
                    "id": 1,
                    "attributes": {
                        "occluded": true,
                        "truncated": false,
                        "trafficLightColor": "none"
                    },
                    "box2d": {
                        "x1": 328.319973,
                        "y1": 327.959981,
                        "x2": 416.879966,
                        "y2": 373.319978
                    }
                },
                {
                    "category": "car",
                    "id": 2,
                    "attributes": {
                        "occluded": true,
                        "truncated": false,
                        "trafficLightColor": "none"
                    },
                    "box2d": {
                        "x1": 579.239965,
                        "y1": 332.279979,
                        "x2": 593.279964,
                        "y2": 341.999979
                    }
                },
                {
                    "category": "car",
                    "id": 3,
                    "attributes": {
                        "occluded": true,
                        "truncated": false,
                        "trafficLightColor": "none"
                    },
                    "box2d": {
                        "x1": 621.359962,
                        "y1": 327.959981,
                        "x2": 631.079961,
                        "y2": 341.999979
                    }
                },
                {
                    "category": "car",
                    "id": 4,
                    "attributes": {
                        "occluded": true,
                        "truncated": false,
                        "trafficLightColor": "none"
                    },
                    "box2d": {
                        "x1": 720.719954,
                        "y1": 325.799979,
                        "x2": 757.43995,
                        "y2": 359.279976
                    }
                },
                {
                    "category": "car",
                    "id": 5,
                    "attributes": {
                        "occluded": true,
                        "truncated": false,
                        "trafficLightColor": "none"
                    },
                    "box2d": {
                        "x1": 750.959951,
                        "y1": 329.039979,
                        "x2": 776.879948,
                        "y2": 366.839977
                    }
                },
                {
                    "category": "car",
                    "id": 6,
                    "attributes": {
                        "occluded": true,
                        "truncated": false,
                        "trafficLightColor": "none"
                    },
                    "box2d": {
                        "x1": 770.39995,
                        "y1": 330.119979,
                        "x2": 847.079943,
                        "y2": 379.799975
                    }
                },
                {
                    "category": "car",
                    "id": 7,
                    "attributes": {
                        "occluded": false,
                        "truncated": false,
                        "trafficLightColor": "none"
                    },
                    "box2d": {
                        "x1": 150.219958,
                        "y1": 331.343976,
                        "x2": 274.319978,
                        "y2": 395.229081
                    }
                },
                {
                    "category": "car",
                    "id": 8,
                    "attributes": {
                        "occluded": true,
                        "truncated": false,
                        "trafficLightColor": "none"
                    },
                    "box2d": {
                        "x1": 492.911954,
                        "y1": 309.509372,
                        "x2": 537.489357,
                        "y2": 352.369227
                    }
                },
                {
                    "category": "car",
                    "id": 9,
                    "attributes": {
                        "occluded": false,
                        "truncated": false,
                        "trafficLightColor": "none"
                    },
                    "box2d": {
                        "x1": 546.911951,
                        "y1": 325.943976,
                        "x2": 577.151946,
                        "y2": 345.383975
                    }
                },
                {
                    "category": "car",
                    "id": 10,
                    "attributes": {
                        "occluded": true,
                        "truncated": false,
                        "trafficLightColor": "none"
                    },
                    "box2d": {
                        "x1": 593.999951,
                        "y1": 321.839974,
                        "x2": 618.839949,
                        "y2": 347.759971
                    }
                },
                {
                    "category": "car",
                    "id": 11,
                    "attributes": {
                        "occluded": false,
                        "truncated": false,
                        "trafficLightColor": "none"
                    },
                    "box2d": {
                        "x1": 633.959951,
                        "y1": 321.839974,
                        "x2": 668.519948,
                        "y2": 350.999971
                    }
                },
                {
                    "category": "car",
                    "id": 12,
                    "attributes": {
                        "occluded": false,
                        "truncated": false,
                        "trafficLightColor": "none"
                    },
                    "box2d": {
                        "x1": 825.119934,
                        "y1": 327.239975,
                        "x2": 951.479923,
                        "y2": 401.75997
                    }
                },
                {
                    "category": "car",
                    "id": 13,
                    "attributes": {
                        "occluded": false,
                        "truncated": true,
                        "trafficLightColor": "none"
                    },
                    "box2d": {
                        "x1": 0,
                        "y1": 346.062833,
                        "x2": 48.599997,
                        "y2": 440.022824
                    }
                },
                {
                    "category": "car",
                    "id": 14,
                    "attributes": {
                        "occluded": false,
                        "truncated": true,
                        "trafficLightColor": "none"
                    },
                    "box2d": {
                        "x1": 1063.182791,
                        "y1": 348.222831,
                        "x2": 1278.102775,
                        "y2": 475.66282
                    }
                },
                {
                    "category": "traffic sign",
                    "id": 15,
                    "attributes": {
                        "occluded": false,
                        "truncated": false,
                        "trafficLightColor": "none"
                    },
                    "box2d": {
                        "x1": 842.399933,
                        "y1": 157.463987,
                        "x2": 874.79993,
                        "y2": 208.223983
                    }
                },
                {
                    "category": "traffic light",
                    "id": 16,
                    "attributes": {
                        "occluded": false,
                        "truncated": false,
                        "trafficLightColor": "green"
                    },
                    "box2d": {
                        "x1": 476.063964,
                        "y1": 262.223983,
                        "x2": 489.023963,
                        "y2": 283.823984
                    }
                },
                {
                    "category": "traffic light",
                    "id": 17,
                    "attributes": {
                        "occluded": false,
                        "truncated": false,
                        "trafficLightColor": "green"
                    },
                    "box2d": {
                        "x1": 544.75195,
                        "y1": 303.263978,
                        "x2": 553.391949,
                        "y2": 314.063978
                    }
                },
                {
                    "category": "traffic light",
                    "id": 18,
                    "attributes": {
                        "occluded": false,
                        "truncated": false,
                        "trafficLightColor": "green"
                    },
                    "box2d": {
                        "x1": 620.351944,
                        "y1": 271.943981,
                        "x2": 636.551942,
                        "y2": 289.223978
                    }
                },
                {
                    "category": "traffic light",
                    "id": 19,
                    "attributes": {
                        "occluded": false,
                        "truncated": false,
                        "trafficLightColor": "green"
                    },
                    "box2d": {
                        "x1": 577.151946,
                        "y1": 315.143977,
                        "x2": 587.951945,
                        "y2": 330.263975
                    }
                },
                {
                    "category": "truck",
                    "id": 20,
                    "attributes": {
                        "occluded": true,
                        "truncated": false,
                        "trafficLightColor": "none"
                    },
                    "box2d": {
                        "x1": 401.399873,
                        "y1": 274.049904,
                        "x2": 490.499842,
                        "y2": 363.149873
                    }
                },
                {
                    "category": "area/drivable",
                    "id": 21,
                    "attributes": {},
                    "poly2d": [
                        [
                            626.517933,
                            356.758049,
                            "L"
                        ],
                        [
                            523.636485,
                            353.686961,
                            "L"
                        ],
                        [
                            0,
                            435.070793,
                            "L"
                        ],
                        [
                            0,
                            622.407162,
                            "L"
                        ],
                        [
                            119.788411,
                            551.772138,
                            "C"
                        ],
                        [
                            560.489541,
                            568.663122,
                            "C"
                        ],
                        [
                            867.598342,
                            605.516178,
                            "C"
                        ],
                        [
                            626.517933,
                            356.758049,
                            "L"
                        ]
                    ]
                },
                {
                    "category": "area/alternative",
                    "id": 22,
                    "attributes": {},
                    "poly2d": [
                        [
                            660.299901,
                            375.184577,
                            "L"
                        ],
                        [
                            680.261973,
                            355.222505,
                            "L"
                        ],
                        [
                            1280.6437,
                            553.307682,
                            "L"
                        ],
                        [
                            1280.6437,
                            705.326538,
                            "L"
                        ],
                        [
                            1153.209527,
                            657.724674,
                            "C"
                        ],
                        [
                            1025.759374,
                            614.729442,
                            "C"
                        ],
                        [
                            886.02487,
                            603.980634,
                            "C"
                        ],
                        [
                            660.299901,
                            375.184577,
                            "L"
                        ]
                    ]
                },
                {
                    "category": "lane/single white",
                    "id": 23,
                    "attributes": {
                        "direction": "parallel",
                        "style": "dashed"
                    },
                    "poly2d": [
                        [
                            630.115792,
                            355.609902,
                            "L"
                        ],
                        [
                            803.553604,
                            541.525255,
                            "L"
                        ]
                    ]
                },
                {
                    "category": "lane/single white",
                    "id": 24,
                    "attributes": {
                        "direction": "parallel",
                        "style": "dashed"
                    },
                    "poly2d": [
                        [
                            640.097824,
                            358.10541,
                            "L"
                        ],
                        [
                            814.78339,
                            537.781992,
                            "L"
                        ]
                    ]
                },
                {
                    "category": "lane/single white",
                    "id": 25,
                    "attributes": {
                        "direction": "parallel",
                        "style": "dashed"
                    },
                    "poly2d": [
                        [
                            766.120982,
                            373.078459,
                            "L"
                        ],
                        [
                            1116.739868,
                            489.119585,
                            "L"
                        ]
                    ]
                }
            ]
        }
    ],
    "attributes": {
        "weather": "clear",
        "scene": "city street",
        "timeofday": "night"
    }
}