{
    "name": "0a05a47b-2342eda4",
    "frames": [
        {
            "timestamp": 10000,
            "objects": [
                {
                    "category": "traffic light",
                    "id": 0,
                    "attributes": {
                        "occluded": false,
                        "truncated": false,
                        "trafficLightColor": "none"
                    },
                    "box2d": {
                        "x1": 128.519991,
                        "y1": 141.479991,
                        "x2": 144.719988,
                        "y2": 178.199987
                    }
                },
                {
                    "category": "traffic light",
                    "id": 1,
                    "attributes": {
                        "occluded": false,
                        "truncated": false,
                        "trafficLightColor": "none"
                    },
                    "box2d": {
                        "x1": 147.959986,
                        "y1": 144.719988,
                        "x2": 167.399985,
                        "y2": 179.279986
                    }
                },
                {
                    "category": "traffic light",
                    "id": 2,
                    "attributes": {
                        "occluded": false,
                        "truncated": false,
                        "trafficLightColor": "none"
                    },
                    "box2d": {
                        "x1": 172.799985,
                        "y1": 195.479984,
                        "x2": 193.319985,
                        "y2": 225.719982
                    }
                },
                {
                    "category": "traffic light",
                    "id": 3,
                    "attributes": {
                        "occluded": false,
                        "truncated": false,
                        "trafficLightColor": "none"
                    },
                    "box2d": {
                        "x1": 177.119987,
                        "y1": 233.279981,
                        "x2": 194.399985,
                        "y2": 253.799981
                    }
                },
                {
                    "category": "traffic sign",
                    "id": 4,
                    "attributes": {
                        "occluded": false,
                        "truncated": false,
                        "trafficLightColor": "none"
                    },
                    "box2d": {
                        "x1": 143.63999,
                        "y1": 201.239984,
                        "x2": 174.959986,
                        "y2": 246.599983
                    }
                },
                {
                    "category": "traffic sign",
                    "id": 5,
                    "attributes": {
                        "occluded": false,
                        "truncated": false,
                        "trafficLightColor": "none"
                    },
                    "box2d": {
                        "x1": 166.319986,
                        "y1": 146.159988,
                        "x2": 177.119986,
                        "y2": 187.199986
                    }
                },
                {
                    "category": "car",
                    "id": 6,
                    "attributes": {
                        "occluded": true,
                        "truncated": false,
                        "trafficLightColor": "none"
                    },
                    "box2d": {
                        "x1": 961.559934,
                        "y1": 288.719978,
                        "x2": 995.03993,
                        "y2": 316.799975
                    }
                },
                {
                    "category": "car",
                    "id": 7,
                    "attributes": {
                        "occluded": true,
                        "truncated": false,
                        "trafficLightColor": "none"
                    },
                    "box2d": {
                        "x1": 899.999939,
                        "y1": 264.959978,
                        "x2": 966.959935,
                        "y2": 321.119975
                    }
                },
                {
                    "category": "car",
                    "id": 8,
                    "attributes": {
                        "occluded": true,
                        "truncated": false,
                        "trafficLightColor": "none"
                    },
                    "box2d": {
                        "x1": 843.839943,
                        "y1": 286.559979,
                        "x2": 877.319939,
                        "y2": 327.599976
                    }
                },
                {
                    "category": "car",
                    "id": 9,
                    "attributes": {
                        "occluded": false,
                        "truncated": false,
                        "trafficLightColor": "none"
                    },
                    "box2d": {
                        "x1": 754.559945,
                        "y1": 257.759976,
                        "x2": 848.519935,
                        "y2": 330.119969
                    }
                },
                {
                    "category": "car",
                    "id": 10,
                    "attributes": {
                        "occluded": false,
                        "truncated": false,
                        "trafficLightColor": "none"
                    },
                    "box2d": {
                        "x1": 869.039935,
                        "y1": 285.839974,
                        "x2": 941.399928,
                        "y2": 341.99997
                    }
                },
                {
                    "category": "traffic light",
                    "id": 11,
                    "attributes": {
                        "occluded": false,
                        "truncated": false,
                        "trafficLightColor": "none"
                    },
                    "box2d": {
                        "x1": 1018.799929,
                        "y1": 239.039975,
                        "x2": 1036.079929,
                        "y2": 258.479973
                    }
                },
                {
                    "category": "traffic light",
                    "id": 12,
                    "attributes": {
                        "occluded": false,
                        "truncated": false,
                        "trafficLightColor": "green"
                    },
                    "box2d": {
                        "x1": 1002.59993,
                        "y1": 150.479965,
                        "x2": 1014.479929,
                        "y2": 185.039962
                    }
                },
                {
                    "category": "traffic light",
                    "id": 13,
                    "attributes": {
                        "occluded": false,
                        "truncated": false,
                        "trafficLightColor": "green"
                    },
                    "box2d": {
                        "x1": 803.879947,
                        "y1": 102.23998,
                        "x2": 818.999945,
                        "y2": 141.119979
                    }
                },
                {
                    "category": "traffic light",
                    "id": 14,
                    "attributes": {
                        "occluded": false,
                        "truncated": false,
                        "trafficLightColor": "none"
                    },
                    "box2d": {
                        "x1": 789.839948,
                        "y1": 104.399981,
                        "x2": 800.639948,
                        "y2": 140.039977
                    }
                },
                {
                    "category": "traffic light",
                    "id": 15,
                    "attributes": {
                        "occluded": false,
                        "truncated": false,
                        "trafficLightColor": "none"
                    },
                    "box2d": {
                        "x1": 820.079946,
                        "y1": 100.079981,
                        "x2": 837.359946,
                        "y2": 137.879978
                    }
                },
                {
                    "category": "traffic sign",
                    "id": 16,
                    "attributes": {
                        "occluded": false,
                        "truncated": false,
                        "trafficLightColor": "none"
                    },
                    "box2d": {
                        "x1": 1007.99993,
                        "y1": 197.279981,
                        "x2": 1040.399928,
                        "y2": 210.23998
                    }
                },
                {
                    "category": "traffic sign",
                    "id": 17,
                    "attributes": {
                        "occluded": false,
                        "truncated": false,
                        "trafficLightColor": "none"
                    },
                    "box2d": {
                        "x1": 998.279931,
                        "y1": 223.199979,
                        "x2": 1014.479929,
                        "y2": 236.159979
                    }
                },
                {
                    "category": "area/drivable",
                    "id": 18,
                    "attributes": {},
                    "poly2d": [
                        [
                            1276.452387,
                            653.823118,
                            "L"
                        ],
                        [
                            1280.195648,
                            356.857657,
                            "L"
                        ],
                        [
                            1172.888801,
                            353.114393,
                            "C"
                        ],
                        [
                            973.248153,
                            376.82172,
                            "C"
                        ],
                        [
                            959.522859,
                            344.380116,
                            "C"
                        ],
                        [
                            863.445798,
                            344.380116,
                            "L"
                        ],
                        [
                            854.711519,
                            330.65482,
                            "L"
                        ],
                        [
                            797.314833,
                            324.416051,
                            "L"
                        ],
                        [
                            724.9451,
                            344.380116,
                            "L"
                        ],
                        [
                            606.408465,
                            421.740866,
                            "C"
                        ],
                        [
                            545.268518,
                            501.597125,
                            "C"
                        ],
                        [
                            495.358355,
                            582.701139,
                            "C"
                        ],
                        [
                            764.873229,
                            576.462368,
                            "C"
                        ],
                        [
                            1175.384308,
                            631.363546,
                            "C"
                        ],
                        [
                            1276.452387,
                            653.823118,
                            "C"
                        ]
                    ]
                },
                {
                    "category": "area/alternative",
                    "id": 19,
                    "attributes": {},
                    "poly2d": [
                        [
                            1.247754,
                            561.48932,
                            "L"
                        ],
                        [
                            0,
                            369.335197,
                            "L"
                        ],
                        [
                            733.679377,
                            328.159313,
                            "L"
                        ],
                        [
                            739.918146,
                            333.15033,
                            "L"
                        ],
                        [
                            603.912958,
                            389.299261,
                            "C"
                        ],
                        [
                            526.552206,
                            499.101618,
                            "C"
                        ],
                        [
                            432.970653,
                            581.453385,
                            "C"
                        ],
                        [
                            300.708724,
                            572.719106,
                            "C"
                        ],
                        [
                            144.739469,
                            567.728089,
                            "C"
                        ],
                        [
                            1.247754,
                            561.48932,
                            "C"
                        ]
                    ]
                },
                {
                    "category": "lane/road curb",
                    "id": 20,
                    "attributes": {
                        "direction": "parallel",
                        "style": "solid"
                    },
                    "poly2d": [
                        [
                            756.348387,
                            327.993824,
                            "L"
                        ],
                        [
                            63.667366,
                            360.942975,
                            "L"
                        ]
                    ]
                },
                {
                    "category": "lane/road curb",
                    "id": 21,
                    "attributes": {
                        "direction": "parallel",
                        "style": "solid"
                    },
                    "poly2d": [
                        [
                            1277.544051,
                            357.198754,
                            "L"
                        ],
                        [
                            1095.574875,
                            357.198754,
                            "L"
                        ]
                    ]
                },
                {
                    "category": "lane/road curb",
                    "id": 22,
                    "attributes": {
                        "direction": "parallel",
                        "style": "solid"
                    },
                    "poly2d": [
                        [
                            968.271336,
                            354.203376,
                            "L"
                        ],
                        [
                            945.806006,
                            334.733423,
                            "L"
                        ]
                    ]
                },
                {
                    "category": "lane/single white",
                    "id": 23,
                    "attributes": {
                        "direction": "vertical",
                        "style": "solid"
                    },
                    "poly2d": [
                        [
                            1279.774987,
                            533.926019,
                            "L"
                        ],
                        [
                            627.547159,
                            579.605524,
                            "L"
                        ]
                    ]
                },
                {
                    "category": "lane/single white",
                    "id": 24,
                    "attributes": {
                        "direction": "vertical",
                        "style": "solid"
                    },
                    "poly2d": [
                        [
                            1277.544051,
                            553.395972,
                            "L"
                        ],
                        [
                            749.608786,
                            591.587033,
                            "L"
                        ]
                    ]
                },
                {
                    "category": "lane/single white",
                    "id": 25,
                    "attributes": {
                        "direction": "vertical",
                        "style": "solid"
                    },
                    "poly2d": [
                        [
                            1243.846056,
                            409.617858,
                            "C"
                        ],
                        [
                            1183.938508,
                            391.645593,
                            "C"
                        ],
                        [
                            1122.533272,
                            376.668706,
                            "C"
                        ],
                        [
                            1061.87688,
                            363.189508,
                            "L"
                        ]
                    ]
                },
                {
                    "category": "lane/single white",
                    "id": 26,
                    "attributes": {
                        "direction": "vertical",
                        "style": "solid"
                    },
                    "poly2d": [
                        [
                            1249.83681,
                            405.124791,
                            "C"
                        ],
                        [
                            1192.92464,
                            384.157149,
                            "C"
                        ],
                        [
                            1140.505536,
                            372.17564,
                            "C"
                        ],
                        [
                            1079.100299,
                            358.696442,
                            "L"
                        ]
                    ]
                },
                {
                    "category": "lane/crosswalk",
                    "id": 27,
                    "attributes": {
                        "direction": "vertical",
                        "style": "dashed"
                    },
                    "poly2d": [
                        [
                            653.756711,
                            354.952219,
                            "L"
                        ],
                        [
                            210.440857,
                            360.19413,
                            "L"
                        ]
                    ]
                },
                {
                    "category": "lane/crosswalk",
                    "id": 28,
                    "attributes": {
                        "direction": "vertical",
                        "style": "dashed"
                    },
                    "poly2d": [
                        [
                            653.756711,
                            349.710311,
                            "L"
                        ],
                        [
                            217.929302,
                            357.198754,
                            "L"
                        ]
                    ]
                },
                {
                    "category": "lane/crosswalk",
                    "id": 29,
                    "attributes": {
                        "direction": "vertical",
                        "style": "dashed"
                    },
                    "poly2d": [
                        [
                            714.413103,
                            346.714932,
                            "L"
                        ],
                        [
                            471.787535,
                            348.961465,
                            "L"
                        ]
                    ]
                },
                {
                    "category": "lane/crosswalk",
                    "id": 30,
                    "attributes": {
                        "direction": "vertical",
                        "style": "dashed"
                    },
                    "poly2d": [
                        [
                            704.678126,
                            339.975333,
                            "L"
                        ],
                        [
                            499.494776,
                            343.719555,
                            "L"
                        ]
                    ]
                },
                {
                    "category": "lane/single white",
                    "id": 31,
                    "attributes": {
                        "direction": "parallel",
                        "style": "dashed"
                    },
                    "poly2d": [
                        [
                            695.691994,
                            354.203376,
                            "L"
                        ],
                        [
                            454.564115,
                            547.405216,
                            "L"
                        ]
                    ]
                },
                {
                    "category": "lane/single white",
                    "id": 32,
                    "attributes": {
                        "direction": "parallel",
                        "style": "dashed"
                    },
                    "poly2d": [
                        [
                            704.678126,
                            357.947597,
                            "L"
                        ],
                        [
                            462.052559,
                            558.637882,
                            "L"
                        ]
                    ]
                }
            ]
        }
    ],
    "attributes": {
        "weather": "clear",
        "scene": "highway",
        "timeofday": "daytime"
    }
}