{
    "name": "0a05a6bd-cd1ff04a",
    "frames": [
        {
            "timestamp": 10000,
            "objects": [
                {
                    "category": "traffic sign",
                    "id": 0,
                    "attributes": {
                        "occluded": false,
                        "truncated": false,
                        "trafficLightColor": "none"
                    },
                    "box2d": {
                        "x1": 1167.62492,
                        "y1": 180.623672,
                        "x2": 1241.098956,
                        "y2": 257.159124
                    }
                },
                {
                    "category": "traffic sign",
                    "id": 1,
                    "attributes": {
                        "occluded": false,
                        "truncated": false,
                        "trafficLightColor": "none"
                    },
                    "box2d": {
                        "x1": 552.58598,
                        "y1": 208.176436,
                        "x2": 661.266325,
                        "y2": 255.628417
                    }
                },
                {
                    "category": "traffic sign",
                    "id": 2,
                    "attributes": {
                        "occluded": false,
                        "truncated": false,
                        "trafficLightColor": "none"
                    },
                    "box2d": {
                        "x1": 678.104125,
                        "y1": 218.891398,
                        "x2": 759.231705,
                        "y2": 251.036289
                    }
                },
                {
                    "category": "traffic sign",
                    "id": 3,
                    "attributes": {
                        "occluded": false,
                        "truncated": false,
                        "trafficLightColor": "none"
                    },
                    "box2d": {
                        "x1": 727.086816,
                        "y1": 205.115016,
                        "x2": 759.231704,
                        "y2": 220.422109
                    }
                },
                {
                    "category": "traffic sign",
                    "id": 4,
                    "attributes": {
                        "occluded": false,
                        "truncated": false,
                        "trafficLightColor": "none"
                    },
                    "box2d": {
                        "x1": 624.529307,
                        "y1": 195.930763,
                        "x2": 659.735616,
                        "y2": 212.768563
                    }
                },
                {
                    "category": "traffic sign",
                    "id": 5,
                    "attributes": {
                        "occluded": true,
                        "truncated": false,
                        "trafficLightColor": "none"
                    },
                    "box2d": {
                        "x1": 725.556107,
                        "y1": 316.856781,
                        "x2": 737.801779,
                        "y2": 333.694579
                    }
                },
                {
                    "category": "car",
                    "id": 6,
                    "attributes": {
                        "occluded": false,
                        "truncated": false,
                        "trafficLightColor": "none"
                    },
                    "box2d": {
                        "x1": 555.647398,
                        "y1": 334.000724,
                        "x2": 603.09938,
                        "y2": 367.676324
                    }
                },
                {
                    "category": "car",
                    "id": 7,
                    "attributes": {
                        "occluded": false,
                        "truncated": false,
                        "trafficLightColor": "none"
                    },
                    "box2d": {
                        "x1": 286.242599,
                        "y1": 333.69458,
                        "x2": 482.173362,
                        "y2": 457.682016
                    }
                },
                {
                    "category": "truck",
                    "id": 8,
                    "attributes": {
                        "occluded": false,
                        "truncated": false,
                        "trafficLightColor": "none"
                    },
                    "box2d": {
                        "x1": 638.305689,
                        "y1": 307.672526,
                        "x2": 681.165543,
                        "y2": 359.716636
                    }
                },
                {
                    "category": "traffic sign",
                    "id": 9,
                    "attributes": {
                        "occluded": true,
                        "truncated": false,
                        "trafficLightColor": "none"
                    },
                    "box2d": {
                        "x1": 263.281964,
                        "y1": 238.790617,
                        "x2": 373.493018,
                        "y2": 286.242599
                    }
                },
                {
                    "category": "area/alternative",
                    "id": 10,
                    "attributes": {},
                    "poly2d": [
                        [
                            219.598772,
                            448.890689,
                            "L"
                        ],
                        [
                            0,
                            506.587147,
                            "L"
                        ],
                        [
                            0,
                            661.83704,
                            "L"
                        ],
                        [
                            108.569446,
                            636.524557,
                            "C"
                        ],
                        [
                            198.006885,
                            617.962071,
                            "C"
                        ],
                        [
                            279.006829,
                            616.274571,
                            "C"
                        ],
                        [
                            442.694216,
                            486.337161,
                            "L"
                        ],
                        [
                            219.598772,
                            448.890689,
                            "L"
                        ]
                    ]
                },
                {
                    "category": "area/alternative",
                    "id": 11,
                    "attributes": {},
                    "poly2d": [
                        [
                            686.404149,
                            364.435769,
                            "L"
                        ],
                        [
                            1004.261758,
                            628.549338,
                            "L"
                        ],
                        [
                            1114.318754,
                            636.524557,
                            "C"
                        ],
                        [
                            1203.756194,
                            651.712047,
                            "C"
                        ],
                        [
                            1280.811619,
                            685.462024,
                            "C"
                        ],
                        [
                            1280.811619,
                            535.274627,
                            "L"
                        ],
                        [
                            705.944036,
                            356.39975,
                            "L"
                        ],
                        [
                            686.404149,
                            364.435769,
                            "L"
                        ]
                    ]
                },
                {
                    "category": "area/drivable",
                    "id": 12,
                    "attributes": {},
                    "poly2d": [
                        [
                            621.569094,
                            364.837245,
                            "L"
                        ],
                        [
                            294.194318,
                            617.962071,
                            "L"
                        ],
                        [
                            543.944148,
                            597.712084,
                            "C"
                        ],
                        [
                            743.06901,
                            607.837077,
                            "C"
                        ],
                        [
                            969.193855,
                            629.774562,
                            "C"
                        ],
                        [
                            681.797517,
                            367.506857,
                            "L"
                        ],
                        [
                            621.569094,
                            364.837245,
                            "L"
                        ]
                    ]
                },
                {
                    "category": "lane/road curb",
                    "id": 13,
                    "attributes": {
                        "direction": "parallel",
                        "style": "solid"
                    },
                    "poly2d": [
                        [
                            0.015586,
                            485.2515,
                            "L"
                        ],
                        [
                            284.57665,
                            420.850839,
                            "L"
                        ]
                    ]
                },
                {
                    "category": "lane/single yellow",
                    "id": 14,
                    "attributes": {
                        "direction": "parallel",
                        "style": "solid"
                    },
                    "poly2d": [
                        [
                            1.513275,
                            503.223778,
                            "L"
                        ],
                        [
                            286.074339,
                            431.334666,
                            "L"
                        ]
                    ]
                },
                {
                    "category": "lane/single white",
                    "id": 15,
                    "attributes": {
                        "direction": "vertical",
                        "style": "solid"
                    },
                    "poly2d": [
                        [
                            456.810978,
                            443.316185,
                            "L"
                        ],
                        [
                            1028.928487,
                            459.790774,
                            "L"
                        ]
                    ]
                },
                {
                    "category": "lane/single white",
                    "id": 16,
                    "attributes": {
                        "direction": "vertical",
                        "style": "solid"
                    },
                    "poly2d": [
                        [
                            456.810978,
                            434.330046,
                            "L"
                        ],
                        [
                            1012.453898,
                            449.306944,
                            "L"
                        ]
                    ]
                },
                {
                    "category": "lane/single white",
                    "id": 17,
                    "attributes": {
                        "direction": "vertical",
                        "style": "solid"
                    },
                    "poly2d": [
                        [
                            253.125163,
                            443.316185,
                            "L"
                        ],
                        [
                            298.055858,
                            441.818494,
                            "L"
                        ]
                    ]
                },
                {
                    "category": "lane/single white",
                    "id": 18,
                    "attributes": {
                        "direction": "parallel",
                        "style": "solid"
                    },
                    "poly2d": [
                        [
                            471.787876,
                            461.288463,
                            "L"
                        ],
                        [
                            500.243984,
                            443.316185,
                            "L"
                        ]
                    ]
                },
                {
                    "category": "lane/single white",
                    "id": 19,
                    "attributes": {
                        "direction": "parallel",
                        "style": "solid"
                    },
                    "poly2d": [
                        [
                            489.760154,
                            467.279222,
                            "L"
                        ],
                        [
                            513.723191,
                            447.809254,
                            "L"
                        ]
                    ]
                },
                {
                    "category": "lane/single white",
                    "id": 20,
                    "attributes": {
                        "direction": "parallel",
                        "style": "solid"
                    },
                    "poly2d": [
                        [
                            781.809669,
                            456.795392,
                            "L"
                        ],
                        [
                            801.279635,
                            476.265361,
                            "L"
                        ]
                    ]
                },
                {
                    "category": "lane/single white",
                    "id": 21,
                    "attributes": {
                        "direction": "parallel",
                        "style": "solid"
                    },
                    "poly2d": [
                        [
                            796.786567,
                            456.795392,
                            "L"
                        ],
                        [
                            820.749602,
                            479.260741,
                            "L"
                        ]
                    ]
                },
                {
                    "category": "lane/single white",
                    "id": 22,
                    "attributes": {
                        "direction": "parallel",
                        "style": "solid"
                    },
                    "poly2d": [
                        [
                            1274.549617,
                            530.182194,
                            "L"
                        ],
                        [
                            750.358182,
                            368.431694,
                            "L"
                        ]
                    ]
                },
                {
                    "category": "lane/road curb",
                    "id": 23,
                    "attributes": {
                        "direction": "parallel",
                        "style": "solid"
                    },
                    "poly2d": [
                        [
                            1277.544996,
                            500.228398,
                            "L"
                        ],
                        [
                            753.353561,
                            369.929383,
                            "L"
                        ]
                    ]
                },
                {
                    "category": "lane/single white",
                    "id": 24,
                    "attributes": {
                        "direction": "parallel",
                        "style": "dashed"
                    },
                    "poly2d": [
                        [
                            669.482932,
                            353.454796,
                            "L"
                        ],
                        [
                            759.344321,
                            432.832355,
                            "L"
                        ]
                    ]
                },
                {
                    "category": "lane/single white",
                    "id": 25,
                    "attributes": {
                        "direction": "parallel",
                        "style": "dashed"
                    },
                    "poly2d": [
                        [
                            638.031445,
                            350.459416,
                            "L"
                        ],
                        [
                            537.686228,
                            423.846217,
                            "L"
                        ]
                    ]
                },
                {
                    "category": "lane/road curb",
                    "id": 26,
                    "attributes": {
                        "direction": "parallel",
                        "style": "solid"
                    },
                    "poly2d": [
                        [
                            564.644645,
                            362.440935,
                            "L"
                        ],
                        [
                            482.271704,
                            386.403972,
                            "L"
                        ]
                    ]
                }
            ]
        }
    ],
    "attributes": {
        "weather": "partly cloudy",
        "scene": "highway",
        "timeofday": "daytime"
    }
}