{
    "name": "0a06d3bc-7f823a5a",
    "frames": [
        {
            "timestamp": 10000,
            "objects": [
                {
                    "category": "traffic sign",
                    "id": 0,
                    "attributes": {
                        "occluded": false,
                        "truncated": false,
                        "trafficLightColor": "none"
                    },
                    "box2d": {
                        "x1": 867.053467,
                        "y1": 268.611664,
                        "x2": 882.045746,
                        "y2": 283.603944
                    }
                },
                {
                    "category": "traffic sign",
                    "id": 1,
                    "attributes": {
                        "occluded": false,
                        "truncated": false,
                        "trafficLightColor": "none"
                    },
                    "box2d": {
                        "x1": 529.727191,
                        "y1": 297.346865,
                        "x2": 543.470114,
                        "y2": 314.837858
                    }
                },
                {
                    "category": "traffic sign",
                    "id": 2,
                    "attributes": {
                        "occluded": false,
                        "truncated": false,
                        "trafficLightColor": "none"
                    },
                    "box2d": {
                        "x1": 474.755502,
                        "y1": 260.212316,
                        "x2": 534.724617,
                        "y2": 289.850727
                    }
                },
                {
                    "category": "traffic sign",
                    "id": 3,
                    "attributes": {
                        "occluded": true,
                        "truncated": false,
                        "trafficLightColor": "none"
                    },
                    "box2d": {
                        "x1": 171.161851,
                        "y1": 250.087323,
                        "x2": 248.62196,
                        "y2": 287.352014
                    }
                },
                {
                    "category": "traffic sign",
                    "id": 4,
                    "attributes": {
                        "occluded": false,
                        "truncated": false,
                        "trafficLightColor": "none"
                    },
                    "box2d": {
                        "x1": 79.958822,
                        "y1": 253.462321,
                        "x2": 167.413783,
                        "y2": 291.100082
                    }
                },
                {
                    "category": "traffic sign",
                    "id": 5,
                    "attributes": {
                        "occluded": false,
                        "truncated": false,
                        "trafficLightColor": "none"
                    },
                    "box2d": {
                        "x1": 422.282524,
                        "y1": 297.346865,
                        "x2": 433.526734,
                        "y2": 309.840432
                    }
                },
                {
                    "category": "car",
                    "id": 6,
                    "attributes": {
                        "occluded": false,
                        "truncated": true,
                        "trafficLightColor": "none"
                    },
                    "box2d": {
                        "x1": 1190.636822,
                        "y1": 252.37003,
                        "x2": 1279.341138,
                        "y2": 379.804402
                    }
                },
                {
                    "category": "car",
                    "id": 7,
                    "attributes": {
                        "occluded": false,
                        "truncated": true,
                        "trafficLightColor": "none"
                    },
                    "box2d": {
                        "x1": 0,
                        "y1": 367.310836,
                        "x2": 66.215899,
                        "y2": 481.002285
                    }
                },
                {
                    "category": "car",
                    "id": 8,
                    "attributes": {
                        "occluded": true,
                        "truncated": false,
                        "trafficLightColor": "none"
                    },
                    "box2d": {
                        "x1": 131.182441,
                        "y1": 337.326276,
                        "x2": 187.403486,
                        "y2": 374.806974
                    }
                },
                {
                    "category": "car",
                    "id": 9,
                    "attributes": {
                        "occluded": true,
                        "truncated": false,
                        "trafficLightColor": "none"
                    },
                    "box2d": {
                        "x1": 58.719759,
                        "y1": 343.573059,
                        "x2": 127.434371,
                        "y2": 377.305687
                    }
                },
                {
                    "category": "car",
                    "id": 10,
                    "attributes": {
                        "occluded": true,
                        "truncated": false,
                        "trafficLightColor": "none"
                    },
                    "box2d": {
                        "x1": 9.994853,
                        "y1": 353.567913,
                        "x2": 104.945953,
                        "y2": 391.04861
                    }
                },
                {
                    "category": "car",
                    "id": 11,
                    "attributes": {
                        "occluded": true,
                        "truncated": false,
                        "trafficLightColor": "none"
                    },
                    "box2d": {
                        "x1": 418.534455,
                        "y1": 322.333998,
                        "x2": 432.277376,
                        "y2": 332.328851
                    }
                },
                {
                    "category": "car",
                    "id": 12,
                    "attributes": {
                        "occluded": true,
                        "truncated": false,
                        "trafficLightColor": "none"
                    },
                    "box2d": {
                        "x1": 396.046037,
                        "y1": 321.084642,
                        "x2": 423.531881,
                        "y2": 344.822416
                    }
                },
                {
                    "category": "car",
                    "id": 13,
                    "attributes": {
                        "occluded": true,
                        "truncated": false,
                        "trafficLightColor": "none"
                    },
                    "box2d": {
                        "x1": 347.321129,
                        "y1": 334.827565,
                        "x2": 402.292818,
                        "y2": 374.806975
                    }
                },
                {
                    "category": "car",
                    "id": 14,
                    "attributes": {
                        "occluded": true,
                        "truncated": false,
                        "trafficLightColor": "none"
                    },
                    "box2d": {
                        "x1": 787.094647,
                        "y1": 314.837858,
                        "x2": 852.061189,
                        "y2": 353.567913
                    }
                },
                {
                    "category": "car",
                    "id": 15,
                    "attributes": {
                        "occluded": true,
                        "truncated": false,
                        "trafficLightColor": "none"
                    },
                    "box2d": {
                        "x1": 494.745206,
                        "y1": 314.837858,
                        "x2": 508.488129,
                        "y2": 328.58078
                    }
                },
                {
                    "category": "car",
                    "id": 16,
                    "attributes": {
                        "occluded": true,
                        "truncated": false,
                        "trafficLightColor": "none"
                    },
                    "box2d": {
                        "x1": 464.760649,
                        "y1": 318.585928,
                        "x2": 477.254215,
                        "y2": 328.580781
                    }
                },
                {
                    "category": "car",
                    "id": 17,
                    "attributes": {
                        "occluded": false,
                        "truncated": false,
                        "trafficLightColor": "none"
                    },
                    "box2d": {
                        "x1": 473.506143,
                        "y1": 324.832711,
                        "x2": 500.991988,
                        "y2": 347.321131
                    }
                },
                {
                    "category": "car",
                    "id": 18,
                    "attributes": {
                        "occluded": false,
                        "truncated": false,
                        "trafficLightColor": "none"
                    },
                    "box2d": {
                        "x1": 444.770942,
                        "y1": 327.331425,
                        "x2": 476.004857,
                        "y2": 349.819844
                    }
                },
                {
                    "category": "car",
                    "id": 19,
                    "attributes": {
                        "occluded": true,
                        "truncated": false,
                        "trafficLightColor": "none"
                    },
                    "box2d": {
                        "x1": 557.213035,
                        "y1": 314.837858,
                        "x2": 573.454671,
                        "y2": 327.331423
                    }
                },
                {
                    "category": "car",
                    "id": 20,
                    "attributes": {
                        "occluded": true,
                        "truncated": false,
                        "trafficLightColor": "none"
                    },
                    "box2d": {
                        "x1": 573.454671,
                        "y1": 317.336572,
                        "x2": 590.945663,
                        "y2": 332.328851
                    }
                },
                {
                    "category": "car",
                    "id": 21,
                    "attributes": {
                        "occluded": true,
                        "truncated": false,
                        "trafficLightColor": "none"
                    },
                    "box2d": {
                        "x1": 590.945663,
                        "y1": 317.336572,
                        "x2": 602.189872,
                        "y2": 332.328851
                    }
                },
                {
                    "category": "car",
                    "id": 22,
                    "attributes": {
                        "occluded": true,
                        "truncated": false,
                        "trafficLightColor": "none"
                    },
                    "box2d": {
                        "x1": 600.940516,
                        "y1": 317.336572,
                        "x2": 612.184725,
                        "y2": 334.827563
                    }
                },
                {
                    "category": "car",
                    "id": 23,
                    "attributes": {
                        "occluded": true,
                        "truncated": false,
                        "trafficLightColor": "none"
                    },
                    "box2d": {
                        "x1": 612.184725,
                        "y1": 319.835285,
                        "x2": 628.42636,
                        "y2": 334.827565
                    }
                },
                {
                    "category": "car",
                    "id": 24,
                    "attributes": {
                        "occluded": true,
                        "truncated": false,
                        "trafficLightColor": "none"
                    },
                    "box2d": {
                        "x1": 629.675717,
                        "y1": 316.087215,
                        "x2": 650.914778,
                        "y2": 333.578206
                    }
                },
                {
                    "category": "car",
                    "id": 25,
                    "attributes": {
                        "occluded": true,
                        "truncated": false,
                        "trafficLightColor": "none"
                    },
                    "box2d": {
                        "x1": 637.171857,
                        "y1": 322.333998,
                        "x2": 653.413493,
                        "y2": 337.326278
                    }
                },
                {
                    "category": "car",
                    "id": 26,
                    "attributes": {
                        "occluded": true,
                        "truncated": false,
                        "trafficLightColor": "none"
                    },
                    "box2d": {
                        "x1": 649.665421,
                        "y1": 322.333998,
                        "x2": 665.907058,
                        "y2": 339.824989
                    }
                },
                {
                    "category": "car",
                    "id": 27,
                    "attributes": {
                        "occluded": true,
                        "truncated": false,
                        "trafficLightColor": "none"
                    },
                    "box2d": {
                        "x1": 663.408344,
                        "y1": 318.585928,
                        "x2": 684.647406,
                        "y2": 338.575635
                    }
                },
                {
                    "category": "car",
                    "id": 28,
                    "attributes": {
                        "occluded": true,
                        "truncated": false,
                        "trafficLightColor": "none"
                    },
                    "box2d": {
                        "x1": 684.647407,
                        "y1": 318.585928,
                        "x2": 700.889042,
                        "y2": 341.074348
                    }
                },
                {
                    "category": "car",
                    "id": 29,
                    "attributes": {
                        "occluded": true,
                        "truncated": false,
                        "trafficLightColor": "none"
                    },
                    "box2d": {
                        "x1": 702.138399,
                        "y1": 314.837858,
                        "x2": 735.871026,
                        "y2": 342.323703
                    }
                },
                {
                    "category": "car",
                    "id": 30,
                    "attributes": {
                        "occluded": true,
                        "truncated": false,
                        "trafficLightColor": "none"
                    },
                    "box2d": {
                        "x1": 717.130678,
                        "y1": 322.333998,
                        "x2": 743.367166,
                        "y2": 343.573059
                    }
                },
                {
                    "category": "car",
                    "id": 31,
                    "attributes": {
                        "occluded": true,
                        "truncated": false,
                        "trafficLightColor": "none"
                    },
                    "box2d": {
                        "x1": 735.871026,
                        "y1": 319.835285,
                        "x2": 782.09722,
                        "y2": 346.071773
                    }
                },
                {
                    "category": "traffic sign",
                    "id": 32,
                    "attributes": {
                        "occluded": false,
                        "truncated": false,
                        "trafficLightColor": "none"
                    },
                    "box2d": {
                        "x1": 508.169177,
                        "y1": 251.774822,
                        "x2": 526.731664,
                        "y2": 261.899815
                    }
                },
                {
                    "category": "traffic sign",
                    "id": 33,
                    "attributes": {
                        "occluded": false,
                        "truncated": false,
                        "trafficLightColor": "none"
                    },
                    "box2d": {
                        "x1": 103.169455,
                        "y1": 236.587332,
                        "x2": 141.981929,
                        "y2": 251.774822
                    }
                },
                {
                    "category": "traffic sign",
                    "id": 34,
                    "attributes": {
                        "occluded": true,
                        "truncated": false,
                        "trafficLightColor": "none"
                    },
                    "box2d": {
                        "x1": 185.856898,
                        "y1": 236.587332,
                        "x2": 224.669372,
                        "y2": 253.462321
                    }
                },
                {
                    "category": "car",
                    "id": 35,
                    "attributes": {
                        "occluded": false,
                        "truncated": false,
                        "trafficLightColor": "none"
                    },
                    "box2d": {
                        "x1": 174.044407,
                        "y1": 275.399806,
                        "x2": 352.919284,
                        "y2": 447.524687
                    }
                },
                {
                    "category": "area/drivable",
                    "id": 36,
                    "attributes": {},
                    "poly2d": [
                        [
                            320.70504,
                            673.781549,
                            "L"
                        ],
                        [
                            479.959247,
                            646.32369,
                            "C"
                        ],
                        [
                            682.047345,
                            628.750661,
                            "C"
                        ],
                        [
                            859.972735,
                            635.340546,
                            "C"
                        ],
                        [
                            729.274454,
                            527.705737,
                            "C"
                        ],
                        [
                            476.664333,
                            413.481042,
                            "C"
                        ],
                        [
                            481.057552,
                            355.27038,
                            "C"
                        ],
                        [
                            431.633833,
                            356.368694,
                            "L"
                        ],
                        [
                            377.816894,
                            413.481042,
                            "C"
                        ],
                        [
                            352.555882,
                            569.441683,
                            "C"
                        ],
                        [
                            320.70504,
                            673.781549,
                            "C"
                        ]
                    ]
                },
                {
                    "category": "area/alternative",
                    "id": 37,
                    "attributes": {},
                    "poly2d": [
                        [
                            1.6e-05,
                            507.936079,
                            "L"
                        ],
                        [
                            0,
                            720.487999,
                            "L"
                        ],
                        [
                            75.783053,
                            717.714124,
                            "L"
                        ],
                        [
                            140.583041,
                            690.256265,
                            "C"
                        ],
                        [
                            222.955906,
                            680.371436,
                            "C"
                        ],
                        [
                            281.166065,
                            682.568065,
                            "C"
                        ],
                        [
                            358.047406,
                            465.101817,
                            "L"
                        ],
                        [
                            143.877955,
                            455.216988,
                            "L"
                        ],
                        [
                            1.6e-05,
                            507.936079,
                            "L"
                        ]
                    ]
                },
                {
                    "category": "lane/single yellow",
                    "id": 38,
                    "attributes": {
                        "direction": "parallel",
                        "style": "solid"
                    },
                    "poly2d": [
                        [
                            169.82525,
                            393.594991,
                            "L"
                        ],
                        [
                            68.929072,
                            420.567236,
                            "L"
                        ]
                    ]
                },
                {
                    "category": "lane/road curb",
                    "id": 39,
                    "attributes": {
                        "direction": "parallel",
                        "style": "solid"
                    },
                    "poly2d": [
                        [
                            170.824221,
                            387.601158,
                            "L"
                        ],
                        [
                            66.931127,
                            416.571348,
                            "L"
                        ]
                    ]
                },
                {
                    "category": "lane/single white",
                    "id": 40,
                    "attributes": {
                        "direction": "parallel",
                        "style": "dashed"
                    },
                    "poly2d": [
                        [
                            181.812916,
                            438.548732,
                            "L"
                        ],
                        [
                            2.996916,
                            514.47061,
                            "L"
                        ]
                    ]
                },
                {
                    "category": "lane/single white",
                    "id": 41,
                    "attributes": {
                        "direction": "parallel",
                        "style": "dashed"
                    },
                    "poly2d": [
                        [
                            177.817026,
                            432.554901,
                            "L"
                        ],
                        [
                            2.996916,
                            509.475749,
                            "L"
                        ]
                    ]
                },
                {
                    "category": "lane/single white",
                    "id": 42,
                    "attributes": {
                        "direction": "parallel",
                        "style": "dashed"
                    },
                    "poly2d": [
                        [
                            433.553872,
                            352.637136,
                            "C"
                        ],
                        [
                            371.617605,
                            409.578545,
                            "C"
                        ],
                        [
                            351.751735,
                            563.010912,
                            "C"
                        ],
                        [
                            316.368424,
                            681.64907,
                            "L"
                        ]
                    ]
                },
                {
                    "category": "lane/single white",
                    "id": 43,
                    "attributes": {
                        "direction": "parallel",
                        "style": "dashed"
                    },
                    "poly2d": [
                        [
                            426.561069,
                            352.637136,
                            "C"
                        ],
                        [
                            351.638164,
                            425.562097,
                            "C"
                        ],
                        [
                            331.658723,
                            566.417157,
                            "C"
                        ],
                        [
                            279.944427,
                            682.689756,
                            "L"
                        ]
                    ]
                },
                {
                    "category": "lane/road curb",
                    "id": 44,
                    "attributes": {
                        "direction": "parallel",
                        "style": "solid"
                    },
                    "poly2d": [
                        [
                            705.274273,
                            507.477805,
                            "L"
                        ],
                        [
                            899.074852,
                            632.349313,
                            "L"
                        ]
                    ]
                },
                {
                    "category": "lane/single white",
                    "id": 45,
                    "attributes": {
                        "direction": "parallel",
                        "style": "solid"
                    },
                    "poly2d": [
                        [
                            488.497337,
                            371.617605,
                            "C"
                        ],
                        [
                            560.423324,
                            452.534342,
                            "C"
                        ],
                        [
                            649.331838,
                            474.511727,
                            "C"
                        ],
                        [
                            860.114942,
                            630.351368,
                            "L"
                        ]
                    ]
                },
                {
                    "category": "lane/single white",
                    "id": 46,
                    "attributes": {
                        "direction": "parallel",
                        "style": "solid"
                    },
                    "poly2d": [
                        [
                            503.481918,
                            380.608354,
                            "C"
                        ],
                        [
                            532.452107,
                            410.577516,
                            "C"
                        ],
                        [
                            661.319502,
                            470.515839,
                            "C"
                        ],
                        [
                            892.082048,
                            628.353424,
                            "L"
                        ]
                    ]
                },
                {
                    "category": "lane/single white",
                    "id": 47,
                    "attributes": {
                        "direction": "parallel",
                        "style": "solid"
                    },
                    "poly2d": [
                        [
                            491.494252,
                            362.626857,
                            "C"
                        ],
                        [
                            565.418185,
                            407.5806,
                            "C"
                        ],
                        [
                            641.340061,
                            431.555929,
                            "C"
                        ],
                        [
                            719.259882,
                            462.524063,
                            "L"
                        ]
                    ]
                },
                {
                    "category": "lane/single white",
                    "id": 48,
                    "attributes": {
                        "direction": "parallel",
                        "style": "solid"
                    },
                    "poly2d": [
                        [
                            505.479861,
                            378.61041,
                            "C"
                        ],
                        [
                            571.412017,
                            418.569291,
                            "C"
                        ],
                        [
                            644.336977,
                            441.54565,
                            "C"
                        ],
                        [
                            713.266049,
                            472.513783,
                            "L"
                        ]
                    ]
                },
                {
                    "category": "lane/road curb",
                    "id": 49,
                    "attributes": {
                        "direction": "parallel",
                        "style": "solid"
                    },
                    "poly2d": [
                        [
                            547.436688,
                            348.641248,
                            "C"
                        ],
                        [
                            785.192037,
                            404.583683,
                            "C"
                        ],
                        [
                            1029.940193,
                            429.557986,
                            "C"
                        ],
                        [
                            1268.694513,
                            477.508644,
                            "L"
                        ]
                    ]
                }
            ]
        }
    ],
    "attributes": {
        "weather": "overcast",
        "scene": "highway",
        "timeofday": "daytime"
    }
}