{
    "name": "0a07abbf-5eeee19d",
    "frames": [
        {
            "timestamp": 10000,
            "objects": [
                {
                    "category": "car",
                    "id": 0,
                    "attributes": {
                        "occluded": true,
                        "truncated": true,
                        "trafficLightColor": "none"
                    },
                    "box2d": {
                        "x1": 1.247754,
                        "y1": 420.493112,
                        "x2": 147.234977,
                        "y2": 571.471352
                    }
                },
                {
                    "category": "truck",
                    "id": 1,
                    "attributes": {
                        "occluded": false,
                        "truncated": false,
                        "trafficLightColor": "none"
                    },
                    "box2d": {
                        "x1": 137.252945,
                        "y1": 319.425035,
                        "x2": 472.898782,
                        "y2": 575.214614
                    }
                },
                {
                    "category": "bus",
                    "id": 2,
                    "attributes": {
                        "occluded": false,
                        "truncated": false,
                        "trafficLightColor": "none"
                    },
                    "box2d": {
                        "x1": 549.011779,
                        "y1": 325.663804,
                        "x2": 746.156918,
                        "y2": 563.984827
                    }
                },
                {
                    "category": "car",
                    "id": 3,
                    "attributes": {
                        "occluded": true,
                        "truncated": false,
                        "trafficLightColor": "none"
                    },
                    "box2d": {
                        "x1": 499.101617,
                        "y1": 441.704931,
                        "x2": 554.002796,
                        "y2": 502.844879
                    }
                },
                {
                    "category": "traffic light",
                    "id": 4,
                    "attributes": {
                        "occluded": false,
                        "truncated": false,
                        "trafficLightColor": "green"
                    },
                    "box2d": {
                        "x1": 391.794769,
                        "y1": 227.091236,
                        "x2": 413.006588,
                        "y2": 265.771611
                    }
                },
                {
                    "category": "traffic light",
                    "id": 5,
                    "attributes": {
                        "occluded": false,
                        "truncated": false,
                        "trafficLightColor": "none"
                    },
                    "box2d": {
                        "x1": 381.812737,
                        "y1": 230.834498,
                        "x2": 391.794769,
                        "y2": 267.019365
                    }
                },
                {
                    "category": "traffic light",
                    "id": 6,
                    "attributes": {
                        "occluded": false,
                        "truncated": false,
                        "trafficLightColor": "none"
                    },
                    "box2d": {
                        "x1": 413.006588,
                        "y1": 233.330006,
                        "x2": 431.722899,
                        "y2": 267.019365
                    }
                },
                {
                    "category": "traffic light",
                    "id": 7,
                    "attributes": {
                        "occluded": false,
                        "truncated": false,
                        "trafficLightColor": "none"
                    },
                    "box2d": {
                        "x1": 666.300659,
                        "y1": 280.744659,
                        "x2": 678.778199,
                        "y2": 311.938511
                    }
                },
                {
                    "category": "traffic light",
                    "id": 8,
                    "attributes": {
                        "occluded": false,
                        "truncated": false,
                        "trafficLightColor": "none"
                    },
                    "box2d": {
                        "x1": 696.246756,
                        "y1": 280.744659,
                        "x2": 704.981034,
                        "y2": 310.690757
                    }
                },
                {
                    "category": "traffic light",
                    "id": 9,
                    "attributes": {
                        "occluded": false,
                        "truncated": false,
                        "trafficLightColor": "green"
                    },
                    "box2d": {
                        "x1": 682.521461,
                        "y1": 279.496906,
                        "x2": 691.255741,
                        "y2": 311.938511
                    }
                },
                {
                    "category": "traffic light",
                    "id": 10,
                    "attributes": {
                        "occluded": false,
                        "truncated": false,
                        "trafficLightColor": "green"
                    },
                    "box2d": {
                        "x1": 895.887403,
                        "y1": 403.024556,
                        "x2": 908.364943,
                        "y2": 416.749849
                    }
                },
                {
                    "category": "traffic sign",
                    "id": 11,
                    "attributes": {
                        "occluded": false,
                        "truncated": false,
                        "trafficLightColor": "none"
                    },
                    "box2d": {
                        "x1": 223.347973,
                        "y1": 230.834498,
                        "x2": 270.762626,
                        "y2": 270.762627
                    }
                },
                {
                    "category": "traffic sign",
                    "id": 12,
                    "attributes": {
                        "occluded": false,
                        "truncated": false,
                        "trafficLightColor": "none"
                    },
                    "box2d": {
                        "x1": 766.120982,
                        "y1": 318.177281,
                        "x2": 828.508683,
                        "y2": 330.654821
                    }
                },
                {
                    "category": "traffic sign",
                    "id": 13,
                    "attributes": {
                        "occluded": false,
                        "truncated": false,
                        "trafficLightColor": "none"
                    },
                    "box2d": {
                        "x1": 1005.689758,
                        "y1": 253.294071,
                        "x2": 1035.635856,
                        "y2": 286.98343
                    }
                },
                {
                    "category": "traffic light",
                    "id": 14,
                    "attributes": {
                        "occluded": false,
                        "truncated": false,
                        "trafficLightColor": "none"
                    },
                    "box2d": {
                        "x1": 1061.83869,
                        "y1": 370.582951,
                        "x2": 1088.041525,
                        "y2": 394.290278
                    }
                },
                {
                    "category": "traffic light",
                    "id": 15,
                    "attributes": {
                        "occluded": false,
                        "truncated": false,
                        "trafficLightColor": "none"
                    },
                    "box2d": {
                        "x1": 1095.528051,
                        "y1": 369.335197,
                        "x2": 1120.48313,
                        "y2": 393.042522
                    }
                },
                {
                    "category": "traffic light",
                    "id": 16,
                    "attributes": {
                        "occluded": false,
                        "truncated": false,
                        "trafficLightColor": "none"
                    },
                    "box2d": {
                        "x1": 884.657616,
                        "y1": 401.776802,
                        "x2": 895.887403,
                        "y2": 416.749849
                    }
                },
                {
                    "category": "car",
                    "id": 17,
                    "attributes": {
                        "occluded": true,
                        "truncated": false,
                        "trafficLightColor": "none"
                    },
                    "box2d": {
                        "x1": 993.212218,
                        "y1": 450.439208,
                        "x2": 1171.641047,
                        "y2": 510.331402
                    }
                },
                {
                    "category": "car",
                    "id": 18,
                    "attributes": {
                        "occluded": false,
                        "truncated": false,
                        "trafficLightColor": "none"
                    },
                    "box2d": {
                        "x1": 792.323817,
                        "y1": 451.686964,
                        "x2": 850.968257,
                        "y2": 495.358356
                    }
                },
                {
                    "category": "car",
                    "id": 19,
                    "attributes": {
                        "occluded": true,
                        "truncated": false,
                        "trafficLightColor": "none"
                    },
                    "box2d": {
                        "x1": 746.156918,
                        "y1": 424.236375,
                        "x2": 764.873228,
                        "y2": 486.624076
                    }
                },
                {
                    "category": "car",
                    "id": 20,
                    "attributes": {
                        "occluded": true,
                        "truncated": false,
                        "trafficLightColor": "none"
                    },
                    "box2d": {
                        "x1": 744.909164,
                        "y1": 409.263326,
                        "x2": 767.368736,
                        "y2": 461.668997
                    }
                },
                {
                    "category": "car",
                    "id": 21,
                    "attributes": {
                        "occluded": true,
                        "truncated": false,
                        "trafficLightColor": "none"
                    },
                    "box2d": {
                        "x1": 792.323817,
                        "y1": 439.209423,
                        "x2": 827.26093,
                        "y2": 465.412257
                    }
                },
                {
                    "category": "car",
                    "id": 22,
                    "attributes": {
                        "occluded": true,
                        "truncated": false,
                        "trafficLightColor": "none"
                    },
                    "box2d": {
                        "x1": 900.878419,
                        "y1": 434.218407,
                        "x2": 945.797564,
                        "y2": 447.943701
                    }
                },
                {
                    "category": "car",
                    "id": 23,
                    "attributes": {
                        "occluded": true,
                        "truncated": false,
                        "trafficLightColor": "none"
                    },
                    "box2d": {
                        "x1": 792.323817,
                        "y1": 432.970653,
                        "x2": 816.031144,
                        "y2": 440.457178
                    }
                },
                {
                    "category": "car",
                    "id": 24,
                    "attributes": {
                        "occluded": true,
                        "truncated": false,
                        "trafficLightColor": "none"
                    },
                    "box2d": {
                        "x1": 769.864244,
                        "y1": 431.722899,
                        "x2": 776.103014,
                        "y2": 441.704931
                    }
                },
                {
                    "category": "truck",
                    "id": 25,
                    "attributes": {
                        "occluded": true,
                        "truncated": false,
                        "trafficLightColor": "none"
                    },
                    "box2d": {
                        "x1": 778.598523,
                        "y1": 425.484129,
                        "x2": 793.571571,
                        "y2": 439.209423
                    }
                },
                {
                    "category": "person",
                    "id": 26,
                    "attributes": {
                        "occluded": false,
                        "truncated": false,
                        "trafficLightColor": "none"
                    },
                    "box2d": {
                        "x1": 898.38291,
                        "y1": 441.704931,
                        "x2": 922.090237,
                        "y2": 491.615093
                    }
                },
                {
                    "category": "person",
                    "id": 27,
                    "attributes": {
                        "occluded": true,
                        "truncated": false,
                        "trafficLightColor": "none"
                    },
                    "box2d": {
                        "x1": 919.594728,
                        "y1": 442.952685,
                        "x2": 943.302055,
                        "y2": 491.615093
                    }
                },
                {
                    "category": "traffic sign",
                    "id": 28,
                    "attributes": {
                        "occluded": false,
                        "truncated": false,
                        "trafficLightColor": "none"
                    },
                    "box2d": {
                        "x1": 1024.181042,
                        "y1": 290.321054,
                        "x2": 1052.317885,
                        "y2": 337.642107
                    }
                },
                {
                    "category": "area/drivable",
                    "id": 29,
                    "attributes": {},
                    "poly2d": [
                        [
                            443.715186,
                            566.14674,
                            "L"
                        ],
                        [
                            753.437162,
                            569.441683,
                            "L"
                        ],
                        [
                            753.437162,
                            495.854621,
                            "L"
                        ],
                        [
                            1003.850673,
                            510.132707,
                            "L"
                        ],
                        [
                            1004.948978,
                            531.00068,
                            "L"
                        ],
                        [
                            962.115088,
                            526.607423,
                            "C"
                        ],
                        [
                            931.362552,
                            522.214165,
                            "C"
                        ],
                        [
                            937.952381,
                            548.573711,
                            "C"
                        ],
                        [
                            1279.525181,
                            650.716948,
                            "L"
                        ],
                        [
                            921.477808,
                            605.686058,
                            "C"
                        ],
                        [
                            707.308357,
                            588.113028,
                            "C"
                        ],
                        [
                            282.149901,
                            669.599766,
                            "C"
                        ],
                        [
                            443.715186,
                            566.14674,
                            "L"
                        ]
                    ]
                },
                {
                    "category": "lane/double white",
                    "id": 30,
                    "attributes": {
                        "direction": "parallel",
                        "style": "solid"
                    },
                    "poly2d": [
                        [
                            481.010082,
                            541.8848,
                            "L"
                        ],
                        [
                            289.404407,
                            666.628079,
                            "L"
                        ]
                    ]
                },
                {
                    "category": "lane/double white",
                    "id": 31,
                    "attributes": {
                        "direction": "parallel",
                        "style": "solid"
                    },
                    "poly2d": [
                        [
                            236.513254,
                            664.632187,
                            "L"
                        ],
                        [
                            458.057317,
                            542.882747,
                            "L"
                        ]
                    ]
                },
                {
                    "category": "lane/crosswalk",
                    "id": 32,
                    "attributes": {
                        "direction": "vertical",
                        "style": "dashed"
                    },
                    "poly2d": [
                        [
                            753.449401,
                            503.962844,
                            "L"
                        ],
                        [
                            852.246077,
                            504.960791,
                            "L"
                        ]
                    ]
                },
                {
                    "category": "lane/crosswalk",
                    "id": 33,
                    "attributes": {
                        "direction": "vertical",
                        "style": "dashed"
                    },
                    "poly2d": [
                        [
                            754.447346,
                            494.981329,
                            "L"
                        ],
                        [
                            842.266615,
                            497.975166,
                            "L"
                        ]
                    ]
                },
                {
                    "category": "lane/crosswalk",
                    "id": 34,
                    "attributes": {
                        "direction": "vertical",
                        "style": "dashed"
                    },
                    "poly2d": [
                        [
                            473.026512,
                            504.960791,
                            "L"
                        ],
                        [
                            548.870424,
                            503.962844,
                            "L"
                        ]
                    ]
                },
                {
                    "category": "lane/crosswalk",
                    "id": 35,
                    "attributes": {
                        "direction": "vertical",
                        "style": "dashed"
                    },
                    "poly2d": [
                        [
                            458.057317,
                            536.895069,
                            "L"
                        ],
                        [
                            543.880694,
                            536.895069,
                            "L"
                        ]
                    ]
                },
                {
                    "category": "lane/crosswalk",
                    "id": 36,
                    "attributes": {
                        "direction": "vertical",
                        "style": "dashed"
                    },
                    "poly2d": [
                        [
                            446.081961,
                            525.917663,
                            "L"
                        ],
                        [
                            546.874531,
                            524.919715,
                            "L"
                        ]
                    ]
                },
                {
                    "category": "lane/crosswalk",
                    "id": 37,
                    "attributes": {
                        "direction": "vertical",
                        "style": "dashed"
                    },
                    "poly2d": [
                        [
                            739.478156,
                            542.882747,
                            "L"
                        ],
                        [
                            937.07151,
                            546.874531,
                            "L"
                        ]
                    ]
                },
                {
                    "category": "lane/crosswalk",
                    "id": 38,
                    "attributes": {
                        "direction": "vertical",
                        "style": "dashed"
                    },
                    "poly2d": [
                        [
                            744.467884,
                            527.913553,
                            "L"
                        ],
                        [
                            882.184464,
                            530.907392,
                            "L"
                        ]
                    ]
                },
                {
                    "category": "lane/crosswalk",
                    "id": 39,
                    "attributes": {
                        "direction": "vertical",
                        "style": "dashed"
                    },
                    "poly2d": [
                        [
                            1052.891524,
                            509.214537,
                            "L"
                        ],
                        [
                            1097.822218,
                            527.186814,
                            "L"
                        ]
                    ]
                },
                {
                    "category": "lane/single white",
                    "id": 40,
                    "attributes": {
                        "direction": "vertical",
                        "style": "solid"
                    },
                    "poly2d": [
                        [
                            470.032672,
                            555.856047,
                            "L"
                        ],
                        [
                            542.882747,
                            556.853995,
                            "L"
                        ]
                    ]
                },
                {
                    "category": "lane/single white",
                    "id": 41,
                    "attributes": {
                        "direction": "vertical",
                        "style": "solid"
                    },
                    "poly2d": [
                        [
                            478.016241,
                            549.868373,
                            "L"
                        ],
                        [
                            540.886856,
                            549.868373,
                            "L"
                        ]
                    ]
                },
                {
                    "category": "lane/road curb",
                    "id": 42,
                    "attributes": {
                        "direction": "parallel",
                        "style": "solid"
                    },
                    "poly2d": [
                        [
                            947.05097,
                            548.870424,
                            "L"
                        ],
                        [
                            978.985247,
                            558.849886,
                            "L"
                        ]
                    ]
                },
                {
                    "category": "lane/single white",
                    "id": 43,
                    "attributes": {
                        "direction": "vertical",
                        "style": "solid"
                    },
                    "poly2d": [
                        [
                            732.385905,
                            564.62906,
                            "C"
                        ],
                        [
                            808.752499,
                            567.624439,
                            "C"
                        ],
                        [
                            885.150264,
                            566.126749,
                            "C"
                        ],
                        [
                            963.030135,
                            575.112888,
                            "L"
                        ]
                    ]
                },
                {
                    "category": "lane/single white",
                    "id": 44,
                    "attributes": {
                        "direction": "vertical",
                        "style": "solid"
                    },
                    "poly2d": [
                        [
                            734.653303,
                            559.568213,
                            "L"
                        ],
                        [
                            951.048618,
                            563.13137,
                            "L"
                        ]
                    ]
                },
                {
                    "category": "lane/crosswalk",
                    "id": 45,
                    "attributes": {
                        "direction": "vertical",
                        "style": "dashed"
                    },
                    "poly2d": [
                        [
                            889.657076,
                            509.514452,
                            "L"
                        ],
                        [
                            918.099441,
                            537.670642,
                            "L"
                        ]
                    ]
                },
                {
                    "category": "lane/crosswalk",
                    "id": 46,
                    "attributes": {
                        "direction": "vertical",
                        "style": "dashed"
                    },
                    "poly2d": [
                        [
                            933.076339,
                            534.675263,
                            "L"
                        ],
                        [
                            901.624853,
                            507.716846,
                            "L"
                        ]
                    ]
                },
                {
                    "category": "lane/road curb",
                    "id": 47,
                    "attributes": {
                        "direction": "parallel",
                        "style": "solid"
                    },
                    "poly2d": [
                        [
                            861.187228,
                            501.726088,
                            "C"
                        ],
                        [
                            904.620232,
                            509.214537,
                            "C"
                        ],
                        [
                            957.039377,
                            512.209916,
                            "C"
                        ],
                        [
                            1013.951587,
                            509.214537,
                            "L"
                        ]
                    ]
                }
            ]
        }
    ],
    "attributes": {
        "weather": "snowy",
        "scene": "residential",
        "timeofday": "daytime"
    }
}