{
    "name": "0a0a0b1a-27d9fc44",
    "frames": [
        {
            "timestamp": 10000,
            "objects": [
                {
                    "category": "person",
                    "id": 0,
                    "attributes": {
                        "occluded": true,
                        "truncated": false,
                        "trafficLightColor": "none"
                    },
                    "box2d": {
                        "x1": 502.843307,
                        "y1": 301.950958,
                        "x2": 537.754473,
                        "y2": 385.554011
                    }
                },
                {
                    "category": "person",
                    "id": 1,
                    "attributes": {
                        "occluded": true,
                        "truncated": false,
                        "trafficLightColor": "none"
                    },
                    "box2d": {
                        "x1": 573.584351,
                        "y1": 295.519953,
                        "x2": 613.089092,
                        "y2": 392.903729
                    }
                },
                {
                    "category": "person",
                    "id": 2,
                    "attributes": {
                        "occluded": true,
                        "truncated": false,
                        "trafficLightColor": "none"
                    },
                    "box2d": {
                        "x1": 703.123147,
                        "y1": 287.251518,
                        "x2": 736.196881,
                        "y2": 369.017141
                    }
                },
                {
                    "category": "person",
                    "id": 3,
                    "attributes": {
                        "occluded": true,
                        "truncated": false,
                        "trafficLightColor": "none"
                    },
                    "box2d": {
                        "x1": 908.302782,
                        "y1": 279.9018,
                        "x2": 951.48238,
                        "y2": 346.967985
                    }
                },
                {
                    "category": "person",
                    "id": 4,
                    "attributes": {
                        "occluded": true,
                        "truncated": false,
                        "trafficLightColor": "none"
                    },
                    "box2d": {
                        "x1": 462.113577,
                        "y1": 305.472692,
                        "x2": 477.731731,
                        "y2": 332.115423
                    }
                },
                {
                    "category": "person",
                    "id": 5,
                    "attributes": {
                        "occluded": true,
                        "truncated": false,
                        "trafficLightColor": "none"
                    },
                    "box2d": {
                        "x1": 476.813015,
                        "y1": 303.635263,
                        "x2": 497.943457,
                        "y2": 332.115423
                    }
                },
                {
                    "category": "person",
                    "id": 6,
                    "attributes": {
                        "occluded": true,
                        "truncated": false,
                        "trafficLightColor": "none"
                    },
                    "box2d": {
                        "x1": 620.500012,
                        "y1": 273.777029,
                        "x2": 659.086037,
                        "y2": 413.421687
                    }
                },
                {
                    "category": "car",
                    "id": 7,
                    "attributes": {
                        "occluded": false,
                        "truncated": true,
                        "trafficLightColor": "none"
                    },
                    "box2d": {
                        "x1": 0.019122,
                        "y1": 214.060564,
                        "x2": 542.060892,
                        "y2": 610.945384
                    }
                },
                {
                    "category": "traffic sign",
                    "id": 8,
                    "attributes": {
                        "occluded": false,
                        "truncated": false,
                        "trafficLightColor": "none"
                    },
                    "box2d": {
                        "x1": 815.818799,
                        "y1": 141.78833,
                        "x2": 977.512615,
                        "y2": 210.691945
                    }
                },
                {
                    "category": "person",
                    "id": 9,
                    "attributes": {
                        "occluded": true,
                        "truncated": false,
                        "trafficLightColor": "none"
                    },
                    "box2d": {
                        "x1": 721.059956,
                        "y1": 284.145388,
                        "x2": 766.076984,
                        "y2": 421.95262
                    }
                },
                {
                    "category": "person",
                    "id": 10,
                    "attributes": {
                        "occluded": true,
                        "truncated": false,
                        "trafficLightColor": "none"
                    },
                    "box2d": {
                        "x1": 954.413532,
                        "y1": 284.145388,
                        "x2": 1008.617708,
                        "y2": 412.765471
                    }
                },
                {
                    "category": "traffic sign",
                    "id": 11,
                    "attributes": {
                        "occluded": false,
                        "truncated": false,
                        "trafficLightColor": "none"
                    },
                    "box2d": {
                        "x1": 540.095455,
                        "y1": 224.615239,
                        "x2": 637.026249,
                        "y2": 260.964287
                    }
                },
                {
                    "category": "area/alternative",
                    "id": 12,
                    "attributes": {},
                    "poly2d": [
                        [
                            534.385293,
                            405.895457,
                            "L"
                        ],
                        [
                            1280.6437,
                            596.302914,
                            "L"
                        ],
                        [
                            1280.6437,
                            627.013794,
                            "L"
                        ],
                        [
                            1045.721446,
                            599.374002,
                            "C"
                        ],
                        [
                            793.892229,
                            585.554106,
                            "C"
                        ],
                        [
                            557.418453,
                            596.302914,
                            "C"
                        ],
                        [
                            534.385293,
                            405.895457,
                            "L"
                        ]
                    ]
                },
                {
                    "category": "lane/road curb",
                    "id": 13,
                    "attributes": {
                        "direction": "parallel",
                        "style": "solid"
                    },
                    "poly2d": [
                        [
                            525.304453,
                            404.27231,
                            "L"
                        ],
                        [
                            1280.195647,
                            601.417449,
                            "L"
                        ]
                    ]
                }
            ]
        }
    ],
    "attributes": {
        "weather": "undefined",
        "scene": "city street",
        "timeofday": "daytime"
    }
}