{
    "name": "0a0c3694-24fe9c8d",
    "frames": [
        {
            "timestamp": 10000,
            "objects": [
                {
                    "category": "car",
                    "id": 0,
                    "attributes": {
                        "occluded": true,
                        "truncated": true,
                        "trafficLightColor": "none"
                    },
                    "box2d": {
                        "x1": 0.997945,
                        "y1": 325.330471,
                        "x2": 108.776139,
                        "y2": 476.020351
                    }
                },
                {
                    "category": "car",
                    "id": 1,
                    "attributes": {
                        "occluded": false,
                        "truncated": true,
                        "trafficLightColor": "none"
                    },
                    "box2d": {
                        "x1": 1208.512879,
                        "y1": 522.923825,
                        "x2": 1279.367064,
                        "y2": 679.601382
                    }
                },
                {
                    "category": "car",
                    "id": 2,
                    "attributes": {
                        "occluded": false,
                        "truncated": false,
                        "trafficLightColor": "none"
                    },
                    "box2d": {
                        "x1": 81.831591,
                        "y1": 236.513256,
                        "x2": 455.063479,
                        "y2": 563.839617
                    }
                },
                {
                    "category": "car",
                    "id": 3,
                    "attributes": {
                        "occluded": false,
                        "truncated": false,
                        "trafficLightColor": "none"
                    },
                    "box2d": {
                        "x1": 492.985435,
                        "y1": 327.326361,
                        "x2": 526.915608,
                        "y2": 364.250372
                    }
                },
                {
                    "category": "car",
                    "id": 4,
                    "attributes": {
                        "occluded": true,
                        "truncated": false,
                        "trafficLightColor": "none"
                    },
                    "box2d": {
                        "x1": 436.102501,
                        "y1": 337.305824,
                        "x2": 468.036779,
                        "y2": 378.221619
                    }
                },
                {
                    "category": "car",
                    "id": 5,
                    "attributes": {
                        "occluded": true,
                        "truncated": false,
                        "trafficLightColor": "none"
                    },
                    "box2d": {
                        "x1": 453.067587,
                        "y1": 330.320201,
                        "x2": 485.999811,
                        "y2": 379.219566
                    }
                },
                {
                    "category": "car",
                    "id": 6,
                    "attributes": {
                        "occluded": true,
                        "truncated": false,
                        "trafficLightColor": "none"
                    },
                    "box2d": {
                        "x1": 525.91766,
                        "y1": 331.318146,
                        "x2": 543.880693,
                        "y2": 351.277072
                    }
                },
                {
                    "category": "car",
                    "id": 7,
                    "attributes": {
                        "occluded": false,
                        "truncated": false,
                        "trafficLightColor": "none"
                    },
                    "box2d": {
                        "x1": 547.872478,
                        "y1": 335.309933,
                        "x2": 566.833456,
                        "y2": 350.279127
                    }
                },
                {
                    "category": "car",
                    "id": 8,
                    "attributes": {
                        "occluded": true,
                        "truncated": false,
                        "trafficLightColor": "none"
                    },
                    "box2d": {
                        "x1": 703.552089,
                        "y1": 332.316093,
                        "x2": 797.359035,
                        "y2": 465.042943
                    }
                },
                {
                    "category": "car",
                    "id": 9,
                    "attributes": {
                        "occluded": true,
                        "truncated": false,
                        "trafficLightColor": "none"
                    },
                    "box2d": {
                        "x1": 669.621918,
                        "y1": 340.299661,
                        "x2": 738.480208,
                        "y2": 434.106607
                    }
                },
                {
                    "category": "car",
                    "id": 10,
                    "attributes": {
                        "occluded": true,
                        "truncated": false,
                        "trafficLightColor": "none"
                    },
                    "box2d": {
                        "x1": 628.706123,
                        "y1": 324.332525,
                        "x2": 695.56852,
                        "y2": 389.19903
                    }
                },
                {
                    "category": "car",
                    "id": 11,
                    "attributes": {
                        "occluded": true,
                        "truncated": false,
                        "trafficLightColor": "none"
                    },
                    "box2d": {
                        "x1": 614.734876,
                        "y1": 347.285287,
                        "x2": 640.681479,
                        "y2": 385.207245
                    }
                },
                {
                    "category": "car",
                    "id": 12,
                    "attributes": {
                        "occluded": true,
                        "truncated": false,
                        "trafficLightColor": "none"
                    },
                    "box2d": {
                        "x1": 605.753359,
                        "y1": 338.303771,
                        "x2": 636.689693,
                        "y2": 381.215457
                    }
                },
                {
                    "category": "car",
                    "id": 13,
                    "attributes": {
                        "occluded": true,
                        "truncated": false,
                        "trafficLightColor": "none"
                    },
                    "box2d": {
                        "x1": 592.780059,
                        "y1": 336.30788,
                        "x2": 611.741038,
                        "y2": 368.24216
                    }
                },
                {
                    "category": "car",
                    "id": 14,
                    "attributes": {
                        "occluded": true,
                        "truncated": false,
                        "trafficLightColor": "none"
                    },
                    "box2d": {
                        "x1": 578.808811,
                        "y1": 338.303771,
                        "x2": 604.755412,
                        "y2": 360.258589
                    }
                },
                {
                    "category": "car",
                    "id": 15,
                    "attributes": {
                        "occluded": true,
                        "truncated": false,
                        "trafficLightColor": "none"
                    },
                    "box2d": {
                        "x1": 574.817028,
                        "y1": 331.318146,
                        "x2": 589.78622,
                        "y2": 356.266802
                    }
                },
                {
                    "category": "car",
                    "id": 16,
                    "attributes": {
                        "occluded": true,
                        "truncated": true,
                        "trafficLightColor": "none"
                    },
                    "box2d": {
                        "x1": 761.43297,
                        "y1": 194.599513,
                        "x2": 1278.369114,
                        "y2": 584.796488
                    }
                },
                {
                    "category": "traffic sign",
                    "id": 17,
                    "attributes": {
                        "occluded": false,
                        "truncated": false,
                        "trafficLightColor": "none"
                    },
                    "box2d": {
                        "x1": 858.233754,
                        "y1": 207.572815,
                        "x2": 892.163927,
                        "y2": 231.523525
                    }
                },
                {
                    "category": "area/drivable",
                    "id": 18,
                    "attributes": {},
                    "poly2d": [
                        [
                            0,
                            663.86685,
                            "L"
                        ],
                        [
                            311.731412,
                            616.264986,
                            "C"
                        ],
                        [
                            615.769125,
                            587.08965,
                            "C"
                        ],
                        [
                            924.41347,
                            631.620426,
                            "C"
                        ],
                        [
                            571.238349,
                            355.222505,
                            "L"
                        ],
                        [
                            545.134101,
                            353.686961,
                            "L"
                        ],
                        [
                            535.920837,
                            369.042401,
                            "L"
                        ],
                        [
                            480.641252,
                            370.577945,
                            "L"
                        ],
                        [
                            456.072548,
                            557.914314,
                            "L"
                        ],
                        [
                            0,
                            571.73421,
                            "L"
                        ],
                        [
                            0,
                            663.86685,
                            "L"
                        ]
                    ]
                }
            ]
        }
    ],
    "attributes": {
        "weather": "undefined",
        "scene": "residential",
        "timeofday": "daytime"
    }
}