{
    "name": "0a0c3694-9572f64f",
    "frames": [
        {
            "timestamp": 10000,
            "objects": [
                {
                    "category": "car",
                    "id": 0,
                    "attributes": {
                        "occluded": true,
                        "truncated": false,
                        "trafficLightColor": "none"
                    },
                    "box2d": {
                        "x1": 615.840732,
                        "y1": 340.158195,
                        "x2": 627.963187,
                        "y2": 351.178608
                    }
                },
                {
                    "category": "car",
                    "id": 1,
                    "attributes": {
                        "occluded": false,
                        "truncated": false,
                        "trafficLightColor": "none"
                    },
                    "box2d": {
                        "x1": 593.799907,
                        "y1": 335.750029,
                        "x2": 613.636651,
                        "y2": 353.382689
                    }
                },
                {
                    "category": "car",
                    "id": 2,
                    "attributes": {
                        "occluded": false,
                        "truncated": false,
                        "trafficLightColor": "none"
                    },
                    "box2d": {
                        "x1": 623.555022,
                        "y1": 336.85207,
                        "x2": 659.922385,
                        "y2": 369.91331
                    }
                },
                {
                    "category": "truck",
                    "id": 3,
                    "attributes": {
                        "occluded": false,
                        "truncated": false,
                        "trafficLightColor": "none"
                    },
                    "box2d": {
                        "x1": 703.915115,
                        "y1": 294.685848,
                        "x2": 803.098833,
                        "y2": 383.951194
                    }
                },
                {
                    "category": "traffic sign",
                    "id": 4,
                    "attributes": {
                        "occluded": false,
                        "truncated": false,
                        "trafficLightColor": "none"
                    },
                    "box2d": {
                        "x1": 854.983697,
                        "y1": 182.065369,
                        "x2": 908.983721,
                        "y2": 218.432732
                    }
                },
                {
                    "category": "traffic sign",
                    "id": 5,
                    "attributes": {
                        "occluded": false,
                        "truncated": false,
                        "trafficLightColor": "none"
                    },
                    "box2d": {
                        "x1": 884.738812,
                        "y1": 208.013427,
                        "x2": 907.881681,
                        "y2": 243.278749
                    }
                },
                {
                    "category": "area/alternative",
                    "id": 6,
                    "attributes": {},
                    "poly2d": [
                        [
                            796.786566,
                            389.399352,
                            "L"
                        ],
                        [
                            1280.524791,
                            497.233017,
                            "L"
                        ],
                        [
                            1277.544995,
                            636.518171,
                            "L"
                        ],
                        [
                            768.330458,
                            404.37625,
                            "L"
                        ],
                        [
                            796.786566,
                            389.399352,
                            "L"
                        ]
                    ]
                },
                {
                    "category": "area/drivable",
                    "id": 7,
                    "attributes": {},
                    "poly2d": [
                        [
                            0,
                            581.103648,
                            "L"
                        ],
                        [
                            0,
                            655.988138,
                            "L"
                        ],
                        [
                            561.649265,
                            572.117509,
                            "C"
                        ],
                        [
                            989.988553,
                            641.01124,
                            "C"
                        ],
                        [
                            1280.524791,
                            687.439625,
                            "C"
                        ],
                        [
                            1280.524791,
                            647.001999,
                            "L"
                        ],
                        [
                            679.96676,
                            374.422453,
                            "L"
                        ],
                        [
                            618.561478,
                            371.427075,
                            "L"
                        ],
                        [
                            612.570719,
                            359.445555,
                            "L"
                        ],
                        [
                            582.616922,
                            357.947865,
                            "L"
                        ],
                        [
                            0,
                            581.103648,
                            "L"
                        ]
                    ]
                },
                {
                    "category": "lane/single yellow",
                    "id": 8,
                    "attributes": {
                        "direction": "parallel",
                        "style": "solid"
                    },
                    "poly2d": [
                        [
                            1.247754,
                            568.975843,
                            "L"
                        ],
                        [
                            536.534239,
                            366.839689,
                            "L"
                        ]
                    ]
                },
                {
                    "category": "lane/single yellow",
                    "id": 9,
                    "attributes": {
                        "direction": "parallel",
                        "style": "solid"
                    },
                    "poly2d": [
                        [
                            0,
                            581.453384,
                            "L"
                        ],
                        [
                            537.781992,
                            369.335196,
                            "L"
                        ]
                    ]
                },
                {
                    "category": "lane/road curb",
                    "id": 10,
                    "attributes": {
                        "direction": "parallel",
                        "style": "solid"
                    },
                    "poly2d": [
                        [
                            817.278898,
                            395.538032,
                            "L"
                        ],
                        [
                            1280.195649,
                            496.606109,
                            "L"
                        ]
                    ]
                },
                {
                    "category": "lane/road curb",
                    "id": 11,
                    "attributes": {
                        "direction": "parallel",
                        "style": "solid"
                    },
                    "poly2d": [
                        [
                            0,
                            560.241565,
                            "L"
                        ],
                        [
                            575.214614,
                            354.362147,
                            "L"
                        ]
                    ]
                },
                {
                    "category": "lane/double white",
                    "id": 12,
                    "attributes": {
                        "direction": "parallel",
                        "style": "dashed"
                    },
                    "poly2d": [
                        [
                            689.069047,
                            374.624742,
                            "L"
                        ],
                        [
                            1124.443748,
                            572.062107,
                            "L"
                        ]
                    ]
                }
            ]
        }
    ],
    "attributes": {
        "weather": "clear",
        "scene": "city street",
        "timeofday": "dawn/dusk"
    }
}