{
    "name": "0a0cc110-7f2fd761",
    "frames": [
        {
            "timestamp": 10000,
            "objects": [
                {
                    "category": "car",
                    "id": 0,
                    "attributes": {
                        "occluded": true,
                        "truncated": false,
                        "trafficLightColor": "none"
                    },
                    "box2d": {
                        "x1": 967.604337,
                        "y1": 222.402841,
                        "x2": 1224.87971,
                        "y2": 369.272641
                    }
                },
                {
                    "category": "car",
                    "id": 1,
                    "attributes": {
                        "occluded": true,
                        "truncated": false,
                        "trafficLightColor": "none"
                    },
                    "box2d": {
                        "x1": 794.109843,
                        "y1": 256.841276,
                        "x2": 917.683052,
                        "y2": 333.821309
                    }
                },
                {
                    "category": "car",
                    "id": 2,
                    "attributes": {
                        "occluded": false,
                        "truncated": false,
                        "trafficLightColor": "none"
                    },
                    "box2d": {
                        "x1": 369.851439,
                        "y1": 267.983122,
                        "x2": 456.960425,
                        "y2": 330.782627
                    }
                },
                {
                    "category": "car",
                    "id": 3,
                    "attributes": {
                        "occluded": true,
                        "truncated": false,
                        "trafficLightColor": "none"
                    },
                    "box2d": {
                        "x1": 358.56489,
                        "y1": 267.066698,
                        "x2": 401.106486,
                        "y2": 312.646979
                    }
                },
                {
                    "category": "car",
                    "id": 4,
                    "attributes": {
                        "occluded": true,
                        "truncated": false,
                        "trafficLightColor": "none"
                    },
                    "box2d": {
                        "x1": 338.306986,
                        "y1": 247.821689,
                        "x2": 374.771211,
                        "y2": 291.376182
                    }
                },
                {
                    "category": "car",
                    "id": 5,
                    "attributes": {
                        "occluded": true,
                        "truncated": false,
                        "trafficLightColor": "none"
                    },
                    "box2d": {
                        "x1": 326.152244,
                        "y1": 253.62896,
                        "x2": 344.384358,
                        "y2": 278.951338
                    }
                },
                {
                    "category": "car",
                    "id": 6,
                    "attributes": {
                        "occluded": true,
                        "truncated": false,
                        "trafficLightColor": "none"
                    },
                    "box2d": {
                        "x1": 302.855656,
                        "y1": 243.500008,
                        "x2": 317.03619,
                        "y2": 263.757911
                    }
                },
                {
                    "category": "car",
                    "id": 7,
                    "attributes": {
                        "occluded": true,
                        "truncated": false,
                        "trafficLightColor": "none"
                    },
                    "box2d": {
                        "x1": 317.036188,
                        "y1": 255.65475,
                        "x2": 328.178036,
                        "y2": 273.886862
                    }
                },
                {
                    "category": "car",
                    "id": 8,
                    "attributes": {
                        "occluded": true,
                        "truncated": false,
                        "trafficLightColor": "none"
                    },
                    "box2d": {
                        "x1": 108.379783,
                        "y1": 230.332371,
                        "x2": 208.656407,
                        "y2": 264.770807
                    }
                },
                {
                    "category": "car",
                    "id": 9,
                    "attributes": {
                        "occluded": false,
                        "truncated": false,
                        "trafficLightColor": "none"
                    },
                    "box2d": {
                        "x1": 231.952995,
                        "y1": 244.614182,
                        "x2": 258.28827,
                        "y2": 265.884982
                    }
                },
                {
                    "category": "traffic sign",
                    "id": 10,
                    "attributes": {
                        "occluded": false,
                        "truncated": false,
                        "trafficLightColor": "none"
                    },
                    "box2d": {
                        "x1": 13.167638,
                        "y1": 208.31877,
                        "x2": 54.69634,
                        "y2": 249.847472
                    }
                },
                {
                    "category": "traffic sign",
                    "id": 11,
                    "attributes": {
                        "occluded": false,
                        "truncated": false,
                        "trafficLightColor": "none"
                    },
                    "box2d": {
                        "x1": 28.361066,
                        "y1": 259.301163,
                        "x2": 44.567388,
                        "y2": 275.507487
                    }
                },
                {
                    "category": "traffic light",
                    "id": 12,
                    "attributes": {
                        "occluded": false,
                        "truncated": false,
                        "trafficLightColor": "green"
                    },
                    "box2d": {
                        "x1": 216.759563,
                        "y1": 220.811149,
                        "x2": 237.017469,
                        "y2": 239.043262
                    }
                },
                {
                    "category": "traffic light",
                    "id": 13,
                    "attributes": {
                        "occluded": false,
                        "truncated": false,
                        "trafficLightColor": "green"
                    },
                    "box2d": {
                        "x1": 266.391431,
                        "y1": 214.733778,
                        "x2": 281.584857,
                        "y2": 230.940101
                    }
                },
                {
                    "category": "traffic sign",
                    "id": 14,
                    "attributes": {
                        "occluded": false,
                        "truncated": false,
                        "trafficLightColor": "none"
                    },
                    "box2d": {
                        "x1": 619.891843,
                        "y1": 184.009286,
                        "x2": 666.485021,
                        "y2": 197.514561
                    }
                },
                {
                    "category": "traffic sign",
                    "id": 15,
                    "attributes": {
                        "occluded": false,
                        "truncated": false,
                        "trafficLightColor": "none"
                    },
                    "box2d": {
                        "x1": 617.866053,
                        "y1": 209.669299,
                        "x2": 637.111061,
                        "y2": 224.862724
                    }
                },
                {
                    "category": "traffic sign",
                    "id": 16,
                    "attributes": {
                        "occluded": false,
                        "truncated": false,
                        "trafficLightColor": "none"
                    },
                    "box2d": {
                        "x1": 627.995003,
                        "y1": 170.166387,
                        "x2": 642.175539,
                        "y2": 180.295341
                    }
                },
                {
                    "category": "traffic light",
                    "id": 17,
                    "attributes": {
                        "occluded": false,
                        "truncated": false,
                        "trafficLightColor": "red"
                    },
                    "box2d": {
                        "x1": 647.240011,
                        "y1": 202.579033,
                        "x2": 672.562393,
                        "y2": 234.991681
                    }
                },
                {
                    "category": "traffic sign",
                    "id": 18,
                    "attributes": {
                        "occluded": false,
                        "truncated": false,
                        "trafficLightColor": "none"
                    },
                    "box2d": {
                        "x1": 439.596506,
                        "y1": 202.579033,
                        "x2": 452.76414,
                        "y2": 241.069047
                    }
                },
                {
                    "category": "traffic light",
                    "id": 19,
                    "attributes": {
                        "occluded": false,
                        "truncated": false,
                        "trafficLightColor": "red"
                    },
                    "box2d": {
                        "x1": 0,
                        "y1": 67.526343,
                        "x2": 44.567388,
                        "y2": 111.080838
                    }
                },
                {
                    "category": "traffic light",
                    "id": 20,
                    "attributes": {
                        "occluded": false,
                        "truncated": false,
                        "trafficLightColor": "none"
                    },
                    "box2d": {
                        "x1": 0,
                        "y1": 178.607176,
                        "x2": 18.232115,
                        "y2": 211.019823
                    }
                },
                {
                    "category": "traffic light",
                    "id": 21,
                    "attributes": {
                        "occluded": false,
                        "truncated": false,
                        "trafficLightColor": "red"
                    },
                    "box2d": {
                        "x1": 981.101193,
                        "y1": 37.951916,
                        "x2": 1050.99096,
                        "y2": 126.073796
                    }
                },
                {
                    "category": "traffic sign",
                    "id": 22,
                    "attributes": {
                        "occluded": false,
                        "truncated": false,
                        "trafficLightColor": "none"
                    },
                    "box2d": {
                        "x1": 931.469331,
                        "y1": 5.539271,
                        "x2": 995.281726,
                        "y2": 53.145344
                    }
                },
                {
                    "category": "traffic sign",
                    "id": 23,
                    "attributes": {
                        "occluded": false,
                        "truncated": true,
                        "trafficLightColor": "none"
                    },
                    "box2d": {
                        "x1": 874.126242,
                        "y1": 0.810114,
                        "x2": 927.594573,
                        "y2": 16.607576
                    }
                },
                {
                    "category": "area/drivable",
                    "id": 24,
                    "attributes": {},
                    "poly2d": [
                        [
                            0,
                            591.435416,
                            "L"
                        ],
                        [
                            267.019365,
                            502.844879,
                            "C"
                        ],
                        [
                            573.96686,
                            539.029747,
                            "C"
                        ],
                        [
                            791.076063,
                            551.507287,
                            "C"
                        ],
                        [
                            811.040128,
                            469.15552,
                            "L"
                        ],
                        [
                            777.350769,
                            456.67798,
                            "C"
                        ],
                        [
                            748.652427,
                            427.979637,
                            "C"
                        ],
                        [
                            819.774406,
                            396.785785,
                            "C"
                        ],
                        [
                            807.296867,
                            339.389101,
                            "L"
                        ],
                        [
                            693.751248,
                            346.875624,
                            "C"
                        ],
                        [
                            580.205629,
                            358.10541,
                            "C"
                        ],
                        [
                            465.412258,
                            335.645838,
                            "C"
                        ],
                        [
                            376.82172,
                            340.636855,
                            "L"
                        ],
                        [
                            291.76934,
                            267.696497,
                            "L"
                        ],
                        [
                            244.167476,
                            269.232041,
                            "L"
                        ],
                        [
                            0,
                            360.600918,
                            "L"
                        ],
                        [
                            0,
                            591.435416,
                            "L"
                        ]
                    ]
                },
                {
                    "category": "lane/road curb",
                    "id": 25,
                    "attributes": {
                        "direction": "parallel",
                        "style": "solid"
                    },
                    "poly2d": [
                        [
                            16.155229,
                            348.088796,
                            "C"
                        ],
                        [
                            57.889573,
                            350.781319,
                            "C"
                        ],
                        [
                            127.895569,
                            311.739748,
                            "C"
                        ],
                        [
                            228.865755,
                            260.581829,
                            "L"
                        ]
                    ]
                },
                {
                    "category": "lane/road curb",
                    "id": 26,
                    "attributes": {
                        "direction": "parallel",
                        "style": "solid"
                    },
                    "poly2d": [
                        [
                            456.385242,
                            325.202359,
                            "C"
                        ],
                        [
                            507.543469,
                            354.820103,
                            "C"
                        ],
                        [
                            638.131578,
                            345.396275,
                            "C"
                        ],
                        [
                            836.033142,
                            333.279925,
                            "L"
                        ]
                    ]
                },
                {
                    "category": "lane/crosswalk",
                    "id": 27,
                    "attributes": {
                        "direction": "vertical",
                        "style": "dashed"
                    },
                    "poly2d": [
                        [
                            0,
                            358.858886,
                            "C"
                        ],
                        [
                            130.588106,
                            362.897668,
                            "C"
                        ],
                        [
                            331.182212,
                            350.781319,
                            "C"
                        ],
                        [
                            492.734509,
                            345.396275,
                            "L"
                        ]
                    ]
                },
                {
                    "category": "lane/crosswalk",
                    "id": 28,
                    "attributes": {
                        "direction": "vertical",
                        "style": "dashed"
                    },
                    "poly2d": [
                        [
                            57.889573,
                            344.050014,
                            "C"
                        ],
                        [
                            193.862758,
                            341.357492,
                            "C"
                        ],
                        [
                            332.52848,
                            331.933664,
                            "C"
                        ],
                        [
                            467.155394,
                            335.972447,
                            "L"
                        ]
                    ]
                },
                {
                    "category": "lane/crosswalk",
                    "id": 29,
                    "attributes": {
                        "direction": "vertical",
                        "style": "dashed"
                    },
                    "poly2d": [
                        [
                            537.161391,
                            345.396275,
                            "C"
                        ],
                        [
                            607.167387,
                            365.59019,
                            "C"
                        ],
                        [
                            663.710691,
                            388.476628,
                            "C"
                        ],
                        [
                            718.907727,
                            408.670543,
                            "L"
                        ]
                    ]
                },
                {
                    "category": "lane/crosswalk",
                    "id": 30,
                    "attributes": {
                        "direction": "vertical",
                        "style": "dashed"
                    },
                    "poly2d": [
                        [
                            728.331611,
                            341.357492,
                            "L"
                        ],
                        [
                            842.764489,
                            356.166363,
                            "L"
                        ]
                    ]
                },
                {
                    "category": "lane/crosswalk",
                    "id": 31,
                    "attributes": {
                        "direction": "vertical",
                        "style": "dashed"
                    },
                    "poly2d": [
                        [
                            888.537639,
                            358.858886,
                            "L"
                        ],
                        [
                            918.15556,
                            364.243929,
                            "L"
                        ]
                    ]
                },
                {
                    "category": "lane/crosswalk",
                    "id": 32,
                    "attributes": {
                        "direction": "vertical",
                        "style": "dashed"
                    },
                    "poly2d": [
                        [
                            729.677881,
                            420.786892,
                            "L"
                        ],
                        [
                            24.232845,
                            446.36585,
                            "L"
                        ]
                    ]
                },
                {
                    "category": "lane/crosswalk",
                    "id": 33,
                    "attributes": {
                        "direction": "vertical",
                        "style": "dashed"
                    },
                    "poly2d": [
                        [
                            721.600265,
                            412.709326,
                            "L"
                        ],
                        [
                            25.579114,
                            436.942026,
                            "L"
                        ]
                    ]
                },
                {
                    "category": "lane/crosswalk",
                    "id": 34,
                    "attributes": {
                        "direction": "vertical",
                        "style": "dashed"
                    },
                    "poly2d": [
                        [
                            0,
                            541.950386,
                            "C"
                        ],
                        [
                            191.170221,
                            524.448992,
                            "C"
                        ],
                        [
                            547.928239,
                            516.964233,
                            "C"
                        ],
                        [
                            822.570451,
                            504.255076,
                            "L"
                        ]
                    ]
                },
                {
                    "category": "lane/crosswalk",
                    "id": 35,
                    "attributes": {
                        "direction": "vertical",
                        "style": "dashed"
                    },
                    "poly2d": [
                        [
                            823.91672,
                            489.446206,
                            "C"
                        ],
                        [
                            551.970353,
                            505.601337,
                            "C"
                        ],
                        [
                            273.292638,
                            510.98638,
                            "C"
                        ],
                        [
                            0,
                            525.795254,
                            "L"
                        ]
                    ]
                },
                {
                    "category": "lane/road curb",
                    "id": 36,
                    "attributes": {
                        "direction": "parallel",
                        "style": "solid"
                    },
                    "poly2d": [
                        [
                            2.692538,
                            449.058374,
                            "L"
                        ],
                        [
                            26.925383,
                            434.249503,
                            "L"
                        ]
                    ]
                }
            ]
        }
    ],
    "attributes": {
        "weather": "clear",
        "scene": "city street",
        "timeofday": "night"
    }
}