{
    "name": "0a0c3694-37864ee7",
    "frames": [
        {
            "timestamp": 10000,
            "objects": [
                {
                    "category": "rider",
                    "id": 0,
                    "attributes": {
                        "occluded": true,
                        "truncated": false,
                        "trafficLightColor": "none"
                    },
                    "box2d": {
                        "x1": 442.952685,
                        "y1": 305.69974,
                        "x2": 486.624077,
                        "y2": 414.254341
                    }
                },
                {
                    "category": "bike",
                    "id": 1,
                    "attributes": {
                        "occluded": true,
                        "truncated": false,
                        "trafficLightColor": "none"
                    },
                    "box2d": {
                        "x1": 441.704931,
                        "y1": 354.362147,
                        "x2": 484.12857,
                        "y2": 431.722899
                    }
                },
                {
                    "category": "car",
                    "id": 2,
                    "attributes": {
                        "occluded": false,
                        "truncated": true,
                        "trafficLightColor": "none"
                    },
                    "box2d": {
                        "x1": 0,
                        "y1": 220.852466,
                        "x2": 286.98343,
                        "y2": 545.268518
                    }
                },
                {
                    "category": "car",
                    "id": 3,
                    "attributes": {
                        "occluded": true,
                        "truncated": false,
                        "trafficLightColor": "none"
                    },
                    "box2d": {
                        "x1": 229.586744,
                        "y1": 331.902574,
                        "x2": 384.308245,
                        "y2": 454.182472
                    }
                },
                {
                    "category": "car",
                    "id": 4,
                    "attributes": {
                        "occluded": true,
                        "truncated": false,
                        "trafficLightColor": "none"
                    },
                    "box2d": {
                        "x1": 333.15033,
                        "y1": 334.398084,
                        "x2": 437.96167,
                        "y2": 421.740866
                    }
                },
                {
                    "category": "car",
                    "id": 5,
                    "attributes": {
                        "occluded": true,
                        "truncated": false,
                        "trafficLightColor": "none"
                    },
                    "box2d": {
                        "x1": 395.538032,
                        "y1": 325.663805,
                        "x2": 479.137551,
                        "y2": 404.27231
                    }
                },
                {
                    "category": "car",
                    "id": 6,
                    "attributes": {
                        "occluded": true,
                        "truncated": false,
                        "trafficLightColor": "none"
                    },
                    "box2d": {
                        "x1": 479.137552,
                        "y1": 340.636855,
                        "x2": 496.60611,
                        "y2": 381.812737
                    }
                },
                {
                    "category": "car",
                    "id": 7,
                    "attributes": {
                        "occluded": true,
                        "truncated": false,
                        "trafficLightColor": "none"
                    },
                    "box2d": {
                        "x1": 491.615093,
                        "y1": 333.15033,
                        "x2": 511.579158,
                        "y2": 375.573968
                    }
                },
                {
                    "category": "car",
                    "id": 8,
                    "attributes": {
                        "occluded": true,
                        "truncated": false,
                        "trafficLightColor": "none"
                    },
                    "box2d": {
                        "x1": 509.083649,
                        "y1": 344.380116,
                        "x2": 526.552206,
                        "y2": 371.830705
                    }
                },
                {
                    "category": "car",
                    "id": 9,
                    "attributes": {
                        "occluded": true,
                        "truncated": false,
                        "trafficLightColor": "none"
                    },
                    "box2d": {
                        "x1": 516.570174,
                        "y1": 336.893591,
                        "x2": 536.534237,
                        "y2": 361.848672
                    }
                },
                {
                    "category": "car",
                    "id": 10,
                    "attributes": {
                        "occluded": true,
                        "truncated": false,
                        "trafficLightColor": "none"
                    },
                    "box2d": {
                        "x1": 532.790976,
                        "y1": 336.893591,
                        "x2": 547.764025,
                        "y2": 360.600917
                    }
                },
                {
                    "category": "car",
                    "id": 11,
                    "attributes": {
                        "occluded": true,
                        "truncated": false,
                        "trafficLightColor": "none"
                    },
                    "box2d": {
                        "x1": 546.516271,
                        "y1": 339.389101,
                        "x2": 556.498304,
                        "y2": 356.857657
                    }
                },
                {
                    "category": "car",
                    "id": 12,
                    "attributes": {
                        "occluded": false,
                        "truncated": true,
                        "trafficLightColor": "none"
                    },
                    "box2d": {
                        "x1": 1217.807946,
                        "y1": 529.047714,
                        "x2": 1278.947894,
                        "y2": 680.025952
                    }
                },
                {
                    "category": "car",
                    "id": 13,
                    "attributes": {
                        "occluded": true,
                        "truncated": true,
                        "trafficLightColor": "none"
                    },
                    "box2d": {
                        "x1": 814.78339,
                        "y1": 293.222199,
                        "x2": 1277.700141,
                        "y2": 591.435416
                    }
                },
                {
                    "category": "car",
                    "id": 14,
                    "attributes": {
                        "occluded": true,
                        "truncated": false,
                        "trafficLightColor": "none"
                    },
                    "box2d": {
                        "x1": 729.936115,
                        "y1": 350.618886,
                        "x2": 858.454781,
                        "y2": 442.952685
                    }
                },
                {
                    "category": "car",
                    "id": 15,
                    "attributes": {
                        "occluded": true,
                        "truncated": false,
                        "trafficLightColor": "none"
                    },
                    "box2d": {
                        "x1": 692.503494,
                        "y1": 348.123378,
                        "x2": 762.377721,
                        "y2": 415.502095
                    }
                },
                {
                    "category": "car",
                    "id": 16,
                    "attributes": {
                        "occluded": true,
                        "truncated": false,
                        "trafficLightColor": "none"
                    },
                    "box2d": {
                        "x1": 667.548413,
                        "y1": 346.875624,
                        "x2": 714.963067,
                        "y2": 398.033539
                    }
                },
                {
                    "category": "car",
                    "id": 17,
                    "attributes": {
                        "occluded": true,
                        "truncated": false,
                        "trafficLightColor": "none"
                    },
                    "box2d": {
                        "x1": 651.32761,
                        "y1": 339.389101,
                        "x2": 717.458575,
                        "y2": 388.051508
                    }
                },
                {
                    "category": "car",
                    "id": 18,
                    "attributes": {
                        "occluded": true,
                        "truncated": false,
                        "trafficLightColor": "none"
                    },
                    "box2d": {
                        "x1": 627.620283,
                        "y1": 345.62787,
                        "x2": 666.30066,
                        "y2": 379.31723
                    }
                },
                {
                    "category": "car",
                    "id": 19,
                    "attributes": {
                        "occluded": true,
                        "truncated": false,
                        "trafficLightColor": "none"
                    },
                    "box2d": {
                        "x1": 631.363546,
                        "y1": 331.902574,
                        "x2": 671.291675,
                        "y2": 346.875624
                    }
                },
                {
                    "category": "car",
                    "id": 20,
                    "attributes": {
                        "occluded": true,
                        "truncated": false,
                        "trafficLightColor": "none"
                    },
                    "box2d": {
                        "x1": 616.390497,
                        "y1": 345.62787,
                        "x2": 631.363546,
                        "y2": 368.087443
                    }
                },
                {
                    "category": "car",
                    "id": 21,
                    "attributes": {
                        "occluded": true,
                        "truncated": false,
                        "trafficLightColor": "none"
                    },
                    "box2d": {
                        "x1": 606.408465,
                        "y1": 338.141345,
                        "x2": 627.620283,
                        "y2": 365.591934
                    }
                },
                {
                    "category": "area/drivable",
                    "id": 22,
                    "attributes": {},
                    "poly2d": [
                        [
                            570.635404,
                            354.952486,
                            "L"
                        ],
                        [
                            335.498103,
                            617.048202,
                            "L"
                        ],
                        [
                            564.644644,
                            603.568994,
                            "C"
                        ],
                        [
                            741.372042,
                            608.062064,
                            "C"
                        ],
                        [
                            1037.914625,
                            655.988138,
                            "C"
                        ],
                        [
                            591.60306,
                            354.952486,
                            "L"
                        ],
                        [
                            570.635404,
                            354.952486,
                            "L"
                        ]
                    ]
                },
                {
                    "category": "area/alternative",
                    "id": 23,
                    "attributes": {},
                    "poly2d": [
                        [
                            404.391836,
                            428.339288,
                            "L"
                        ],
                        [
                            0,
                            620.043583,
                            "L"
                        ],
                        [
                            1.513276,
                            635.020481,
                            "L"
                        ],
                        [
                            98.863112,
                            623.038961,
                            "C"
                        ],
                        [
                            197.710641,
                            620.043583,
                            "C"
                        ],
                        [
                            296.558169,
                            620.043583,
                            "C"
                        ],
                        [
                            479.276326,
                            440.320804,
                            "L"
                        ],
                        [
                            404.391836,
                            428.339288,
                            "L"
                        ]
                    ]
                },
                {
                    "category": "lane/single white",
                    "id": 24,
                    "attributes": {
                        "direction": "parallel",
                        "style": "solid"
                    },
                    "poly2d": [
                        [
                            452.534342,
                            407.5806,
                            "L"
                        ],
                        [
                            0,
                            620.361648,
                            "L"
                        ]
                    ]
                },
                {
                    "category": "lane/single white",
                    "id": 25,
                    "attributes": {
                        "direction": "parallel",
                        "style": "solid"
                    },
                    "poly2d": [
                        [
                            0,
                            610.371927,
                            "L"
                        ],
                        [
                            438.548733,
                            408.579572,
                            "L"
                        ]
                    ]
                },
                {
                    "category": "lane/single white",
                    "id": 26,
                    "attributes": {
                        "direction": "parallel",
                        "style": "solid"
                    },
                    "poly2d": [
                        [
                            572.410989,
                            353.636108,
                            "L"
                        ],
                        [
                            328.661807,
                            621.36062,
                            "L"
                        ]
                    ]
                },
                {
                    "category": "lane/single white",
                    "id": 27,
                    "attributes": {
                        "direction": "parallel",
                        "style": "solid"
                    },
                    "poly2d": [
                        [
                            293.697785,
                            623.358564,
                            "L"
                        ],
                        [
                            573.409961,
                            351.638164,
                            "L"
                        ]
                    ]
                },
                {
                    "category": "lane/road curb",
                    "id": 28,
                    "attributes": {
                        "direction": "parallel",
                        "style": "solid"
                    },
                    "poly2d": [
                        [
                            74.922904,
                            520.464442,
                            "L"
                        ],
                        [
                            0,
                            540.443883,
                            "L"
                        ]
                    ]
                }
            ]
        }
    ],
    "attributes": {
        "weather": "undefined",
        "scene": "residential",
        "timeofday": "daytime"
    }
}