{
    "name": "0a0c3694-487a156f",
    "frames": [
        {
            "timestamp": 10000,
            "objects": [
                {
                    "category": "traffic light",
                    "id": 0,
                    "attributes": {
                        "occluded": false,
                        "truncated": false,
                        "trafficLightColor": "green"
                    },
                    "box2d": {
                        "x1": 687.512478,
                        "y1": 46.1669,
                        "x2": 711.219805,
                        "y2": 104.811339
                    }
                },
                {
                    "category": "traffic light",
                    "id": 1,
                    "attributes": {
                        "occluded": false,
                        "truncated": false,
                        "trafficLightColor": "green"
                    },
                    "box2d": {
                        "x1": 406.767818,
                        "y1": 129.76642,
                        "x2": 421.740866,
                        "y2": 179.676582
                    }
                },
                {
                    "category": "traffic light",
                    "id": 2,
                    "attributes": {
                        "occluded": false,
                        "truncated": true,
                        "trafficLightColor": "green"
                    },
                    "box2d": {
                        "x1": 1.247754,
                        "y1": 1.247754,
                        "x2": 32.441605,
                        "y2": 56.148932
                    }
                },
                {
                    "category": "traffic light",
                    "id": 3,
                    "attributes": {
                        "occluded": false,
                        "truncated": false,
                        "trafficLightColor": "red"
                    },
                    "box2d": {
                        "x1": 38.680375,
                        "y1": 0,
                        "x2": 64.883209,
                        "y2": 61.139948
                    }
                },
                {
                    "category": "traffic light",
                    "id": 4,
                    "attributes": {
                        "occluded": true,
                        "truncated": false,
                        "trafficLightColor": "none"
                    },
                    "box2d": {
                        "x1": 1117.987622,
                        "y1": 232.082252,
                        "x2": 1140.447196,
                        "y2": 277.001397
                    }
                },
                {
                    "category": "traffic light",
                    "id": 5,
                    "attributes": {
                        "occluded": false,
                        "truncated": false,
                        "trafficLightColor": "none"
                    },
                    "box2d": {
                        "x1": 1139.199441,
                        "y1": 237.073268,
                        "x2": 1182.870833,
                        "y2": 280.74466
                    }
                },
                {
                    "category": "traffic sign",
                    "id": 6,
                    "attributes": {
                        "occluded": false,
                        "truncated": false,
                        "trafficLightColor": "none"
                    },
                    "box2d": {
                        "x1": 390.547015,
                        "y1": 242.064284,
                        "x2": 442.952685,
                        "y2": 258.285086
                    }
                },
                {
                    "category": "traffic sign",
                    "id": 7,
                    "attributes": {
                        "occluded": false,
                        "truncated": false,
                        "trafficLightColor": "none"
                    },
                    "box2d": {
                        "x1": 416.74985,
                        "y1": 262.028349,
                        "x2": 429.227391,
                        "y2": 279.496905
                    }
                },
                {
                    "category": "car",
                    "id": 8,
                    "attributes": {
                        "occluded": false,
                        "truncated": false,
                        "trafficLightColor": "none"
                    },
                    "box2d": {
                        "x1": 731.183869,
                        "y1": 350.618886,
                        "x2": 898.382911,
                        "y2": 480.385306
                    }
                },
                {
                    "category": "car",
                    "id": 9,
                    "attributes": {
                        "occluded": false,
                        "truncated": false,
                        "trafficLightColor": "none"
                    },
                    "box2d": {
                        "x1": 648.832102,
                        "y1": 360.600918,
                        "x2": 708.724295,
                        "y2": 406.767818
                    }
                },
                {
                    "category": "car",
                    "id": 10,
                    "attributes": {
                        "occluded": true,
                        "truncated": false,
                        "trafficLightColor": "none"
                    },
                    "box2d": {
                        "x1": 638.85007,
                        "y1": 359.353164,
                        "x2": 660.061889,
                        "y2": 388.051507
                    }
                },
                {
                    "category": "car",
                    "id": 11,
                    "attributes": {
                        "occluded": false,
                        "truncated": false,
                        "trafficLightColor": "none"
                    },
                    "box2d": {
                        "x1": 623.877021,
                        "y1": 361.848672,
                        "x2": 641.345578,
                        "y2": 379.317229
                    }
                },
                {
                    "category": "car",
                    "id": 12,
                    "attributes": {
                        "occluded": true,
                        "truncated": false,
                        "trafficLightColor": "none"
                    },
                    "box2d": {
                        "x1": 13.971247,
                        "y1": 344.291448,
                        "x2": 91.086045,
                        "y2": 383.211351
                    }
                },
                {
                    "category": "car",
                    "id": 13,
                    "attributes": {
                        "occluded": false,
                        "truncated": false,
                        "trafficLightColor": "none"
                    },
                    "box2d": {
                        "x1": 252.046317,
                        "y1": 348.123378,
                        "x2": 303.204232,
                        "y2": 376.821721
                    }
                },
                {
                    "category": "car",
                    "id": 14,
                    "attributes": {
                        "occluded": true,
                        "truncated": false,
                        "trafficLightColor": "none"
                    },
                    "box2d": {
                        "x1": 303.204232,
                        "y1": 354.362148,
                        "x2": 329.407066,
                        "y2": 369.335197
                    }
                },
                {
                    "category": "car",
                    "id": 15,
                    "attributes": {
                        "occluded": true,
                        "truncated": false,
                        "trafficLightColor": "none"
                    },
                    "box2d": {
                        "x1": 205.879417,
                        "y1": 349.371132,
                        "x2": 251.482449,
                        "y2": 370.23805
                    }
                },
                {
                    "category": "car",
                    "id": 16,
                    "attributes": {
                        "occluded": true,
                        "truncated": false,
                        "trafficLightColor": "none"
                    },
                    "box2d": {
                        "x1": 376.821721,
                        "y1": 350.618886,
                        "x2": 401.776802,
                        "y2": 369.335197
                    }
                },
                {
                    "category": "bus",
                    "id": 17,
                    "attributes": {
                        "occluded": true,
                        "truncated": false,
                        "trafficLightColor": "none"
                    },
                    "box2d": {
                        "x1": 416.74985,
                        "y1": 334.398083,
                        "x2": 466.660012,
                        "y2": 374.326213
                    }
                },
                {
                    "category": "car",
                    "id": 18,
                    "attributes": {
                        "occluded": true,
                        "truncated": false,
                        "trafficLightColor": "none"
                    },
                    "box2d": {
                        "x1": 359.353164,
                        "y1": 354.362148,
                        "x2": 376.821721,
                        "y2": 366.839689
                    }
                },
                {
                    "category": "area/drivable",
                    "id": 19,
                    "attributes": {},
                    "poly2d": [
                        [
                            1.551523,
                            623.942706,
                            "L"
                        ],
                        [
                            448.394828,
                            574.805298,
                            "C"
                        ],
                        [
                            873.740518,
                            596.302914,
                            "C"
                        ],
                        [
                            1280.6437,
                            683.828922,
                            "C"
                        ],
                        [
                            1280.6437,
                            611.658354,
                            "L"
                        ],
                        [
                            1162.406812,
                            572.757914,
                            "C"
                        ],
                        [
                            1028.830462,
                            541.02333,
                            "C"
                        ],
                        [
                            924.41347,
                            493.421465,
                            "C"
                        ],
                        [
                            744.754821,
                            482.672657,
                            "L"
                        ],
                        [
                            612.698037,
                            373.649033,
                            "L"
                        ],
                        [
                            578.916069,
                            373.649033,
                            "L"
                        ],
                        [
                            491.39006,
                            451.961777,
                            "C"
                        ],
                        [
                            457.608092,
                            451.961777,
                            "C"
                        ],
                        [
                            317.873588,
                            445.819601,
                            "C"
                        ],
                        [
                            0,
                            499.563641,
                            "L"
                        ],
                        [
                            1.551523,
                            623.942706,
                            "L"
                        ]
                    ]
                },
                {
                    "category": "lane/road curb",
                    "id": 20,
                    "attributes": {
                        "direction": "parallel",
                        "style": "solid"
                    },
                    "poly2d": [
                        [
                            912.856855,
                            488.995358,
                            "C"
                        ],
                        [
                            1019.617198,
                            540.51149,
                            "C"
                        ],
                        [
                            1160.887247,
                            577.364546,
                            "C"
                        ],
                        [
                            1280.6437,
                            605.004338,
                            "L"
                        ]
                    ]
                },
                {
                    "category": "lane/road curb",
                    "id": 21,
                    "attributes": {
                        "direction": "parallel",
                        "style": "solid"
                    },
                    "poly2d": [
                        [
                            579.621121,
                            375.171017,
                            "C"
                        ],
                        [
                            474.034068,
                            445.562385,
                            "C"
                        ],
                        [
                            513.722817,
                            450.055452,
                            "C"
                        ],
                        [
                            376.684303,
                            442.567007,
                            "L"
                        ]
                    ]
                },
                {
                    "category": "lane/crosswalk",
                    "id": 22,
                    "attributes": {
                        "direction": "vertical",
                        "style": "dashed"
                    },
                    "poly2d": [
                        [
                            1121.784427,
                            577.358992,
                            "C"
                        ],
                        [
                            748.1111,
                            517.451442,
                            "C"
                        ],
                        [
                            372.191237,
                            466.530028,
                            "C"
                        ],
                        [
                            0,
                            417.106301,
                            "L"
                        ]
                    ]
                },
                {
                    "category": "lane/crosswalk",
                    "id": 23,
                    "attributes": {
                        "direction": "vertical",
                        "style": "dashed"
                    },
                    "poly2d": [
                        [
                            1.513286,
                            411.115547,
                            "C"
                        ],
                        [
                            382.675057,
                            459.790427,
                            "C"
                        ],
                        [
                            754.101853,
                            509.963,
                            "C"
                        ],
                        [
                            1130.770559,
                            572.865926,
                            "L"
                        ]
                    ]
                },
                {
                    "category": "lane/crosswalk",
                    "id": 24,
                    "attributes": {
                        "direction": "vertical",
                        "style": "dashed"
                    },
                    "poly2d": [
                        [
                            927.833742,
                            507.716466,
                            "C"
                        ],
                        [
                            757.097231,
                            485.999982,
                            "C"
                        ],
                        [
                            601.337606,
                            465.032339,
                            "C"
                        ],
                        [
                            436.591851,
                            451.553141,
                            "L"
                        ]
                    ]
                },
                {
                    "category": "lane/crosswalk",
                    "id": 25,
                    "attributes": {
                        "direction": "vertical",
                        "style": "dashed"
                    },
                    "poly2d": [
                        [
                            930.080275,
                            502.474555,
                            "C"
                        ],
                        [
                            760.092609,
                            480.75807,
                            "C"
                        ],
                        [
                            616.314495,
                            459.041584,
                            "C"
                        ],
                        [
                            433.596473,
                            448.557763,
                            "L"
                        ]
                    ]
                },
                {
                    "category": "lane/crosswalk",
                    "id": 26,
                    "attributes": {
                        "direction": "vertical",
                        "style": "dashed"
                    },
                    "poly2d": [
                        [
                            309.288312,
                            439.571631,
                            "L"
                        ],
                        [
                            0,
                            394.64097,
                            "L"
                        ]
                    ]
                },
                {
                    "category": "lane/crosswalk",
                    "id": 27,
                    "attributes": {
                        "direction": "vertical",
                        "style": "dashed"
                    },
                    "poly2d": [
                        [
                            310.037156,
                            435.827409,
                            "L"
                        ],
                        [
                            0,
                            390.147904,
                            "L"
                        ]
                    ]
                }
            ]
        }
    ],
    "attributes": {
        "weather": "clear",
        "scene": "city street",
        "timeofday": "daytime"
    }
}