{
    "name": "0a0c3694-4cc8b0e3",
    "frames": [
        {
            "timestamp": 10000,
            "objects": [
                {
                    "category": "traffic light",
                    "id": 0,
                    "attributes": {
                        "occluded": false,
                        "truncated": false,
                        "trafficLightColor": "green"
                    },
                    "box2d": {
                        "x1": 433.484608,
                        "y1": 243.958796,
                        "x2": 443.876364,
                        "y2": 267.711377
                    }
                },
                {
                    "category": "traffic light",
                    "id": 1,
                    "attributes": {
                        "occluded": false,
                        "truncated": false,
                        "trafficLightColor": "green"
                    },
                    "box2d": {
                        "x1": 595.299066,
                        "y1": 239.505187,
                        "x2": 602.721748,
                        "y2": 261.773231
                    }
                },
                {
                    "category": "traffic light",
                    "id": 2,
                    "attributes": {
                        "occluded": false,
                        "truncated": false,
                        "trafficLightColor": "none"
                    },
                    "box2d": {
                        "x1": 586.391848,
                        "y1": 238.02065,
                        "x2": 595.299066,
                        "y2": 261.100531
                    }
                },
                {
                    "category": "traffic light",
                    "id": 3,
                    "attributes": {
                        "occluded": false,
                        "truncated": false,
                        "trafficLightColor": "none"
                    },
                    "box2d": {
                        "x1": 725.938265,
                        "y1": 200.907243,
                        "x2": 737.814556,
                        "y2": 226.144336
                    }
                },
                {
                    "category": "traffic light",
                    "id": 4,
                    "attributes": {
                        "occluded": false,
                        "truncated": false,
                        "trafficLightColor": "none"
                    },
                    "box2d": {
                        "x1": 739.299091,
                        "y1": 206.845365,
                        "x2": 749.690845,
                        "y2": 232.082482
                    }
                },
                {
                    "category": "traffic light",
                    "id": 5,
                    "attributes": {
                        "occluded": false,
                        "truncated": false,
                        "trafficLightColor": "none"
                    },
                    "box2d": {
                        "x1": 895.175404,
                        "y1": 285.52579,
                        "x2": 914.463975,
                        "y2": 306.919916
                    }
                },
                {
                    "category": "traffic light",
                    "id": 6,
                    "attributes": {
                        "occluded": false,
                        "truncated": false,
                        "trafficLightColor": "none"
                    },
                    "box2d": {
                        "x1": 420.419074,
                        "y1": 295.377627,
                        "x2": 440.907289,
                        "y2": 310.762909
                    }
                },
                {
                    "category": "traffic sign",
                    "id": 7,
                    "attributes": {
                        "occluded": false,
                        "truncated": false,
                        "trafficLightColor": "none"
                    },
                    "box2d": {
                        "x1": 433.484608,
                        "y1": 197.938169,
                        "x2": 451.299044,
                        "y2": 226.14436
                    }
                },
                {
                    "category": "traffic sign",
                    "id": 8,
                    "attributes": {
                        "occluded": false,
                        "truncated": false,
                        "trafficLightColor": "none"
                    },
                    "box2d": {
                        "x1": 421.608317,
                        "y1": 266.22684,
                        "x2": 442.391826,
                        "y2": 275.790715
                    }
                },
                {
                    "category": "traffic sign",
                    "id": 9,
                    "attributes": {
                        "occluded": false,
                        "truncated": false,
                        "trafficLightColor": "none"
                    },
                    "box2d": {
                        "x1": 516.618642,
                        "y1": 242.474259,
                        "x2": 558.185657,
                        "y2": 260.288695
                    }
                },
                {
                    "category": "traffic sign",
                    "id": 10,
                    "attributes": {
                        "occluded": false,
                        "truncated": false,
                        "trafficLightColor": "none"
                    },
                    "box2d": {
                        "x1": 878.845506,
                        "y1": 260.288695,
                        "x2": 904.082621,
                        "y2": 276.618595
                    }
                },
                {
                    "category": "traffic sign",
                    "id": 11,
                    "attributes": {
                        "occluded": false,
                        "truncated": false,
                        "trafficLightColor": "none"
                    },
                    "box2d": {
                        "x1": 893.69087,
                        "y1": 229.113431,
                        "x2": 917.44345,
                        "y2": 246.935
                    }
                },
                {
                    "category": "traffic sign",
                    "id": 12,
                    "attributes": {
                        "occluded": false,
                        "truncated": false,
                        "trafficLightColor": "none"
                    },
                    "box2d": {
                        "x1": 772.983489,
                        "y1": 206.845387,
                        "x2": 797.196009,
                        "y2": 230.495981
                    }
                },
                {
                    "category": "car",
                    "id": 13,
                    "attributes": {
                        "occluded": true,
                        "truncated": false,
                        "trafficLightColor": "none"
                    },
                    "box2d": {
                        "x1": 705.154755,
                        "y1": 346.391802,
                        "x2": 718.515581,
                        "y2": 365.690774
                    }
                },
                {
                    "category": "car",
                    "id": 14,
                    "attributes": {
                        "occluded": true,
                        "truncated": false,
                        "trafficLightColor": "none"
                    },
                    "box2d": {
                        "x1": 690.309392,
                        "y1": 347.876338,
                        "x2": 703.670219,
                        "y2": 362.721702
                    }
                },
                {
                    "category": "car",
                    "id": 15,
                    "attributes": {
                        "occluded": true,
                        "truncated": false,
                        "trafficLightColor": "none"
                    },
                    "box2d": {
                        "x1": 739.299091,
                        "y1": 347.876338,
                        "x2": 755.628991,
                        "y2": 365.690774
                    }
                },
                {
                    "category": "truck",
                    "id": 16,
                    "attributes": {
                        "occluded": true,
                        "truncated": false,
                        "trafficLightColor": "none"
                    },
                    "box2d": {
                        "x1": 889.23726,
                        "y1": 321.154685,
                        "x2": 975.340367,
                        "y2": 371.62892
                    }
                },
                {
                    "category": "person",
                    "id": 17,
                    "attributes": {
                        "occluded": true,
                        "truncated": false,
                        "trafficLightColor": "none"
                    },
                    "box2d": {
                        "x1": 871.422824,
                        "y1": 338.969121,
                        "x2": 884.78365,
                        "y2": 386.474285
                    }
                },
                {
                    "category": "person",
                    "id": 18,
                    "attributes": {
                        "occluded": false,
                        "truncated": false,
                        "trafficLightColor": "none"
                    },
                    "box2d": {
                        "x1": 849.154779,
                        "y1": 341.938193,
                        "x2": 866.969215,
                        "y2": 382.020674
                    }
                },
                {
                    "category": "car",
                    "id": 19,
                    "attributes": {
                        "occluded": false,
                        "truncated": false,
                        "trafficLightColor": "none"
                    },
                    "box2d": {
                        "x1": 656.165056,
                        "y1": 337.484584,
                        "x2": 697.732073,
                        "y2": 368.659846
                    }
                },
                {
                    "category": "car",
                    "id": 20,
                    "attributes": {
                        "occluded": false,
                        "truncated": false,
                        "trafficLightColor": "none"
                    },
                    "box2d": {
                        "x1": 718.515581,
                        "y1": 347.876338,
                        "x2": 745.237235,
                        "y2": 371.62892
                    }
                },
                {
                    "category": "car",
                    "id": 21,
                    "attributes": {
                        "occluded": false,
                        "truncated": false,
                        "trafficLightColor": "none"
                    },
                    "box2d": {
                        "x1": 411.216563,
                        "y1": 285.525813,
                        "x2": 659.134129,
                        "y2": 523.051625
                    }
                },
                {
                    "category": "car",
                    "id": 22,
                    "attributes": {
                        "occluded": false,
                        "truncated": true,
                        "trafficLightColor": "none"
                    },
                    "box2d": {
                        "x1": 866.969215,
                        "y1": 315.216539,
                        "x2": 1279.034104,
                        "y2": 594.309369
                    }
                },
                {
                    "category": "truck",
                    "id": 23,
                    "attributes": {
                        "occluded": true,
                        "truncated": true,
                        "trafficLightColor": "none"
                    },
                    "box2d": {
                        "x1": 0,
                        "y1": 258.804159,
                        "x2": 133.608269,
                        "y2": 383.50521
                    }
                },
                {
                    "category": "traffic light",
                    "id": 24,
                    "attributes": {
                        "occluded": false,
                        "truncated": false,
                        "trafficLightColor": "none"
                    },
                    "box2d": {
                        "x1": 914.463974,
                        "y1": 286.108822,
                        "x2": 931.602522,
                        "y2": 311.816644
                    }
                },
                {
                    "category": "traffic light",
                    "id": 25,
                    "attributes": {
                        "occluded": false,
                        "truncated": false,
                        "trafficLightColor": "none"
                    },
                    "box2d": {
                        "x1": 897.325426,
                        "y1": 287.333004,
                        "x2": 916.912338,
                        "y2": 308.144098
                    }
                },
                {
                    "category": "area/drivable",
                    "id": 26,
                    "attributes": {},
                    "poly2d": [
                        [
                            110.575147,
                            577.876386,
                            "L"
                        ],
                        [
                            69.115459,
                            562.520946,
                            "L"
                        ],
                        [
                            59.902195,
                            390.540017,
                            "L"
                        ],
                        [
                            400.792964,
                            385.933385,
                            "L"
                        ],
                        [
                            411.541772,
                            517.990169,
                            "L"
                        ],
                        [
                            901.38031,
                            528.738977,
                            "L"
                        ],
                        [
                            1114.820926,
                            654.653586,
                            "L"
                        ],
                        [
                            763.181349,
                            620.871618,
                            "C"
                        ],
                        [
                            566.631717,
                            603.980634,
                            "C"
                        ],
                        [
                            95.219707,
                            627.013794,
                            "C"
                        ],
                        [
                            110.575147,
                            577.876386,
                            "L"
                        ]
                    ]
                },
                {
                    "category": "lane/crosswalk",
                    "id": 27,
                    "attributes": {
                        "direction": "vertical",
                        "style": "dashed"
                    },
                    "poly2d": [
                        [
                            662.557397,
                            447.943701,
                            "L"
                        ],
                        [
                            838.490717,
                            437.961669,
                            "L"
                        ]
                    ]
                },
                {
                    "category": "lane/crosswalk",
                    "id": 28,
                    "attributes": {
                        "direction": "vertical",
                        "style": "dashed"
                    },
                    "poly2d": [
                        [
                            665.052905,
                            411.758834,
                            "L"
                        ],
                        [
                            769.864244,
                            409.263326,
                            "L"
                        ]
                    ]
                },
                {
                    "category": "lane/crosswalk",
                    "id": 29,
                    "attributes": {
                        "direction": "vertical",
                        "style": "dashed"
                    },
                    "poly2d": [
                        [
                            222.10022,
                            420.493112,
                            "L"
                        ],
                        [
                            410.51108,
                            414.254342,
                            "L"
                        ]
                    ]
                },
                {
                    "category": "lane/crosswalk",
                    "id": 30,
                    "attributes": {
                        "direction": "vertical",
                        "style": "dashed"
                    },
                    "poly2d": [
                        [
                            277.001397,
                            431.722899,
                            "L"
                        ],
                        [
                            411.758834,
                            426.731883,
                            "L"
                        ]
                    ]
                },
                {
                    "category": "lane/single white",
                    "id": 31,
                    "attributes": {
                        "direction": "vertical",
                        "style": "solid"
                    },
                    "poly2d": [
                        [
                            227.091236,
                            547.764025,
                            "L"
                        ],
                        [
                            859.702535,
                            474.146536,
                            "L"
                        ]
                    ]
                },
                {
                    "category": "lane/single white",
                    "id": 32,
                    "attributes": {
                        "direction": "vertical",
                        "style": "solid"
                    },
                    "poly2d": [
                        [
                            215.861449,
                            530.295468,
                            "L"
                        ],
                        [
                            420.493112,
                            510.331403,
                            "L"
                        ]
                    ]
                },
                {
                    "category": "lane/single white",
                    "id": 33,
                    "attributes": {
                        "direction": "vertical",
                        "style": "solid"
                    },
                    "poly2d": [
                        [
                            661.309643,
                            486.624077,
                            "L"
                        ],
                        [
                            849.720503,
                            464.164504,
                            "L"
                        ]
                    ]
                },
                {
                    "category": "lane/road curb",
                    "id": 34,
                    "attributes": {
                        "direction": "parallel",
                        "style": "solid"
                    },
                    "poly2d": [
                        [
                            66.130964,
                            385.555999,
                            "L"
                        ],
                        [
                            413.006588,
                            383.060491,
                            "L"
                        ]
                    ]
                },
                {
                    "category": "lane/road curb",
                    "id": 35,
                    "attributes": {
                        "direction": "parallel",
                        "style": "solid"
                    },
                    "poly2d": [
                        [
                            782.341785,
                            411.758834,
                            "L"
                        ],
                        [
                            858.454781,
                            441.704931,
                            "L"
                        ]
                    ]
                }
            ]
        }
    ],
    "attributes": {
        "weather": "clear",
        "scene": "city street",
        "timeofday": "daytime"
    }
}