{
    "name": "0a0ceca1-4148e482",
    "frames": [
        {
            "timestamp": 10000,
            "objects": [
                {
                    "category": "car",
                    "id": 0,
                    "attributes": {
                        "occluded": true,
                        "truncated": false,
                        "trafficLightColor": "none"
                    },
                    "box2d": {
                        "x1": 691.978169,
                        "y1": 354.066652,
                        "x2": 704.094518,
                        "y2": 364.836739
                    }
                },
                {
                    "category": "car",
                    "id": 1,
                    "attributes": {
                        "occluded": true,
                        "truncated": false,
                        "trafficLightColor": "none"
                    },
                    "box2d": {
                        "x1": 701.401996,
                        "y1": 356.759174,
                        "x2": 712.172084,
                        "y2": 374.260565
                    }
                },
                {
                    "category": "car",
                    "id": 2,
                    "attributes": {
                        "occluded": true,
                        "truncated": false,
                        "trafficLightColor": "none"
                    },
                    "box2d": {
                        "x1": 694.670691,
                        "y1": 360.797956,
                        "x2": 704.094518,
                        "y2": 371.568043
                    }
                },
                {
                    "category": "car",
                    "id": 3,
                    "attributes": {
                        "occluded": false,
                        "truncated": false,
                        "trafficLightColor": "none"
                    },
                    "box2d": {
                        "x1": 675.823037,
                        "y1": 362.144216,
                        "x2": 689.285645,
                        "y2": 372.914305
                    }
                },
                {
                    "category": "car",
                    "id": 4,
                    "attributes": {
                        "occluded": false,
                        "truncated": false,
                        "trafficLightColor": "none"
                    },
                    "box2d": {
                        "x1": 608.509985,
                        "y1": 360.797956,
                        "x2": 623.318858,
                        "y2": 370.221783
                    }
                },
                {
                    "category": "car",
                    "id": 5,
                    "attributes": {
                        "occluded": false,
                        "truncated": false,
                        "trafficLightColor": "none"
                    },
                    "box2d": {
                        "x1": 527.734321,
                        "y1": 362.144216,
                        "x2": 566.775892,
                        "y2": 389.069437
                    }
                },
                {
                    "category": "car",
                    "id": 6,
                    "attributes": {
                        "occluded": true,
                        "truncated": false,
                        "trafficLightColor": "none"
                    },
                    "box2d": {
                        "x1": 779.485134,
                        "y1": 362.144216,
                        "x2": 813.141661,
                        "y2": 379.645609
                    }
                },
                {
                    "category": "car",
                    "id": 7,
                    "attributes": {
                        "occluded": false,
                        "truncated": true,
                        "trafficLightColor": "none"
                    },
                    "box2d": {
                        "x1": 0.244783,
                        "y1": 354.835395,
                        "x2": 66.211573,
                        "y2": 445.034884
                    }
                },
                {
                    "category": "traffic sign",
                    "id": 8,
                    "attributes": {
                        "occluded": false,
                        "truncated": false,
                        "trafficLightColor": "none"
                    },
                    "box2d": {
                        "x1": 557.352066,
                        "y1": 328.756939,
                        "x2": 573.507199,
                        "y2": 346.258333
                    }
                },
                {
                    "category": "traffic sign",
                    "id": 9,
                    "attributes": {
                        "occluded": false,
                        "truncated": false,
                        "trafficLightColor": "none"
                    },
                    "box2d": {
                        "x1": 576.199722,
                        "y1": 335.488244,
                        "x2": 591.008593,
                        "y2": 340.873289
                    }
                },
                {
                    "category": "traffic sign",
                    "id": 10,
                    "attributes": {
                        "occluded": false,
                        "truncated": false,
                        "trafficLightColor": "none"
                    },
                    "box2d": {
                        "x1": 713.518346,
                        "y1": 313.948068,
                        "x2": 722.942173,
                        "y2": 324.718155
                    }
                },
                {
                    "category": "traffic sign",
                    "id": 11,
                    "attributes": {
                        "occluded": false,
                        "truncated": false,
                        "trafficLightColor": "none"
                    },
                    "box2d": {
                        "x1": 662.360426,
                        "y1": 328.756939,
                        "x2": 673.130517,
                        "y2": 336.834505
                    }
                },
                {
                    "category": "traffic sign",
                    "id": 12,
                    "attributes": {
                        "occluded": false,
                        "truncated": false,
                        "trafficLightColor": "none"
                    },
                    "box2d": {
                        "x1": 693.324431,
                        "y1": 340.873289,
                        "x2": 708.133302,
                        "y2": 347.604595
                    }
                },
                {
                    "category": "traffic sign",
                    "id": 13,
                    "attributes": {
                        "occluded": false,
                        "truncated": false,
                        "trafficLightColor": "none"
                    },
                    "box2d": {
                        "x1": 791.870755,
                        "y1": 335.488244,
                        "x2": 799.948321,
                        "y2": 347.604595
                    }
                },
                {
                    "category": "traffic light",
                    "id": 14,
                    "attributes": {
                        "occluded": false,
                        "truncated": false,
                        "trafficLightColor": "green"
                    },
                    "box2d": {
                        "x1": 761.983742,
                        "y1": 337.911517,
                        "x2": 771.40757,
                        "y2": 351.374129
                    }
                },
                {
                    "category": "traffic light",
                    "id": 15,
                    "attributes": {
                        "occluded": false,
                        "truncated": false,
                        "trafficLightColor": "green"
                    },
                    "box2d": {
                        "x1": 702.748257,
                        "y1": 310.986299,
                        "x2": 712.172084,
                        "y2": 325.79517
                    }
                },
                {
                    "category": "traffic sign",
                    "id": 16,
                    "attributes": {
                        "occluded": false,
                        "truncated": false,
                        "trafficLightColor": "none"
                    },
                    "box2d": {
                        "x1": 1184.003478,
                        "y1": 291.600082,
                        "x2": 1217.679078,
                        "y2": 305.376464
                    }
                },
                {
                    "category": "area/alternative",
                    "id": 17,
                    "attributes": {},
                    "poly2d": [
                        [
                            0,
                            520.763041,
                            "L"
                        ],
                        [
                            663.9189,
                            377.621367,
                            "L"
                        ],
                        [
                            683.004456,
                            387.164145,
                            "L"
                        ],
                        [
                            608.025485,
                            432.151527,
                            "C"
                        ],
                        [
                            430.80246,
                            548.02812,
                            "C"
                        ],
                        [
                            306.746343,
                            659.814952,
                            "C"
                        ],
                        [
                            222.224593,
                            661.178206,
                            "C"
                        ],
                        [
                            107.711255,
                            678.900507,
                            "C"
                        ],
                        [
                            0,
                            692.533049,
                            "C"
                        ],
                        [
                            0,
                            520.763041,
                            "L"
                        ]
                    ]
                },
                {
                    "category": "area/drivable",
                    "id": 18,
                    "attributes": {},
                    "poly2d": [
                        [
                            332.64817,
                            654.361935,
                            "L"
                        ],
                        [
                            590.303182,
                            623.007093,
                            "C"
                        ],
                        [
                            879.313038,
                            624.370347,
                            "C"
                        ],
                        [
                            1059.26257,
                            636.639632,
                            "C"
                        ],
                        [
                            931.116691,
                            509.857009,
                            "C"
                        ],
                        [
                            753.893667,
                            411.702719,
                            "C"
                        ],
                        [
                            744.350889,
                            384.437638,
                            "C"
                        ],
                        [
                            707.543028,
                            380.347874,
                            "L"
                        ],
                        [
                            578.033896,
                            449.87383,
                            "C"
                        ],
                        [
                            456.704286,
                            553.481137,
                            "C"
                        ],
                        [
                            332.64817,
                            654.361935,
                            "C"
                        ]
                    ]
                },
                {
                    "category": "lane/road curb",
                    "id": 19,
                    "attributes": {
                        "direction": "parallel",
                        "style": "solid"
                    },
                    "poly2d": [
                        [
                            1272.224347,
                            607.917175,
                            "C"
                        ],
                        [
                            1120.095933,
                            537.911602,
                            "C"
                        ],
                        [
                            954.504829,
                            458.482201,
                            "C"
                        ],
                        [
                            786.221184,
                            400.592977,
                            "L"
                        ]
                    ]
                },
                {
                    "category": "lane/road curb",
                    "id": 20,
                    "attributes": {
                        "direction": "parallel",
                        "style": "solid"
                    },
                    "poly2d": [
                        [
                            0,
                            515.811113,
                            "C"
                        ],
                        [
                            195.209028,
                            471.944811,
                            "C"
                        ],
                        [
                            356.761325,
                            435.595764,
                            "C"
                        ],
                        [
                            553.316622,
                            397.900455,
                            "L"
                        ]
                    ]
                },
                {
                    "category": "lane/single white",
                    "id": 21,
                    "attributes": {
                        "direction": "parallel",
                        "style": "solid"
                    },
                    "poly2d": [
                        [
                            1060.860091,
                            633.496134,
                            "C"
                        ],
                        [
                            875.074948,
                            480.022378,
                            "C"
                        ],
                        [
                            736.409226,
                            397.900455,
                            "C"
                        ],
                        [
                            757.949533,
                            392.515412,
                            "L"
                        ]
                    ]
                },
                {
                    "category": "lane/single white",
                    "id": 22,
                    "attributes": {
                        "direction": "parallel",
                        "style": "solid"
                    },
                    "poly2d": [
                        [
                            1102.594435,
                            637.534918,
                            "C"
                        ],
                        [
                            873.728679,
                            461.174723,
                            "C"
                        ],
                        [
                            751.218186,
                            404.631761,
                            "C"
                        ],
                        [
                            761.98834,
                            391.16915,
                            "L"
                        ]
                    ]
                },
                {
                    "category": "lane/single white",
                    "id": 23,
                    "attributes": {
                        "direction": "parallel",
                        "style": "dashed"
                    },
                    "poly2d": [
                        [
                            304.256827,
                            656.382572,
                            "C"
                        ],
                        [
                            430.80613,
                            559.451778,
                            "C"
                        ],
                        [
                            600.436042,
                            426.171936,
                            "C"
                        ],
                        [
                            697.36742,
                            385.784106,
                            "L"
                        ]
                    ]
                },
                {
                    "category": "lane/single white",
                    "id": 24,
                    "attributes": {
                        "direction": "parallel",
                        "style": "dashed"
                    },
                    "poly2d": [
                        [
                            345.991171,
                            648.305006,
                            "C"
                        ],
                        [
                            484.656895,
                            529.834035,
                            "C"
                        ],
                        [
                            624.668886,
                            416.74811,
                            "C"
                        ],
                        [
                            700.059958,
                            389.822889,
                            "L"
                        ]
                    ]
                },
                {
                    "category": "lane/double white",
                    "id": 25,
                    "attributes": {
                        "direction": "parallel",
                        "style": "solid"
                    },
                    "poly2d": [
                        [
                            0.673135,
                            529.273723,
                            "C"
                        ],
                        [
                            184.438874,
                            486.753683,
                            "C"
                        ],
                        [
                            348.683711,
                            447.712113,
                            "C"
                        ],
                        [
                            525.718104,
                            409.456491,
                            "L"
                        ]
                    ]
                },
                {
                    "category": "lane/double white",
                    "id": 26,
                    "attributes": {
                        "direction": "parallel",
                        "style": "solid"
                    },
                    "poly2d": [
                        [
                            1.346269,
                            521.756469,
                            "C"
                        ],
                        [
                            175.688125,
                            478.788935,
                            "C"
                        ],
                        [
                            348.683711,
                            443.67333,
                            "C"
                        ],
                        [
                            521.006162,
                            407.324281,
                            "L"
                        ]
                    ]
                },
                {
                    "category": "lane/single white",
                    "id": 27,
                    "attributes": {
                        "direction": "parallel",
                        "style": "solid"
                    },
                    "poly2d": [
                        [
                            67.313457,
                            432.342929,
                            "L"
                        ],
                        [
                            471.194204,
                            391.281969,
                            "L"
                        ]
                    ]
                },
                {
                    "category": "lane/single white",
                    "id": 28,
                    "attributes": {
                        "direction": "parallel",
                        "style": "solid"
                    },
                    "poly2d": [
                        [
                            71.352266,
                            420.89971,
                            "L"
                        ],
                        [
                            306.949366,
                            403.398318,
                            "L"
                        ]
                    ]
                },
                {
                    "category": "lane/road curb",
                    "id": 29,
                    "attributes": {
                        "direction": "parallel",
                        "style": "solid"
                    },
                    "poly2d": [
                        [
                            66.640323,
                            416.248992,
                            "L"
                        ],
                        [
                            343.971768,
                            398.074468,
                            "L"
                        ]
                    ]
                },
                {
                    "category": "lane/road curb",
                    "id": 30,
                    "attributes": {
                        "direction": "parallel",
                        "style": "solid"
                    },
                    "poly2d": [
                        [
                            376.282226,
                            390.670033,
                            "C"
                        ],
                        [
                            405.227015,
                            394.035684,
                            "C"
                        ],
                        [
                            465.809128,
                            386.63125,
                            "C"
                        ],
                        [
                            506.870335,
                            382.592468,
                            "L"
                        ]
                    ]
                }
            ]
        }
    ],
    "attributes": {
        "weather": "clear",
        "scene": "city street",
        "timeofday": "daytime"
    }
}