{
    "name": "0a0c3694-54476ae3",
    "frames": [
        {
            "timestamp": 10000,
            "objects": [
                {
                    "category": "car",
                    "id": 0,
                    "attributes": {
                        "occluded": true,
                        "truncated": false,
                        "trafficLightColor": "none"
                    },
                    "box2d": {
                        "x1": 580.035087,
                        "y1": 325.197701,
                        "x2": 592.611794,
                        "y2": 332.384392
                    }
                },
                {
                    "category": "car",
                    "id": 1,
                    "attributes": {
                        "occluded": true,
                        "truncated": false,
                        "trafficLightColor": "none"
                    },
                    "box2d": {
                        "x1": 583.628433,
                        "y1": 335.079399,
                        "x2": 592.611794,
                        "y2": 345.859433
                    }
                },
                {
                    "category": "car",
                    "id": 2,
                    "attributes": {
                        "occluded": true,
                        "truncated": false,
                        "trafficLightColor": "none"
                    },
                    "box2d": {
                        "x1": 573.746735,
                        "y1": 341.367754,
                        "x2": 587.221776,
                        "y2": 357.537804
                    }
                },
                {
                    "category": "car",
                    "id": 3,
                    "attributes": {
                        "occluded": true,
                        "truncated": false,
                        "trafficLightColor": "none"
                    },
                    "box2d": {
                        "x1": 566.560046,
                        "y1": 344.961097,
                        "x2": 578.238417,
                        "y2": 362.029484
                    }
                },
                {
                    "category": "car",
                    "id": 4,
                    "attributes": {
                        "occluded": true,
                        "truncated": false,
                        "trafficLightColor": "none"
                    },
                    "box2d": {
                        "x1": 553.085002,
                        "y1": 344.062761,
                        "x2": 571.051726,
                        "y2": 368.317838
                    }
                },
                {
                    "category": "car",
                    "id": 5,
                    "attributes": {
                        "occluded": true,
                        "truncated": false,
                        "trafficLightColor": "none"
                    },
                    "box2d": {
                        "x1": 527.931588,
                        "y1": 341.367754,
                        "x2": 560.271689,
                        "y2": 376.402864
                    }
                },
                {
                    "category": "car",
                    "id": 6,
                    "attributes": {
                        "occluded": true,
                        "truncated": false,
                        "trafficLightColor": "none"
                    },
                    "box2d": {
                        "x1": 475.828089,
                        "y1": 338.672745,
                        "x2": 534.219943,
                        "y2": 380.894546
                    }
                },
                {
                    "category": "car",
                    "id": 7,
                    "attributes": {
                        "occluded": true,
                        "truncated": false,
                        "trafficLightColor": "none"
                    },
                    "box2d": {
                        "x1": 345.569341,
                        "y1": 326.096037,
                        "x2": 481.218106,
                        "y2": 427.608026
                    }
                },
                {
                    "category": "car",
                    "id": 8,
                    "attributes": {
                        "occluded": true,
                        "truncated": false,
                        "trafficLightColor": "none"
                    },
                    "box2d": {
                        "x1": 620.460216,
                        "y1": 337.774408,
                        "x2": 633.036923,
                        "y2": 353.944459
                    }
                },
                {
                    "category": "car",
                    "id": 9,
                    "attributes": {
                        "occluded": true,
                        "truncated": false,
                        "trafficLightColor": "none"
                    },
                    "box2d": {
                        "x1": 632.138586,
                        "y1": 345.859433,
                        "x2": 647.410301,
                        "y2": 366.521166
                    }
                },
                {
                    "category": "car",
                    "id": 10,
                    "attributes": {
                        "occluded": true,
                        "truncated": false,
                        "trafficLightColor": "none"
                    },
                    "box2d": {
                        "x1": 643.816957,
                        "y1": 346.75777,
                        "x2": 664.478689,
                        "y2": 368.317838
                    }
                },
                {
                    "category": "car",
                    "id": 11,
                    "attributes": {
                        "occluded": true,
                        "truncated": false,
                        "trafficLightColor": "none"
                    },
                    "box2d": {
                        "x1": 661.78368,
                        "y1": 339.571081,
                        "x2": 705.802154,
                        "y2": 379.097873
                    }
                },
                {
                    "category": "car",
                    "id": 12,
                    "attributes": {
                        "occluded": true,
                        "truncated": false,
                        "trafficLightColor": "none"
                    },
                    "box2d": {
                        "x1": 680.648742,
                        "y1": 346.75777,
                        "x2": 745.328946,
                        "y2": 389.877907
                    }
                },
                {
                    "category": "car",
                    "id": 13,
                    "attributes": {
                        "occluded": true,
                        "truncated": false,
                        "trafficLightColor": "none"
                    },
                    "box2d": {
                        "x1": 741.735602,
                        "y1": 333.282726,
                        "x2": 876.486031,
                        "y2": 436.59139
                    }
                },
                {
                    "category": "car",
                    "id": 14,
                    "attributes": {
                        "occluded": false,
                        "truncated": false,
                        "trafficLightColor": "none"
                    },
                    "box2d": {
                        "x1": 599.908899,
                        "y1": 323.401028,
                        "x2": 613.383942,
                        "y2": 335.079401
                    }
                },
                {
                    "category": "car",
                    "id": 15,
                    "attributes": {
                        "occluded": false,
                        "truncated": true,
                        "trafficLightColor": "none"
                    },
                    "box2d": {
                        "x1": 0,
                        "y1": 263.212504,
                        "x2": 356.639468,
                        "y2": 522.831663
                    }
                },
                {
                    "category": "car",
                    "id": 16,
                    "attributes": {
                        "occluded": false,
                        "truncated": true,
                        "trafficLightColor": "none"
                    },
                    "box2d": {
                        "x1": 869.589433,
                        "y1": 278.484218,
                        "x2": 1279.230738,
                        "y2": 537.205043
                    }
                },
                {
                    "category": "traffic light",
                    "id": 17,
                    "attributes": {
                        "occluded": false,
                        "truncated": false,
                        "trafficLightColor": "green"
                    },
                    "box2d": {
                        "x1": 627.086775,
                        "y1": 316.984345,
                        "x2": 634.273466,
                        "y2": 325.967707
                    }
                },
                {
                    "category": "area/drivable",
                    "id": 18,
                    "attributes": {},
                    "poly2d": [
                        [
                            599.021372,
                            339.804905,
                            "L"
                        ],
                        [
                            595.860396,
                            363.512223,
                            "L"
                        ],
                        [
                            238.670124,
                            538.946384,
                            "L"
                        ],
                        [
                            0,
                            540.52687,
                            "L"
                        ],
                        [
                            0,
                            652.741514,
                            "L"
                        ],
                        [
                            572.153077,
                            548.429311,
                            "C"
                        ],
                        [
                            823.450658,
                            629.034195,
                            "C"
                        ],
                        [
                            1280.195222,
                            679.609809,
                            "C"
                        ],
                        [
                            1280.195222,
                            575.297606,
                            "L"
                        ],
                        [
                            981.49945,
                            550.009799,
                            "L"
                        ],
                        [
                            611.665275,
                            360.351248,
                            "L"
                        ],
                        [
                            610.084787,
                            338.224417,
                            "L"
                        ],
                        [
                            599.021372,
                            339.804905,
                            "L"
                        ]
                    ]
                }
            ]
        }
    ],
    "attributes": {
        "weather": "undefined",
        "scene": "residential",
        "timeofday": "daytime"
    }
}