{
    "name": "0a0c3694-24b5193a",
    "frames": [
        {
            "timestamp": 10000,
            "objects": [
                {
                    "category": "person",
                    "id": 0,
                    "attributes": {
                        "occluded": false,
                        "truncated": false,
                        "trafficLightColor": "none"
                    },
                    "box2d": {
                        "x1": 918.11053,
                        "y1": 288.40646,
                        "x2": 963.01811,
                        "y2": 434.106607
                    }
                },
                {
                    "category": "traffic light",
                    "id": 1,
                    "attributes": {
                        "occluded": false,
                        "truncated": false,
                        "trafficLightColor": "red"
                    },
                    "box2d": {
                        "x1": 1013.913366,
                        "y1": 182.624159,
                        "x2": 1060.816839,
                        "y2": 232.521472
                    }
                },
                {
                    "category": "traffic light",
                    "id": 2,
                    "attributes": {
                        "occluded": false,
                        "truncated": false,
                        "trafficLightColor": "none"
                    },
                    "box2d": {
                        "x1": 1090.755227,
                        "y1": 188.611838,
                        "x2": 1123.687452,
                        "y2": 235.515309
                    }
                },
                {
                    "category": "traffic sign",
                    "id": 3,
                    "attributes": {
                        "occluded": false,
                        "truncated": false,
                        "trafficLightColor": "none"
                    },
                    "box2d": {
                        "x1": 1057.823,
                        "y1": 72.850075,
                        "x2": 1128.677183,
                        "y2": 126.739172
                    }
                },
                {
                    "category": "person",
                    "id": 4,
                    "attributes": {
                        "occluded": false,
                        "truncated": false,
                        "trafficLightColor": "none"
                    },
                    "box2d": {
                        "x1": 539.888909,
                        "y1": 348.283233,
                        "x2": 584.796488,
                        "y2": 407.162059
                    }
                },
                {
                    "category": "car",
                    "id": 5,
                    "attributes": {
                        "occluded": false,
                        "truncated": true,
                        "trafficLightColor": "none"
                    },
                    "box2d": {
                        "x1": 0,
                        "y1": 311.074095,
                        "x2": 27.568249,
                        "y2": 360.971408
                    }
                },
                {
                    "category": "car",
                    "id": 6,
                    "attributes": {
                        "occluded": true,
                        "truncated": false,
                        "trafficLightColor": "none"
                    },
                    "box2d": {
                        "x1": 17.588787,
                        "y1": 310.076149,
                        "x2": 30.562087,
                        "y2": 327.041234
                    }
                },
                {
                    "category": "car",
                    "id": 7,
                    "attributes": {
                        "occluded": true,
                        "truncated": false,
                        "trafficLightColor": "none"
                    },
                    "box2d": {
                        "x1": 79.461453,
                        "y1": 312.072042,
                        "x2": 89.440914,
                        "y2": 329.037125
                    }
                },
                {
                    "category": "car",
                    "id": 8,
                    "attributes": {
                        "occluded": true,
                        "truncated": false,
                        "trafficLightColor": "none"
                    },
                    "box2d": {
                        "x1": 88.442969,
                        "y1": 315.06588,
                        "x2": 101.41627,
                        "y2": 333.028914
                    }
                },
                {
                    "category": "car",
                    "id": 9,
                    "attributes": {
                        "occluded": true,
                        "truncated": false,
                        "trafficLightColor": "none"
                    },
                    "box2d": {
                        "x1": 97.424486,
                        "y1": 313.069989,
                        "x2": 117.383411,
                        "y2": 339.016591
                    }
                },
                {
                    "category": "car",
                    "id": 10,
                    "attributes": {
                        "occluded": true,
                        "truncated": false,
                        "trafficLightColor": "none"
                    },
                    "box2d": {
                        "x1": 104.410109,
                        "y1": 309.078203,
                        "x2": 143.330013,
                        "y2": 347.000161
                    }
                },
                {
                    "category": "car",
                    "id": 11,
                    "attributes": {
                        "occluded": true,
                        "truncated": false,
                        "trafficLightColor": "none"
                    },
                    "box2d": {
                        "x1": 184.245807,
                        "y1": 319.057666,
                        "x2": 240.130795,
                        "y2": 372.946763
                    }
                },
                {
                    "category": "car",
                    "id": 12,
                    "attributes": {
                        "occluded": true,
                        "truncated": false,
                        "trafficLightColor": "none"
                    },
                    "box2d": {
                        "x1": 205.202678,
                        "y1": 318.059719,
                        "x2": 272.065075,
                        "y2": 383.92417
                    }
                },
                {
                    "category": "car",
                    "id": 13,
                    "attributes": {
                        "occluded": true,
                        "truncated": false,
                        "trafficLightColor": "none"
                    },
                    "box2d": {
                        "x1": 240.130796,
                        "y1": 312.072042,
                        "x2": 343.917203,
                        "y2": 403.883093
                    }
                },
                {
                    "category": "car",
                    "id": 14,
                    "attributes": {
                        "occluded": false,
                        "truncated": false,
                        "trafficLightColor": "none"
                    },
                    "box2d": {
                        "x1": 125.366979,
                        "y1": 320.05561,
                        "x2": 181.251967,
                        "y2": 354.983729
                    }
                },
                {
                    "category": "car",
                    "id": 15,
                    "attributes": {
                        "occluded": false,
                        "truncated": false,
                        "trafficLightColor": "none"
                    },
                    "box2d": {
                        "x1": 288.032214,
                        "y1": 315.06588,
                        "x2": 496.602975,
                        "y2": 438.811211
                    }
                },
                {
                    "category": "car",
                    "id": 16,
                    "attributes": {
                        "occluded": false,
                        "truncated": false,
                        "trafficLightColor": "none"
                    },
                    "box2d": {
                        "x1": 53.51485,
                        "y1": 309.078203,
                        "x2": 76.467613,
                        "y2": 328.039181
                    }
                },
                {
                    "category": "traffic light",
                    "id": 17,
                    "attributes": {
                        "occluded": false,
                        "truncated": false,
                        "trafficLightColor": "none"
                    },
                    "box2d": {
                        "x1": 25.572357,
                        "y1": 266.879328,
                        "x2": 33.555928,
                        "y2": 277.856737
                    }
                },
                {
                    "category": "traffic sign",
                    "id": 18,
                    "attributes": {
                        "occluded": false,
                        "truncated": false,
                        "trafficLightColor": "none"
                    },
                    "box2d": {
                        "x1": 71.477883,
                        "y1": 295.962336,
                        "x2": 77.465563,
                        "y2": 303.945906
                    }
                },
                {
                    "category": "traffic sign",
                    "id": 19,
                    "attributes": {
                        "occluded": false,
                        "truncated": false,
                        "trafficLightColor": "none"
                    },
                    "box2d": {
                        "x1": 64.492261,
                        "y1": 294.964389,
                        "x2": 72.475831,
                        "y2": 305.941796
                    }
                },
                {
                    "category": "traffic sign",
                    "id": 20,
                    "attributes": {
                        "occluded": false,
                        "truncated": false,
                        "trafficLightColor": "none"
                    },
                    "box2d": {
                        "x1": 47.527173,
                        "y1": 290.972604,
                        "x2": 55.510744,
                        "y2": 299.954119
                    }
                },
                {
                    "category": "area/drivable",
                    "id": 21,
                    "attributes": {},
                    "poly2d": [
                        [
                            1280.811619,
                            496.462154,
                            "L"
                        ],
                        [
                            1280.811619,
                            677.02453,
                            "L"
                        ],
                        [
                            1193.631201,
                            661.83704,
                            "C"
                        ],
                        [
                            1116.006254,
                            653.399546,
                            "C"
                        ],
                        [
                            1023.193817,
                            651.712047,
                            "C"
                        ],
                        [
                            685.694049,
                            594.337086,
                            "C"
                        ],
                        [
                            339.756788,
                            596.024584,
                            "C"
                        ],
                        [
                            0.569521,
                            628.087063,
                            "C"
                        ],
                        [
                            0,
                            398.587221,
                            "L"
                        ],
                        [
                            44.444491,
                            337.837263,
                            "L"
                        ],
                        [
                            69.756972,
                            334.462265,
                            "L"
                        ],
                        [
                            354.944277,
                            449.212186,
                            "L"
                        ],
                        [
                            532.131656,
                            444.149691,
                            "L"
                        ],
                        [
                            712.694031,
                            547.087119,
                            "C"
                        ],
                        [
                            1026.568815,
                            516.712139,
                            "C"
                        ],
                        [
                            1280.811619,
                            496.462154,
                            "C"
                        ]
                    ]
                },
                {
                    "category": "lane/crosswalk",
                    "id": 22,
                    "attributes": {
                        "direction": "vertical",
                        "style": "dashed"
                    },
                    "poly2d": [
                        [
                            839.95855,
                            523.620506,
                            "L"
                        ],
                        [
                            1280.6437,
                            626.501954,
                            "L"
                        ]
                    ]
                },
                {
                    "category": "lane/crosswalk",
                    "id": 23,
                    "attributes": {
                        "direction": "vertical",
                        "style": "dashed"
                    },
                    "poly2d": [
                        [
                            732.470469,
                            514.407242,
                            "L"
                        ],
                        [
                            0,
                            540.511489,
                            "L"
                        ]
                    ]
                },
                {
                    "category": "lane/crosswalk",
                    "id": 24,
                    "attributes": {
                        "direction": "vertical",
                        "style": "dashed"
                    },
                    "poly2d": [
                        [
                            538.991925,
                            454.521025,
                            "L"
                        ],
                        [
                            0,
                            454.521025,
                            "L"
                        ]
                    ]
                },
                {
                    "category": "lane/road curb",
                    "id": 25,
                    "attributes": {
                        "direction": "parallel",
                        "style": "solid"
                    },
                    "poly2d": [
                        [
                            489.854515,
                            436.094497,
                            "C"
                        ],
                        [
                            646.480005,
                            500.587346,
                            "C"
                        ],
                        [
                            836.887462,
                            523.620506,
                            "C"
                        ],
                        [
                            1280.6437,
                            492.909626,
                            "L"
                        ]
                    ]
                }
            ]
        }
    ],
    "attributes": {
        "weather": "clear",
        "scene": "city street",
        "timeofday": "daytime"
    }
}