{
    "name": "0a0d6e22-f6446b68",
    "frames": [
        {
            "timestamp": 10000,
            "objects": [
                {
                    "category": "car",
                    "id": 0,
                    "attributes": {
                        "occluded": true,
                        "truncated": false,
                        "trafficLightColor": "none"
                    },
                    "box2d": {
                        "x1": 837.389164,
                        "y1": 337.8402,
                        "x2": 853.122991,
                        "y2": 358.818634
                    }
                },
                {
                    "category": "car",
                    "id": 1,
                    "attributes": {
                        "occluded": true,
                        "truncated": false,
                        "trafficLightColor": "none"
                    },
                    "box2d": {
                        "x1": 818.158934,
                        "y1": 337.8402,
                        "x2": 842.633773,
                        "y2": 358.818634
                    }
                },
                {
                    "category": "car",
                    "id": 2,
                    "attributes": {
                        "occluded": true,
                        "truncated": false,
                        "trafficLightColor": "none"
                    },
                    "box2d": {
                        "x1": 802.425107,
                        "y1": 343.084809,
                        "x2": 821.655338,
                        "y2": 360.566837
                    }
                },
                {
                    "category": "car",
                    "id": 3,
                    "attributes": {
                        "occluded": true,
                        "truncated": false,
                        "trafficLightColor": "none"
                    },
                    "box2d": {
                        "x1": 788.439483,
                        "y1": 341.336606,
                        "x2": 807.669716,
                        "y2": 360.566837
                    }
                },
                {
                    "category": "car",
                    "id": 4,
                    "attributes": {
                        "occluded": true,
                        "truncated": false,
                        "trafficLightColor": "none"
                    },
                    "box2d": {
                        "x1": 760.468239,
                        "y1": 337.8402,
                        "x2": 790.187688,
                        "y2": 360.566837
                    }
                },
                {
                    "category": "car",
                    "id": 5,
                    "attributes": {
                        "occluded": true,
                        "truncated": false,
                        "trafficLightColor": "none"
                    },
                    "box2d": {
                        "x1": 723.755979,
                        "y1": 337.8402,
                        "x2": 753.475428,
                        "y2": 360.566837
                    }
                },
                {
                    "category": "car",
                    "id": 6,
                    "attributes": {
                        "occluded": false,
                        "truncated": false,
                        "trafficLightColor": "none"
                    },
                    "box2d": {
                        "x1": 688.791922,
                        "y1": 334.343796,
                        "x2": 729.000586,
                        "y2": 364.063244
                    }
                },
                {
                    "category": "car",
                    "id": 7,
                    "attributes": {
                        "occluded": true,
                        "truncated": false,
                        "trafficLightColor": "none"
                    },
                    "box2d": {
                        "x1": 627.604821,
                        "y1": 322.106375,
                        "x2": 681.79911,
                        "y2": 367.559649
                    }
                },
                {
                    "category": "car",
                    "id": 8,
                    "attributes": {
                        "occluded": false,
                        "truncated": false,
                        "trafficLightColor": "none"
                    },
                    "box2d": {
                        "x1": 519.216246,
                        "y1": 299.379738,
                        "x2": 634.597635,
                        "y2": 388.538084
                    }
                },
                {
                    "category": "car",
                    "id": 9,
                    "attributes": {
                        "occluded": true,
                        "truncated": false,
                        "trafficLightColor": "none"
                    },
                    "box2d": {
                        "x1": 64.683504,
                        "y1": 334.343796,
                        "x2": 258.734021,
                        "y2": 395.530894
                    }
                },
                {
                    "category": "car",
                    "id": 10,
                    "attributes": {
                        "occluded": false,
                        "truncated": false,
                        "trafficLightColor": "none"
                    },
                    "box2d": {
                        "x1": 201.043327,
                        "y1": 306.372549,
                        "x2": 480.755783,
                        "y2": 467.207211
                    }
                },
                {
                    "category": "truck",
                    "id": 11,
                    "attributes": {
                        "occluded": false,
                        "truncated": false,
                        "trafficLightColor": "none"
                    },
                    "box2d": {
                        "x1": 846.130178,
                        "y1": 290.638724,
                        "x2": 1001.720232,
                        "y2": 393.782691
                    }
                },
                {
                    "category": "traffic sign",
                    "id": 12,
                    "attributes": {
                        "occluded": true,
                        "truncated": false,
                        "trafficLightColor": "none"
                    },
                    "box2d": {
                        "x1": 112.977581,
                        "y1": 271.720662,
                        "x2": 154.93445,
                        "y2": 317.173936
                    }
                },
                {
                    "category": "traffic sign",
                    "id": 13,
                    "attributes": {
                        "occluded": true,
                        "truncated": false,
                        "trafficLightColor": "none"
                    },
                    "box2d": {
                        "x1": 446.884326,
                        "y1": 292.699096,
                        "x2": 469.610963,
                        "y2": 315.425733
                    }
                },
                {
                    "category": "traffic sign",
                    "id": 14,
                    "attributes": {
                        "occluded": true,
                        "truncated": false,
                        "trafficLightColor": "none"
                    },
                    "box2d": {
                        "x1": 452.128935,
                        "y1": 313.67753,
                        "x2": 466.114558,
                        "y2": 334.655964
                    }
                },
                {
                    "category": "traffic sign",
                    "id": 15,
                    "attributes": {
                        "occluded": true,
                        "truncated": false,
                        "trafficLightColor": "none"
                    },
                    "box2d": {
                        "x1": 843.726374,
                        "y1": 315.425733,
                        "x2": 859.460199,
                        "y2": 327.663154
                    }
                },
                {
                    "category": "traffic sign",
                    "id": 16,
                    "attributes": {
                        "occluded": true,
                        "truncated": false,
                        "trafficLightColor": "none"
                    },
                    "box2d": {
                        "x1": 904.913472,
                        "y1": 262.979648,
                        "x2": 927.640109,
                        "y2": 296.195502
                    }
                },
                {
                    "category": "area/drivable",
                    "id": 17,
                    "attributes": {},
                    "poly2d": [
                        [
                            692.444046,
                            368.212241,
                            "L"
                        ],
                        [
                            186.194394,
                            617.962071,
                            "L"
                        ],
                        [
                            538.991925,
                            571.73421,
                            "L"
                        ],
                        [
                            905.068898,
                            430.649699,
                            "C"
                        ],
                        [
                            908.443897,
                            462.712178,
                            "C"
                        ],
                        [
                            783.568982,
                            368.212241,
                            "C"
                        ],
                        [
                            692.444046,
                            368.212241,
                            "L"
                        ]
                    ]
                },
                {
                    "category": "area/alternative",
                    "id": 18,
                    "attributes": {},
                    "poly2d": [
                        [
                            1050.193799,
                            390.149726,
                            "L"
                        ],
                        [
                            1280.811619,
                            428.9622,
                            "L"
                        ],
                        [
                            1280.811619,
                            604.462079,
                            "L"
                        ],
                        [
                            1112.631256,
                            570.712102,
                            "C"
                        ],
                        [
                            852.756435,
                            557.212112,
                            "C"
                        ],
                        [
                            584.444119,
                            567.337106,
                            "C"
                        ],
                        [
                            709.319032,
                            526.837133,
                            "C"
                        ],
                        [
                            950.631368,
                            457.649679,
                            "C"
                        ],
                        [
                            857.818932,
                            405.337216,
                            "C"
                        ],
                        [
                            1050.193799,
                            390.149726,
                            "L"
                        ]
                    ]
                },
                {
                    "category": "lane/road curb",
                    "id": 19,
                    "attributes": {
                        "direction": "parallel",
                        "style": "solid"
                    },
                    "poly2d": [
                        [
                            3.743262,
                            427.979637,
                            "L"
                        ],
                        [
                            200.888401,
                            405.520064,
                            "L"
                        ]
                    ]
                },
                {
                    "category": "lane/road curb",
                    "id": 20,
                    "attributes": {
                        "direction": "parallel",
                        "style": "solid"
                    },
                    "poly2d": [
                        [
                            480.385306,
                            378.069476,
                            "L"
                        ],
                        [
                            520.313435,
                            375.573966,
                            "L"
                        ]
                    ]
                },
                {
                    "category": "lane/road curb",
                    "id": 21,
                    "attributes": {
                        "direction": "parallel",
                        "style": "solid"
                    },
                    "poly2d": [
                        [
                            1273.956877,
                            425.484129,
                            "L"
                        ],
                        [
                            994.459972,
                            379.31723,
                            "L"
                        ]
                    ]
                },
                {
                    "category": "lane/single white",
                    "id": 22,
                    "attributes": {
                        "direction": "parallel",
                        "style": "solid"
                    },
                    "poly2d": [
                        [
                            476.642045,
                            394.290278,
                            "L"
                        ],
                        [
                            522.808945,
                            384.308245,
                            "L"
                        ]
                    ]
                },
                {
                    "category": "lane/single white",
                    "id": 23,
                    "attributes": {
                        "direction": "vertical",
                        "style": "solid"
                    },
                    "poly2d": [
                        [
                            72.369734,
                            424.236376,
                            "L"
                        ],
                        [
                            203.383909,
                            420.493112,
                            "L"
                        ]
                    ]
                },
                {
                    "category": "lane/single white",
                    "id": 24,
                    "attributes": {
                        "direction": "vertical",
                        "style": "solid"
                    },
                    "poly2d": [
                        [
                            479.137552,
                            413.006587,
                            "L"
                        ],
                        [
                            608.903973,
                            409.263326,
                            "L"
                        ]
                    ]
                },
                {
                    "category": "lane/single white",
                    "id": 25,
                    "attributes": {
                        "direction": "vertical",
                        "style": "solid"
                    },
                    "poly2d": [
                        [
                            480.385306,
                            408.015572,
                            "L"
                        ],
                        [
                            608.903973,
                            405.520064,
                            "L"
                        ]
                    ]
                },
                {
                    "category": "lane/single white",
                    "id": 26,
                    "attributes": {
                        "direction": "vertical",
                        "style": "solid"
                    },
                    "poly2d": [
                        [
                            199.640647,
                            416.749851,
                            "L"
                        ],
                        [
                            92.3338,
                            419.245358,
                            "L"
                        ]
                    ]
                },
                {
                    "category": "lane/double yellow",
                    "id": 27,
                    "attributes": {
                        "direction": "parallel",
                        "style": "solid"
                    },
                    "poly2d": [
                        [
                            615.142743,
                            405.520064,
                            "C"
                        ],
                        [
                            640.097823,
                            393.042522,
                            "C"
                        ],
                        [
                            659.438012,
                            381.18886,
                            "C"
                        ],
                        [
                            690.007986,
                            369.335197,
                            "L"
                        ]
                    ]
                },
                {
                    "category": "lane/double yellow",
                    "id": 28,
                    "attributes": {
                        "direction": "parallel",
                        "style": "solid"
                    },
                    "poly2d": [
                        [
                            596.426431,
                            403.024556,
                            "C"
                        ],
                        [
                            629.491915,
                            386.803753,
                            "C"
                        ],
                        [
                            639.473947,
                            378.693352,
                            "C"
                        ],
                        [
                            680.025954,
                            368.087443,
                            "L"
                        ]
                    ]
                },
                {
                    "category": "lane/single white",
                    "id": 29,
                    "attributes": {
                        "direction": "parallel",
                        "style": "dashed"
                    },
                    "poly2d": [
                        [
                            585.196646,
                            567.728089,
                            "C"
                        ],
                        [
                            1094.280295,
                            429.227391,
                            "C"
                        ],
                        [
                            783.589538,
                            400.529049,
                            "C"
                        ],
                        [
                            789.828309,
                            360.600918,
                            "L"
                        ]
                    ]
                },
                {
                    "category": "lane/single white",
                    "id": 30,
                    "attributes": {
                        "direction": "parallel",
                        "style": "dashed"
                    },
                    "poly2d": [
                        [
                            554.002795,
                            563.984827,
                            "C"
                        ],
                        [
                            1071.820724,
                            411.758834,
                            "C"
                        ],
                        [
                            758.634458,
                            410.51108,
                            "C"
                        ],
                        [
                            784.837294,
                            359.353164,
                            "L"
                        ]
                    ]
                }
            ]
        }
    ],
    "attributes": {
        "weather": "overcast",
        "scene": "city street",
        "timeofday": "daytime"
    }
}