{
    "name": "0a0d7f4c-ac5c3c8f",
    "frames": [
        {
            "timestamp": 10000,
            "objects": [
                {
                    "category": "traffic sign",
                    "id": 0,
                    "attributes": {
                        "occluded": false,
                        "truncated": false,
                        "trafficLightColor": "none"
                    },
                    "box2d": {
                        "x1": 1013.656926,
                        "y1": 140.179562,
                        "x2": 1070.52222,
                        "y2": 214.236688
                    }
                },
                {
                    "category": "car",
                    "id": 1,
                    "attributes": {
                        "occluded": true,
                        "truncated": false,
                        "trafficLightColor": "none"
                    },
                    "box2d": {
                        "x1": 101.167324,
                        "y1": 316.065239,
                        "x2": 258.53872,
                        "y2": 392.767264
                    }
                },
                {
                    "category": "car",
                    "id": 2,
                    "attributes": {
                        "occluded": true,
                        "truncated": false,
                        "trafficLightColor": "none"
                    },
                    "box2d": {
                        "x1": 798.097789,
                        "y1": 388.799917,
                        "x2": 827.19166,
                        "y2": 404.669302
                    }
                },
                {
                    "category": "car",
                    "id": 3,
                    "attributes": {
                        "occluded": true,
                        "truncated": false,
                        "trafficLightColor": "none"
                    },
                    "box2d": {
                        "x1": 755.77943,
                        "y1": 382.187673,
                        "x2": 794.130443,
                        "y2": 403.346852
                    }
                },
                {
                    "category": "car",
                    "id": 4,
                    "attributes": {
                        "occluded": true,
                        "truncated": false,
                        "trafficLightColor": "none"
                    },
                    "box2d": {
                        "x1": 704.203933,
                        "y1": 375.57543,
                        "x2": 758.424329,
                        "y2": 402.024403
                    }
                },
                {
                    "category": "car",
                    "id": 5,
                    "attributes": {
                        "occluded": true,
                        "truncated": false,
                        "trafficLightColor": "none"
                    },
                    "box2d": {
                        "x1": 824.967556,
                        "y1": 360.325944,
                        "x2": 961.179771,
                        "y2": 476.70143
                    }
                },
                {
                    "category": "car",
                    "id": 6,
                    "attributes": {
                        "occluded": true,
                        "truncated": false,
                        "trafficLightColor": "none"
                    },
                    "box2d": {
                        "x1": 865.963464,
                        "y1": 373.550431,
                        "x2": 1078.877704,
                        "y2": 519.019789
                    }
                },
                {
                    "category": "car",
                    "id": 7,
                    "attributes": {
                        "occluded": false,
                        "truncated": false,
                        "trafficLightColor": "none"
                    },
                    "box2d": {
                        "x1": 576.347201,
                        "y1": 366.817963,
                        "x2": 658.339021,
                        "y2": 402.524079
                    }
                },
                {
                    "category": "car",
                    "id": 8,
                    "attributes": {
                        "occluded": false,
                        "truncated": true,
                        "trafficLightColor": "none"
                    },
                    "box2d": {
                        "x1": 1008.787925,
                        "y1": 378.720003,
                        "x2": 1277.245012,
                        "y2": 594.27914
                    }
                },
                {
                    "category": "area/drivable",
                    "id": 9,
                    "attributes": {},
                    "poly2d": [
                        [
                            814.783391,
                            406.767818,
                            "L"
                        ],
                        [
                            622.629266,
                            429.227391,
                            "C"
                        ],
                        [
                            625.124775,
                            449.191456,
                            "C"
                        ],
                        [
                            547.764025,
                            521.56119,
                            "C"
                        ],
                        [
                            704.981034,
                            519.065682,
                            "C"
                        ],
                        [
                            924.585745,
                            544.020763,
                            "C"
                        ],
                        [
                            985.725694,
                            556.498303,
                            "C"
                        ],
                        [
                            862.198044,
                            496.606109,
                            "C"
                        ],
                        [
                            782.341785,
                            486.624077,
                            "C"
                        ],
                        [
                            814.783391,
                            406.767818,
                            "C"
                        ]
                    ]
                },
                {
                    "category": "lane/double yellow",
                    "id": 10,
                    "attributes": {
                        "direction": "parallel",
                        "style": "solid"
                    },
                    "poly2d": [
                        [
                            640.337829,
                            443.772217,
                            "L"
                        ],
                        [
                            542.063013,
                            523.620506,
                            "L"
                        ]
                    ]
                },
                {
                    "category": "lane/double yellow",
                    "id": 11,
                    "attributes": {
                        "direction": "parallel",
                        "style": "solid"
                    },
                    "poly2d": [
                        [
                            615.769125,
                            440.701129,
                            "L"
                        ],
                        [
                            499.06778,
                            514.407242,
                            "L"
                        ]
                    ]
                },
                {
                    "category": "lane/double yellow",
                    "id": 12,
                    "attributes": {
                        "direction": "parallel",
                        "style": "solid"
                    },
                    "poly2d": [
                        [
                            809.247669,
                            405.383617,
                            "L"
                        ],
                        [
                            714.043941,
                            417.667969,
                            "L"
                        ]
                    ]
                },
                {
                    "category": "lane/single white",
                    "id": 13,
                    "attributes": {
                        "direction": "parallel",
                        "style": "solid"
                    },
                    "poly2d": [
                        [
                            494.461148,
                            417.667969,
                            "L"
                        ],
                        [
                            30.726859,
                            492.909626,
                            "L"
                        ]
                    ]
                },
                {
                    "category": "lane/road curb",
                    "id": 14,
                    "attributes": {
                        "direction": "parallel",
                        "style": "solid"
                    },
                    "poly2d": [
                        [
                            362.404364,
                            408.454705,
                            "L"
                        ],
                        [
                            0,
                            433.023409,
                            "L"
                        ]
                    ]
                },
                {
                    "category": "lane/road curb",
                    "id": 15,
                    "attributes": {
                        "direction": "parallel",
                        "style": "solid"
                    },
                    "poly2d": [
                        [
                            502.138868,
                            405.383617,
                            "L"
                        ],
                        [
                            704.830677,
                            406.919161,
                            "L"
                        ]
                    ]
                }
            ]
        }
    ],
    "attributes": {
        "weather": "clear",
        "scene": "city street",
        "timeofday": "night"
    }
}