{
    "name": "0a0eebd9-b6fff9e2",
    "frames": [
        {
            "timestamp": 10000,
            "objects": [
                {
                    "category": "traffic light",
                    "id": 0,
                    "attributes": {
                        "occluded": false,
                        "truncated": false,
                        "trafficLightColor": "red"
                    },
                    "box2d": {
                        "x1": 631.799779,
                        "y1": 165.149914,
                        "x2": 642.599776,
                        "y2": 177.29991
                    }
                },
                {
                    "category": "traffic light",
                    "id": 1,
                    "attributes": {
                        "occluded": false,
                        "truncated": false,
                        "trafficLightColor": "red"
                    },
                    "box2d": {
                        "x1": 549.449809,
                        "y1": 171.899913,
                        "x2": 561.599803,
                        "y2": 184.049908
                    }
                },
                {
                    "category": "traffic light",
                    "id": 2,
                    "attributes": {
                        "occluded": false,
                        "truncated": false,
                        "trafficLightColor": "red"
                    },
                    "box2d": {
                        "x1": 588.599794,
                        "y1": 197.549903,
                        "x2": 596.699793,
                        "y2": 208.349899
                    }
                },
                {
                    "category": "traffic light",
                    "id": 3,
                    "attributes": {
                        "occluded": false,
                        "truncated": false,
                        "trafficLightColor": "red"
                    },
                    "box2d": {
                        "x1": 603.449789,
                        "y1": 194.849903,
                        "x2": 612.899785,
                        "y2": 205.6499
                    }
                },
                {
                    "category": "car",
                    "id": 4,
                    "attributes": {
                        "occluded": true,
                        "truncated": false,
                        "trafficLightColor": "none"
                    },
                    "box2d": {
                        "x1": 566.189815,
                        "y1": 204.929927,
                        "x2": 583.739807,
                        "y2": 223.82992
                    }
                },
                {
                    "category": "car",
                    "id": 5,
                    "attributes": {
                        "occluded": true,
                        "truncated": false,
                        "trafficLightColor": "none"
                    },
                    "box2d": {
                        "x1": 612.089799,
                        "y1": 207.629927,
                        "x2": 624.239795,
                        "y2": 222.479921
                    }
                },
                {
                    "category": "car",
                    "id": 6,
                    "attributes": {
                        "occluded": true,
                        "truncated": false,
                        "trafficLightColor": "none"
                    },
                    "box2d": {
                        "x1": 556.73982,
                        "y1": 206.279929,
                        "x2": 575.639812,
                        "y2": 230.579921
                    }
                },
                {
                    "category": "car",
                    "id": 7,
                    "attributes": {
                        "occluded": true,
                        "truncated": false,
                        "trafficLightColor": "none"
                    },
                    "box2d": {
                        "x1": 541.889825,
                        "y1": 202.229929,
                        "x2": 566.189815,
                        "y2": 230.579921
                    }
                },
                {
                    "category": "car",
                    "id": 8,
                    "attributes": {
                        "occluded": true,
                        "truncated": false,
                        "trafficLightColor": "none"
                    },
                    "box2d": {
                        "x1": 525.689828,
                        "y1": 204.929927,
                        "x2": 554.039818,
                        "y2": 240.029915
                    }
                },
                {
                    "category": "car",
                    "id": 9,
                    "attributes": {
                        "occluded": true,
                        "truncated": false,
                        "trafficLightColor": "none"
                    },
                    "box2d": {
                        "x1": 506.789836,
                        "y1": 202.229929,
                        "x2": 543.239823,
                        "y2": 254.879911
                    }
                },
                {
                    "category": "car",
                    "id": 10,
                    "attributes": {
                        "occluded": true,
                        "truncated": false,
                        "trafficLightColor": "none"
                    },
                    "box2d": {
                        "x1": 462.239851,
                        "y1": 208.979927,
                        "x2": 514.889831,
                        "y2": 269.729905
                    }
                },
                {
                    "category": "car",
                    "id": 11,
                    "attributes": {
                        "occluded": true,
                        "truncated": false,
                        "trafficLightColor": "none"
                    },
                    "box2d": {
                        "x1": 433.88986,
                        "y1": 213.029926,
                        "x2": 494.639837,
                        "y2": 283.2299
                    }
                },
                {
                    "category": "car",
                    "id": 12,
                    "attributes": {
                        "occluded": true,
                        "truncated": false,
                        "trafficLightColor": "none"
                    },
                    "box2d": {
                        "x1": 350.189889,
                        "y1": 213.029926,
                        "x2": 473.039847,
                        "y2": 300.779894
                    }
                },
                {
                    "category": "car",
                    "id": 13,
                    "attributes": {
                        "occluded": true,
                        "truncated": false,
                        "trafficLightColor": "none"
                    },
                    "box2d": {
                        "x1": 624.239795,
                        "y1": 196.829932,
                        "x2": 637.73979,
                        "y2": 229.229921
                    }
                },
                {
                    "category": "car",
                    "id": 14,
                    "attributes": {
                        "occluded": true,
                        "truncated": false,
                        "trafficLightColor": "none"
                    },
                    "box2d": {
                        "x1": 630.989792,
                        "y1": 196.829932,
                        "x2": 655.289783,
                        "y2": 233.279919
                    }
                },
                {
                    "category": "car",
                    "id": 15,
                    "attributes": {
                        "occluded": true,
                        "truncated": false,
                        "trafficLightColor": "none"
                    },
                    "box2d": {
                        "x1": 643.139787,
                        "y1": 206.279929,
                        "x2": 671.489777,
                        "y2": 240.029916
                    }
                },
                {
                    "category": "car",
                    "id": 16,
                    "attributes": {
                        "occluded": true,
                        "truncated": false,
                        "trafficLightColor": "none"
                    },
                    "box2d": {
                        "x1": 663.38978,
                        "y1": 204.929927,
                        "x2": 702.539765,
                        "y2": 250.82991
                    }
                },
                {
                    "category": "car",
                    "id": 17,
                    "attributes": {
                        "occluded": false,
                        "truncated": false,
                        "trafficLightColor": "none"
                    },
                    "box2d": {
                        "x1": 239.283585,
                        "y1": 225.238983,
                        "x2": 452.58351,
                        "y2": 345.388941
                    }
                },
                {
                    "category": "car",
                    "id": 18,
                    "attributes": {
                        "occluded": false,
                        "truncated": false,
                        "trafficLightColor": "none"
                    },
                    "box2d": {
                        "x1": 694.233426,
                        "y1": 191.488994,
                        "x2": 792.78339,
                        "y2": 273.838965
                    }
                },
                {
                    "category": "car",
                    "id": 19,
                    "attributes": {
                        "occluded": false,
                        "truncated": true,
                        "trafficLightColor": "none"
                    },
                    "box2d": {
                        "x1": 866.699698,
                        "y1": 24.299991,
                        "x2": 1278.449553,
                        "y2": 492.749827
                    }
                },
                {
                    "category": "car",
                    "id": 20,
                    "attributes": {
                        "occluded": false,
                        "truncated": false,
                        "trafficLightColor": "none"
                    },
                    "box2d": {
                        "x1": 587.249794,
                        "y1": 209.249928,
                        "x2": 612.899785,
                        "y2": 229.49992
                    }
                },
                {
                    "category": "area/drivable",
                    "id": 21,
                    "attributes": {},
                    "poly2d": [
                        [
                            569.221473,
                            235.554112,
                            "L"
                        ],
                        [
                            624.136717,
                            228.964226,
                            "L"
                        ],
                        [
                            972.299363,
                            492.559677,
                            "L"
                        ],
                        [
                            654.889254,
                            433.2507,
                            "C"
                        ],
                        [
                            431.933364,
                            477.183275,
                            "C"
                        ],
                        [
                            180.421547,
                            499.149563,
                            "C"
                        ],
                        [
                            569.221473,
                            235.554112,
                            "L"
                        ]
                    ]
                },
                {
                    "category": "area/alternative",
                    "id": 22,
                    "attributes": {},
                    "poly2d": [
                        [
                            2.496157,
                            444.233844,
                            "L"
                        ],
                        [
                            0,
                            544.180453,
                            "L"
                        ],
                        [
                            167.241888,
                            503.542821,
                            "L"
                        ],
                        [
                            382.210113,
                            356.368694,
                            "L"
                        ],
                        [
                            241.92662,
                            356.368694,
                            "L"
                        ],
                        [
                            2.496157,
                            444.233844,
                            "L"
                        ]
                    ]
                },
                {
                    "category": "area/alternative",
                    "id": 23,
                    "attributes": {},
                    "poly2d": [
                        [
                            805.057491,
                            271.798486,
                            "L"
                        ],
                        [
                            878.643917,
                            303.649603,
                            "L"
                        ],
                        [
                            880.840527,
                            423.365871,
                            "L"
                        ],
                        [
                            700.718528,
                            279.486687,
                            "L"
                        ],
                        [
                            805.057491,
                            271.798486,
                            "L"
                        ]
                    ]
                }
            ]
        }
    ],
    "attributes": {
        "weather": "snowy",
        "scene": "residential",
        "timeofday": "night"
    }
}