{
    "name": "0a2a1a40-44173767",
    "frames": [
        {
            "timestamp": 10000,
            "objects": [
                {
                    "category": "traffic sign",
                    "id": 0,
                    "attributes": {
                        "occluded": false,
                        "truncated": false,
                        "trafficLightColor": "none"
                    },
                    "box2d": {
                        "x1": 550.356649,
                        "y1": 266.962312,
                        "x2": 565.544137,
                        "y2": 285.5248
                    }
                },
                {
                    "category": "traffic sign",
                    "id": 1,
                    "attributes": {
                        "occluded": false,
                        "truncated": false,
                        "trafficLightColor": "none"
                    },
                    "box2d": {
                        "x1": 489.60669,
                        "y1": 272.024808,
                        "x2": 501.41918,
                        "y2": 288.899797
                    }
                },
                {
                    "category": "traffic sign",
                    "id": 2,
                    "attributes": {
                        "occluded": false,
                        "truncated": false,
                        "trafficLightColor": "none"
                    },
                    "box2d": {
                        "x1": 469.356704,
                        "y1": 236.587332,
                        "x2": 482.856694,
                        "y2": 280.462302
                    }
                },
                {
                    "category": "traffic sign",
                    "id": 3,
                    "attributes": {
                        "occluded": true,
                        "truncated": false,
                        "trafficLightColor": "none"
                    },
                    "box2d": {
                        "x1": 460.919209,
                        "y1": 265.274813,
                        "x2": 476.106699,
                        "y2": 287.212297
                    }
                },
                {
                    "category": "car",
                    "id": 4,
                    "attributes": {
                        "occluded": true,
                        "truncated": false,
                        "trafficLightColor": "none"
                    },
                    "box2d": {
                        "x1": 447.419219,
                        "y1": 300.712288,
                        "x2": 484.544192,
                        "y2": 331.087267
                    }
                },
                {
                    "category": "car",
                    "id": 5,
                    "attributes": {
                        "occluded": true,
                        "truncated": false,
                        "trafficLightColor": "none"
                    },
                    "box2d": {
                        "x1": 572.294133,
                        "y1": 307.462285,
                        "x2": 595.919117,
                        "y2": 326.024771
                    }
                },
                {
                    "category": "car",
                    "id": 6,
                    "attributes": {
                        "occluded": true,
                        "truncated": false,
                        "trafficLightColor": "none"
                    },
                    "box2d": {
                        "x1": 552.044147,
                        "y1": 299.024788,
                        "x2": 577.356629,
                        "y2": 332.774765
                    }
                },
                {
                    "category": "car",
                    "id": 7,
                    "attributes": {
                        "occluded": true,
                        "truncated": false,
                        "trafficLightColor": "none"
                    },
                    "box2d": {
                        "x1": 631.356592,
                        "y1": 302.399787,
                        "x2": 653.294077,
                        "y2": 320.962273
                    }
                },
                {
                    "category": "car",
                    "id": 8,
                    "attributes": {
                        "occluded": true,
                        "truncated": false,
                        "trafficLightColor": "none"
                    },
                    "box2d": {
                        "x1": 747.794011,
                        "y1": 307.462285,
                        "x2": 766.356498,
                        "y2": 327.712271
                    }
                },
                {
                    "category": "car",
                    "id": 9,
                    "attributes": {
                        "occluded": true,
                        "truncated": false,
                        "trafficLightColor": "none"
                    },
                    "box2d": {
                        "x1": 722.48153,
                        "y1": 314.21228,
                        "x2": 752.856511,
                        "y2": 329.399768
                    }
                },
                {
                    "category": "car",
                    "id": 10,
                    "attributes": {
                        "occluded": true,
                        "truncated": false,
                        "trafficLightColor": "none"
                    },
                    "box2d": {
                        "x1": 862.543933,
                        "y1": 307.462285,
                        "x2": 911.481399,
                        "y2": 336.149765
                    }
                },
                {
                    "category": "car",
                    "id": 11,
                    "attributes": {
                        "occluded": true,
                        "truncated": false,
                        "trafficLightColor": "none"
                    },
                    "box2d": {
                        "x1": 325.919303,
                        "y1": 293.962293,
                        "x2": 379.919266,
                        "y2": 334.462265
                    }
                },
                {
                    "category": "car",
                    "id": 12,
                    "attributes": {
                        "occluded": true,
                        "truncated": false,
                        "trafficLightColor": "none"
                    },
                    "box2d": {
                        "x1": 244.919358,
                        "y1": 300.712288,
                        "x2": 287.106829,
                        "y2": 337.837263
                    }
                },
                {
                    "category": "car",
                    "id": 13,
                    "attributes": {
                        "occluded": true,
                        "truncated": false,
                        "trafficLightColor": "none"
                    },
                    "box2d": {
                        "x1": 91.356963,
                        "y1": 275.399807,
                        "x2": 256.731851,
                        "y2": 371.587238
                    }
                },
                {
                    "category": "bus",
                    "id": 14,
                    "attributes": {
                        "occluded": true,
                        "truncated": false,
                        "trafficLightColor": "none"
                    },
                    "box2d": {
                        "x1": 1016.106329,
                        "y1": 280.462302,
                        "x2": 1157.85623,
                        "y2": 354.712251
                    }
                },
                {
                    "category": "car",
                    "id": 15,
                    "attributes": {
                        "occluded": false,
                        "truncated": false,
                        "trafficLightColor": "none"
                    },
                    "box2d": {
                        "x1": 381.606764,
                        "y1": 295.649792,
                        "x2": 449.106717,
                        "y2": 346.274755
                    }
                },
                {
                    "category": "car",
                    "id": 16,
                    "attributes": {
                        "occluded": false,
                        "truncated": false,
                        "trafficLightColor": "none"
                    },
                    "box2d": {
                        "x1": 477.794199,
                        "y1": 280.462302,
                        "x2": 567.231637,
                        "y2": 380.024733
                    }
                },
                {
                    "category": "car",
                    "id": 17,
                    "attributes": {
                        "occluded": false,
                        "truncated": false,
                        "trafficLightColor": "none"
                    },
                    "box2d": {
                        "x1": 271.919339,
                        "y1": 304.087286,
                        "x2": 378.231766,
                        "y2": 368.212243
                    }
                },
                {
                    "category": "car",
                    "id": 18,
                    "attributes": {
                        "occluded": false,
                        "truncated": false,
                        "trafficLightColor": "none"
                    },
                    "box2d": {
                        "x1": 751.16901,
                        "y1": 305.774785,
                        "x2": 876.043924,
                        "y2": 381.712233
                    }
                },
                {
                    "category": "car",
                    "id": 19,
                    "attributes": {
                        "occluded": false,
                        "truncated": true,
                        "trafficLightColor": "none"
                    },
                    "box2d": {
                        "x1": 0,
                        "y1": 299.024788,
                        "x2": 180.794401,
                        "y2": 469.462171
                    }
                },
                {
                    "category": "area/drivable",
                    "id": 20,
                    "attributes": {},
                    "poly2d": [
                        [
                            0,
                            695.56852,
                            "L"
                        ],
                        [
                            443.088125,
                            384.209298,
                            "L"
                        ],
                        [
                            579.806758,
                            382.213405,
                            "L"
                        ],
                        [
                            583.798543,
                            336.307878,
                            "L"
                        ],
                        [
                            732.49253,
                            342.295555,
                            "L"
                        ],
                        [
                            761.432971,
                            384.209298,
                            "L"
                        ],
                        [
                            965.014001,
                            384.209298,
                            "L"
                        ],
                        [
                            1280.36501,
                            454.065532,
                            "L"
                        ],
                        [
                            1280.36501,
                            719.519229,
                            "L"
                        ],
                        [
                            986.968818,
                            719.519229,
                            "L"
                        ],
                        [
                            803.346712,
                            662.636296,
                            "C"
                        ],
                        [
                            318.344846,
                            625.712284,
                            "C"
                        ],
                        [
                            0,
                            719.519229,
                            "C"
                        ],
                        [
                            0,
                            695.56852,
                            "L"
                        ]
                    ]
                },
                {
                    "category": "lane/road curb",
                    "id": 21,
                    "attributes": {
                        "direction": "parallel",
                        "style": "solid"
                    },
                    "poly2d": [
                        [
                            1247.590277,
                            439.571631,
                            "L"
                        ],
                        [
                            875.414637,
                            366.184885,
                            "L"
                        ]
                    ]
                },
                {
                    "category": "lane/single white",
                    "id": 22,
                    "attributes": {
                        "direction": "parallel",
                        "style": "dashed"
                    },
                    "poly2d": [
                        [
                            276.339161,
                            361.691819,
                            "L"
                        ],
                        [
                            178.989396,
                            378.915239,
                            "L"
                        ]
                    ]
                },
                {
                    "category": "lane/single white",
                    "id": 23,
                    "attributes": {
                        "direction": "parallel",
                        "style": "dashed"
                    },
                    "poly2d": [
                        [
                            277.088005,
                            366.184885,
                            "L"
                        ],
                        [
                            181.235929,
                            382.659461,
                            "L"
                        ]
                    ]
                },
                {
                    "category": "lane/single white",
                    "id": 24,
                    "attributes": {
                        "direction": "parallel",
                        "style": "solid"
                    },
                    "poly2d": [
                        [
                            454.564115,
                            339.975333,
                            "L"
                        ],
                        [
                            0,
                            499.479179,
                            "L"
                        ]
                    ]
                },
                {
                    "category": "lane/single white",
                    "id": 25,
                    "attributes": {
                        "direction": "parallel",
                        "style": "solid"
                    },
                    "poly2d": [
                        [
                            454.564115,
                            343.719555,
                            "L"
                        ],
                        [
                            0,
                            511.460688,
                            "L"
                        ]
                    ]
                },
                {
                    "category": "lane/single yellow",
                    "id": 26,
                    "attributes": {
                        "direction": "parallel",
                        "style": "solid"
                    },
                    "poly2d": [
                        [
                            481.522511,
                            352.705687,
                            "L"
                        ],
                        [
                            0,
                            674.708756,
                            "L"
                        ]
                    ]
                },
                {
                    "category": "lane/single yellow",
                    "id": 27,
                    "attributes": {
                        "direction": "parallel",
                        "style": "solid"
                    },
                    "poly2d": [
                        [
                            480.773667,
                            357.947597,
                            "L"
                        ],
                        [
                            0,
                            694.178709,
                            "L"
                        ]
                    ]
                }
            ]
        }
    ],
    "attributes": {
        "weather": "clear",
        "scene": "highway",
        "timeofday": "night"
    }
}