{
    "name": "0a2b7f2a-bc0ce8da",
    "frames": [
        {
            "timestamp": 10000,
            "objects": [
                {
                    "category": "car",
                    "id": 0,
                    "attributes": {
                        "occluded": false,
                        "truncated": true,
                        "trafficLightColor": "none"
                    },
                    "box2d": {
                        "x1": 0,
                        "y1": 192.556464,
                        "x2": 311.367899,
                        "y2": 440.421699
                    }
                },
                {
                    "category": "car",
                    "id": 1,
                    "attributes": {
                        "occluded": false,
                        "truncated": true,
                        "trafficLightColor": "none"
                    },
                    "box2d": {
                        "x1": 977.121629,
                        "y1": 208.944247,
                        "x2": 1278.247163,
                        "y2": 569.475498
                    }
                },
                {
                    "category": "car",
                    "id": 2,
                    "attributes": {
                        "occluded": true,
                        "truncated": false,
                        "trafficLightColor": "none"
                    },
                    "box2d": {
                        "x1": 259.131837,
                        "y1": 238.647106,
                        "x2": 411.743076,
                        "y2": 381.01598
                    }
                },
                {
                    "category": "car",
                    "id": 3,
                    "attributes": {
                        "occluded": true,
                        "truncated": false,
                        "trafficLightColor": "none"
                    },
                    "box2d": {
                        "x1": 400.476475,
                        "y1": 273.471148,
                        "x2": 458.857956,
                        "y2": 355.410069
                    }
                },
                {
                    "category": "car",
                    "id": 4,
                    "attributes": {
                        "occluded": true,
                        "truncated": false,
                        "trafficLightColor": "none"
                    },
                    "box2d": {
                        "x1": 392.282583,
                        "y1": 249.913709,
                        "x2": 490.609289,
                        "y2": 339.022284
                    }
                },
                {
                    "category": "car",
                    "id": 5,
                    "attributes": {
                        "occluded": true,
                        "truncated": false,
                        "trafficLightColor": "none"
                    },
                    "box2d": {
                        "x1": 481.391158,
                        "y1": 265.277256,
                        "x2": 511.094017,
                        "y2": 326.731446
                    }
                },
                {
                    "category": "car",
                    "id": 6,
                    "attributes": {
                        "occluded": true,
                        "truncated": false,
                        "trafficLightColor": "none"
                    },
                    "box2d": {
                        "x1": 506.997072,
                        "y1": 273.471148,
                        "x2": 528.506037,
                        "y2": 317.513319
                    }
                },
                {
                    "category": "car",
                    "id": 7,
                    "attributes": {
                        "occluded": true,
                        "truncated": false,
                        "trafficLightColor": "none"
                    },
                    "box2d": {
                        "x1": 525.433329,
                        "y1": 285.761986,
                        "x2": 538.748403,
                        "y2": 315.464844
                    }
                },
                {
                    "category": "car",
                    "id": 8,
                    "attributes": {
                        "occluded": true,
                        "truncated": false,
                        "trafficLightColor": "none"
                    },
                    "box2d": {
                        "x1": 531.578748,
                        "y1": 283.713514,
                        "x2": 552.063478,
                        "y2": 310.343661
                    }
                },
                {
                    "category": "car",
                    "id": 9,
                    "attributes": {
                        "occluded": true,
                        "truncated": false,
                        "trafficLightColor": "none"
                    },
                    "box2d": {
                        "x1": 804.025659,
                        "y1": 249.913709,
                        "x2": 1043.697002,
                        "y2": 424.033916
                    }
                },
                {
                    "category": "car",
                    "id": 10,
                    "attributes": {
                        "occluded": true,
                        "truncated": false,
                        "trafficLightColor": "none"
                    },
                    "box2d": {
                        "x1": 733.353339,
                        "y1": 263.228782,
                        "x2": 866.504085,
                        "y2": 376.919034
                    }
                },
                {
                    "category": "car",
                    "id": 11,
                    "attributes": {
                        "occluded": true,
                        "truncated": false,
                        "trafficLightColor": "none"
                    },
                    "box2d": {
                        "x1": 684.189988,
                        "y1": 275.51962,
                        "x2": 762.031962,
                        "y2": 352.337359
                    }
                },
                {
                    "category": "car",
                    "id": 12,
                    "attributes": {
                        "occluded": true,
                        "truncated": false,
                        "trafficLightColor": "none"
                    },
                    "box2d": {
                        "x1": 670.874913,
                        "y1": 290.883168,
                        "x2": 709.7959,
                        "y2": 327.755683
                    }
                },
                {
                    "category": "car",
                    "id": 13,
                    "attributes": {
                        "occluded": true,
                        "truncated": false,
                        "trafficLightColor": "none"
                    },
                    "box2d": {
                        "x1": 666.777966,
                        "y1": 283.713514,
                        "x2": 709.7959,
                        "y2": 324.682973
                    }
                },
                {
                    "category": "car",
                    "id": 14,
                    "attributes": {
                        "occluded": true,
                        "truncated": false,
                        "trafficLightColor": "none"
                    },
                    "box2d": {
                        "x1": 644.244764,
                        "y1": 288.834696,
                        "x2": 680.093042,
                        "y2": 314.440609
                    }
                },
                {
                    "category": "car",
                    "id": 15,
                    "attributes": {
                        "occluded": true,
                        "truncated": false,
                        "trafficLightColor": "none"
                    },
                    "box2d": {
                        "x1": 629.905453,
                        "y1": 281.66504,
                        "x2": 659.608312,
                        "y2": 307.270953
                    }
                },
                {
                    "category": "car",
                    "id": 16,
                    "attributes": {
                        "occluded": true,
                        "truncated": false,
                        "trafficLightColor": "none"
                    },
                    "box2d": {
                        "x1": 614.541906,
                        "y1": 284.737749,
                        "x2": 634.0024,
                        "y2": 302.149769
                    }
                },
                {
                    "category": "truck",
                    "id": 17,
                    "attributes": {
                        "occluded": true,
                        "truncated": false,
                        "trafficLightColor": "none"
                    },
                    "box2d": {
                        "x1": 535.675695,
                        "y1": 268.349964,
                        "x2": 564.354316,
                        "y2": 304.198242
                    }
                },
                {
                    "category": "truck",
                    "id": 18,
                    "attributes": {
                        "occluded": true,
                        "truncated": false,
                        "trafficLightColor": "none"
                    },
                    "box2d": {
                        "x1": 564.354316,
                        "y1": 274.495383,
                        "x2": 576.645154,
                        "y2": 297.028586
                    }
                },
                {
                    "category": "truck",
                    "id": 19,
                    "attributes": {
                        "occluded": true,
                        "truncated": false,
                        "trafficLightColor": "none"
                    },
                    "box2d": {
                        "x1": 584.839046,
                        "y1": 269.374201,
                        "x2": 609.420722,
                        "y2": 296.00435
                    }
                },
                {
                    "category": "car",
                    "id": 20,
                    "attributes": {
                        "occluded": false,
                        "truncated": false,
                        "trafficLightColor": "none"
                    },
                    "box2d": {
                        "x1": 592.008702,
                        "y1": 280.640802,
                        "x2": 610.444959,
                        "y2": 304.198242
                    }
                },
                {
                    "category": "traffic light",
                    "id": 21,
                    "attributes": {
                        "occluded": false,
                        "truncated": false,
                        "trafficLightColor": "green"
                    },
                    "box2d": {
                        "x1": 556.160424,
                        "y1": 248.889472,
                        "x2": 560.257371,
                        "y2": 260.156073
                    }
                },
                {
                    "category": "traffic light",
                    "id": 22,
                    "attributes": {
                        "occluded": false,
                        "truncated": false,
                        "trafficLightColor": "green"
                    },
                    "box2d": {
                        "x1": 619.663088,
                        "y1": 239.671343,
                        "x2": 625.808507,
                        "y2": 254.010654
                    }
                },
                {
                    "category": "area/drivable",
                    "id": 23,
                    "attributes": {},
                    "poly2d": [
                        [
                            568.167261,
                            309.156185,
                            "L"
                        ],
                        [
                            0,
                            528.738977,
                            "L"
                        ],
                        [
                            0,
                            608.587266,
                            "L"
                        ],
                        [
                            161.248099,
                            608.587266,
                            "L"
                        ],
                        [
                            618.840213,
                            568.663122,
                            "C"
                        ],
                        [
                            970.47979,
                            614.729442,
                            "C"
                        ],
                        [
                            1280.6437,
                            659.260218,
                            "C"
                        ],
                        [
                            1280.6437,
                            613.193898,
                            "L"
                        ],
                        [
                            595.807053,
                            310.691729,
                            "L"
                        ],
                        [
                            568.167261,
                            309.156185,
                            "L"
                        ]
                    ]
                },
                {
                    "category": "lane/crosswalk",
                    "id": 24,
                    "attributes": {
                        "direction": "vertical",
                        "style": "dashed"
                    },
                    "poly2d": [
                        [
                            4.994861,
                            518.466498,
                            "C"
                        ],
                        [
                            445.541537,
                            546.437716,
                            "C"
                        ],
                        [
                            810.166339,
                            574.408932,
                            "C"
                        ],
                        [
                            1279.683207,
                            655.32567,
                            "L"
                        ]
                    ]
                },
                {
                    "category": "lane/single white",
                    "id": 25,
                    "attributes": {
                        "direction": "vertical",
                        "style": "solid"
                    },
                    "poly2d": [
                        [
                            207.786188,
                            443.543593,
                            "L"
                        ],
                        [
                            532.452107,
                            459.527148,
                            "L"
                        ]
                    ]
                },
                {
                    "category": "lane/single white",
                    "id": 26,
                    "attributes": {
                        "direction": "vertical",
                        "style": "solid"
                    },
                    "poly2d": [
                        [
                            216.776938,
                            431.555928,
                            "L"
                        ],
                        [
                            561.422296,
                            448.538454,
                            "L"
                        ]
                    ]
                }
            ]
        }
    ],
    "attributes": {
        "weather": "clear",
        "scene": "city street",
        "timeofday": "daytime"
    }
}