{
    "name": "0a2cc187-8d6ab554",
    "frames": [
        {
            "timestamp": 10000,
            "objects": [
                {
                    "category": "traffic sign",
                    "id": 0,
                    "attributes": {
                        "occluded": false,
                        "truncated": false,
                        "trafficLightColor": "none"
                    },
                    "box2d": {
                        "x1": 661.73157,
                        "y1": 300.712288,
                        "x2": 680.294059,
                        "y2": 320.962274
                    }
                },
                {
                    "category": "traffic sign",
                    "id": 1,
                    "attributes": {
                        "occluded": false,
                        "truncated": false,
                        "trafficLightColor": "none"
                    },
                    "box2d": {
                        "x1": 660.044072,
                        "y1": 322.649773,
                        "x2": 671.856564,
                        "y2": 346.274757
                    }
                },
                {
                    "category": "traffic sign",
                    "id": 2,
                    "attributes": {
                        "occluded": false,
                        "truncated": false,
                        "trafficLightColor": "none"
                    },
                    "box2d": {
                        "x1": 671.856564,
                        "y1": 324.337273,
                        "x2": 687.044054,
                        "y2": 342.89976
                    }
                },
                {
                    "category": "traffic sign",
                    "id": 3,
                    "attributes": {
                        "occluded": false,
                        "truncated": false,
                        "trafficLightColor": "none"
                    },
                    "box2d": {
                        "x1": 555.419143,
                        "y1": 322.649773,
                        "x2": 577.356628,
                        "y2": 341.21226
                    }
                },
                {
                    "category": "traffic sign",
                    "id": 4,
                    "attributes": {
                        "occluded": false,
                        "truncated": false,
                        "trafficLightColor": "none"
                    },
                    "box2d": {
                        "x1": 558.794142,
                        "y1": 273.712307,
                        "x2": 577.356629,
                        "y2": 300.712288
                    }
                },
                {
                    "category": "person",
                    "id": 5,
                    "attributes": {
                        "occluded": true,
                        "truncated": false,
                        "trafficLightColor": "none"
                    },
                    "box2d": {
                        "x1": 786.606485,
                        "y1": 378.337235,
                        "x2": 813.606467,
                        "y2": 435.712197
                    }
                },
                {
                    "category": "person",
                    "id": 6,
                    "attributes": {
                        "occluded": true,
                        "truncated": false,
                        "trafficLightColor": "none"
                    },
                    "box2d": {
                        "x1": 759.606504,
                        "y1": 368.212242,
                        "x2": 788.293983,
                        "y2": 430.649698
                    }
                },
                {
                    "category": "person",
                    "id": 7,
                    "attributes": {
                        "occluded": true,
                        "truncated": false,
                        "trafficLightColor": "none"
                    },
                    "box2d": {
                        "x1": 638.106587,
                        "y1": 373.274738,
                        "x2": 658.356576,
                        "y2": 403.649717
                    }
                },
                {
                    "category": "person",
                    "id": 8,
                    "attributes": {
                        "occluded": true,
                        "truncated": false,
                        "trafficLightColor": "none"
                    },
                    "box2d": {
                        "x1": 533.481659,
                        "y1": 374.962237,
                        "x2": 546.98165,
                        "y2": 396.899721
                    }
                },
                {
                    "category": "person",
                    "id": 9,
                    "attributes": {
                        "occluded": true,
                        "truncated": false,
                        "trafficLightColor": "none"
                    },
                    "box2d": {
                        "x1": 523.356666,
                        "y1": 374.962237,
                        "x2": 535.16916,
                        "y2": 396.899721
                    }
                },
                {
                    "category": "person",
                    "id": 10,
                    "attributes": {
                        "occluded": true,
                        "truncated": false,
                        "trafficLightColor": "none"
                    },
                    "box2d": {
                        "x1": 501.419181,
                        "y1": 371.587239,
                        "x2": 516.606669,
                        "y2": 396.899724
                    }
                },
                {
                    "category": "person",
                    "id": 11,
                    "attributes": {
                        "occluded": true,
                        "truncated": false,
                        "trafficLightColor": "none"
                    },
                    "box2d": {
                        "x1": 469.356704,
                        "y1": 380.024734,
                        "x2": 482.856692,
                        "y2": 401.962219
                    }
                },
                {
                    "category": "car",
                    "id": 12,
                    "attributes": {
                        "occluded": true,
                        "truncated": false,
                        "trafficLightColor": "none"
                    },
                    "box2d": {
                        "x1": 270.231841,
                        "y1": 383.399732,
                        "x2": 303.981818,
                        "y2": 410.399714
                    }
                },
                {
                    "category": "car",
                    "id": 13,
                    "attributes": {
                        "occluded": true,
                        "truncated": false,
                        "trafficLightColor": "none"
                    },
                    "box2d": {
                        "x1": 170.669409,
                        "y1": 374.962237,
                        "x2": 192.606893,
                        "y2": 420.524706
                    }
                },
                {
                    "category": "car",
                    "id": 14,
                    "attributes": {
                        "occluded": true,
                        "truncated": false,
                        "trafficLightColor": "none"
                    },
                    "box2d": {
                        "x1": 91.356964,
                        "y1": 380.024734,
                        "x2": 145.356925,
                        "y2": 428.9622
                    }
                },
                {
                    "category": "car",
                    "id": 15,
                    "attributes": {
                        "occluded": false,
                        "truncated": false,
                        "trafficLightColor": "none"
                    },
                    "box2d": {
                        "x1": 342.794291,
                        "y1": 376.649735,
                        "x2": 378.231765,
                        "y2": 408.712215
                    }
                },
                {
                    "category": "car",
                    "id": 16,
                    "attributes": {
                        "occluded": false,
                        "truncated": false,
                        "trafficLightColor": "none"
                    },
                    "box2d": {
                        "x1": 307.356815,
                        "y1": 380.024734,
                        "x2": 334.356796,
                        "y2": 403.649717
                    }
                },
                {
                    "category": "car",
                    "id": 17,
                    "attributes": {
                        "occluded": false,
                        "truncated": true,
                        "trafficLightColor": "none"
                    },
                    "box2d": {
                        "x1": 1159.543728,
                        "y1": 498.149652,
                        "x2": 1279.356149,
                        "y2": 719.212
                    }
                },
                {
                    "category": "person",
                    "id": 18,
                    "attributes": {
                        "occluded": false,
                        "truncated": true,
                        "trafficLightColor": "none"
                    },
                    "box2d": {
                        "x1": 0.232026,
                        "y1": 255.14982,
                        "x2": 135.231933,
                        "y2": 665.212039
                    }
                },
                {
                    "category": "person",
                    "id": 19,
                    "attributes": {
                        "occluded": false,
                        "truncated": true,
                        "trafficLightColor": "none"
                    },
                    "box2d": {
                        "x1": 150.419423,
                        "y1": 273.030895,
                        "x2": 361.356778,
                        "y2": 658.462042
                    }
                },
                {
                    "category": "person",
                    "id": 20,
                    "attributes": {
                        "occluded": true,
                        "truncated": false,
                        "trafficLightColor": "none"
                    },
                    "box2d": {
                        "x1": 1151.106235,
                        "y1": 366.524743,
                        "x2": 1179.793714,
                        "y2": 447.524687
                    }
                },
                {
                    "category": "area/drivable",
                    "id": 21,
                    "attributes": {},
                    "poly2d": [
                        [
                            313.186264,
                            409.263326,
                            "L"
                        ],
                        [
                            331.902576,
                            451.686962,
                            "L"
                        ],
                        [
                            379.31723,
                            469.15552,
                            "L"
                        ],
                        [
                            365.06927,
                            521.437142,
                            "L"
                        ],
                        [
                            432.569224,
                            639.56206,
                            "L"
                        ],
                        [
                            608.903973,
                            637.602316,
                            "C"
                        ],
                        [
                            868.436814,
                            668.796167,
                            "C"
                        ],
                        [
                            1115.492113,
                            719.954083,
                            "C"
                        ],
                        [
                            1166.65003,
                            719.954083,
                            "L"
                        ],
                        [
                            1160.41126,
                            677.530445,
                            "L"
                        ],
                        [
                            351.86664,
                            408.015572,
                            "L"
                        ],
                        [
                            313.186264,
                            409.263326,
                            "L"
                        ]
                    ]
                },
                {
                    "category": "area/alternative",
                    "id": 22,
                    "attributes": {},
                    "poly2d": [
                        [
                            368.087443,
                            409.263326,
                            "L"
                        ],
                        [
                            393.042523,
                            408.015572,
                            "L"
                        ],
                        [
                            1149.756231,
                            560.249615,
                            "L"
                        ],
                        [
                            1160.41126,
                            672.539429,
                            "L"
                        ],
                        [
                            368.087443,
                            409.263326,
                            "L"
                        ]
                    ]
                },
                {
                    "category": "lane/crosswalk",
                    "id": 23,
                    "attributes": {
                        "direction": "vertical",
                        "style": "dashed"
                    },
                    "poly2d": [
                        [
                            0,
                            620.043582,
                            "C"
                        ],
                        [
                            420.866424,
                            573.615199,
                            "C"
                        ],
                        [
                            810.265774,
                            578.108269,
                            "C"
                        ],
                        [
                            1198.167436,
                            560.13599,
                            "L"
                        ]
                    ]
                },
                {
                    "category": "lane/single white",
                    "id": 24,
                    "attributes": {
                        "direction": "parallel",
                        "style": "dashed"
                    },
                    "poly2d": [
                        [
                            834.972543,
                            571.1622,
                            "L"
                        ],
                        [
                            384.921867,
                            420.850838,
                            "L"
                        ]
                    ]
                },
                {
                    "category": "lane/single white",
                    "id": 25,
                    "attributes": {
                        "direction": "parallel",
                        "style": "dashed"
                    },
                    "poly2d": [
                        [
                            851.620769,
                            569.881567,
                            "L"
                        ],
                        [
                            395.405695,
                            416.357768,
                            "L"
                        ]
                    ]
                },
                {
                    "category": "lane/single white",
                    "id": 26,
                    "attributes": {
                        "direction": "parallel",
                        "style": "solid"
                    },
                    "poly2d": [
                        [
                            432.847942,
                            413.36239,
                            "L"
                        ],
                        [
                            1134.640603,
                            560.917138,
                            "L"
                        ]
                    ]
                },
                {
                    "category": "lane/single white",
                    "id": 27,
                    "attributes": {
                        "direction": "parallel",
                        "style": "dashed"
                    },
                    "poly2d": [
                        [
                            55.430108,
                            522.693744,
                            "L"
                        ],
                        [
                            182.733742,
                            447.809254,
                            "L"
                        ]
                    ]
                },
                {
                    "category": "lane/single white",
                    "id": 28,
                    "attributes": {
                        "direction": "parallel",
                        "style": "dashed"
                    },
                    "poly2d": [
                        [
                            311.535066,
                            419.353149,
                            "L"
                        ],
                        [
                            335.498103,
                            467.279221,
                            "L"
                        ]
                    ]
                },
                {
                    "category": "lane/single white",
                    "id": 29,
                    "attributes": {
                        "direction": "parallel",
                        "style": "solid"
                    },
                    "poly2d": [
                        [
                            354.968071,
                            528.684505,
                            "L"
                        ],
                        [
                            378.931108,
                            585.596717,
                            "L"
                        ]
                    ]
                },
                {
                    "category": "lane/single white",
                    "id": 30,
                    "attributes": {
                        "direction": "parallel",
                        "style": "solid"
                    },
                    "poly2d": [
                        [
                            396.903387,
                            584.099027,
                            "L"
                        ],
                        [
                            365.451899,
                            522.693744,
                            "L"
                        ]
                    ]
                },
                {
                    "category": "lane/crosswalk",
                    "id": 31,
                    "attributes": {
                        "direction": "vertical",
                        "style": "dashed"
                    },
                    "poly2d": [
                        [
                            290.567409,
                            413.36239,
                            "L"
                        ],
                        [
                            414.875663,
                            417.855458,
                            "L"
                        ]
                    ]
                },
                {
                    "category": "lane/crosswalk",
                    "id": 32,
                    "attributes": {
                        "direction": "vertical",
                        "style": "dashed"
                    },
                    "poly2d": [
                        [
                            304.046618,
                            402.87856,
                            "L"
                        ],
                        [
                            426.857183,
                            407.371629,
                            "L"
                        ]
                    ]
                },
                {
                    "category": "lane/single white",
                    "id": 33,
                    "attributes": {
                        "direction": "parallel",
                        "style": "solid"
                    },
                    "poly2d": [
                        [
                            1156.41136,
                            557.07524,
                            "L"
                        ],
                        [
                            461.027785,
                            416.205639,
                            "L"
                        ]
                    ]
                }
            ]
        }
    ],
    "attributes": {
        "weather": "clear",
        "scene": "city street",
        "timeofday": "daytime"
    }
}