{
    "name": "0a2c99b4-d68c2338",
    "frames": [
        {
            "timestamp": 10000,
            "objects": [
                {
                    "category": "car",
                    "id": 0,
                    "attributes": {
                        "occluded": false,
                        "truncated": true,
                        "trafficLightColor": "none"
                    },
                    "box2d": {
                        "x1": 1067.165351,
                        "y1": 405.693917,
                        "x2": 1278.948838,
                        "y2": 672.565594
                    }
                },
                {
                    "category": "car",
                    "id": 1,
                    "attributes": {
                        "occluded": true,
                        "truncated": false,
                        "trafficLightColor": "none"
                    },
                    "box2d": {
                        "x1": 525.698726,
                        "y1": 335.950516,
                        "x2": 578.338552,
                        "y2": 402.056344
                    }
                },
                {
                    "category": "car",
                    "id": 2,
                    "attributes": {
                        "occluded": true,
                        "truncated": false,
                        "trafficLightColor": "none"
                    },
                    "box2d": {
                        "x1": 340.847244,
                        "y1": 311.466876,
                        "x2": 362.88252,
                        "y2": 327.381242
                    }
                },
                {
                    "category": "car",
                    "id": 3,
                    "attributes": {
                        "occluded": true,
                        "truncated": false,
                        "trafficLightColor": "none"
                    },
                    "box2d": {
                        "x1": 187.824494,
                        "y1": 301.67342,
                        "x2": 242.912684,
                        "y2": 323.708696
                    }
                },
                {
                    "category": "car",
                    "id": 4,
                    "attributes": {
                        "occluded": true,
                        "truncated": false,
                        "trafficLightColor": "none"
                    },
                    "box2d": {
                        "x1": 159.668308,
                        "y1": 307.79433,
                        "x2": 187.824494,
                        "y2": 323.708696
                    }
                },
                {
                    "category": "car",
                    "id": 5,
                    "attributes": {
                        "occluded": true,
                        "truncated": false,
                        "trafficLightColor": "none"
                    },
                    "box2d": {
                        "x1": 118.04612,
                        "y1": 299.225056,
                        "x2": 160.89249,
                        "y2": 318.811968
                    }
                },
                {
                    "category": "car",
                    "id": 6,
                    "attributes": {
                        "occluded": true,
                        "truncated": false,
                        "trafficLightColor": "none"
                    },
                    "box2d": {
                        "x1": 97.235026,
                        "y1": 302.897602,
                        "x2": 114.373574,
                        "y2": 315.139422
                    }
                },
                {
                    "category": "car",
                    "id": 7,
                    "attributes": {
                        "occluded": true,
                        "truncated": false,
                        "trafficLightColor": "none"
                    },
                    "box2d": {
                        "x1": 1.748828,
                        "y1": 290.655782,
                        "x2": 89.889934,
                        "y2": 323.708696
                    }
                },
                {
                    "category": "car",
                    "id": 8,
                    "attributes": {
                        "occluded": true,
                        "truncated": false,
                        "trafficLightColor": "none"
                    },
                    "box2d": {
                        "x1": 597.925464,
                        "y1": 327.381242,
                        "x2": 619.96074,
                        "y2": 338.39888
                    }
                },
                {
                    "category": "car",
                    "id": 9,
                    "attributes": {
                        "occluded": true,
                        "truncated": false,
                        "trafficLightColor": "none"
                    },
                    "box2d": {
                        "x1": 582.011098,
                        "y1": 326.15706,
                        "x2": 599.149646,
                        "y2": 338.39888
                    }
                },
                {
                    "category": "car",
                    "id": 10,
                    "attributes": {
                        "occluded": true,
                        "truncated": false,
                        "trafficLightColor": "none"
                    },
                    "box2d": {
                        "x1": 564.87255,
                        "y1": 324.932878,
                        "x2": 583.23528,
                        "y2": 335.950516
                    }
                },
                {
                    "category": "car",
                    "id": 11,
                    "attributes": {
                        "occluded": true,
                        "truncated": false,
                        "trafficLightColor": "none"
                    },
                    "box2d": {
                        "x1": 546.50982,
                        "y1": 324.932878,
                        "x2": 562.424186,
                        "y2": 335.950516
                    }
                },
                {
                    "category": "car",
                    "id": 12,
                    "attributes": {
                        "occluded": true,
                        "truncated": false,
                        "trafficLightColor": "none"
                    },
                    "box2d": {
                        "x1": 526.398279,
                        "y1": 324.932878,
                        "x2": 544.061456,
                        "y2": 333.502152
                    }
                },
                {
                    "category": "car",
                    "id": 13,
                    "attributes": {
                        "occluded": true,
                        "truncated": false,
                        "trafficLightColor": "none"
                    },
                    "box2d": {
                        "x1": 748.499849,
                        "y1": 331.053788,
                        "x2": 769.310943,
                        "y2": 345.743972
                    }
                },
                {
                    "category": "car",
                    "id": 14,
                    "attributes": {
                        "occluded": true,
                        "truncated": false,
                        "trafficLightColor": "none"
                    },
                    "box2d": {
                        "x1": 710.550209,
                        "y1": 331.053788,
                        "x2": 739.930577,
                        "y2": 344.51979
                    }
                },
                {
                    "category": "car",
                    "id": 15,
                    "attributes": {
                        "occluded": true,
                        "truncated": false,
                        "trafficLightColor": "none"
                    },
                    "box2d": {
                        "x1": 77.648114,
                        "y1": 313.91524,
                        "x2": 178.031038,
                        "y2": 369.00343
                    }
                },
                {
                    "category": "car",
                    "id": 16,
                    "attributes": {
                        "occluded": true,
                        "truncated": false,
                        "trafficLightColor": "none"
                    },
                    "box2d": {
                        "x1": 171.910128,
                        "y1": 320.03615,
                        "x2": 285.759054,
                        "y2": 384.917796
                    }
                },
                {
                    "category": "car",
                    "id": 17,
                    "attributes": {
                        "occluded": false,
                        "truncated": false,
                        "trafficLightColor": "none"
                    },
                    "box2d": {
                        "x1": 285.759054,
                        "y1": 309.54317,
                        "x2": 559.975822,
                        "y2": 543.361932
                    }
                },
                {
                    "category": "traffic sign",
                    "id": 18,
                    "attributes": {
                        "occluded": false,
                        "truncated": false,
                        "trafficLightColor": "none"
                    },
                    "box2d": {
                        "x1": 555.079094,
                        "y1": 299.225056,
                        "x2": 568.545096,
                        "y2": 311.466876
                    }
                },
                {
                    "category": "traffic sign",
                    "id": 19,
                    "attributes": {
                        "occluded": false,
                        "truncated": false,
                        "trafficLightColor": "none"
                    },
                    "box2d": {
                        "x1": 799.915493,
                        "y1": 332.27797,
                        "x2": 809.70895,
                        "y2": 346.968154
                    }
                },
                {
                    "category": "traffic sign",
                    "id": 20,
                    "attributes": {
                        "occluded": false,
                        "truncated": false,
                        "trafficLightColor": "none"
                    },
                    "box2d": {
                        "x1": 233.119228,
                        "y1": 173.13431,
                        "x2": 267.396324,
                        "y2": 203.73886
                    }
                },
                {
                    "category": "traffic sign",
                    "id": 21,
                    "attributes": {
                        "occluded": false,
                        "truncated": false,
                        "trafficLightColor": "none"
                    },
                    "box2d": {
                        "x1": 59.285384,
                        "y1": 113.149392,
                        "x2": 124.16703,
                        "y2": 135.184668
                    }
                },
                {
                    "category": "traffic sign",
                    "id": 22,
                    "attributes": {
                        "occluded": false,
                        "truncated": false,
                        "trafficLightColor": "none"
                    },
                    "box2d": {
                        "x1": 662.807111,
                        "y1": 311.466876,
                        "x2": 693.411661,
                        "y2": 338.39888
                    }
                },
                {
                    "category": "traffic sign",
                    "id": 23,
                    "attributes": {
                        "occluded": false,
                        "truncated": false,
                        "trafficLightColor": "none"
                    },
                    "box2d": {
                        "x1": 697.084207,
                        "y1": 316.363604,
                        "x2": 710.550209,
                        "y2": 331.053788
                    }
                },
                {
                    "category": "traffic sign",
                    "id": 24,
                    "attributes": {
                        "occluded": false,
                        "truncated": false,
                        "trafficLightColor": "none"
                    },
                    "box2d": {
                        "x1": 572.217642,
                        "y1": 311.466876,
                        "x2": 584.459462,
                        "y2": 328.605424
                    }
                },
                {
                    "category": "traffic sign",
                    "id": 25,
                    "attributes": {
                        "occluded": false,
                        "truncated": false,
                        "trafficLightColor": "none"
                    },
                    "box2d": {
                        "x1": 405.72889,
                        "y1": 264.94796,
                        "x2": 432.660894,
                        "y2": 274.741416
                    }
                },
                {
                    "category": "traffic sign",
                    "id": 26,
                    "attributes": {
                        "occluded": false,
                        "truncated": false,
                        "trafficLightColor": "none"
                    },
                    "box2d": {
                        "x1": 446.126896,
                        "y1": 288.207418,
                        "x2": 454.69617,
                        "y2": 300.449238
                    }
                },
                {
                    "category": "traffic sign",
                    "id": 27,
                    "attributes": {
                        "occluded": true,
                        "truncated": false,
                        "trafficLightColor": "none"
                    },
                    "box2d": {
                        "x1": 86.217388,
                        "y1": 135.184668,
                        "x2": 164.565036,
                        "y2": 213.532316
                    }
                },
                {
                    "category": "traffic sign",
                    "id": 28,
                    "attributes": {
                        "occluded": false,
                        "truncated": false,
                        "trafficLightColor": "none"
                    },
                    "box2d": {
                        "x1": 1049.47375,
                        "y1": 312.865945,
                        "x2": 1067.83648,
                        "y2": 326.331947
                    }
                },
                {
                    "category": "traffic sign",
                    "id": 29,
                    "attributes": {
                        "occluded": false,
                        "truncated": false,
                        "trafficLightColor": "none"
                    },
                    "box2d": {
                        "x1": 1049.47375,
                        "y1": 332.452857,
                        "x2": 1070.284844,
                        "y2": 347.143041
                    }
                },
                {
                    "category": "traffic sign",
                    "id": 30,
                    "attributes": {
                        "occluded": false,
                        "truncated": false,
                        "trafficLightColor": "none"
                    },
                    "box2d": {
                        "x1": 1047.025386,
                        "y1": 348.367223,
                        "x2": 1072.733208,
                        "y2": 360.609043
                    }
                },
                {
                    "category": "traffic sign",
                    "id": 31,
                    "attributes": {
                        "occluded": false,
                        "truncated": false,
                        "trafficLightColor": "none"
                    },
                    "box2d": {
                        "x1": 735.383627,
                        "y1": 315.314309,
                        "x2": 747.625447,
                        "y2": 331.228675
                    }
                },
                {
                    "category": "traffic sign",
                    "id": 32,
                    "attributes": {
                        "occluded": false,
                        "truncated": false,
                        "trafficLightColor": "none"
                    },
                    "box2d": {
                        "x1": 373.900158,
                        "y1": 281.037213,
                        "x2": 383.693614,
                        "y2": 290.830669
                    }
                },
                {
                    "category": "traffic light",
                    "id": 33,
                    "attributes": {
                        "occluded": false,
                        "truncated": false,
                        "trafficLightColor": "green"
                    },
                    "box2d": {
                        "x1": 411.8498,
                        "y1": 212.308134,
                        "x2": 430.21253,
                        "y2": 238.015956
                    }
                },
                {
                    "category": "traffic light",
                    "id": 34,
                    "attributes": {
                        "occluded": false,
                        "truncated": false,
                        "trafficLightColor": "green"
                    },
                    "box2d": {
                        "x1": 644.444381,
                        "y1": 171.910128,
                        "x2": 661.582929,
                        "y2": 201.290496
                    }
                },
                {
                    "category": "traffic light",
                    "id": 35,
                    "attributes": {
                        "occluded": false,
                        "truncated": false,
                        "trafficLightColor": "green"
                    },
                    "box2d": {
                        "x1": 545.285638,
                        "y1": 286.983236,
                        "x2": 555.079094,
                        "y2": 299.225056
                    }
                },
                {
                    "category": "traffic light",
                    "id": 36,
                    "attributes": {
                        "occluded": false,
                        "truncated": false,
                        "trafficLightColor": "green"
                    },
                    "box2d": {
                        "x1": 604.046374,
                        "y1": 290.655782,
                        "x2": 613.83983,
                        "y2": 304.121784
                    }
                },
                {
                    "category": "traffic light",
                    "id": 37,
                    "attributes": {
                        "occluded": false,
                        "truncated": false,
                        "trafficLightColor": "green"
                    },
                    "box2d": {
                        "x1": 167.0134,
                        "y1": 152.323216,
                        "x2": 186.600312,
                        "y2": 176.806856
                    }
                },
                {
                    "category": "traffic light",
                    "id": 38,
                    "attributes": {
                        "occluded": false,
                        "truncated": false,
                        "trafficLightColor": "red"
                    },
                    "box2d": {
                        "x1": 475.507264,
                        "y1": 281.736738,
                        "x2": 482.852356,
                        "y2": 293.978558
                    }
                },
                {
                    "category": "traffic light",
                    "id": 39,
                    "attributes": {
                        "occluded": false,
                        "truncated": false,
                        "trafficLightColor": "red"
                    },
                    "box2d": {
                        "x1": 370.227612,
                        "y1": 263.374008,
                        "x2": 383.693614,
                        "y2": 279.288374
                    }
                },
                {
                    "category": "traffic light",
                    "id": 40,
                    "attributes": {
                        "occluded": false,
                        "truncated": false,
                        "trafficLightColor": "none"
                    },
                    "box2d": {
                        "x1": 321.260332,
                        "y1": 259.876349,
                        "x2": 329.829606,
                        "y2": 274.566533
                    }
                },
                {
                    "category": "car",
                    "id": 41,
                    "attributes": {
                        "occluded": true,
                        "truncated": false,
                        "trafficLightColor": "none"
                    },
                    "box2d": {
                        "x1": 838.564689,
                        "y1": 339.797949,
                        "x2": 893.65288,
                        "y2": 364.281589
                    }
                },
                {
                    "category": "car",
                    "id": 42,
                    "attributes": {
                        "occluded": true,
                        "truncated": false,
                        "trafficLightColor": "none"
                    },
                    "box2d": {
                        "x1": 761.441225,
                        "y1": 331.228675,
                        "x2": 831.219599,
                        "y2": 355.712315
                    }
                },
                {
                    "category": "car",
                    "id": 43,
                    "attributes": {
                        "occluded": true,
                        "truncated": false,
                        "trafficLightColor": "none"
                    },
                    "box2d": {
                        "x1": 983.018147,
                        "y1": 325.632412,
                        "x2": 1091.970345,
                        "y2": 385.61733
                    }
                },
                {
                    "category": "area/drivable",
                    "id": 44,
                    "attributes": {},
                    "poly2d": [
                        [
                            1.551523,
                            617.80053,
                            "L"
                        ],
                        [
                            354.726644,
                            599.374002,
                            "C"
                        ],
                        [
                            667.977621,
                            605.516178,
                            "C"
                        ],
                        [
                            1128.640822,
                            650.046954,
                            "C"
                        ],
                        [
                            1051.863622,
                            571.73421,
                            "L"
                        ],
                        [
                            1064.147974,
                            513.383537,
                            "L"
                        ],
                        [
                            965.873158,
                            474.994937,
                            "C"
                        ],
                        [
                            701.759589,
                            424.321985,
                            "C"
                        ],
                        [
                            769.323525,
                            367.506857,
                            "C"
                        ],
                        [
                            581.987157,
                            370.577945,
                            "L"
                        ],
                        [
                            552.811821,
                            545.629962,
                            "L"
                        ],
                        [
                            110.575147,
                            522.596801,
                            "L"
                        ],
                        [
                            0,
                            577.876386,
                            "L"
                        ],
                        [
                            1.551523,
                            617.80053,
                            "L"
                        ]
                    ]
                },
                {
                    "category": "lane/single white",
                    "id": 45,
                    "attributes": {
                        "direction": "parallel",
                        "style": "solid"
                    },
                    "poly2d": [
                        [
                            759.882213,
                            385.556,
                            "C"
                        ],
                        [
                            777.350769,
                            426.731883,
                            "C"
                        ],
                        [
                            938.31104,
                            470.403274,
                            "C"
                        ],
                        [
                            1026.901577,
                            501.597124,
                            "L"
                        ]
                    ]
                },
                {
                    "category": "lane/road curb",
                    "id": 46,
                    "attributes": {
                        "direction": "parallel",
                        "style": "solid"
                    },
                    "poly2d": [
                        [
                            773.607507,
                            391.79477,
                            "C"
                        ],
                        [
                            872.180076,
                            466.660012,
                            "C"
                        ],
                        [
                            999.450988,
                            449.191455,
                            "C"
                        ],
                        [
                            1104.262327,
                            456.67798,
                            "L"
                        ]
                    ]
                },
                {
                    "category": "lane/crosswalk",
                    "id": 47,
                    "attributes": {
                        "direction": "vertical",
                        "style": "dashed"
                    },
                    "poly2d": [
                        [
                            560.241564,
                            472.898783,
                            "L"
                        ],
                        [
                            1024.406069,
                            505.340387,
                            "L"
                        ]
                    ]
                },
                {
                    "category": "lane/crosswalk",
                    "id": 48,
                    "attributes": {
                        "direction": "vertical",
                        "style": "dashed"
                    },
                    "poly2d": [
                        [
                            235.825514,
                            451.686963,
                            "L"
                        ],
                        [
                            284.487922,
                            457.925734,
                            "L"
                        ]
                    ]
                },
                {
                    "category": "lane/crosswalk",
                    "id": 49,
                    "attributes": {
                        "direction": "vertical",
                        "style": "dashed"
                    },
                    "poly2d": [
                        [
                            111.05011,
                            531.543223,
                            "C"
                        ],
                        [
                            434.218407,
                            547.764025,
                            "C"
                        ],
                        [
                            784.837293,
                            555.250549,
                            "C"
                        ],
                        [
                            1079.307247,
                            580.20563,
                            "L"
                        ]
                    ]
                },
                {
                    "category": "lane/single white",
                    "id": 50,
                    "attributes": {
                        "direction": "vertical",
                        "style": "solid"
                    },
                    "poly2d": [
                        [
                            0,
                            586.4444,
                            "C"
                        ],
                        [
                            379.317229,
                            607.656219,
                            "C"
                        ],
                        [
                            776.103015,
                            617.638251,
                            "C"
                        ],
                        [
                            1136.703933,
                            641.345577,
                            "L"
                        ]
                    ]
                },
                {
                    "category": "lane/single white",
                    "id": 51,
                    "attributes": {
                        "direction": "vertical",
                        "style": "solid"
                    },
                    "poly2d": [
                        [
                            32.441604,
                            561.48932,
                            "C"
                        ],
                        [
                            400.529049,
                            573.96686,
                            "C"
                        ],
                        [
                            796.06708,
                            595.178678,
                            "C"
                        ],
                        [
                            1104.262327,
                            613.894989,
                            "L"
                        ]
                    ]
                }
            ]
        }
    ],
    "attributes": {
        "weather": "clear",
        "scene": "city street",
        "timeofday": "night"
    }
}