{
    "name": "0a3bb2d8-c195d91e",
    "frames": [
        {
            "timestamp": 10000,
            "objects": [
                {
                    "category": "car",
                    "id": 0,
                    "attributes": {
                        "occluded": false,
                        "truncated": false,
                        "trafficLightColor": "none"
                    },
                    "box2d": {
                        "x1": 539.459987,
                        "y1": 461.700002,
                        "x2": 558.644198,
                        "y2": 478.326317
                    }
                },
                {
                    "category": "car",
                    "id": 1,
                    "attributes": {
                        "occluded": false,
                        "truncated": false,
                        "trafficLightColor": "none"
                    },
                    "box2d": {
                        "x1": 497.254725,
                        "y1": 448.910529,
                        "x2": 536.902093,
                        "y2": 482.163159
                    }
                },
                {
                    "category": "car",
                    "id": 2,
                    "attributes": {
                        "occluded": false,
                        "truncated": false,
                        "trafficLightColor": "none"
                    },
                    "box2d": {
                        "x1": 584.223147,
                        "y1": 461.700002,
                        "x2": 625.149463,
                        "y2": 489.836846
                    }
                },
                {
                    "category": "car",
                    "id": 3,
                    "attributes": {
                        "occluded": false,
                        "truncated": false,
                        "trafficLightColor": "none"
                    },
                    "box2d": {
                        "x1": 797.807357,
                        "y1": 477.047371,
                        "x2": 1119.043758,
                        "y2": 669.262043
                    }
                },
                {
                    "category": "traffic sign",
                    "id": 4,
                    "attributes": {
                        "occluded": false,
                        "truncated": false,
                        "trafficLightColor": "none"
                    },
                    "box2d": {
                        "x1": 460.16525,
                        "y1": 409.26316,
                        "x2": 487.023145,
                        "y2": 442.515792
                    }
                },
                {
                    "category": "traffic sign",
                    "id": 5,
                    "attributes": {
                        "occluded": false,
                        "truncated": false,
                        "trafficLightColor": "none"
                    },
                    "box2d": {
                        "x1": 430.74946,
                        "y1": 409.26316,
                        "x2": 458.886304,
                        "y2": 436.121056
                    }
                },
                {
                    "category": "traffic sign",
                    "id": 6,
                    "attributes": {
                        "occluded": false,
                        "truncated": false,
                        "trafficLightColor": "none"
                    },
                    "box2d": {
                        "x1": 589.338936,
                        "y1": 447.63158,
                        "x2": 636.659989,
                        "y2": 466.815791
                    }
                },
                {
                    "category": "car",
                    "id": 7,
                    "attributes": {
                        "occluded": true,
                        "truncated": false,
                        "trafficLightColor": "none"
                    },
                    "box2d": {
                        "x1": 430.74946,
                        "y1": 437.400001,
                        "x2": 453.770513,
                        "y2": 456.584212
                    }
                },
                {
                    "category": "car",
                    "id": 8,
                    "attributes": {
                        "occluded": true,
                        "truncated": false,
                        "trafficLightColor": "none"
                    },
                    "box2d": {
                        "x1": 389.823144,
                        "y1": 447.63158,
                        "x2": 410.286302,
                        "y2": 457.86316
                    }
                },
                {
                    "category": "car",
                    "id": 9,
                    "attributes": {
                        "occluded": true,
                        "truncated": false,
                        "trafficLightColor": "none"
                    },
                    "box2d": {
                        "x1": 369.359987,
                        "y1": 448.910529,
                        "x2": 384.707356,
                        "y2": 460.421054
                    }
                },
                {
                    "category": "car",
                    "id": 10,
                    "attributes": {
                        "occluded": false,
                        "truncated": false,
                        "trafficLightColor": "none"
                    },
                    "box2d": {
                        "x1": 215.886301,
                        "y1": 429.726318,
                        "x2": 283.670511,
                        "y2": 470.137176
                    }
                },
                {
                    "category": "car",
                    "id": 11,
                    "attributes": {
                        "occluded": false,
                        "truncated": false,
                        "trafficLightColor": "none"
                    },
                    "box2d": {
                        "x1": 71.365247,
                        "y1": 424.610529,
                        "x2": 173.681036,
                        "y2": 477.047371
                    }
                },
                {
                    "category": "area/drivable",
                    "id": 12,
                    "attributes": {},
                    "poly2d": [
                        [
                            554.347365,
                            491.374082,
                            "L"
                        ],
                        [
                            849.171814,
                            720.170138,
                            "L"
                        ],
                        [
                            204.243332,
                            720.170138,
                            "L"
                        ],
                        [
                            474.499075,
                            483.696362,
                            "L"
                        ],
                        [
                            554.347365,
                            491.374082,
                            "L"
                        ]
                    ]
                },
                {
                    "category": "area/alternative",
                    "id": 13,
                    "attributes": {},
                    "poly2d": [
                        [
                            572.773893,
                            497.516258,
                            "L"
                        ],
                        [
                            643.408916,
                            497.516258,
                            "L"
                        ],
                        [
                            795.427773,
                            548.189209,
                            "L"
                        ],
                        [
                            783.143421,
                            652.606203,
                            "L"
                        ],
                        [
                            572.773893,
                            497.516258,
                            "L"
                        ]
                    ]
                },
                {
                    "category": "area/alternative",
                    "id": 14,
                    "attributes": {},
                    "poly2d": [
                        [
                            638.802285,
                            491.374082,
                            "L"
                        ],
                        [
                            658.764357,
                            491.374082,
                            "L"
                        ],
                        [
                            806.176581,
                            523.620506,
                            "L"
                        ],
                        [
                            796.963317,
                            540.511491,
                            "L"
                        ],
                        [
                            638.802285,
                            491.374082,
                            "L"
                        ]
                    ]
                },
                {
                    "category": "lane/road curb",
                    "id": 15,
                    "attributes": {
                        "direction": "parallel",
                        "style": "solid"
                    },
                    "poly2d": [
                        [
                            65.312269,
                            717.154332,
                            "L"
                        ],
                        [
                            461.027785,
                            482.798541,
                            "L"
                        ]
                    ]
                },
                {
                    "category": "lane/road curb",
                    "id": 16,
                    "attributes": {
                        "direction": "parallel",
                        "style": "solid"
                    },
                    "poly2d": [
                        [
                            72.996066,
                            467.430948,
                            "L"
                        ],
                        [
                            0,
                            473.834112,
                            "L"
                        ]
                    ]
                },
                {
                    "category": "lane/single yellow",
                    "id": 17,
                    "attributes": {
                        "direction": "parallel",
                        "style": "solid"
                    },
                    "poly2d": [
                        [
                            204.578976,
                            718.521283,
                            "L"
                        ],
                        [
                            468.711581,
                            485.359807,
                            "L"
                        ]
                    ]
                },
                {
                    "category": "lane/single yellow",
                    "id": 18,
                    "attributes": {
                        "direction": "parallel",
                        "style": "solid"
                    },
                    "poly2d": [
                        [
                            169.043521,
                            717.154332,
                            "L"
                        ],
                        [
                            458.466519,
                            486.640439,
                            "L"
                        ]
                    ]
                },
                {
                    "category": "lane/single white",
                    "id": 19,
                    "attributes": {
                        "direction": "parallel",
                        "style": "dashed"
                    },
                    "poly2d": [
                        [
                            879.794689,
                            719.715597,
                            "L"
                        ],
                        [
                            554.513974,
                            484.079174,
                            "L"
                        ]
                    ]
                },
                {
                    "category": "lane/single white",
                    "id": 20,
                    "attributes": {
                        "direction": "parallel",
                        "style": "dashed"
                    },
                    "poly2d": [
                        [
                            546.830178,
                            485.359807,
                            "L"
                        ],
                        [
                            851.620769,
                            719.715597,
                            "L"
                        ]
                    ]
                },
                {
                    "category": "lane/single white",
                    "id": 21,
                    "attributes": {
                        "direction": "parallel",
                        "style": "solid"
                    },
                    "poly2d": [
                        [
                            1117.992378,
                            641.597,
                            "L"
                        ],
                        [
                            1280.632735,
                            694.102942,
                            "L"
                        ]
                    ]
                },
                {
                    "category": "lane/single white",
                    "id": 22,
                    "attributes": {
                        "direction": "parallel",
                        "style": "solid"
                    },
                    "poly2d": [
                        [
                            1114.150479,
                            648.000164,
                            "L"
                        ],
                        [
                            1280.632735,
                            704.348004,
                            "L"
                        ]
                    ]
                },
                {
                    "category": "lane/single white",
                    "id": 23,
                    "attributes": {
                        "direction": "parallel",
                        "style": "solid"
                    },
                    "poly2d": [
                        [
                            800.395459,
                            545.549545,
                            "L"
                        ],
                        [
                            651.842062,
                            496.885501,
                            "L"
                        ]
                    ]
                }
            ]
        }
    ],
    "attributes": {
        "weather": "partly cloudy",
        "scene": "highway",
        "timeofday": "daytime"
    }
}