{
    "name": "0a3bb2d8-e2bd5aea",
    "frames": [
        {
            "timestamp": 10000,
            "objects": [
                {
                    "category": "traffic sign",
                    "id": 0,
                    "attributes": {
                        "occluded": false,
                        "truncated": false,
                        "trafficLightColor": "none"
                    },
                    "box2d": {
                        "x1": 824.413766,
                        "y1": 360.449874,
                        "x2": 852.763756,
                        "y2": 372.59987
                    }
                },
                {
                    "category": "traffic sign",
                    "id": 1,
                    "attributes": {
                        "occluded": false,
                        "truncated": false,
                        "trafficLightColor": "none"
                    },
                    "box2d": {
                        "x1": 698.863811,
                        "y1": 305.099893,
                        "x2": 777.163784,
                        "y2": 328.049885
                    }
                },
                {
                    "category": "traffic light",
                    "id": 2,
                    "attributes": {
                        "occluded": false,
                        "truncated": false,
                        "trafficLightColor": "red"
                    },
                    "box2d": {
                        "x1": 625.963838,
                        "y1": 271.349905,
                        "x2": 640.813831,
                        "y2": 313.19989
                    }
                },
                {
                    "category": "traffic light",
                    "id": 3,
                    "attributes": {
                        "occluded": false,
                        "truncated": false,
                        "trafficLightColor": "none"
                    },
                    "box2d": {
                        "x1": 601.663845,
                        "y1": 271.349905,
                        "x2": 620.563838,
                        "y2": 307.799893
                    }
                },
                {
                    "category": "traffic sign",
                    "id": 4,
                    "attributes": {
                        "occluded": false,
                        "truncated": false,
                        "trafficLightColor": "none"
                    },
                    "box2d": {
                        "x1": 806.863773,
                        "y1": 411.749857,
                        "x2": 847.363759,
                        "y2": 429.29985
                    }
                },
                {
                    "category": "person",
                    "id": 5,
                    "attributes": {
                        "occluded": false,
                        "truncated": false,
                        "trafficLightColor": "none"
                    },
                    "box2d": {
                        "x1": 1192.963638,
                        "y1": 476.549833,
                        "x2": 1222.663628,
                        "y2": 564.299802
                    }
                },
                {
                    "category": "person",
                    "id": 6,
                    "attributes": {
                        "occluded": false,
                        "truncated": false,
                        "trafficLightColor": "none"
                    },
                    "box2d": {
                        "x1": 1001.263705,
                        "y1": 469.799837,
                        "x2": 1033.663694,
                        "y2": 549.449809
                    }
                },
                {
                    "category": "person",
                    "id": 7,
                    "attributes": {
                        "occluded": false,
                        "truncated": false,
                        "trafficLightColor": "none"
                    },
                    "box2d": {
                        "x1": 937.813727,
                        "y1": 465.749837,
                        "x2": 990.463709,
                        "y2": 553.499805
                    }
                },
                {
                    "category": "person",
                    "id": 8,
                    "attributes": {
                        "occluded": true,
                        "truncated": false,
                        "trafficLightColor": "none"
                    },
                    "box2d": {
                        "x1": 918.913734,
                        "y1": 469.799837,
                        "x2": 952.663722,
                        "y2": 550.799808
                    }
                },
                {
                    "category": "person",
                    "id": 9,
                    "attributes": {
                        "occluded": true,
                        "truncated": false,
                        "trafficLightColor": "none"
                    },
                    "box2d": {
                        "x1": 779.863783,
                        "y1": 450.899842,
                        "x2": 796.063776,
                        "y2": 498.149825
                    }
                },
                {
                    "category": "person",
                    "id": 10,
                    "attributes": {
                        "occluded": true,
                        "truncated": false,
                        "trafficLightColor": "none"
                    },
                    "box2d": {
                        "x1": 756.913791,
                        "y1": 452.249842,
                        "x2": 774.463785,
                        "y2": 496.799825
                    }
                },
                {
                    "category": "person",
                    "id": 11,
                    "attributes": {
                        "occluded": true,
                        "truncated": false,
                        "trafficLightColor": "none"
                    },
                    "box2d": {
                        "x1": 743.413795,
                        "y1": 456.29984,
                        "x2": 754.213793,
                        "y2": 492.749828
                    }
                },
                {
                    "category": "person",
                    "id": 12,
                    "attributes": {
                        "occluded": true,
                        "truncated": false,
                        "trafficLightColor": "none"
                    },
                    "box2d": {
                        "x1": 709.663806,
                        "y1": 457.64984,
                        "x2": 724.513801,
                        "y2": 491.399828
                    }
                },
                {
                    "category": "person",
                    "id": 13,
                    "attributes": {
                        "occluded": true,
                        "truncated": false,
                        "trafficLightColor": "none"
                    },
                    "box2d": {
                        "x1": 696.163811,
                        "y1": 450.899842,
                        "x2": 712.363805,
                        "y2": 494.099827
                    }
                },
                {
                    "category": "person",
                    "id": 14,
                    "attributes": {
                        "occluded": true,
                        "truncated": false,
                        "trafficLightColor": "none"
                    },
                    "box2d": {
                        "x1": 682.663816,
                        "y1": 458.999839,
                        "x2": 692.113813,
                        "y2": 485.99983
                    }
                },
                {
                    "category": "person",
                    "id": 15,
                    "attributes": {
                        "occluded": true,
                        "truncated": false,
                        "trafficLightColor": "none"
                    },
                    "box2d": {
                        "x1": 674.56382,
                        "y1": 458.999839,
                        "x2": 682.663818,
                        "y2": 490.049828
                    }
                },
                {
                    "category": "person",
                    "id": 16,
                    "attributes": {
                        "occluded": true,
                        "truncated": false,
                        "trafficLightColor": "none"
                    },
                    "box2d": {
                        "x1": 139.964007,
                        "y1": 421.199853,
                        "x2": 165.613999,
                        "y2": 465.749837
                    }
                },
                {
                    "category": "person",
                    "id": 17,
                    "attributes": {
                        "occluded": true,
                        "truncated": false,
                        "trafficLightColor": "none"
                    },
                    "box2d": {
                        "x1": 99.464021,
                        "y1": 421.199853,
                        "x2": 119.714014,
                        "y2": 469.799835
                    }
                },
                {
                    "category": "person",
                    "id": 18,
                    "attributes": {
                        "occluded": true,
                        "truncated": false,
                        "trafficLightColor": "none"
                    },
                    "box2d": {
                        "x1": 115.664015,
                        "y1": 421.199853,
                        "x2": 127.814011,
                        "y2": 463.049838
                    }
                },
                {
                    "category": "bike",
                    "id": 19,
                    "attributes": {
                        "occluded": false,
                        "truncated": true,
                        "trafficLightColor": "none"
                    },
                    "box2d": {
                        "x1": 0.914055,
                        "y1": 438.749847,
                        "x2": 22.514047,
                        "y2": 487.349829
                    }
                },
                {
                    "category": "car",
                    "id": 20,
                    "attributes": {
                        "occluded": true,
                        "truncated": false,
                        "trafficLightColor": "none"
                    },
                    "box2d": {
                        "x1": 165.613999,
                        "y1": 425.249852,
                        "x2": 238.513972,
                        "y2": 481.949832
                    }
                },
                {
                    "category": "car",
                    "id": 21,
                    "attributes": {
                        "occluded": true,
                        "truncated": false,
                        "trafficLightColor": "none"
                    },
                    "box2d": {
                        "x1": 312.763946,
                        "y1": 436.049847,
                        "x2": 354.613932,
                        "y2": 480.599832
                    }
                },
                {
                    "category": "car",
                    "id": 22,
                    "attributes": {
                        "occluded": true,
                        "truncated": false,
                        "trafficLightColor": "none"
                    },
                    "box2d": {
                        "x1": 493.663883,
                        "y1": 442.799845,
                        "x2": 526.063871,
                        "y2": 467.099838
                    }
                },
                {
                    "category": "car",
                    "id": 23,
                    "attributes": {
                        "occluded": true,
                        "truncated": false,
                        "trafficLightColor": "none"
                    },
                    "box2d": {
                        "x1": 531.46387,
                        "y1": 441.449845,
                        "x2": 549.013863,
                        "y2": 450.899843
                    }
                },
                {
                    "category": "bus",
                    "id": 24,
                    "attributes": {
                        "occluded": true,
                        "truncated": false,
                        "trafficLightColor": "none"
                    },
                    "box2d": {
                        "x1": 569.263856,
                        "y1": 418.499854,
                        "x2": 609.763843,
                        "y2": 476.549833
                    }
                },
                {
                    "category": "car",
                    "id": 25,
                    "attributes": {
                        "occluded": false,
                        "truncated": false,
                        "trafficLightColor": "none"
                    },
                    "box2d": {
                        "x1": 588.16385,
                        "y1": 448.199843,
                        "x2": 632.713834,
                        "y2": 485.99983
                    }
                },
                {
                    "category": "car",
                    "id": 26,
                    "attributes": {
                        "occluded": true,
                        "truncated": false,
                        "trafficLightColor": "none"
                    },
                    "box2d": {
                        "x1": 517.963874,
                        "y1": 449.549843,
                        "x2": 574.663855,
                        "y2": 496.799825
                    }
                },
                {
                    "category": "car",
                    "id": 27,
                    "attributes": {
                        "occluded": false,
                        "truncated": false,
                        "trafficLightColor": "none"
                    },
                    "box2d": {
                        "x1": 327.613941,
                        "y1": 427.94985,
                        "x2": 527.413871,
                        "y2": 512.99982
                    }
                },
                {
                    "category": "car",
                    "id": 28,
                    "attributes": {
                        "occluded": false,
                        "truncated": false,
                        "trafficLightColor": "none"
                    },
                    "box2d": {
                        "x1": 208.813984,
                        "y1": 423.899852,
                        "x2": 319.513945,
                        "y2": 494.099827
                    }
                },
                {
                    "category": "traffic sign",
                    "id": 29,
                    "attributes": {
                        "occluded": false,
                        "truncated": false,
                        "trafficLightColor": "none"
                    },
                    "box2d": {
                        "x1": 262.813964,
                        "y1": 369.899871,
                        "x2": 281.713956,
                        "y2": 392.849864
                    }
                },
                {
                    "category": "traffic light",
                    "id": 30,
                    "attributes": {
                        "occluded": false,
                        "truncated": false,
                        "trafficLightColor": "red"
                    },
                    "box2d": {
                        "x1": 520.663873,
                        "y1": 394.199861,
                        "x2": 527.41387,
                        "y2": 410.399855
                    }
                },
                {
                    "category": "person",
                    "id": 31,
                    "attributes": {
                        "occluded": true,
                        "truncated": false,
                        "trafficLightColor": "none"
                    },
                    "box2d": {
                        "x1": 58.964035,
                        "y1": 404.999858,
                        "x2": 72.46403,
                        "y2": 450.899842
                    }
                },
                {
                    "category": "area/drivable",
                    "id": 32,
                    "attributes": {},
                    "poly2d": [
                        [
                            0,
                            502.874654,
                            "L"
                        ],
                        [
                            0,
                            720.170139,
                            "L"
                        ],
                        [
                            1280.6437,
                            720.170139,
                            "L"
                        ],
                        [
                            1280.6437,
                            577.364545,
                            "L"
                        ],
                        [
                            1104.072119,
                            563.54465,
                            "C"
                        ],
                        [
                            843.029638,
                            563.54465,
                            "C"
                        ],
                        [
                            668.819061,
                            491.062162,
                            "C"
                        ],
                        [
                            585.058246,
                            488.302994,
                            "L"
                        ],
                        [
                            594.569112,
                            528.187137,
                            "L"
                        ],
                        [
                            0,
                            502.874654,
                            "L"
                        ]
                    ]
                },
                {
                    "category": "lane/crosswalk",
                    "id": 33,
                    "attributes": {
                        "direction": "vertical",
                        "style": "dashed"
                    },
                    "poly2d": [
                        [
                            0,
                            589.648898,
                            "L"
                        ],
                        [
                            1242.271079,
                            683.317082,
                            "L"
                        ]
                    ]
                },
                {
                    "category": "lane/crosswalk",
                    "id": 34,
                    "attributes": {
                        "direction": "vertical",
                        "style": "dashed"
                    },
                    "poly2d": [
                        [
                            901.38031,
                            545.118122,
                            "L"
                        ],
                        [
                            1280.6437,
                            635.715218,
                            "L"
                        ]
                    ]
                },
                {
                    "category": "lane/crosswalk",
                    "id": 35,
                    "attributes": {
                        "direction": "vertical",
                        "style": "dashed"
                    },
                    "poly2d": [
                        [
                            796.963318,
                            535.904858,
                            "C"
                        ],
                        [
                            624.948775,
                            525.059421,
                            "C"
                        ],
                        [
                            279.177936,
                            505.84993,
                            "C"
                        ],
                        [
                            3.087066,
                            503.658433,
                            "L"
                        ]
                    ]
                },
                {
                    "category": "lane/crosswalk",
                    "id": 36,
                    "attributes": {
                        "direction": "vertical",
                        "style": "dashed"
                    },
                    "poly2d": [
                        [
                            395.715515,
                            499.446767,
                            "L"
                        ],
                        [
                            75.257635,
                            489.838538,
                            "L"
                        ]
                    ]
                },
                {
                    "category": "lane/road curb",
                    "id": 37,
                    "attributes": {
                        "direction": "parallel",
                        "style": "solid"
                    },
                    "poly2d": [
                        [
                            1272.981958,
                            580.435634,
                            "C"
                        ],
                        [
                            1048.792534,
                            557.402473,
                            "C"
                        ],
                        [
                            755.503629,
                            537.440402,
                            "C"
                        ],
                        [
                            648.015549,
                            494.44517,
                            "L"
                        ]
                    ]
                },
                {
                    "category": "lane/single white",
                    "id": 38,
                    "attributes": {
                        "direction": "parallel",
                        "style": "solid"
                    },
                    "poly2d": [
                        [
                            551.276277,
                            495.980714,
                            "L"
                        ],
                        [
                            562.025085,
                            509.800611,
                            "L"
                        ]
                    ]
                },
                {
                    "category": "lane/single white",
                    "id": 39,
                    "attributes": {
                        "direction": "vertical",
                        "style": "solid"
                    },
                    "poly2d": [
                        [
                            329.122613,
                            491.76297,
                            "L"
                        ],
                        [
                            147.272765,
                            486.640439,
                            "L"
                        ]
                    ]
                },
                {
                    "category": "lane/crosswalk",
                    "id": 40,
                    "attributes": {
                        "direction": "vertical",
                        "style": "dashed"
                    },
                    "poly2d": [
                        [
                            462.308417,
                            498.166134,
                            "L"
                        ],
                        [
                            713.312433,
                            517.375625,
                            "L"
                        ]
                    ]
                }
            ]
        }
    ],
    "attributes": {
        "weather": "clear",
        "scene": "city street",
        "timeofday": "daytime"
    }
}