{
    "name": "0a3b8cdc-1118548c",
    "frames": [
        {
            "timestamp": 10000,
            "objects": [
                {
                    "category": "traffic sign",
                    "id": 0,
                    "attributes": {
                        "occluded": false,
                        "truncated": false,
                        "trafficLightColor": "none"
                    },
                    "box2d": {
                        "x1": 633.92591,
                        "y1": 426.11081,
                        "x2": 647.400953,
                        "y2": 435.992508
                    }
                },
                {
                    "category": "traffic sign",
                    "id": 1,
                    "attributes": {
                        "occluded": false,
                        "truncated": false,
                        "trafficLightColor": "none"
                    },
                    "box2d": {
                        "x1": 411.138534,
                        "y1": 441.382525,
                        "x2": 421.020232,
                        "y2": 448.569214
                    }
                },
                {
                    "category": "car",
                    "id": 2,
                    "attributes": {
                        "occluded": true,
                        "truncated": false,
                        "trafficLightColor": "none"
                    },
                    "box2d": {
                        "x1": 520.735551,
                        "y1": 473.423173,
                        "x2": 527.023904,
                        "y2": 482.406534
                    }
                },
                {
                    "category": "car",
                    "id": 3,
                    "attributes": {
                        "occluded": true,
                        "truncated": false,
                        "trafficLightColor": "none"
                    },
                    "box2d": {
                        "x1": 524.328895,
                        "y1": 473.423173,
                        "x2": 531.515585,
                        "y2": 485.101543
                    }
                },
                {
                    "category": "car",
                    "id": 4,
                    "attributes": {
                        "occluded": true,
                        "truncated": false,
                        "trafficLightColor": "none"
                    },
                    "box2d": {
                        "x1": 528.820576,
                        "y1": 472.524836,
                        "x2": 537.803938,
                        "y2": 488.694888
                    }
                },
                {
                    "category": "car",
                    "id": 5,
                    "attributes": {
                        "occluded": true,
                        "truncated": false,
                        "trafficLightColor": "none"
                    },
                    "box2d": {
                        "x1": 536.007266,
                        "y1": 471.6265,
                        "x2": 553.973989,
                        "y2": 492.288232
                    }
                },
                {
                    "category": "car",
                    "id": 6,
                    "attributes": {
                        "occluded": true,
                        "truncated": false,
                        "trafficLightColor": "none"
                    },
                    "box2d": {
                        "x1": 543.193955,
                        "y1": 475.219845,
                        "x2": 557.567334,
                        "y2": 494.983243
                    }
                },
                {
                    "category": "car",
                    "id": 7,
                    "attributes": {
                        "occluded": true,
                        "truncated": false,
                        "trafficLightColor": "none"
                    },
                    "box2d": {
                        "x1": 546.7873,
                        "y1": 474.321509,
                        "x2": 569.245704,
                        "y2": 497.67825
                    }
                },
                {
                    "category": "car",
                    "id": 8,
                    "attributes": {
                        "occluded": true,
                        "truncated": false,
                        "trafficLightColor": "none"
                    },
                    "box2d": {
                        "x1": 558.46567,
                        "y1": 473.423173,
                        "x2": 580.025739,
                        "y2": 504.864939
                    }
                },
                {
                    "category": "car",
                    "id": 9,
                    "attributes": {
                        "occluded": true,
                        "truncated": false,
                        "trafficLightColor": "none"
                    },
                    "box2d": {
                        "x1": 570.144041,
                        "y1": 468.931492,
                        "x2": 621.349203,
                        "y2": 514.746637
                    }
                },
                {
                    "category": "car",
                    "id": 10,
                    "attributes": {
                        "occluded": true,
                        "truncated": false,
                        "trafficLightColor": "none"
                    },
                    "box2d": {
                        "x1": 598.890799,
                        "y1": 473.423173,
                        "x2": 673.452702,
                        "y2": 530.018352
                    }
                },
                {
                    "category": "car",
                    "id": 11,
                    "attributes": {
                        "occluded": true,
                        "truncated": false,
                        "trafficLightColor": "none"
                    },
                    "box2d": {
                        "x1": 497.37881,
                        "y1": 473.423173,
                        "x2": 503.667163,
                        "y2": 484.203205
                    }
                },
                {
                    "category": "car",
                    "id": 12,
                    "attributes": {
                        "occluded": true,
                        "truncated": false,
                        "trafficLightColor": "none"
                    },
                    "box2d": {
                        "x1": 489.293784,
                        "y1": 475.219845,
                        "x2": 498.277144,
                        "y2": 487.796551
                    }
                },
                {
                    "category": "car",
                    "id": 13,
                    "attributes": {
                        "occluded": true,
                        "truncated": false,
                        "trafficLightColor": "none"
                    },
                    "box2d": {
                        "x1": 477.615414,
                        "y1": 472.524836,
                        "x2": 492.887129,
                        "y2": 490.491562
                    }
                },
                {
                    "category": "car",
                    "id": 14,
                    "attributes": {
                        "occluded": true,
                        "truncated": false,
                        "trafficLightColor": "none"
                    },
                    "box2d": {
                        "x1": 473.123733,
                        "y1": 475.219845,
                        "x2": 484.802105,
                        "y2": 494.084905
                    }
                },
                {
                    "category": "car",
                    "id": 15,
                    "attributes": {
                        "occluded": true,
                        "truncated": false,
                        "trafficLightColor": "none"
                    },
                    "box2d": {
                        "x1": 464.140369,
                        "y1": 474.321509,
                        "x2": 477.615412,
                        "y2": 497.67825
                    }
                },
                {
                    "category": "car",
                    "id": 16,
                    "attributes": {
                        "occluded": true,
                        "truncated": false,
                        "trafficLightColor": "none"
                    },
                    "box2d": {
                        "x1": 456.055344,
                        "y1": 474.321509,
                        "x2": 471.32706,
                        "y2": 499.474922
                    }
                },
                {
                    "category": "car",
                    "id": 17,
                    "attributes": {
                        "occluded": true,
                        "truncated": false,
                        "trafficLightColor": "none"
                    },
                    "box2d": {
                        "x1": 444.376973,
                        "y1": 475.219845,
                        "x2": 460.547024,
                        "y2": 504.864941
                    }
                },
                {
                    "category": "car",
                    "id": 18,
                    "attributes": {
                        "occluded": true,
                        "truncated": false,
                        "trafficLightColor": "none"
                    },
                    "box2d": {
                        "x1": 433.596941,
                        "y1": 476.118183,
                        "x2": 452.462001,
                        "y2": 505.763277
                    }
                },
                {
                    "category": "car",
                    "id": 19,
                    "attributes": {
                        "occluded": true,
                        "truncated": false,
                        "trafficLightColor": "none"
                    },
                    "box2d": {
                        "x1": 406.646853,
                        "y1": 474.321509,
                        "x2": 441.681965,
                        "y2": 512.051628
                    }
                },
                {
                    "category": "car",
                    "id": 20,
                    "attributes": {
                        "occluded": true,
                        "truncated": false,
                        "trafficLightColor": "none"
                    },
                    "box2d": {
                        "x1": 359.035036,
                        "y1": 466.236483,
                        "x2": 424.613577,
                        "y2": 525.526671
                    }
                },
                {
                    "category": "car",
                    "id": 21,
                    "attributes": {
                        "occluded": true,
                        "truncated": false,
                        "trafficLightColor": "none"
                    },
                    "box2d": {
                        "x1": 279.981451,
                        "y1": 461.744802,
                        "x2": 379.696768,
                        "y2": 548.883414
                    }
                },
                {
                    "category": "car",
                    "id": 22,
                    "attributes": {
                        "occluded": false,
                        "truncated": false,
                        "trafficLightColor": "none"
                    },
                    "box2d": {
                        "x1": 166.910853,
                        "y1": 468.572161,
                        "x2": 349.2731,
                        "y2": 580.864185
                    }
                },
                {
                    "category": "car",
                    "id": 23,
                    "attributes": {
                        "occluded": false,
                        "truncated": false,
                        "trafficLightColor": "none"
                    },
                    "box2d": {
                        "x1": 651.114061,
                        "y1": 467.673823,
                        "x2": 819.102928,
                        "y2": 570.982484
                    }
                },
                {
                    "category": "area/drivable",
                    "id": 24,
                    "attributes": {},
                    "poly2d": [
                        [
                            130.506931,
                            589.274591,
                            "L"
                        ],
                        [
                            0,
                            624.712066,
                            "L"
                        ],
                        [
                            0,
                            720.562004,
                            "L"
                        ],
                        [
                            1280.811619,
                            720.562004,
                            "L"
                        ],
                        [
                            1280.811619,
                            707.399509,
                            "L"
                        ],
                        [
                            842.631442,
                            577.462097,
                            "L"
                        ],
                        [
                            685.694051,
                            580.837096,
                            "L"
                        ],
                        [
                            525.381659,
                            489.712158,
                            "L"
                        ],
                        [
                            501.756676,
                            489.712158,
                            "L"
                        ],
                        [
                            302.631813,
                            589.274591,
                            "L"
                        ],
                        [
                            130.506931,
                            589.274591,
                            "L"
                        ]
                    ]
                },
                {
                    "category": "lane/road curb",
                    "id": 25,
                    "attributes": {
                        "direction": "parallel",
                        "style": "solid"
                    },
                    "poly2d": [
                        [
                            96.077061,
                            600.169695,
                            "L"
                        ],
                        [
                            170.942304,
                            580.20563,
                            "L"
                        ]
                    ]
                },
                {
                    "category": "lane/road curb",
                    "id": 26,
                    "attributes": {
                        "direction": "parallel",
                        "style": "solid"
                    },
                    "poly2d": [
                        [
                            809.792374,
                            568.975843,
                            "L"
                        ],
                        [
                            1275.204632,
                            703.73328,
                            "L"
                        ]
                    ]
                }
            ]
        }
    ],
    "attributes": {
        "weather": "overcast",
        "scene": "residential",
        "timeofday": "dawn/dusk"
    }
}