{
    "name": "0a3d4e9c-6a88f9e4",
    "frames": [
        {
            "timestamp": 10000,
            "objects": [
                {
                    "category": "traffic sign",
                    "id": 0,
                    "attributes": {
                        "occluded": false,
                        "truncated": false,
                        "trafficLightColor": "none"
                    },
                    "box2d": {
                        "x1": 860.950289,
                        "y1": 207.12717,
                        "x2": 938.31104,
                        "y2": 286.983431
                    }
                },
                {
                    "category": "traffic sign",
                    "id": 1,
                    "attributes": {
                        "occluded": false,
                        "truncated": false,
                        "trafficLightColor": "none"
                    },
                    "box2d": {
                        "x1": 1146.685964,
                        "y1": 89.838291,
                        "x2": 1202.834896,
                        "y2": 107.306848
                    }
                },
                {
                    "category": "traffic light",
                    "id": 2,
                    "attributes": {
                        "occluded": false,
                        "truncated": false,
                        "trafficLightColor": "green"
                    },
                    "box2d": {
                        "x1": 1190.357356,
                        "y1": 29.946097,
                        "x2": 1221.551207,
                        "y2": 102.315831
                    }
                },
                {
                    "category": "traffic light",
                    "id": 3,
                    "attributes": {
                        "occluded": false,
                        "truncated": false,
                        "trafficLightColor": "red"
                    },
                    "box2d": {
                        "x1": 42.423637,
                        "y1": 288.231183,
                        "x2": 57.396686,
                        "y2": 308.195248
                    }
                },
                {
                    "category": "traffic light",
                    "id": 4,
                    "attributes": {
                        "occluded": false,
                        "truncated": false,
                        "trafficLightColor": "red"
                    },
                    "box2d": {
                        "x1": 17.468557,
                        "y1": 289.478939,
                        "x2": 33.689358,
                        "y2": 306.947494
                    }
                },
                {
                    "category": "traffic light",
                    "id": 5,
                    "attributes": {
                        "occluded": false,
                        "truncated": false,
                        "trafficLightColor": "red"
                    },
                    "box2d": {
                        "x1": 774.85526,
                        "y1": 29.946097,
                        "x2": 807.296865,
                        "y2": 97.324813
                    }
                },
                {
                    "category": "traffic light",
                    "id": 6,
                    "attributes": {
                        "occluded": false,
                        "truncated": false,
                        "trafficLightColor": "red"
                    },
                    "box2d": {
                        "x1": 1160.41126,
                        "y1": 180.924337,
                        "x2": 1186.614095,
                        "y2": 210.870433
                    }
                },
                {
                    "category": "traffic light",
                    "id": 7,
                    "attributes": {
                        "occluded": false,
                        "truncated": false,
                        "trafficLightColor": "none"
                    },
                    "box2d": {
                        "x1": 809.792374,
                        "y1": 23.707327,
                        "x2": 835.995209,
                        "y2": 94.829307
                    }
                },
                {
                    "category": "car",
                    "id": 8,
                    "attributes": {
                        "occluded": true,
                        "truncated": false,
                        "trafficLightColor": "none"
                    },
                    "box2d": {
                        "x1": 137.252945,
                        "y1": 305.69974,
                        "x2": 340.636854,
                        "y2": 480.385306
                    }
                },
                {
                    "category": "car",
                    "id": 9,
                    "attributes": {
                        "occluded": false,
                        "truncated": true,
                        "trafficLightColor": "none"
                    },
                    "box2d": {
                        "x1": 0,
                        "y1": 411.758834,
                        "x2": 78.608505,
                        "y2": 547.764025
                    }
                },
                {
                    "category": "car",
                    "id": 10,
                    "attributes": {
                        "occluded": false,
                        "truncated": true,
                        "trafficLightColor": "none"
                    },
                    "box2d": {
                        "x1": 1035.635855,
                        "y1": 296.965462,
                        "x2": 1278.947894,
                        "y2": 524.056698
                    }
                },
                {
                    "category": "car",
                    "id": 11,
                    "attributes": {
                        "occluded": false,
                        "truncated": true,
                        "trafficLightColor": "none"
                    },
                    "box2d": {
                        "x1": 290.726693,
                        "y1": 155.969255,
                        "x2": 880.914355,
                        "y2": 522.808944
                    }
                },
                {
                    "category": "lane/road curb",
                    "id": 12,
                    "attributes": {
                        "direction": "parallel",
                        "style": "solid"
                    },
                    "poly2d": [
                        [
                            28.97019,
                            426.561069,
                            "L"
                        ],
                        [
                            138.857116,
                            419.568263,
                            "L"
                        ]
                    ]
                },
                {
                    "category": "lane/road curb",
                    "id": 13,
                    "attributes": {
                        "direction": "parallel",
                        "style": "solid"
                    },
                    "poly2d": [
                        [
                            875.099523,
                            389.599103,
                            "L"
                        ],
                        [
                            1044.924772,
                            386.602187,
                            "L"
                        ]
                    ]
                },
                {
                    "category": "lane/single white",
                    "id": 14,
                    "attributes": {
                        "direction": "parallel",
                        "style": "dashed"
                    },
                    "poly2d": [
                        [
                            881.093355,
                            440.546677,
                            "L"
                        ],
                        [
                            1035.934024,
                            459.527148,
                            "L"
                        ]
                    ]
                }
            ]
        }
    ],
    "attributes": {
        "weather": "clear",
        "scene": "city street",
        "timeofday": "night"
    }
}