{
    "name": "0a3d4c24-09733cd5",
    "frames": [
        {
            "timestamp": 10000,
            "objects": [
                {
                    "category": "car",
                    "id": 0,
                    "attributes": {
                        "occluded": false,
                        "truncated": false,
                        "trafficLightColor": "none"
                    },
                    "box2d": {
                        "x1": 352.971159,
                        "y1": 296.542583,
                        "x2": 664.490642,
                        "y2": 404.37625
                    }
                },
                {
                    "category": "car",
                    "id": 1,
                    "attributes": {
                        "occluded": false,
                        "truncated": true,
                        "trafficLightColor": "none"
                    },
                    "box2d": {
                        "x1": 976.010121,
                        "y1": 238.13268,
                        "x2": 1277.045774,
                        "y2": 381.910902
                    }
                },
                {
                    "category": "car",
                    "id": 2,
                    "attributes": {
                        "occluded": false,
                        "truncated": true,
                        "trafficLightColor": "none"
                    },
                    "box2d": {
                        "x1": 2.511743,
                        "y1": 313.017171,
                        "x2": 240.644423,
                        "y2": 422.348527
                    }
                },
                {
                    "category": "car",
                    "id": 3,
                    "attributes": {
                        "occluded": true,
                        "truncated": false,
                        "trafficLightColor": "none"
                    },
                    "box2d": {
                        "x1": 182.23452,
                        "y1": 287.556444,
                        "x2": 281.082048,
                        "y2": 344.468657
                    }
                },
                {
                    "category": "car",
                    "id": 4,
                    "attributes": {
                        "occluded": true,
                        "truncated": false,
                        "trafficLightColor": "none"
                    },
                    "box2d": {
                        "x1": 251.128252,
                        "y1": 293.547203,
                        "x2": 329.008122,
                        "y2": 336.980208
                    }
                },
                {
                    "category": "car",
                    "id": 5,
                    "attributes": {
                        "occluded": true,
                        "truncated": false,
                        "trafficLightColor": "none"
                    },
                    "box2d": {
                        "x1": 308.040465,
                        "y1": 293.547203,
                        "x2": 361.957298,
                        "y2": 327.994069
                    }
                },
                {
                    "category": "car",
                    "id": 6,
                    "attributes": {
                        "occluded": true,
                        "truncated": false,
                        "trafficLightColor": "none"
                    },
                    "box2d": {
                        "x1": 346.9804,
                        "y1": 298.040273,
                        "x2": 384.422645,
                        "y2": 323.501
                    }
                },
                {
                    "category": "car",
                    "id": 7,
                    "attributes": {
                        "occluded": true,
                        "truncated": false,
                        "trafficLightColor": "none"
                    },
                    "box2d": {
                        "x1": 364.952677,
                        "y1": 293.547203,
                        "x2": 403.892614,
                        "y2": 320.50562
                    }
                },
                {
                    "category": "car",
                    "id": 8,
                    "attributes": {
                        "occluded": true,
                        "truncated": false,
                        "trafficLightColor": "none"
                    },
                    "box2d": {
                        "x1": 968.521672,
                        "y1": 281.565685,
                        "x2": 1050.894612,
                        "y2": 322.00331
                    }
                },
                {
                    "category": "car",
                    "id": 9,
                    "attributes": {
                        "occluded": true,
                        "truncated": false,
                        "trafficLightColor": "none"
                    },
                    "box2d": {
                        "x1": 934.074807,
                        "y1": 274.077236,
                        "x2": 995.480089,
                        "y2": 313.017171
                    }
                },
                {
                    "category": "car",
                    "id": 10,
                    "attributes": {
                        "occluded": true,
                        "truncated": false,
                        "trafficLightColor": "none"
                    },
                    "box2d": {
                        "x1": 911.609459,
                        "y1": 281.565685,
                        "x2": 961.033223,
                        "y2": 305.528722
                    }
                },
                {
                    "category": "car",
                    "id": 11,
                    "attributes": {
                        "occluded": true,
                        "truncated": false,
                        "trafficLightColor": "none"
                    },
                    "box2d": {
                        "x1": 868.176455,
                        "y1": 278.570305,
                        "x2": 910.11177,
                        "y2": 301.035654
                    }
                },
                {
                    "category": "car",
                    "id": 12,
                    "attributes": {
                        "occluded": true,
                        "truncated": false,
                        "trafficLightColor": "none"
                    },
                    "box2d": {
                        "x1": 836.724969,
                        "y1": 274.077236,
                        "x2": 871.171834,
                        "y2": 296.542583
                    }
                },
                {
                    "category": "area/drivable",
                    "id": 13,
                    "attributes": {},
                    "poly2d": [
                        [
                            1280.195648,
                            621.381514,
                            "L"
                        ],
                        [
                            869.684569,
                            577.710122,
                            "C"
                        ],
                        [
                            442.952685,
                            600.169695,
                            "C"
                        ],
                        [
                            0,
                            662.557396,
                            "C"
                        ],
                        [
                            0,
                            427.979637,
                            "L"
                        ],
                        [
                            1280.195648,
                            384.308245,
                            "L"
                        ],
                        [
                            1280.195648,
                            621.381514,
                            "L"
                        ]
                    ]
                },
                {
                    "category": "lane/crosswalk",
                    "id": 14,
                    "attributes": {
                        "direction": "vertical",
                        "style": "dashed"
                    },
                    "poly2d": [
                        [
                            0,
                            533.177574,
                            "C"
                        ],
                        [
                            429.852561,
                            500.228399,
                            "C"
                        ],
                        [
                            877.661816,
                            497.233018,
                            "C"
                        ],
                        [
                            1280.524791,
                            479.260741,
                            "L"
                        ]
                    ]
                },
                {
                    "category": "lane/crosswalk",
                    "id": 15,
                    "attributes": {
                        "direction": "vertical",
                        "style": "dashed"
                    },
                    "poly2d": [
                        [
                            0,
                            545.159093,
                            "L"
                        ],
                        [
                            1280.524791,
                            488.246879,
                            "L"
                        ]
                    ]
                },
                {
                    "category": "lane/road curb",
                    "id": 16,
                    "attributes": {
                        "direction": "parallel",
                        "style": "solid"
                    },
                    "poly2d": [
                        [
                            667.985242,
                            366.934004,
                            "L"
                        ],
                        [
                            967.509852,
                            357.55492,
                            "L"
                        ]
                    ]
                }
            ]
        }
    ],
    "attributes": {
        "weather": "clear",
        "scene": "city street",
        "timeofday": "night"
    }
}