{
    "name": "0a3e70d1-a515ffaf",
    "frames": [
        {
            "timestamp": 10000,
            "objects": [
                {
                    "category": "traffic sign",
                    "id": 0,
                    "attributes": {
                        "occluded": false,
                        "truncated": false,
                        "trafficLightColor": "none"
                    },
                    "box2d": {
                        "x1": 357.692879,
                        "y1": 295.400257,
                        "x2": 380.024197,
                        "y2": 334.186234
                    }
                },
                {
                    "category": "traffic sign",
                    "id": 1,
                    "attributes": {
                        "occluded": false,
                        "truncated": false,
                        "trafficLightColor": "none"
                    },
                    "box2d": {
                        "x1": 857.992791,
                        "y1": 291.874262,
                        "x2": 877.973444,
                        "y2": 307.153585
                    }
                },
                {
                    "category": "car",
                    "id": 2,
                    "attributes": {
                        "occluded": true,
                        "truncated": false,
                        "trafficLightColor": "none"
                    },
                    "box2d": {
                        "x1": 448.193489,
                        "y1": 307.153583,
                        "x2": 551.622752,
                        "y2": 395.303528
                    }
                },
                {
                    "category": "car",
                    "id": 3,
                    "attributes": {
                        "occluded": true,
                        "truncated": false,
                        "trafficLightColor": "none"
                    },
                    "box2d": {
                        "x1": 558.674752,
                        "y1": 345.93956,
                        "x2": 605.688056,
                        "y2": 361.218884
                    }
                },
                {
                    "category": "car",
                    "id": 4,
                    "attributes": {
                        "occluded": true,
                        "truncated": false,
                        "trafficLightColor": "none"
                    },
                    "box2d": {
                        "x1": 852.899684,
                        "y1": 315.380912,
                        "x2": 889.334994,
                        "y2": 376.498207
                    }
                },
                {
                    "category": "car",
                    "id": 5,
                    "attributes": {
                        "occluded": true,
                        "truncated": false,
                        "trafficLightColor": "none"
                    },
                    "box2d": {
                        "x1": 862.302345,
                        "y1": 310.679583,
                        "x2": 909.315645,
                        "y2": 381.199537
                    }
                },
                {
                    "category": "car",
                    "id": 6,
                    "attributes": {
                        "occluded": true,
                        "truncated": false,
                        "trafficLightColor": "none"
                    },
                    "box2d": {
                        "x1": 892.860993,
                        "y1": 309.504248,
                        "x2": 959.85495,
                        "y2": 394.128192
                    }
                },
                {
                    "category": "car",
                    "id": 7,
                    "attributes": {
                        "occluded": true,
                        "truncated": false,
                        "trafficLightColor": "none"
                    },
                    "box2d": {
                        "x1": 910.490981,
                        "y1": 305.978253,
                        "x2": 1023.322912,
                        "y2": 405.881522
                    }
                },
                {
                    "category": "car",
                    "id": 8,
                    "attributes": {
                        "occluded": true,
                        "truncated": false,
                        "trafficLightColor": "none"
                    },
                    "box2d": {
                        "x1": 959.391947,
                        "y1": 300.688142,
                        "x2": 1189.757135,
                        "y2": 439.377388
                    }
                },
                {
                    "category": "car",
                    "id": 9,
                    "attributes": {
                        "occluded": false,
                        "truncated": true,
                        "trafficLightColor": "none"
                    },
                    "box2d": {
                        "x1": 993.808985,
                        "y1": 285.103852,
                        "x2": 1278.239472,
                        "y2": 535.449693
                    }
                },
                {
                    "category": "car",
                    "id": 10,
                    "attributes": {
                        "occluded": true,
                        "truncated": false,
                        "trafficLightColor": "none"
                    },
                    "box2d": {
                        "x1": 766.008326,
                        "y1": 340.846451,
                        "x2": 781.28765,
                        "y2": 359.651772
                    }
                },
                {
                    "category": "car",
                    "id": 11,
                    "attributes": {
                        "occluded": false,
                        "truncated": false,
                        "trafficLightColor": "none"
                    },
                    "box2d": {
                        "x1": 773.760616,
                        "y1": 338.495786,
                        "x2": 805.494596,
                        "y2": 365.528431
                    }
                },
                {
                    "category": "car",
                    "id": 12,
                    "attributes": {
                        "occluded": false,
                        "truncated": false,
                        "trafficLightColor": "none"
                    },
                    "box2d": {
                        "x1": 617.44138,
                        "y1": 312.638469,
                        "x2": 762.00729,
                        "y2": 418.418399
                    }
                },
                {
                    "category": "car",
                    "id": 13,
                    "attributes": {
                        "occluded": false,
                        "truncated": false,
                        "trafficLightColor": "none"
                    },
                    "box2d": {
                        "x1": 337.712225,
                        "y1": 318.515131,
                        "x2": 483.45347,
                        "y2": 414.892403
                    }
                },
                {
                    "category": "person",
                    "id": 14,
                    "attributes": {
                        "occluded": true,
                        "truncated": false,
                        "trafficLightColor": "none"
                    },
                    "box2d": {
                        "x1": 742.501675,
                        "y1": 327.917793,
                        "x2": 756.60567,
                        "y2": 350.249111
                    }
                },
                {
                    "category": "area/drivable",
                    "id": 15,
                    "attributes": {},
                    "poly2d": [
                        [
                            618.194096,
                            428.624706,
                            "L"
                        ],
                        [
                            322.881799,
                            718.874506,
                            "L"
                        ],
                        [
                            392.069252,
                            696.937021,
                            "C"
                        ],
                        [
                            435.466161,
                            691.25574,
                            "C"
                        ],
                        [
                            510.19417,
                            690.187025,
                            "C"
                        ],
                        [
                            835.995209,
                            627.620283,
                            "C"
                        ],
                        [
                            1029.943812,
                            636.187063,
                            "C"
                        ],
                        [
                            1280.811619,
                            658.124548,
                            "C"
                        ],
                        [
                            1280.811619,
                            577.124603,
                            "L"
                        ],
                        [
                            986.068844,
                            501.187156,
                            "L"
                        ],
                        [
                            965.818857,
                            435.374701,
                            "L"
                        ],
                        [
                            837.568945,
                            372.937244,
                            "L"
                        ],
                        [
                            780.193985,
                            374.624742,
                            "L"
                        ],
                        [
                            751.506505,
                            428.624706,
                            "L"
                        ],
                        [
                            618.194096,
                            428.624706,
                            "L"
                        ]
                    ]
                },
                {
                    "category": "lane/road curb",
                    "id": 16,
                    "attributes": {
                        "direction": "parallel",
                        "style": "solid"
                    },
                    "poly2d": [
                        [
                            0,
                            540.666023,
                            "L"
                        ],
                        [
                            360.95883,
                            422.348527,
                            "L"
                        ]
                    ]
                }
            ]
        }
    ],
    "attributes": {
        "weather": "clear",
        "scene": "city street",
        "timeofday": "night"
    }
}