{
    "name": "0a4a2b41-4551cd8f",
    "frames": [
        {
            "timestamp": 10000,
            "objects": [
                {
                    "category": "traffic light",
                    "id": 0,
                    "attributes": {
                        "occluded": false,
                        "truncated": false,
                        "trafficLightColor": "green"
                    },
                    "box2d": {
                        "x1": 563.856639,
                        "y1": 152.21239,
                        "x2": 582.419127,
                        "y2": 202.837355
                    }
                },
                {
                    "category": "traffic light",
                    "id": 1,
                    "attributes": {
                        "occluded": false,
                        "truncated": false,
                        "trafficLightColor": "green"
                    },
                    "box2d": {
                        "x1": 832.168953,
                        "y1": 170.774878,
                        "x2": 847.356443,
                        "y2": 219.712344
                    }
                },
                {
                    "category": "traffic light",
                    "id": 2,
                    "attributes": {
                        "occluded": false,
                        "truncated": false,
                        "trafficLightColor": "green"
                    },
                    "box2d": {
                        "x1": 1049.856304,
                        "y1": 170.774878,
                        "x2": 1070.10629,
                        "y2": 216.337345
                    }
                },
                {
                    "category": "traffic light",
                    "id": 3,
                    "attributes": {
                        "occluded": false,
                        "truncated": false,
                        "trafficLightColor": "none"
                    },
                    "box2d": {
                        "x1": 813.606467,
                        "y1": 174.149875,
                        "x2": 828.793956,
                        "y2": 218.024845
                    }
                },
                {
                    "category": "traffic light",
                    "id": 4,
                    "attributes": {
                        "occluded": false,
                        "truncated": false,
                        "trafficLightColor": "none"
                    },
                    "box2d": {
                        "x1": 550.356648,
                        "y1": 164.024881,
                        "x2": 565.544137,
                        "y2": 206.212353
                    }
                },
                {
                    "category": "traffic light",
                    "id": 5,
                    "attributes": {
                        "occluded": false,
                        "truncated": false,
                        "trafficLightColor": "none"
                    },
                    "box2d": {
                        "x1": 579.044128,
                        "y1": 162.337383,
                        "x2": 597.606616,
                        "y2": 207.899852
                    }
                },
                {
                    "category": "traffic sign",
                    "id": 6,
                    "attributes": {
                        "occluded": false,
                        "truncated": false,
                        "trafficLightColor": "none"
                    },
                    "box2d": {
                        "x1": 64.356982,
                        "y1": 253.462322,
                        "x2": 125.10694,
                        "y2": 292.274794
                    }
                },
                {
                    "category": "traffic sign",
                    "id": 7,
                    "attributes": {
                        "occluded": false,
                        "truncated": false,
                        "trafficLightColor": "none"
                    },
                    "box2d": {
                        "x1": 739.356518,
                        "y1": 319.274775,
                        "x2": 754.544007,
                        "y2": 332.774767
                    }
                },
                {
                    "category": "car",
                    "id": 8,
                    "attributes": {
                        "occluded": true,
                        "truncated": false,
                        "trafficLightColor": "none"
                    },
                    "box2d": {
                        "x1": 808.54397,
                        "y1": 336.149764,
                        "x2": 833.856452,
                        "y2": 354.712252
                    }
                },
                {
                    "category": "car",
                    "id": 9,
                    "attributes": {
                        "occluded": true,
                        "truncated": false,
                        "trafficLightColor": "none"
                    },
                    "box2d": {
                        "x1": 832.168953,
                        "y1": 341.21226,
                        "x2": 864.231431,
                        "y2": 354.712252
                    }
                },
                {
                    "category": "car",
                    "id": 10,
                    "attributes": {
                        "occluded": true,
                        "truncated": false,
                        "trafficLightColor": "none"
                    },
                    "box2d": {
                        "x1": 867.60643,
                        "y1": 337.837263,
                        "x2": 897.981408,
                        "y2": 353.024752
                    }
                },
                {
                    "category": "car",
                    "id": 11,
                    "attributes": {
                        "occluded": false,
                        "truncated": true,
                        "trafficLightColor": "none"
                    },
                    "box2d": {
                        "x1": 1066.731292,
                        "y1": 309.149782,
                        "x2": 1279.356146,
                        "y2": 587.587091
                    }
                },
                {
                    "category": "area/drivable",
                    "id": 12,
                    "attributes": {},
                    "poly2d": [
                        [
                            959.730982,
                            379.279369,
                            "L"
                        ],
                        [
                            621.911301,
                            431.487865,
                            "C"
                        ],
                        [
                            397.131748,
                            533.249633,
                            "C"
                        ],
                        [
                            192.944389,
                            627.749568,
                            "C"
                        ],
                        [
                            476.444194,
                            604.124585,
                            "C"
                        ],
                        [
                            738.006514,
                            624.374571,
                            "C"
                        ],
                        [
                            996.193836,
                            649.687053,
                            "C"
                        ],
                        [
                            927.484558,
                            528.227138,
                            "C"
                        ],
                        [
                            784.678965,
                            409.990249,
                            "C"
                        ],
                        [
                            1059.541342,
                            386.957089,
                            "C"
                        ],
                        [
                            959.730982,
                            379.279369,
                            "L"
                        ]
                    ]
                },
                {
                    "category": "lane/road curb",
                    "id": 13,
                    "attributes": {
                        "direction": "parallel",
                        "style": "solid"
                    },
                    "poly2d": [
                        [
                            384.308245,
                            408.015572,
                            "L"
                        ],
                        [
                            920.842484,
                            375.573967,
                            "L"
                        ]
                    ]
                },
                {
                    "category": "lane/single white",
                    "id": 14,
                    "attributes": {
                        "direction": "parallel",
                        "style": "dashed"
                    },
                    "poly2d": [
                        [
                            91.086045,
                            495.358355,
                            "L"
                        ],
                        [
                            616.390497,
                            408.015572,
                            "L"
                        ]
                    ]
                },
                {
                    "category": "lane/road curb",
                    "id": 15,
                    "attributes": {
                        "direction": "parallel",
                        "style": "solid"
                    },
                    "poly2d": [
                        [
                            3.743262,
                            461.668996,
                            "L"
                        ],
                        [
                            220.852466,
                            436.713915,
                            "L"
                        ]
                    ]
                },
                {
                    "category": "lane/single white",
                    "id": 16,
                    "attributes": {
                        "direction": "parallel",
                        "style": "solid"
                    },
                    "poly2d": [
                        [
                            2.495508,
                            469.15552,
                            "L"
                        ],
                        [
                            209.622679,
                            444.200439,
                            "L"
                        ]
                    ]
                },
                {
                    "category": "lane/single white",
                    "id": 17,
                    "attributes": {
                        "direction": "parallel",
                        "style": "solid"
                    },
                    "poly2d": [
                        [
                            183.419844,
                            633.859054,
                            "C"
                        ],
                        [
                            328.159313,
                            571.471352,
                            "C"
                        ],
                        [
                            457.925734,
                            505.340387,
                            "C"
                        ],
                        [
                            643.841086,
                            449.191455,
                            "L"
                        ]
                    ]
                },
                {
                    "category": "lane/single white",
                    "id": 18,
                    "attributes": {
                        "direction": "parallel",
                        "style": "solid"
                    },
                    "poly2d": [
                        [
                            142.243961,
                            633.859054,
                            "C"
                        ],
                        [
                            329.407067,
                            549.011779,
                            "C"
                        ],
                        [
                            521.56119,
                            480.385306,
                            "C"
                        ],
                        [
                            640.097824,
                            444.200439,
                            "L"
                        ]
                    ]
                },
                {
                    "category": "lane/single white",
                    "id": 19,
                    "attributes": {
                        "direction": "parallel",
                        "style": "solid"
                    },
                    "poly2d": [
                        [
                            892.144141,
                            451.686963,
                            "C"
                        ],
                        [
                            910.860451,
                            529.047714,
                            "C"
                        ],
                        [
                            949.540827,
                            588.939908,
                            "C"
                        ],
                        [
                            999.450988,
                            653.823118,
                            "L"
                        ]
                    ]
                },
                {
                    "category": "lane/single white",
                    "id": 20,
                    "attributes": {
                        "direction": "parallel",
                        "style": "solid"
                    },
                    "poly2d": [
                        [
                            907.117189,
                            451.686963,
                            "C"
                        ],
                        [
                            924.585746,
                            519.065682,
                            "C"
                        ],
                        [
                            989.468956,
                            587.692154,
                            "C"
                        ],
                        [
                            1046.865642,
                            661.309643,
                            "L"
                        ]
                    ]
                },
                {
                    "category": "lane/single white",
                    "id": 21,
                    "attributes": {
                        "direction": "parallel",
                        "style": "dashed"
                    },
                    "poly2d": [
                        [
                            660.061889,
                            439.209423,
                            "C"
                        ],
                        [
                            753.643442,
                            414.254342,
                            "C"
                        ],
                        [
                            838.490717,
                            396.785786,
                            "C"
                        ],
                        [
                            939.558794,
                            385.555999,
                            "L"
                        ]
                    ]
                },
                {
                    "category": "lane/single white",
                    "id": 22,
                    "attributes": {
                        "direction": "parallel",
                        "style": "solid"
                    },
                    "poly2d": [
                        [
                            19.964065,
                            636.354562,
                            "C"
                        ],
                        [
                            208.374925,
                            576.462368,
                            "C"
                        ],
                        [
                            492.862847,
                            480.385306,
                            "C"
                        ],
                        [
                            580.20563,
                            456.67798,
                            "L"
                        ]
                    ]
                }
            ]
        }
    ],
    "attributes": {
        "weather": "clear",
        "scene": "highway",
        "timeofday": "night"
    }
}