{
    "name": "0a4c728f-54eca45a",
    "frames": [
        {
            "timestamp": 10000,
            "objects": [
                {
                    "category": "traffic light",
                    "id": 0,
                    "attributes": {
                        "occluded": false,
                        "truncated": false,
                        "trafficLightColor": "green"
                    },
                    "box2d": {
                        "x1": 633.921728,
                        "y1": 394.798373,
                        "x2": 642.899055,
                        "y2": 407.856304
                    }
                },
                {
                    "category": "traffic light",
                    "id": 1,
                    "attributes": {
                        "occluded": false,
                        "truncated": false,
                        "trafficLightColor": "green"
                    },
                    "box2d": {
                        "x1": 646.163538,
                        "y1": 391.533891,
                        "x2": 655.140866,
                        "y2": 402.959579
                    }
                },
                {
                    "category": "traffic light",
                    "id": 2,
                    "attributes": {
                        "occluded": false,
                        "truncated": false,
                        "trafficLightColor": "green"
                    },
                    "box2d": {
                        "x1": 571.080438,
                        "y1": 394.798373,
                        "x2": 580.873886,
                        "y2": 407.040183
                    }
                },
                {
                    "category": "car",
                    "id": 3,
                    "attributes": {
                        "occluded": true,
                        "truncated": false,
                        "trafficLightColor": "none"
                    },
                    "box2d": {
                        "x1": 1174.724109,
                        "y1": 388.636672,
                        "x2": 1234.300919,
                        "y2": 426.178223
                    }
                },
                {
                    "category": "car",
                    "id": 4,
                    "attributes": {
                        "occluded": true,
                        "truncated": false,
                        "trafficLightColor": "none"
                    },
                    "box2d": {
                        "x1": 1089.357908,
                        "y1": 393.533395,
                        "x2": 1201.982559,
                        "y2": 435.15555
                    }
                },
                {
                    "category": "car",
                    "id": 5,
                    "attributes": {
                        "occluded": true,
                        "truncated": false,
                        "trafficLightColor": "none"
                    },
                    "box2d": {
                        "x1": 981.956448,
                        "y1": 400.062362,
                        "x2": 1086.419893,
                        "y2": 435.15555
                    }
                },
                {
                    "category": "car",
                    "id": 6,
                    "attributes": {
                        "occluded": true,
                        "truncated": false,
                        "trafficLightColor": "none"
                    },
                    "box2d": {
                        "x1": 445.112208,
                        "y1": 413.120292,
                        "x2": 484.938911,
                        "y2": 438.420033
                    }
                },
                {
                    "category": "car",
                    "id": 7,
                    "attributes": {
                        "occluded": true,
                        "truncated": false,
                        "trafficLightColor": "none"
                    },
                    "box2d": {
                        "x1": 366.764622,
                        "y1": 413.936413,
                        "x2": 448.376689,
                        "y2": 447.397361
                    }
                },
                {
                    "category": "car",
                    "id": 8,
                    "attributes": {
                        "occluded": false,
                        "truncated": false,
                        "trafficLightColor": "none"
                    },
                    "box2d": {
                        "x1": 267.197914,
                        "y1": 407.407449,
                        "x2": 373.293601,
                        "y2": 464.535894
                    }
                },
                {
                    "category": "car",
                    "id": 9,
                    "attributes": {
                        "occluded": false,
                        "truncated": false,
                        "trafficLightColor": "none"
                    },
                    "box2d": {
                        "x1": 599.304644,
                        "y1": 400.171176,
                        "x2": 667.85878,
                        "y2": 457.299623
                    }
                },
                {
                    "category": "car",
                    "id": 10,
                    "attributes": {
                        "occluded": false,
                        "truncated": true,
                        "trafficLightColor": "none"
                    },
                    "box2d": {
                        "x1": 0,
                        "y1": 399.355055,
                        "x2": 177.914306,
                        "y2": 494.569125
                    }
                },
                {
                    "category": "car",
                    "id": 11,
                    "attributes": {
                        "occluded": true,
                        "truncated": false,
                        "trafficLightColor": "none"
                    },
                    "box2d": {
                        "x1": 669.218948,
                        "y1": 405.611973,
                        "x2": 716.553947,
                        "y2": 438.256801
                    }
                },
                {
                    "category": "area/alternative",
                    "id": 12,
                    "attributes": {},
                    "poly2d": [
                        [
                            577.380525,
                            424.321985,
                            "L"
                        ],
                        [
                            0,
                            574.805298,
                            "L"
                        ],
                        [
                            0,
                            657.724674,
                            "L"
                        ],
                        [
                            284.09162,
                            636.227058,
                            "L"
                        ],
                        [
                            594.271509,
                            438.141881,
                            "L"
                        ],
                        [
                            577.380525,
                            424.321985,
                            "L"
                        ]
                    ]
                },
                {
                    "category": "area/drivable",
                    "id": 13,
                    "attributes": {},
                    "poly2d": [
                        [
                            305.589236,
                            636.227058,
                            "L"
                        ],
                        [
                            655.693269,
                            593.231826,
                            "C"
                        ],
                        [
                            955.108371,
                            634.179674,
                            "C"
                        ],
                        [
                            1280.6437,
                            633.15597,
                            "C"
                        ],
                        [
                            1274.517503,
                            602.44509,
                            "L"
                        ],
                        [
                            804.641037,
                            461.175041,
                            "L"
                        ],
                        [
                            575.844981,
                            464.246129,
                            "L"
                        ],
                        [
                            305.589236,
                            636.227058,
                            "L"
                        ]
                    ]
                },
                {
                    "category": "lane/single yellow",
                    "id": 14,
                    "attributes": {
                        "direction": "parallel",
                        "style": "solid"
                    },
                    "poly2d": [
                        [
                            6.23877,
                            572.719106,
                            "L"
                        ],
                        [
                            410.51108,
                            471.651028,
                            "L"
                        ]
                    ]
                },
                {
                    "category": "lane/road curb",
                    "id": 15,
                    "attributes": {
                        "direction": "parallel",
                        "style": "solid"
                    },
                    "poly2d": [
                        [
                            1.247754,
                            560.241564,
                            "L"
                        ],
                        [
                            68.626471,
                            542.773009,
                            "L"
                        ]
                    ]
                },
                {
                    "category": "lane/road curb",
                    "id": 16,
                    "attributes": {
                        "direction": "parallel",
                        "style": "solid"
                    },
                    "poly2d": [
                        [
                            786.085047,
                            461.668996,
                            "L"
                        ],
                        [
                            1280.195647,
                            600.169695,
                            "L"
                        ]
                    ]
                },
                {
                    "category": "lane/single white",
                    "id": 17,
                    "attributes": {
                        "direction": "parallel",
                        "style": "dashed"
                    },
                    "poly2d": [
                        [
                            285.735676,
                            638.85007,
                            "L"
                        ],
                        [
                            576.462369,
                            452.934718,
                            "L"
                        ]
                    ]
                },
                {
                    "category": "lane/single white",
                    "id": 18,
                    "attributes": {
                        "direction": "parallel",
                        "style": "dashed"
                    },
                    "poly2d": [
                        [
                            306.947495,
                            636.354562,
                            "L"
                        ],
                        [
                            580.20563,
                            457.925734,
                            "L"
                        ]
                    ]
                }
            ]
        }
    ],
    "attributes": {
        "weather": "clear",
        "scene": "city street",
        "timeofday": "night"
    }
}