{
    "name": "0a4d38c3-aba5cdcd",
    "frames": [
        {
            "timestamp": 10000,
            "objects": [
                {
                    "category": "car",
                    "id": 0,
                    "attributes": {
                        "occluded": true,
                        "truncated": false,
                        "trafficLightColor": "none"
                    },
                    "box2d": {
                        "x1": 583.383939,
                        "y1": 397.191069,
                        "x2": 606.351811,
                        "y2": 410.053077
                    }
                },
                {
                    "category": "car",
                    "id": 1,
                    "attributes": {
                        "occluded": true,
                        "truncated": false,
                        "trafficLightColor": "none"
                    },
                    "box2d": {
                        "x1": 508.968035,
                        "y1": 399.028499,
                        "x2": 536.52948,
                        "y2": 420.158941
                    }
                },
                {
                    "category": "car",
                    "id": 2,
                    "attributes": {
                        "occluded": false,
                        "truncated": false,
                        "trafficLightColor": "none"
                    },
                    "box2d": {
                        "x1": 536.223262,
                        "y1": 394.741172,
                        "x2": 576.646715,
                        "y2": 426.896193
                    }
                },
                {
                    "category": "car",
                    "id": 3,
                    "attributes": {
                        "occluded": false,
                        "truncated": false,
                        "trafficLightColor": "none"
                    },
                    "box2d": {
                        "x1": 192.011407,
                        "y1": 404.847036,
                        "x2": 329.818635,
                        "y2": 464.563501
                    }
                },
                {
                    "category": "traffic light",
                    "id": 4,
                    "attributes": {
                        "occluded": false,
                        "truncated": false,
                        "trafficLightColor": "red"
                    },
                    "box2d": {
                        "x1": 636.975649,
                        "y1": 282.045464,
                        "x2": 648.918942,
                        "y2": 298.582332
                    }
                },
                {
                    "category": "traffic light",
                    "id": 5,
                    "attributes": {
                        "occluded": false,
                        "truncated": false,
                        "trafficLightColor": "red"
                    },
                    "box2d": {
                        "x1": 616.763922,
                        "y1": 315.119199,
                        "x2": 626.869785,
                        "y2": 328.899922
                    }
                },
                {
                    "category": "traffic light",
                    "id": 6,
                    "attributes": {
                        "occluded": false,
                        "truncated": false,
                        "trafficLightColor": "red"
                    },
                    "box2d": {
                        "x1": 624.113641,
                        "y1": 352.480275,
                        "x2": 630.544645,
                        "y2": 363.504853
                    }
                },
                {
                    "category": "traffic light",
                    "id": 7,
                    "attributes": {
                        "occluded": false,
                        "truncated": false,
                        "trafficLightColor": "red"
                    },
                    "box2d": {
                        "x1": 574.503038,
                        "y1": 367.179712,
                        "x2": 585.527617,
                        "y2": 378.204292
                    }
                },
                {
                    "category": "traffic light",
                    "id": 8,
                    "attributes": {
                        "occluded": false,
                        "truncated": false,
                        "trafficLightColor": "green"
                    },
                    "box2d": {
                        "x1": 629.932178,
                        "y1": 357.073849,
                        "x2": 641.87547,
                        "y2": 369.935857
                    }
                },
                {
                    "category": "traffic light",
                    "id": 9,
                    "attributes": {
                        "occluded": false,
                        "truncated": false,
                        "trafficLightColor": "green"
                    },
                    "box2d": {
                        "x1": 661.474703,
                        "y1": 390.147584,
                        "x2": 671.580566,
                        "y2": 400.253447
                    }
                },
                {
                    "category": "traffic sign",
                    "id": 10,
                    "attributes": {
                        "occluded": false,
                        "truncated": false,
                        "trafficLightColor": "none"
                    },
                    "box2d": {
                        "x1": 611.8641,
                        "y1": 336.065914,
                        "x2": 627.482253,
                        "y2": 350.765352
                    }
                },
                {
                    "category": "traffic sign",
                    "id": 11,
                    "attributes": {
                        "occluded": false,
                        "truncated": false,
                        "trafficLightColor": "none"
                    },
                    "box2d": {
                        "x1": 641.262976,
                        "y1": 336.065914,
                        "x2": 654.124984,
                        "y2": 348.927923
                    }
                },
                {
                    "category": "traffic sign",
                    "id": 12,
                    "attributes": {
                        "occluded": false,
                        "truncated": false,
                        "trafficLightColor": "none"
                    },
                    "box2d": {
                        "x1": 507.130605,
                        "y1": 338.822059,
                        "x2": 519.992614,
                        "y2": 350.765352
                    }
                },
                {
                    "category": "traffic sign",
                    "id": 13,
                    "attributes": {
                        "occluded": false,
                        "truncated": false,
                        "trafficLightColor": "none"
                    },
                    "box2d": {
                        "x1": 536.529481,
                        "y1": 338.822059,
                        "x2": 551.228919,
                        "y2": 348.927923
                    }
                },
                {
                    "category": "traffic sign",
                    "id": 14,
                    "attributes": {
                        "occluded": false,
                        "truncated": false,
                        "trafficLightColor": "none"
                    },
                    "box2d": {
                        "x1": 745.077755,
                        "y1": 337.903344,
                        "x2": 770.801772,
                        "y2": 355.358927
                    }
                },
                {
                    "category": "area/drivable",
                    "id": 15,
                    "attributes": {},
                    "poly2d": [
                        [
                            0,
                            719.79813,
                            "L"
                        ],
                        [
                            1280.095537,
                            719.79813,
                            "L"
                        ],
                        [
                            1280.095537,
                            659.814952,
                            "L"
                        ],
                        [
                            666.645408,
                            421.245497,
                            "L"
                        ],
                        [
                            601.209215,
                            421.245497,
                            "L"
                        ],
                        [
                            0,
                            719.79813,
                            "L"
                        ]
                    ]
                },
                {
                    "category": "lane/single white",
                    "id": 16,
                    "attributes": {
                        "direction": "parallel",
                        "style": "dashed"
                    },
                    "poly2d": [
                        [
                            545.134101,
                            449.914393,
                            "L"
                        ],
                        [
                            0,
                            712.492419,
                            "L"
                        ]
                    ]
                },
                {
                    "category": "lane/single white",
                    "id": 17,
                    "attributes": {
                        "direction": "parallel",
                        "style": "dashed"
                    },
                    "poly2d": [
                        [
                            523.636485,
                            445.307762,
                            "L"
                        ],
                        [
                            0,
                            687.923715,
                            "L"
                        ]
                    ]
                },
                {
                    "category": "lane/single white",
                    "id": 18,
                    "attributes": {
                        "direction": "parallel",
                        "style": "dashed"
                    },
                    "poly2d": [
                        [
                            632.660109,
                            411.525793,
                            "L"
                        ],
                        [
                            683.333062,
                            621.895323,
                            "L"
                        ]
                    ]
                },
                {
                    "category": "lane/single white",
                    "id": 19,
                    "attributes": {
                        "direction": "parallel",
                        "style": "dashed"
                    },
                    "poly2d": [
                        [
                            628.053477,
                            414.59688,
                            "L"
                        ],
                        [
                            657.228813,
                            620.359778,
                            "L"
                        ]
                    ]
                },
                {
                    "category": "lane/road curb",
                    "id": 20,
                    "attributes": {
                        "direction": "parallel",
                        "style": "solid"
                    },
                    "poly2d": [
                        [
                            681.797517,
                            420.739056,
                            "L"
                        ],
                        [
                            1025.759374,
                            571.22237,
                            "L"
                        ]
                    ]
                },
                {
                    "category": "lane/road curb",
                    "id": 21,
                    "attributes": {
                        "direction": "parallel",
                        "style": "solid"
                    },
                    "poly2d": [
                        [
                            185.816804,
                            463.73429,
                            "L"
                        ],
                        [
                            0,
                            495.980714,
                            "L"
                        ]
                    ]
                }
            ]
        }
    ],
    "attributes": {
        "weather": "clear",
        "scene": "city street",
        "timeofday": "night"
    }
}