{
    "name": "0a4d348a-7e574e21",
    "frames": [
        {
            "timestamp": 10000,
            "objects": [
                {
                    "category": "person",
                    "id": 0,
                    "attributes": {
                        "occluded": false,
                        "truncated": false,
                        "trafficLightColor": "none"
                    },
                    "box2d": {
                        "x1": 1007.969299,
                        "y1": 365.186371,
                        "x2": 1031.033703,
                        "y2": 433.281279
                    }
                },
                {
                    "category": "motor",
                    "id": 1,
                    "attributes": {
                        "occluded": true,
                        "truncated": false,
                        "trafficLightColor": "none"
                    },
                    "box2d": {
                        "x1": 984.904898,
                        "y1": 373.972809,
                        "x2": 1025.542178,
                        "y2": 415.708395
                    }
                },
                {
                    "category": "person",
                    "id": 2,
                    "attributes": {
                        "occluded": true,
                        "truncated": false,
                        "trafficLightColor": "none"
                    },
                    "box2d": {
                        "x1": 753.16257,
                        "y1": 343.220274,
                        "x2": 758.654095,
                        "y2": 362.989762
                    }
                },
                {
                    "category": "person",
                    "id": 3,
                    "attributes": {
                        "occluded": true,
                        "truncated": false,
                        "trafficLightColor": "none"
                    },
                    "box2d": {
                        "x1": 792.701542,
                        "y1": 345.416883,
                        "x2": 804.782897,
                        "y2": 368.481286
                    }
                },
                {
                    "category": "person",
                    "id": 4,
                    "attributes": {
                        "occluded": true,
                        "truncated": false,
                        "trafficLightColor": "none"
                    },
                    "box2d": {
                        "x1": 804.782898,
                        "y1": 344.31858,
                        "x2": 814.667642,
                        "y2": 364.088062
                    }
                },
                {
                    "category": "person",
                    "id": 5,
                    "attributes": {
                        "occluded": true,
                        "truncated": false,
                        "trafficLightColor": "none"
                    },
                    "box2d": {
                        "x1": 845.420179,
                        "y1": 347.613492,
                        "x2": 858.599838,
                        "y2": 367.38298
                    }
                },
                {
                    "category": "traffic sign",
                    "id": 6,
                    "attributes": {
                        "occluded": false,
                        "truncated": false,
                        "trafficLightColor": "none"
                    },
                    "box2d": {
                        "x1": 754.260874,
                        "y1": 192.752505,
                        "x2": 867.386275,
                        "y2": 211.423689
                    }
                },
                {
                    "category": "traffic sign",
                    "id": 7,
                    "attributes": {
                        "occluded": false,
                        "truncated": false,
                        "trafficLightColor": "none"
                    },
                    "box2d": {
                        "x1": 883.860851,
                        "y1": 270.732152,
                        "x2": 894.843901,
                        "y2": 309.172824
                    }
                },
                {
                    "category": "traffic light",
                    "id": 8,
                    "attributes": {
                        "occluded": false,
                        "truncated": false,
                        "trafficLightColor": "red"
                    },
                    "box2d": {
                        "x1": 909.121859,
                        "y1": 309.172824,
                        "x2": 928.891347,
                        "y2": 326.745701
                    }
                },
                {
                    "category": "traffic light",
                    "id": 9,
                    "attributes": {
                        "occluded": false,
                        "truncated": false,
                        "trafficLightColor": "red"
                    },
                    "box2d": {
                        "x1": 693.304955,
                        "y1": 149.918617,
                        "x2": 707.582919,
                        "y2": 194.949117
                    }
                },
                {
                    "category": "traffic light",
                    "id": 10,
                    "attributes": {
                        "occluded": false,
                        "truncated": false,
                        "trafficLightColor": "none"
                    },
                    "box2d": {
                        "x1": 708.681221,
                        "y1": 154.311835,
                        "x2": 724.057491,
                        "y2": 194.949117
                    }
                },
                {
                    "category": "traffic light",
                    "id": 11,
                    "attributes": {
                        "occluded": false,
                        "truncated": false,
                        "trafficLightColor": "none"
                    },
                    "box2d": {
                        "x1": 670.240551,
                        "y1": 153.213529,
                        "x2": 693.304955,
                        "y2": 196.04742
                    }
                },
                {
                    "category": "traffic light",
                    "id": 12,
                    "attributes": {
                        "occluded": false,
                        "truncated": false,
                        "trafficLightColor": "none"
                    },
                    "box2d": {
                        "x1": 43.108466,
                        "y1": 235.586397,
                        "x2": 58.484736,
                        "y2": 270.732152
                    }
                },
                {
                    "category": "traffic light",
                    "id": 13,
                    "attributes": {
                        "occluded": false,
                        "truncated": false,
                        "trafficLightColor": "red"
                    },
                    "box2d": {
                        "x1": 491.216855,
                        "y1": 314.664346,
                        "x2": 495.610073,
                        "y2": 325.647395
                    }
                },
                {
                    "category": "traffic light",
                    "id": 14,
                    "attributes": {
                        "occluded": false,
                        "truncated": false,
                        "trafficLightColor": "red"
                    },
                    "box2d": {
                        "x1": 586.76938,
                        "y1": 315.762653,
                        "x2": 592.260904,
                        "y2": 326.745702
                    }
                },
                {
                    "category": "traffic sign",
                    "id": 15,
                    "attributes": {
                        "occluded": false,
                        "truncated": false,
                        "trafficLightColor": "none"
                    },
                    "box2d": {
                        "x1": 457.169405,
                        "y1": 316.860957,
                        "x2": 485.725333,
                        "y2": 322.352481
                    }
                },
                {
                    "category": "traffic sign",
                    "id": 16,
                    "attributes": {
                        "occluded": false,
                        "truncated": false,
                        "trafficLightColor": "none"
                    },
                    "box2d": {
                        "x1": 35.420332,
                        "y1": 278.420287,
                        "x2": 73.861004,
                        "y2": 290.501641
                    }
                },
                {
                    "category": "traffic sign",
                    "id": 17,
                    "attributes": {
                        "occluded": false,
                        "truncated": false,
                        "trafficLightColor": "none"
                    },
                    "box2d": {
                        "x1": 20.044064,
                        "y1": 297.091467,
                        "x2": 52.993208,
                        "y2": 308.074518
                    }
                },
                {
                    "category": "traffic sign",
                    "id": 18,
                    "attributes": {
                        "occluded": false,
                        "truncated": false,
                        "trafficLightColor": "none"
                    },
                    "box2d": {
                        "x1": 62.877953,
                        "y1": 305.877908,
                        "x2": 72.762697,
                        "y2": 314.664348
                    }
                },
                {
                    "category": "traffic light",
                    "id": 19,
                    "attributes": {
                        "occluded": false,
                        "truncated": false,
                        "trafficLightColor": "red"
                    },
                    "box2d": {
                        "x1": 31.027113,
                        "y1": 364.088066,
                        "x2": 50.796601,
                        "y2": 380.562642
                    }
                },
                {
                    "category": "person",
                    "id": 20,
                    "attributes": {
                        "occluded": true,
                        "truncated": false,
                        "trafficLightColor": "none"
                    },
                    "box2d": {
                        "x1": 258.376223,
                        "y1": 367.38298,
                        "x2": 274.850796,
                        "y2": 398.135516
                    }
                },
                {
                    "category": "person",
                    "id": 21,
                    "attributes": {
                        "occluded": true,
                        "truncated": false,
                        "trafficLightColor": "none"
                    },
                    "box2d": {
                        "x1": 282.53893,
                        "y1": 369.579592,
                        "x2": 293.521981,
                        "y2": 390.447385
                    }
                },
                {
                    "category": "person",
                    "id": 22,
                    "attributes": {
                        "occluded": true,
                        "truncated": false,
                        "trafficLightColor": "none"
                    },
                    "box2d": {
                        "x1": 328.667735,
                        "y1": 359.694846,
                        "x2": 336.355868,
                        "y2": 381.660944
                    }
                },
                {
                    "category": "person",
                    "id": 23,
                    "attributes": {
                        "occluded": true,
                        "truncated": false,
                        "trafficLightColor": "none"
                    },
                    "box2d": {
                        "x1": 341.847393,
                        "y1": 365.186371,
                        "x2": 350.633833,
                        "y2": 382.759248
                    }
                },
                {
                    "category": "person",
                    "id": 24,
                    "attributes": {
                        "occluded": true,
                        "truncated": false,
                        "trafficLightColor": "none"
                    },
                    "box2d": {
                        "x1": 352.830442,
                        "y1": 361.891457,
                        "x2": 360.518584,
                        "y2": 376.169422
                    }
                },
                {
                    "category": "car",
                    "id": 25,
                    "attributes": {
                        "occluded": true,
                        "truncated": false,
                        "trafficLightColor": "none"
                    },
                    "box2d": {
                        "x1": 351.732137,
                        "y1": 375.071115,
                        "x2": 390.172805,
                        "y2": 390.447386
                    }
                },
                {
                    "category": "person",
                    "id": 26,
                    "attributes": {
                        "occluded": true,
                        "truncated": false,
                        "trafficLightColor": "none"
                    },
                    "box2d": {
                        "x1": 291.325368,
                        "y1": 386.054164,
                        "x2": 311.094856,
                        "y2": 461.837202
                    }
                },
                {
                    "category": "car",
                    "id": 27,
                    "attributes": {
                        "occluded": true,
                        "truncated": false,
                        "trafficLightColor": "none"
                    },
                    "box2d": {
                        "x1": 181.494881,
                        "y1": 397.037213,
                        "x2": 286.932149,
                        "y2": 460.738895
                    }
                },
                {
                    "category": "person",
                    "id": 28,
                    "attributes": {
                        "occluded": true,
                        "truncated": false,
                        "trafficLightColor": "none"
                    },
                    "box2d": {
                        "x1": 587.867685,
                        "y1": 343.220274,
                        "x2": 614.227002,
                        "y2": 367.382981
                    }
                },
                {
                    "category": "person",
                    "id": 29,
                    "attributes": {
                        "occluded": true,
                        "truncated": false,
                        "trafficLightColor": "none"
                    },
                    "box2d": {
                        "x1": 556.016845,
                        "y1": 368.481286,
                        "x2": 608.735478,
                        "y2": 426.691444
                    }
                },
                {
                    "category": "car",
                    "id": 30,
                    "attributes": {
                        "occluded": true,
                        "truncated": false,
                        "trafficLightColor": "none"
                    },
                    "box2d": {
                        "x1": 445.08805,
                        "y1": 362.989762,
                        "x2": 590.064294,
                        "y2": 437.674492
                    }
                },
                {
                    "category": "bus",
                    "id": 31,
                    "attributes": {
                        "occluded": true,
                        "truncated": false,
                        "trafficLightColor": "none"
                    },
                    "box2d": {
                        "x1": 387.9762,
                        "y1": 331.13892,
                        "x2": 476.938894,
                        "y2": 377.267723
                    }
                },
                {
                    "category": "bus",
                    "id": 32,
                    "attributes": {
                        "occluded": true,
                        "truncated": false,
                        "trafficLightColor": "none"
                    },
                    "box2d": {
                        "x1": 434.105001,
                        "y1": 334.433834,
                        "x2": 505.494817,
                        "y2": 378.366029
                    }
                },
                {
                    "category": "bus",
                    "id": 33,
                    "attributes": {
                        "occluded": true,
                        "truncated": false,
                        "trafficLightColor": "none"
                    },
                    "box2d": {
                        "x1": 525.264306,
                        "y1": 321.254178,
                        "x2": 590.064294,
                        "y2": 373.972811
                    }
                },
                {
                    "category": "car",
                    "id": 34,
                    "attributes": {
                        "occluded": true,
                        "truncated": false,
                        "trafficLightColor": "none"
                    },
                    "box2d": {
                        "x1": 599.949039,
                        "y1": 350.908408,
                        "x2": 653.765978,
                        "y2": 395.938907
                    }
                },
                {
                    "category": "car",
                    "id": 35,
                    "attributes": {
                        "occluded": true,
                        "truncated": false,
                        "trafficLightColor": "none"
                    },
                    "box2d": {
                        "x1": 624.111746,
                        "y1": 362.989762,
                        "x2": 675.732076,
                        "y2": 406.921957
                    }
                },
                {
                    "category": "car",
                    "id": 36,
                    "attributes": {
                        "occluded": true,
                        "truncated": false,
                        "trafficLightColor": "none"
                    },
                    "box2d": {
                        "x1": 625.21005,
                        "y1": 378.366029,
                        "x2": 661.454111,
                        "y2": 425.593139
                    }
                },
                {
                    "category": "car",
                    "id": 37,
                    "attributes": {
                        "occluded": true,
                        "truncated": false,
                        "trafficLightColor": "none"
                    },
                    "box2d": {
                        "x1": 658.159197,
                        "y1": 348.711799,
                        "x2": 702.091392,
                        "y2": 361.891457
                    }
                },
                {
                    "category": "car",
                    "id": 38,
                    "attributes": {
                        "occluded": true,
                        "truncated": false,
                        "trafficLightColor": "none"
                    },
                    "box2d": {
                        "x1": 693.304955,
                        "y1": 355.301625,
                        "x2": 738.335456,
                        "y2": 373.972811
                    }
                },
                {
                    "category": "car",
                    "id": 39,
                    "attributes": {
                        "occluded": true,
                        "truncated": false,
                        "trafficLightColor": "none"
                    },
                    "box2d": {
                        "x1": 735.040539,
                        "y1": 364.088066,
                        "x2": 775.677821,
                        "y2": 394.840602
                    }
                },
                {
                    "category": "car",
                    "id": 40,
                    "attributes": {
                        "occluded": true,
                        "truncated": false,
                        "trafficLightColor": "none"
                    },
                    "box2d": {
                        "x1": 746.023586,
                        "y1": 367.38298,
                        "x2": 825.101538,
                        "y2": 398.135516
                    }
                },
                {
                    "category": "car",
                    "id": 41,
                    "attributes": {
                        "occluded": false,
                        "truncated": false,
                        "trafficLightColor": "none"
                    },
                    "box2d": {
                        "x1": 274.850795,
                        "y1": 382.75925,
                        "x2": 543.935489,
                        "y2": 465.132116
                    }
                },
                {
                    "category": "car",
                    "id": 42,
                    "attributes": {
                        "occluded": true,
                        "truncated": false,
                        "trafficLightColor": "none"
                    },
                    "box2d": {
                        "x1": 638.93886,
                        "y1": 366.284676,
                        "x2": 747.671044,
                        "y2": 436.576188
                    }
                },
                {
                    "category": "car",
                    "id": 43,
                    "attributes": {
                        "occluded": false,
                        "truncated": false,
                        "trafficLightColor": "none"
                    },
                    "box2d": {
                        "x1": 719.115119,
                        "y1": 369.579592,
                        "x2": 965.135413,
                        "y2": 446.460934
                    }
                },
                {
                    "category": "car",
                    "id": 44,
                    "attributes": {
                        "occluded": false,
                        "truncated": true,
                        "trafficLightColor": "none"
                    },
                    "box2d": {
                        "x1": 1069.474373,
                        "y1": 352.006715,
                        "x2": 1278.1523,
                        "y2": 449.755848
                    }
                },
                {
                    "category": "traffic sign",
                    "id": 45,
                    "attributes": {
                        "occluded": false,
                        "truncated": false,
                        "trafficLightColor": "none"
                    },
                    "box2d": {
                        "x1": 735.589691,
                        "y1": 311.369431,
                        "x2": 746.57274,
                        "y2": 321.254174
                    }
                },
                {
                    "category": "area/drivable",
                    "id": 46,
                    "attributes": {},
                    "poly2d": [
                        [
                            0,
                            502.84488,
                            "L"
                        ],
                        [
                            0,
                            641.345578,
                            "L"
                        ],
                        [
                            434.218407,
                            576.462368,
                            "C"
                        ],
                        [
                            858.454781,
                            551.507287,
                            "C"
                        ],
                        [
                            1280.195647,
                            643.841086,
                            "C"
                        ],
                        [
                            1280.195647,
                            455.430226,
                            "L"
                        ],
                        [
                            621.381513,
                            442.952685,
                            "L"
                        ],
                        [
                            0,
                            502.84488,
                            "L"
                        ]
                    ]
                },
                {
                    "category": "lane/single white",
                    "id": 47,
                    "attributes": {
                        "direction": "vertical",
                        "style": "solid"
                    },
                    "poly2d": [
                        [
                            1.247754,
                            563.984828,
                            "C"
                        ],
                        [
                            474.146537,
                            531.543223,
                            "C"
                        ],
                        [
                            643.841085,
                            529.047714,
                            "C"
                        ],
                        [
                            1207.825913,
                            511.579158,
                            "L"
                        ]
                    ]
                },
                {
                    "category": "lane/single white",
                    "id": 48,
                    "attributes": {
                        "direction": "vertical",
                        "style": "solid"
                    },
                    "poly2d": [
                        [
                            1187.86185,
                            502.844879,
                            "C"
                        ],
                        [
                            774.855262,
                            515.32242,
                            "C"
                        ],
                        [
                            465.412257,
                            519.065681,
                            "C"
                        ],
                        [
                            0,
                            554.002794,
                            "L"
                        ]
                    ]
                },
                {
                    "category": "lane/single white",
                    "id": 49,
                    "attributes": {
                        "direction": "vertical",
                        "style": "solid"
                    },
                    "poly2d": [
                        [
                            1277.700141,
                            471.651028,
                            "L"
                        ],
                        [
                            999.450988,
                            445.448193,
                            "L"
                        ]
                    ]
                },
                {
                    "category": "lane/road curb",
                    "id": 50,
                    "attributes": {
                        "direction": "parallel",
                        "style": "solid"
                    },
                    "poly2d": [
                        [
                            190.906369,
                            461.668997,
                            "L"
                        ],
                        [
                            124.775404,
                            480.385306,
                            "L"
                        ]
                    ]
                }
            ]
        }
    ],
    "attributes": {
        "weather": "clear",
        "scene": "city street",
        "timeofday": "daytime"
    }
}