{
    "name": "0a4d38c3-8f2ea1a7",
    "frames": [
        {
            "timestamp": 10000,
            "objects": [
                {
                    "category": "car",
                    "id": 0,
                    "attributes": {
                        "occluded": false,
                        "truncated": false,
                        "trafficLightColor": "none"
                    },
                    "box2d": {
                        "x1": 622.629267,
                        "y1": 427.979637,
                        "x2": 650.079856,
                        "y2": 447.9437
                    }
                },
                {
                    "category": "car",
                    "id": 1,
                    "attributes": {
                        "occluded": false,
                        "truncated": false,
                        "trafficLightColor": "none"
                    },
                    "box2d": {
                        "x1": 665.052905,
                        "y1": 426.731883,
                        "x2": 686.264721,
                        "y2": 444.200439
                    }
                },
                {
                    "category": "car",
                    "id": 2,
                    "attributes": {
                        "occluded": false,
                        "truncated": false,
                        "trafficLightColor": "none"
                    },
                    "box2d": {
                        "x1": 712.467559,
                        "y1": 419.245357,
                        "x2": 747.404674,
                        "y2": 445.448193
                    }
                },
                {
                    "category": "traffic light",
                    "id": 3,
                    "attributes": {
                        "occluded": false,
                        "truncated": false,
                        "trafficLightColor": "green"
                    },
                    "box2d": {
                        "x1": 625.124775,
                        "y1": 415.502097,
                        "x2": 633.859055,
                        "y2": 427.979637
                    }
                },
                {
                    "category": "car",
                    "id": 4,
                    "attributes": {
                        "occluded": true,
                        "truncated": false,
                        "trafficLightColor": "none"
                    },
                    "box2d": {
                        "x1": 36.184867,
                        "y1": 399.281294,
                        "x2": 197.145138,
                        "y2": 455.430226
                    }
                },
                {
                    "category": "car",
                    "id": 5,
                    "attributes": {
                        "occluded": true,
                        "truncated": false,
                        "trafficLightColor": "none"
                    },
                    "box2d": {
                        "x1": 376.821721,
                        "y1": 411.758834,
                        "x2": 427.979637,
                        "y2": 441.704931
                    }
                },
                {
                    "category": "area/drivable",
                    "id": 6,
                    "attributes": {},
                    "poly2d": [
                        [
                            361.848672,
                            719.954083,
                            "L"
                        ],
                        [
                            1211.569175,
                            719.954083,
                            "L"
                        ],
                        [
                            702.485527,
                            451.686962,
                            "L"
                        ],
                        [
                            630.115792,
                            451.686962,
                            "L"
                        ],
                        [
                            562.737073,
                            510.331403,
                            "C"
                        ],
                        [
                            457.925733,
                            627.620283,
                            "C"
                        ],
                        [
                            361.848672,
                            719.954083,
                            "C"
                        ]
                    ]
                },
                {
                    "category": "area/alternative",
                    "id": 7,
                    "attributes": {},
                    "poly2d": [
                        [
                            315.681772,
                            719.954083,
                            "L"
                        ],
                        [
                            0,
                            717.458575,
                            "L"
                        ],
                        [
                            0,
                            580.435634,
                            "L"
                        ],
                        [
                            595.178677,
                            441.704931,
                            "L"
                        ],
                        [
                            613.894989,
                            455.430226,
                            "L"
                        ],
                        [
                            315.681772,
                            719.954083,
                            "L"
                        ]
                    ]
                },
                {
                    "category": "lane/road curb",
                    "id": 8,
                    "attributes": {
                        "direction": "parallel",
                        "style": "solid"
                    },
                    "poly2d": [
                        [
                            568.388456,
                            447.808919,
                            "C"
                        ],
                        [
                            462.801403,
                            457.543895,
                            "C"
                        ],
                        [
                            189.45762,
                            529.432953,
                            "C"
                        ],
                        [
                            0,
                            569.870547,
                            "L"
                        ]
                    ]
                },
                {
                    "category": "lane/road curb",
                    "id": 9,
                    "attributes": {
                        "direction": "parallel",
                        "style": "solid"
                    },
                    "poly2d": [
                        [
                            1181.691975,
                            709.155596,
                            "L"
                        ],
                        [
                            706.175815,
                            447.808919,
                            "L"
                        ]
                    ]
                },
                {
                    "category": "lane/single white",
                    "id": 10,
                    "attributes": {
                        "direction": "parallel",
                        "style": "dashed"
                    },
                    "poly2d": [
                        [
                            616.314494,
                            453.799674,
                            "C"
                        ],
                        [
                            531.695083,
                            524.939887,
                            "C"
                        ],
                        [
                            427.590122,
                            629.778095,
                            "C"
                        ],
                        [
                            333.251331,
                            717.392883,
                            "L"
                        ]
                    ]
                },
                {
                    "category": "lane/single white",
                    "id": 11,
                    "attributes": {
                        "direction": "parallel",
                        "style": "dashed"
                    },
                    "poly2d": [
                        [
                            623.802937,
                            456.795051,
                            "C"
                        ],
                        [
                            539.93237,
                            527.935264,
                            "C"
                        ],
                        [
                            450.804296,
                            632.024628,
                            "C"
                        ],
                        [
                            364.702793,
                            719.639416,
                            "L"
                        ]
                    ]
                }
            ]
        }
    ],
    "attributes": {
        "weather": "clear",
        "scene": "highway",
        "timeofday": "night"
    }
}