{
    "name": "0a4ef631-f8c1e17c",
    "frames": [
        {
            "timestamp": 10000,
            "objects": [
                {
                    "category": "car",
                    "id": 0,
                    "attributes": {
                        "occluded": true,
                        "truncated": false,
                        "trafficLightColor": "none"
                    },
                    "box2d": {
                        "x1": 779.381572,
                        "y1": 522.980939,
                        "x2": 804.618689,
                        "y2": 549.702591
                    }
                },
                {
                    "category": "car",
                    "id": 1,
                    "attributes": {
                        "occluded": true,
                        "truncated": false,
                        "trafficLightColor": "none"
                    },
                    "box2d": {
                        "x1": 693.278464,
                        "y1": 520.011866,
                        "x2": 709.608364,
                        "y2": 551.187129
                    }
                },
                {
                    "category": "car",
                    "id": 2,
                    "attributes": {
                        "occluded": false,
                        "truncated": false,
                        "trafficLightColor": "none"
                    },
                    "box2d": {
                        "x1": 718.515582,
                        "y1": 509.620111,
                        "x2": 767.505282,
                        "y2": 552.671664
                    }
                },
                {
                    "category": "car",
                    "id": 3,
                    "attributes": {
                        "occluded": false,
                        "truncated": false,
                        "trafficLightColor": "none"
                    },
                    "box2d": {
                        "x1": 541.855759,
                        "y1": 468.053094,
                        "x2": 700.701148,
                        "y2": 612.053117
                    }
                },
                {
                    "category": "traffic sign",
                    "id": 4,
                    "attributes": {
                        "occluded": false,
                        "truncated": false,
                        "trafficLightColor": "none"
                    },
                    "box2d": {
                        "x1": 785.319716,
                        "y1": 494.774749,
                        "x2": 809.072298,
                        "y2": 511.104648
                    }
                },
                {
                    "category": "traffic sign",
                    "id": 5,
                    "attributes": {
                        "occluded": false,
                        "truncated": false,
                        "trafficLightColor": "none"
                    },
                    "box2d": {
                        "x1": 1099.405209,
                        "y1": 312.17678,
                        "x2": 1222.621725,
                        "y2": 416.094323
                    }
                },
                {
                    "category": "area/drivable",
                    "id": 6,
                    "attributes": {},
                    "poly2d": [
                        [
                            104.338964,
                            720.487999,
                            "L"
                        ],
                        [
                            768.813413,
                            720.487999,
                            "L"
                        ],
                        [
                            685.342244,
                            619.277699,
                            "L"
                        ],
                        [
                            397.586364,
                            601.704667,
                            "L"
                        ],
                        [
                            104.338964,
                            720.487999,
                            "L"
                        ]
                    ]
                },
                {
                    "category": "area/alternative",
                    "id": 7,
                    "attributes": {},
                    "poly2d": [
                        [
                            1017.030315,
                            718.125993,
                            "L"
                        ],
                        [
                            1279.525181,
                            720.487999,
                            "L"
                        ],
                        [
                            1280.6437,
                            660.283922,
                            "L"
                        ],
                        [
                            803.105493,
                            555.86693,
                            "L"
                        ],
                        [
                            706.210035,
                            577.541752,
                            "L"
                        ],
                        [
                            796.271034,
                            628.064213,
                            "C"
                        ],
                        [
                            913.789657,
                            671.064279,
                            "C"
                        ],
                        [
                            1017.030315,
                            718.125993,
                            "C"
                        ]
                    ]
                },
                {
                    "category": "area/alternative",
                    "id": 8,
                    "attributes": {},
                    "poly2d": [
                        [
                            0,
                            600.606354,
                            "L"
                        ],
                        [
                            0,
                            720.487999,
                            "L"
                        ],
                        [
                            52.718635,
                            720.322622,
                            "L"
                        ],
                        [
                            219.660975,
                            637.949043,
                            "C"
                        ],
                        [
                            386.603315,
                            596.213097,
                            "C"
                        ],
                        [
                            537.071083,
                            557.772093,
                            "C"
                        ],
                        [
                            363.939908,
                            563.54465,
                            "C"
                        ],
                        [
                            190.423435,
                            580.435634,
                            "C"
                        ],
                        [
                            0,
                            600.606354,
                            "C"
                        ]
                    ]
                },
                {
                    "category": "lane/single white",
                    "id": 9,
                    "attributes": {
                        "direction": "parallel",
                        "style": "solid"
                    },
                    "poly2d": [
                        [
                            699.25596,
                            598.873319,
                            "L"
                        ],
                        [
                            812.318757,
                            720.170138,
                            "L"
                        ]
                    ]
                },
                {
                    "category": "lane/single white",
                    "id": 10,
                    "attributes": {
                        "direction": "parallel",
                        "style": "solid"
                    },
                    "poly2d": [
                        [
                            677.190885,
                            605.004338,
                            "L"
                        ],
                        [
                            767.787981,
                            720.170138,
                            "L"
                        ]
                    ]
                },
                {
                    "category": "lane/single white",
                    "id": 11,
                    "attributes": {
                        "direction": "parallel",
                        "style": "solid"
                    },
                    "poly2d": [
                        [
                            698.688501,
                            574.293459,
                            "C"
                        ],
                        [
                            809.247669,
                            635.715218,
                            "C"
                        ],
                        [
                            921.326403,
                            671.03273,
                            "C"
                        ],
                        [
                            1033.437094,
                            720.170138,
                            "L"
                        ]
                    ]
                },
                {
                    "category": "lane/single white",
                    "id": 12,
                    "attributes": {
                        "direction": "parallel",
                        "style": "solid"
                    },
                    "poly2d": [
                        [
                            701.75959,
                            589.648898,
                            "C"
                        ],
                        [
                            780.072333,
                            640.32185,
                            "C"
                        ],
                        [
                            892.167046,
                            681.781538,
                            "C"
                        ],
                        [
                            976.621966,
                            720.170138,
                            "L"
                        ]
                    ]
                },
                {
                    "category": "lane/single white",
                    "id": 13,
                    "attributes": {
                        "direction": "parallel",
                        "style": "solid"
                    },
                    "poly2d": [
                        [
                            552.81182,
                            565.080194,
                            "C"
                        ],
                        [
                            468.3569,
                            575.829002,
                            "C"
                        ],
                        [
                            299.44706,
                            638.786306,
                            "C"
                        ],
                        [
                            105.968516,
                            720.170138,
                            "L"
                        ]
                    ]
                },
                {
                    "category": "lane/single white",
                    "id": 14,
                    "attributes": {
                        "direction": "parallel",
                        "style": "solid"
                    },
                    "poly2d": [
                        [
                            540.527469,
                            558.938018,
                            "C"
                        ],
                        [
                            417.683948,
                            589.648898,
                            "C"
                        ],
                        [
                            244.167476,
                            635.715218,
                            "C"
                        ],
                        [
                            61.437739,
                            717.09905,
                            "L"
                        ]
                    ]
                },
                {
                    "category": "lane/single white",
                    "id": 15,
                    "attributes": {
                        "direction": "parallel",
                        "style": "solid"
                    },
                    "poly2d": [
                        [
                            266.009089,
                            631.423243,
                            "L"
                        ],
                        [
                            0,
                            700.208066,
                            "L"
                        ]
                    ]
                },
                {
                    "category": "lane/road curb",
                    "id": 16,
                    "attributes": {
                        "direction": "parallel",
                        "style": "solid"
                    },
                    "poly2d": [
                        [
                            548.20519,
                            557.402474,
                            "C"
                        ],
                        [
                            440.717108,
                            554.331386,
                            "C"
                        ],
                        [
                            222.66986,
                            571.22237,
                            "C"
                        ],
                        [
                            0,
                            601.93325,
                            "L"
                        ]
                    ]
                },
                {
                    "category": "lane/road curb",
                    "id": 17,
                    "attributes": {
                        "direction": "parallel",
                        "style": "solid"
                    },
                    "poly2d": [
                        [
                            778.53679,
                            548.18921,
                            "L"
                        ],
                        [
                            1280.6437,
                            680.245994,
                            "L"
                        ]
                    ]
                }
            ]
        }
    ],
    "attributes": {
        "weather": "clear",
        "scene": "highway",
        "timeofday": "night"
    }
}