{
    "name": "0a4e87a0-b52d82b5",
    "frames": [
        {
            "timestamp": 10000,
            "objects": [
                {
                    "category": "car",
                    "id": 0,
                    "attributes": {
                        "occluded": false,
                        "truncated": false,
                        "trafficLightColor": "none"
                    },
                    "box2d": {
                        "x1": 1102.067066,
                        "y1": 222.021762,
                        "x2": 1119.549094,
                        "y2": 234.259181
                    }
                },
                {
                    "category": "car",
                    "id": 1,
                    "attributes": {
                        "occluded": false,
                        "truncated": false,
                        "trafficLightColor": "none"
                    },
                    "box2d": {
                        "x1": 1126.541905,
                        "y1": 222.021762,
                        "x2": 1145.772135,
                        "y2": 234.259181
                    }
                },
                {
                    "category": "car",
                    "id": 2,
                    "attributes": {
                        "occluded": false,
                        "truncated": false,
                        "trafficLightColor": "none"
                    },
                    "box2d": {
                        "x1": 1151.016744,
                        "y1": 223.769964,
                        "x2": 1166.75057,
                        "y2": 234.259183
                    }
                },
                {
                    "category": "car",
                    "id": 3,
                    "attributes": {
                        "occluded": false,
                        "truncated": false,
                        "trafficLightColor": "none"
                    },
                    "box2d": {
                        "x1": 1180.736193,
                        "y1": 229.014573,
                        "x2": 1199.966424,
                        "y2": 241.251992
                    }
                },
                {
                    "category": "car",
                    "id": 4,
                    "attributes": {
                        "occluded": false,
                        "truncated": false,
                        "trafficLightColor": "none"
                    },
                    "box2d": {
                        "x1": 1212.203843,
                        "y1": 223.769964,
                        "x2": 1238.426888,
                        "y2": 239.503792
                    }
                },
                {
                    "category": "car",
                    "id": 5,
                    "attributes": {
                        "occluded": false,
                        "truncated": false,
                        "trafficLightColor": "none"
                    },
                    "box2d": {
                        "x1": 1252.41251,
                        "y1": 222.021762,
                        "x2": 1278.635553,
                        "y2": 241.251992
                    }
                },
                {
                    "category": "traffic light",
                    "id": 6,
                    "attributes": {
                        "occluded": false,
                        "truncated": false,
                        "trafficLightColor": "none"
                    },
                    "box2d": {
                        "x1": 1196.936226,
                        "y1": 182.395828,
                        "x2": 1205.677239,
                        "y2": 196.381452
                    }
                },
                {
                    "category": "area/drivable",
                    "id": 7,
                    "attributes": {},
                    "poly2d": [
                        [
                            1277.544997,
                            614.052824,
                            "L"
                        ],
                        [
                            1279.042686,
                            428.339287,
                            "L"
                        ],
                        [
                            1240.102751,
                            377.417833,
                            "C"
                        ],
                        [
                            1211.646644,
                            335.482518,
                            "C"
                        ],
                        [
                            1277.544997,
                            316.012551,
                            "C"
                        ],
                        [
                            1280.52479,
                            260.598029,
                            "L"
                        ],
                        [
                            0,
                            410.367009,
                            "L"
                        ],
                        [
                            0,
                            581.103648,
                            "L"
                        ],
                        [
                            115.337701,
                            581.103648,
                            "L"
                        ],
                        [
                            326.511963,
                            545.159092,
                            "C"
                        ],
                        [
                            537.686229,
                            537.670643,
                            "C"
                        ],
                        [
                            756.348941,
                            560.13599,
                            "C"
                        ],
                        [
                            901.624853,
                            530.182195,
                            "C"
                        ],
                        [
                            1091.83146,
                            566.126749,
                            "C"
                        ],
                        [
                            1277.544997,
                            614.052824,
                            "C"
                        ]
                    ]
                },
                {
                    "category": "area/alternative",
                    "id": 8,
                    "attributes": {},
                    "poly2d": [
                        [
                            1.513275,
                            399.88318,
                            "L"
                        ],
                        [
                            954.531843,
                            294.469954,
                            "L"
                        ],
                        [
                            949.540827,
                            280.74466,
                            "L"
                        ],
                        [
                            0,
                            368.431694,
                            "L"
                        ],
                        [
                            1.513275,
                            399.88318,
                            "L"
                        ]
                    ]
                },
                {
                    "category": "area/alternative",
                    "id": 9,
                    "attributes": {},
                    "poly2d": [
                        [
                            0,
                            363.096426,
                            "L"
                        ],
                        [
                            1.513275,
                            347.464037,
                            "L"
                        ],
                        [
                            767.368736,
                            289.478938,
                            "L"
                        ],
                        [
                            771.111998,
                            294.469954,
                            "L"
                        ],
                        [
                            0,
                            363.096426,
                            "L"
                        ]
                    ]
                },
                {
                    "category": "lane/single yellow",
                    "id": 10,
                    "attributes": {
                        "direction": "parallel",
                        "style": "solid"
                    },
                    "poly2d": [
                        [
                            1.278947,
                            342.757898,
                            "L"
                        ],
                        [
                            492.394739,
                            305.668423,
                            "L"
                        ]
                    ]
                },
                {
                    "category": "lane/road curb",
                    "id": 11,
                    "attributes": {
                        "direction": "parallel",
                        "style": "solid"
                    },
                    "poly2d": [
                        [
                            1.278947,
                            336.36316,
                            "L"
                        ],
                        [
                            957.931584,
                            266.021054,
                            "L"
                        ]
                    ]
                },
                {
                    "category": "lane/road curb",
                    "id": 12,
                    "attributes": {
                        "direction": "parallel",
                        "style": "solid"
                    },
                    "poly2d": [
                        [
                            1269.994744,
                            315.900002,
                            "C"
                        ],
                        [
                            1208.60527,
                            355.54737,
                            "C"
                        ],
                        [
                            1249.531586,
                            387.521055,
                            "C"
                        ],
                        [
                            1276.38948,
                            423.33158,
                            "L"
                        ]
                    ]
                },
                {
                    "category": "lane/single white",
                    "id": 13,
                    "attributes": {
                        "direction": "parallel",
                        "style": "solid"
                    },
                    "poly2d": [
                        [
                            1234.184217,
                            280.089475,
                            "C"
                        ],
                        [
                            1096.057901,
                            309.505265,
                            "C"
                        ],
                        [
                            1009.089479,
                            300.552634,
                            "C"
                        ],
                        [
                            1280.226324,
                            484.721055,
                            "L"
                        ]
                    ]
                },
                {
                    "category": "lane/single white",
                    "id": 14,
                    "attributes": {
                        "direction": "parallel",
                        "style": "solid"
                    },
                    "poly2d": [
                        [
                            1234.184217,
                            276.252633,
                            "C"
                        ],
                        [
                            947.700004,
                            300.552634,
                            "C"
                        ],
                        [
                            1172.794742,
                            416.936844,
                            "C"
                        ],
                        [
                            1261.042111,
                            493.673687,
                            "L"
                        ]
                    ]
                },
                {
                    "category": "lane/single white",
                    "id": 15,
                    "attributes": {
                        "direction": "parallel",
                        "style": "dashed"
                    },
                    "poly2d": [
                        [
                            1050.015794,
                            283.926316,
                            "L"
                        ],
                        [
                            3.836842,
                            407.984213,
                            "L"
                        ]
                    ]
                },
                {
                    "category": "lane/single white",
                    "id": 16,
                    "attributes": {
                        "direction": "parallel",
                        "style": "dashed"
                    },
                    "poly2d": [
                        [
                            968.163163,
                            278.810528,
                            "L"
                        ],
                        [
                            6.394737,
                            363.221054,
                            "L"
                        ]
                    ]
                },
                {
                    "category": "lane/crosswalk",
                    "id": 17,
                    "attributes": {
                        "direction": "vertical",
                        "style": "dashed"
                    },
                    "poly2d": [
                        [
                            1276.38948,
                            542.273687,
                            "L"
                        ],
                        [
                            1016.763163,
                            560.178949,
                            "L"
                        ]
                    ]
                }
            ]
        }
    ],
    "attributes": {
        "weather": "undefined",
        "scene": "highway",
        "timeofday": "daytime"
    }
}