{
    "name": "0a4ef631-6a2cae37",
    "frames": [
        {
            "timestamp": 10000,
            "objects": [
                {
                    "category": "traffic light",
                    "id": 0,
                    "attributes": {
                        "occluded": false,
                        "truncated": false,
                        "trafficLightColor": "green"
                    },
                    "box2d": {
                        "x1": 328.184601,
                        "y1": 360.465054,
                        "x2": 346.118185,
                        "y2": 376.605281
                    }
                },
                {
                    "category": "traffic light",
                    "id": 1,
                    "attributes": {
                        "occluded": false,
                        "truncated": false,
                        "trafficLightColor": "green"
                    },
                    "box2d": {
                        "x1": 304.870941,
                        "y1": 353.29162,
                        "x2": 321.011166,
                        "y2": 367.638487
                    }
                },
                {
                    "category": "traffic light",
                    "id": 2,
                    "attributes": {
                        "occluded": false,
                        "truncated": false,
                        "trafficLightColor": "green"
                    },
                    "box2d": {
                        "x1": 496.760298,
                        "y1": 360.913393,
                        "x2": 511.107166,
                        "y2": 373.466903
                    }
                },
                {
                    "category": "traffic light",
                    "id": 3,
                    "attributes": {
                        "occluded": false,
                        "truncated": false,
                        "trafficLightColor": "green"
                    },
                    "box2d": {
                        "x1": 615.121957,
                        "y1": 341.18645,
                        "x2": 633.055541,
                        "y2": 355.533318
                    }
                },
                {
                    "category": "traffic light",
                    "id": 4,
                    "attributes": {
                        "occluded": false,
                        "truncated": false,
                        "trafficLightColor": "red"
                    },
                    "box2d": {
                        "x1": 195.476074,
                        "y1": 388.800123,
                        "x2": 213.40966,
                        "y2": 399.560274
                    }
                },
                {
                    "category": "traffic light",
                    "id": 5,
                    "attributes": {
                        "occluded": false,
                        "truncated": false,
                        "trafficLightColor": "red"
                    },
                    "box2d": {
                        "x1": 105.80815,
                        "y1": 390.593482,
                        "x2": 120.155017,
                        "y2": 404.940349
                    }
                },
                {
                    "category": "traffic light",
                    "id": 6,
                    "attributes": {
                        "occluded": false,
                        "truncated": false,
                        "trafficLightColor": "red"
                    },
                    "box2d": {
                        "x1": 84.287848,
                        "y1": 390.593482,
                        "x2": 100.428075,
                        "y2": 403.146992
                    }
                },
                {
                    "category": "car",
                    "id": 7,
                    "attributes": {
                        "occluded": false,
                        "truncated": true,
                        "trafficLightColor": "none"
                    },
                    "box2d": {
                        "x1": 0,
                        "y1": 416.059166,
                        "x2": 73.527698,
                        "y2": 487.793507
                    }
                },
                {
                    "category": "car",
                    "id": 8,
                    "attributes": {
                        "occluded": true,
                        "truncated": true,
                        "trafficLightColor": "none"
                    },
                    "box2d": {
                        "x1": 1018.0485,
                        "y1": 365.845129,
                        "x2": 1279.878837,
                        "y2": 650.989127
                    }
                },
                {
                    "category": "car",
                    "id": 9,
                    "attributes": {
                        "occluded": false,
                        "truncated": true,
                        "trafficLightColor": "none"
                    },
                    "box2d": {
                        "x1": 556.658471,
                        "y1": 365.127786,
                        "x2": 1193.30073,
                        "y2": 713.03933
                    }
                },
                {
                    "category": "car",
                    "id": 10,
                    "attributes": {
                        "occluded": true,
                        "truncated": false,
                        "trafficLightColor": "none"
                    },
                    "box2d": {
                        "x1": 597.905716,
                        "y1": 436.862125,
                        "x2": 633.772885,
                        "y2": 456.589068
                    }
                },
                {
                    "category": "car",
                    "id": 11,
                    "attributes": {
                        "occluded": false,
                        "truncated": false,
                        "trafficLightColor": "none"
                    },
                    "box2d": {
                        "x1": 486.71749,
                        "y1": 395.614882,
                        "x2": 567.418621,
                        "y2": 472.729296
                    }
                },
                {
                    "category": "traffic sign",
                    "id": 12,
                    "attributes": {
                        "occluded": false,
                        "truncated": false,
                        "trafficLightColor": "none"
                    },
                    "box2d": {
                        "x1": 294.11079,
                        "y1": 387.365431,
                        "x2": 308.457658,
                        "y2": 399.91894
                    }
                },
                {
                    "category": "traffic sign",
                    "id": 13,
                    "attributes": {
                        "occluded": false,
                        "truncated": false,
                        "trafficLightColor": "none"
                    },
                    "box2d": {
                        "x1": 453.719694,
                        "y1": 390.952148,
                        "x2": 468.066561,
                        "y2": 405.299015
                    }
                },
                {
                    "category": "traffic sign",
                    "id": 14,
                    "attributes": {
                        "occluded": false,
                        "truncated": false,
                        "trafficLightColor": "none"
                    },
                    "box2d": {
                        "x1": 733.483617,
                        "y1": 329.97796,
                        "x2": 753.210561,
                        "y2": 349.704904
                    }
                },
                {
                    "category": "traffic sign",
                    "id": 15,
                    "attributes": {
                        "occluded": true,
                        "truncated": false,
                        "trafficLightColor": "none"
                    },
                    "box2d": {
                        "x1": 742.450409,
                        "y1": 355.084978,
                        "x2": 762.177353,
                        "y2": 369.431847
                    }
                },
                {
                    "category": "traffic sign",
                    "id": 16,
                    "attributes": {
                        "occluded": true,
                        "truncated": false,
                        "trafficLightColor": "none"
                    },
                    "box2d": {
                        "x1": 722.723466,
                        "y1": 353.29162,
                        "x2": 742.450409,
                        "y2": 369.431846
                    }
                },
                {
                    "category": "traffic sign",
                    "id": 17,
                    "attributes": {
                        "occluded": false,
                        "truncated": false,
                        "trafficLightColor": "none"
                    },
                    "box2d": {
                        "x1": 270.79713,
                        "y1": 364.051771,
                        "x2": 286.937357,
                        "y2": 373.018564
                    }
                },
                {
                    "category": "traffic sign",
                    "id": 18,
                    "attributes": {
                        "occluded": false,
                        "truncated": false,
                        "trafficLightColor": "none"
                    },
                    "box2d": {
                        "x1": 274.383847,
                        "y1": 389.158789,
                        "x2": 285.143998,
                        "y2": 410.679091
                    }
                },
                {
                    "category": "car",
                    "id": 19,
                    "attributes": {
                        "occluded": true,
                        "truncated": false,
                        "trafficLightColor": "none"
                    },
                    "box2d": {
                        "x1": 199.062791,
                        "y1": 407.092374,
                        "x2": 276.177205,
                        "y2": 437.579468
                    }
                },
                {
                    "category": "traffic sign",
                    "id": 20,
                    "attributes": {
                        "occluded": false,
                        "truncated": false,
                        "trafficLightColor": "none"
                    },
                    "box2d": {
                        "x1": 1008.315803,
                        "y1": 143.625753,
                        "x2": 1085.940092,
                        "y2": 180.232528
                    }
                },
                {
                    "category": "area/alternative",
                    "id": 21,
                    "attributes": {},
                    "poly2d": [
                        [
                            426.857182,
                            458.293082,
                            "L"
                        ],
                        [
                            67.411627,
                            703.914212,
                            "L"
                        ],
                        [
                            0,
                            712.900351,
                            "L"
                        ],
                        [
                            0,
                            555.642921,
                            "L"
                        ],
                        [
                            396.903386,
                            449.306944,
                            "L"
                        ],
                        [
                            426.857182,
                            458.293082,
                            "L"
                        ]
                    ]
                },
                {
                    "category": "area/drivable",
                    "id": 22,
                    "attributes": {},
                    "poly2d": [
                        [
                            432.847941,
                            467.279222,
                            "L"
                        ],
                        [
                            115.337701,
                            702.416523,
                            "L"
                        ],
                        [
                            278.58589,
                            685.941935,
                            "C"
                        ],
                        [
                            417.871043,
                            670.965035,
                            "C"
                        ],
                        [
                            549.667747,
                            675.458105,
                            "C"
                        ],
                        [
                            567.640024,
                            515.205295,
                            "L"
                        ],
                        [
                            525.704709,
                            479.260739,
                            "L"
                        ],
                        [
                            432.847941,
                            467.279222,
                            "L"
                        ]
                    ]
                },
                {
                    "category": "lane/road curb",
                    "id": 23,
                    "attributes": {
                        "direction": "parallel",
                        "style": "solid"
                    },
                    "poly2d": [
                        [
                            134.289474,
                            465.536845,
                            "L"
                        ],
                        [
                            70.342106,
                            473.210529,
                            "L"
                        ]
                    ]
                },
                {
                    "category": "lane/double yellow",
                    "id": 24,
                    "attributes": {
                        "direction": "parallel",
                        "style": "solid"
                    },
                    "poly2d": [
                        [
                            318.457896,
                            465.536845,
                            "L"
                        ],
                        [
                            0,
                            544.831582,
                            "L"
                        ]
                    ]
                },
                {
                    "category": "lane/double yellow",
                    "id": 25,
                    "attributes": {
                        "direction": "parallel",
                        "style": "solid"
                    },
                    "poly2d": [
                        [
                            319.736844,
                            470.652634,
                            "L"
                        ],
                        [
                            1.278947,
                            555.063161,
                            "L"
                        ]
                    ]
                },
                {
                    "category": "lane/single white",
                    "id": 26,
                    "attributes": {
                        "direction": "parallel",
                        "style": "solid"
                    },
                    "poly2d": [
                        [
                            420.773686,
                            468.094739,
                            "L"
                        ],
                        [
                            62.668421,
                            708.536846,
                            "L"
                        ]
                    ]
                },
                {
                    "category": "lane/single white",
                    "id": 27,
                    "attributes": {
                        "direction": "parallel",
                        "style": "solid"
                    },
                    "poly2d": [
                        [
                            425.889476,
                            468.094739,
                            "L"
                        ],
                        [
                            111.268422,
                            704.700004,
                            "L"
                        ]
                    ]
                },
                {
                    "category": "lane/single white",
                    "id": 28,
                    "attributes": {
                        "direction": "parallel",
                        "style": "solid"
                    },
                    "poly2d": [
                        [
                            515.415792,
                            468.094739,
                            "L"
                        ],
                        [
                            576.805266,
                            521.810529,
                            "L"
                        ]
                    ]
                },
                {
                    "category": "lane/single white",
                    "id": 29,
                    "attributes": {
                        "direction": "parallel",
                        "style": "solid"
                    },
                    "poly2d": [
                        [
                            524.368424,
                            470.652634,
                            "L"
                        ],
                        [
                            584.47895,
                            516.69474,
                            "L"
                        ]
                    ]
                },
                {
                    "category": "lane/single white",
                    "id": 30,
                    "attributes": {
                        "direction": "vertical",
                        "style": "solid"
                    },
                    "poly2d": [
                        [
                            328.689475,
                            462.97895,
                            "L"
                        ],
                        [
                            489.836845,
                            464.257897,
                            "L"
                        ]
                    ]
                },
                {
                    "category": "lane/crosswalk",
                    "id": 31,
                    "attributes": {
                        "direction": "vertical",
                        "style": "dashed"
                    },
                    "poly2d": [
                        [
                            154.752632,
                            462.97895,
                            "L"
                        ],
                        [
                            487.27895,
                            460.421055,
                            "L"
                        ]
                    ]
                },
                {
                    "category": "lane/crosswalk",
                    "id": 32,
                    "attributes": {
                        "direction": "vertical",
                        "style": "dashed"
                    },
                    "poly2d": [
                        [
                            141.963159,
                            459.142108,
                            "L"
                        ],
                        [
                            489.836845,
                            455.305266,
                            "L"
                        ]
                    ]
                },
                {
                    "category": "lane/road curb",
                    "id": 33,
                    "attributes": {
                        "direction": "parallel",
                        "style": "solid"
                    },
                    "poly2d": [
                        [
                            308.226317,
                            432.284213,
                            "L"
                        ],
                        [
                            447.631581,
                            432.284213,
                            "L"
                        ]
                    ]
                }
            ]
        }
    ],
    "attributes": {
        "weather": "clear",
        "scene": "highway",
        "timeofday": "night"
    }
}