{
    "name": "0a4fd219-3d34b17c",
    "frames": [
        {
            "timestamp": 10000,
            "objects": [
                {
                    "category": "car",
                    "id": 0,
                    "attributes": {
                        "occluded": false,
                        "truncated": true,
                        "trafficLightColor": "none"
                    },
                    "box2d": {
                        "x1": 854.697247,
                        "y1": 636.018941,
                        "x2": 1116.792964,
                        "y2": 719.889571
                    }
                },
                {
                    "category": "car",
                    "id": 1,
                    "attributes": {
                        "occluded": true,
                        "truncated": true,
                        "trafficLightColor": "none"
                    },
                    "box2d": {
                        "x1": 1095.825307,
                        "y1": 659.981977,
                        "x2": 1208.152043,
                        "y2": 718.391881
                    }
                },
                {
                    "category": "person",
                    "id": 2,
                    "attributes": {
                        "occluded": true,
                        "truncated": false,
                        "trafficLightColor": "none"
                    },
                    "box2d": {
                        "x1": 1212.645113,
                        "y1": 627.032802,
                        "x2": 1268.059635,
                        "y2": 695.926535
                    }
                },
                {
                    "category": "person",
                    "id": 3,
                    "attributes": {
                        "occluded": true,
                        "truncated": true,
                        "trafficLightColor": "none"
                    },
                    "box2d": {
                        "x1": 1238.105839,
                        "y1": 612.055904,
                        "x2": 1278.543464,
                        "y2": 673.461187
                    }
                },
                {
                    "category": "traffic sign",
                    "id": 4,
                    "attributes": {
                        "occluded": false,
                        "truncated": false,
                        "trafficLightColor": "none"
                    },
                    "box2d": {
                        "x1": 1119.788343,
                        "y1": 444.813875,
                        "x2": 1206.654352,
                        "y2": 509.214538
                    }
                },
                {
                    "category": "traffic sign",
                    "id": 5,
                    "attributes": {
                        "occluded": false,
                        "truncated": false,
                        "trafficLightColor": "none"
                    },
                    "box2d": {
                        "x1": 1104.811446,
                        "y1": 586.595177,
                        "x2": 1124.281412,
                        "y2": 606.065145
                    }
                },
                {
                    "category": "traffic sign",
                    "id": 6,
                    "attributes": {
                        "occluded": false,
                        "truncated": false,
                        "trafficLightColor": "none"
                    },
                    "box2d": {
                        "x1": 1091.332237,
                        "y1": 594.083626,
                        "x2": 1116.792964,
                        "y2": 625.535113
                    }
                },
                {
                    "category": "traffic sign",
                    "id": 7,
                    "attributes": {
                        "occluded": true,
                        "truncated": false,
                        "trafficLightColor": "none"
                    },
                    "box2d": {
                        "x1": 1062.87613,
                        "y1": 650.995839,
                        "x2": 1089.834548,
                        "y2": 674.958875
                    }
                }
            ]
        }
    ],
    "attributes": {
        "weather": "clear",
        "scene": "city street",
        "timeofday": "daytime"
    }
}