{
    "name": "0a5b6b75-b5beaa44",
    "frames": [
        {
            "timestamp": 10000,
            "objects": [
                {
                    "category": "car",
                    "id": 0,
                    "attributes": {
                        "occluded": true,
                        "truncated": false,
                        "trafficLightColor": "none"
                    },
                    "box2d": {
                        "x1": 278.420319,
                        "y1": 244.872101,
                        "x2": 318.857913,
                        "y2": 256.104765
                    }
                },
                {
                    "category": "car",
                    "id": 1,
                    "attributes": {
                        "occluded": true,
                        "truncated": false,
                        "trafficLightColor": "none"
                    },
                    "box2d": {
                        "x1": 332.337112,
                        "y1": 259.100144,
                        "x2": 389.998126,
                        "y2": 296.542361
                    }
                },
                {
                    "category": "car",
                    "id": 2,
                    "attributes": {
                        "occluded": true,
                        "truncated": false,
                        "trafficLightColor": "none"
                    },
                    "box2d": {
                        "x1": 587.693045,
                        "y1": 263.59321,
                        "x2": 605.665309,
                        "y2": 277.821252
                    }
                },
                {
                    "category": "car",
                    "id": 3,
                    "attributes": {
                        "occluded": true,
                        "truncated": false,
                        "trafficLightColor": "none"
                    },
                    "box2d": {
                        "x1": 605.665309,
                        "y1": 264.342054,
                        "x2": 622.139886,
                        "y2": 274.077032
                    }
                },
                {
                    "category": "car",
                    "id": 4,
                    "attributes": {
                        "occluded": true,
                        "truncated": false,
                        "trafficLightColor": "none"
                    },
                    "box2d": {
                        "x1": 697.02432,
                        "y1": 263.59321,
                        "x2": 705.261606,
                        "y2": 271.081652
                    }
                },
                {
                    "category": "car",
                    "id": 5,
                    "attributes": {
                        "occluded": false,
                        "truncated": false,
                        "trafficLightColor": "none"
                    },
                    "box2d": {
                        "x1": 665.572857,
                        "y1": 262.844365,
                        "x2": 679.8009,
                        "y2": 271.830499
                    }
                },
                {
                    "category": "car",
                    "id": 6,
                    "attributes": {
                        "occluded": false,
                        "truncated": false,
                        "trafficLightColor": "none"
                    },
                    "box2d": {
                        "x1": 685.791654,
                        "y1": 262.844365,
                        "x2": 698.522008,
                        "y2": 274.077031
                    }
                },
                {
                    "category": "car",
                    "id": 7,
                    "attributes": {
                        "occluded": false,
                        "truncated": false,
                        "trafficLightColor": "none"
                    },
                    "box2d": {
                        "x1": 712.001206,
                        "y1": 263.59321,
                        "x2": 719.48965,
                        "y2": 271.081652
                    }
                },
                {
                    "category": "car",
                    "id": 8,
                    "attributes": {
                        "occluded": false,
                        "truncated": false,
                        "trafficLightColor": "none"
                    },
                    "box2d": {
                        "x1": 727.726938,
                        "y1": 262.844365,
                        "x2": 779.397196,
                        "y2": 295.044673
                    }
                },
                {
                    "category": "car",
                    "id": 9,
                    "attributes": {
                        "occluded": false,
                        "truncated": false,
                        "trafficLightColor": "none"
                    },
                    "box2d": {
                        "x1": 231.243136,
                        "y1": 253.109389,
                        "x2": 336.081345,
                        "y2": 310.770404
                    }
                },
                {
                    "category": "truck",
                    "id": 10,
                    "attributes": {
                        "occluded": false,
                        "truncated": true,
                        "trafficLightColor": "none"
                    },
                    "box2d": {
                        "x1": 0.599078,
                        "y1": 248.616323,
                        "x2": 127.902618,
                        "y2": 335.482266
                    }
                },
                {
                    "category": "area/drivable",
                    "id": 11,
                    "attributes": {},
                    "poly2d": [
                        [
                            696.246756,
                            274.755435,
                            "L"
                        ],
                        [
                            158.177011,
                            567.127578,
                            "L"
                        ],
                        [
                            505.340387,
                            503.094427,
                            "C"
                        ],
                        [
                            806.049111,
                            513.076459,
                            "C"
                        ],
                        [
                            1058.095428,
                            546.765817,
                            "C"
                        ],
                        [
                            749.90018,
                            299.710518,
                            "L"
                        ],
                        [
                            721.201837,
                            297.215008,
                            "L"
                        ],
                        [
                            719.954083,
                            274.755435,
                            "L"
                        ],
                        [
                            696.246756,
                            274.755435,
                            "L"
                        ]
                    ]
                },
                {
                    "category": "area/alternative",
                    "id": 12,
                    "attributes": {},
                    "poly2d": [
                        [
                            761.129965,
                            300.958272,
                            "L"
                        ],
                        [
                            1088.041526,
                            548.013573,
                            "L"
                        ],
                        [
                            1280.195648,
                            577.959669,
                            "L"
                        ],
                        [
                            1280.195648,
                            521.810737,
                            "L"
                        ],
                        [
                            774.855261,
                            297.215008,
                            "L"
                        ],
                        [
                            761.129965,
                            300.958272,
                            "L"
                        ]
                    ]
                },
                {
                    "category": "area/alternative",
                    "id": 13,
                    "attributes": {},
                    "poly2d": [
                        [
                            672.539429,
                            276.003191,
                            "L"
                        ],
                        [
                            0,
                            407.017365,
                            "L"
                        ],
                        [
                            0,
                            591.684963,
                            "L"
                        ],
                        [
                            132.072763,
                            568.663122,
                            "L"
                        ],
                        [
                            686.264723,
                            276.003191,
                            "L"
                        ],
                        [
                            672.539429,
                            276.003191,
                            "L"
                        ]
                    ]
                },
                {
                    "category": "lane/road curb",
                    "id": 14,
                    "attributes": {
                        "direction": "parallel",
                        "style": "solid"
                    },
                    "poly2d": [
                        [
                            1.247754,
                            401.776802,
                            "L"
                        ],
                        [
                            581.453384,
                            294.469954,
                            "L"
                        ]
                    ]
                },
                {
                    "category": "lane/road curb",
                    "id": 15,
                    "attributes": {
                        "direction": "parallel",
                        "style": "solid"
                    },
                    "poly2d": [
                        [
                            124.775404,
                            309.443003,
                            "L"
                        ],
                        [
                            220.852466,
                            304.451986,
                            "L"
                        ]
                    ]
                },
                {
                    "category": "lane/road curb",
                    "id": 16,
                    "attributes": {
                        "direction": "parallel",
                        "style": "solid"
                    },
                    "poly2d": [
                        [
                            909.612697,
                            354.362148,
                            "L"
                        ],
                        [
                            1260.231583,
                            500.349371,
                            "L"
                        ]
                    ]
                },
                {
                    "category": "lane/single white",
                    "id": 17,
                    "attributes": {
                        "direction": "parallel",
                        "style": "solid"
                    },
                    "poly2d": [
                        [
                            751.147934,
                            300.708724,
                            "L"
                        ],
                        [
                            1049.36115,
                            545.268517,
                            "L"
                        ]
                    ]
                },
                {
                    "category": "lane/single white",
                    "id": 18,
                    "attributes": {
                        "direction": "parallel",
                        "style": "solid"
                    },
                    "poly2d": [
                        [
                            1081.802755,
                            544.020763,
                            "L"
                        ],
                        [
                            751.147934,
                            295.717708,
                            "L"
                        ]
                    ]
                },
                {
                    "category": "lane/single white",
                    "id": 19,
                    "attributes": {
                        "direction": "parallel",
                        "style": "dashed"
                    },
                    "poly2d": [
                        [
                            188.41086,
                            550.259533,
                            "L"
                        ],
                        [
                            667.548413,
                            299.46097,
                            "L"
                        ]
                    ]
                },
                {
                    "category": "lane/single white",
                    "id": 20,
                    "attributes": {
                        "direction": "parallel",
                        "style": "dashed"
                    },
                    "poly2d": [
                        [
                            160.960272,
                            549.011779,
                            "L"
                        ],
                        [
                            662.557397,
                            296.965462,
                            "L"
                        ]
                    ]
                },
                {
                    "category": "lane/single white",
                    "id": 21,
                    "attributes": {
                        "direction": "parallel",
                        "style": "dashed"
                    },
                    "poly2d": [
                        [
                            6.23877,
                            344.380116,
                            "L"
                        ],
                        [
                            288.231184,
                            314.434019,
                            "L"
                        ]
                    ]
                },
                {
                    "category": "lane/road curb",
                    "id": 22,
                    "attributes": {
                        "direction": "parallel",
                        "style": "solid"
                    },
                    "poly2d": [
                        [
                            583.948892,
                            281.992414,
                            "L"
                        ],
                        [
                            555.250549,
                            284.487922,
                            "L"
                        ]
                    ]
                },
                {
                    "category": "lane/road curb",
                    "id": 23,
                    "attributes": {
                        "direction": "parallel",
                        "style": "solid"
                    },
                    "poly2d": [
                        [
                            778.598523,
                            295.717708,
                            "C"
                        ],
                        [
                            807.296866,
                            313.186265,
                            "C"
                        ],
                        [
                            804.801358,
                            320.672789,
                            "C"
                        ],
                        [
                            879.6666,
                            314.434019,
                            "L"
                        ]
                    ]
                }
            ]
        }
    ],
    "attributes": {
        "weather": "clear",
        "scene": "residential",
        "timeofday": "daytime"
    }
}