{
    "name": "0a5b3a25-81c3be4d",
    "frames": [
        {
            "timestamp": 10000,
            "objects": [
                {
                    "category": "car",
                    "id": 0,
                    "attributes": {
                        "occluded": true,
                        "truncated": false,
                        "trafficLightColor": "none"
                    },
                    "box2d": {
                        "x1": 761.840478,
                        "y1": 305.528722,
                        "x2": 772.324307,
                        "y2": 327.994069
                    }
                },
                {
                    "category": "car",
                    "id": 1,
                    "attributes": {
                        "occluded": true,
                        "truncated": false,
                        "trafficLightColor": "none"
                    },
                    "box2d": {
                        "x1": 775.319686,
                        "y1": 299.537963,
                        "x2": 794.789654,
                        "y2": 332.487139
                    }
                },
                {
                    "category": "car",
                    "id": 2,
                    "attributes": {
                        "occluded": false,
                        "truncated": false,
                        "trafficLightColor": "none"
                    },
                    "box2d": {
                        "x1": 790.296585,
                        "y1": 313.017172,
                        "x2": 826.24114,
                        "y2": 341.473278
                    }
                },
                {
                    "category": "truck",
                    "id": 3,
                    "attributes": {
                        "occluded": false,
                        "truncated": false,
                        "trafficLightColor": "none"
                    },
                    "box2d": {
                        "x1": 835.227278,
                        "y1": 299.537963,
                        "x2": 910.111769,
                        "y2": 357.947865
                    }
                },
                {
                    "category": "car",
                    "id": 4,
                    "attributes": {
                        "occluded": true,
                        "truncated": false,
                        "trafficLightColor": "none"
                    },
                    "box2d": {
                        "x1": 652.509122,
                        "y1": 278.570305,
                        "x2": 745.36589,
                        "y2": 305.528722
                    }
                },
                {
                    "category": "traffic sign",
                    "id": 5,
                    "attributes": {
                        "occluded": true,
                        "truncated": false,
                        "trafficLightColor": "none"
                    },
                    "box2d": {
                        "x1": 1076.355339,
                        "y1": 286.058754,
                        "x2": 1098.820687,
                        "y2": 317.51024
                    }
                },
                {
                    "category": "car",
                    "id": 6,
                    "attributes": {
                        "occluded": false,
                        "truncated": true,
                        "trafficLightColor": "none"
                    },
                    "box2d": {
                        "x1": 489.260932,
                        "y1": 296.542583,
                        "x2": 811.264242,
                        "y2": 563.13137
                    }
                },
                {
                    "category": "area/alternative",
                    "id": 7,
                    "attributes": {},
                    "poly2d": [
                        [
                            810.806754,
                            363.512223,
                            "L"
                        ],
                        [
                            831.353097,
                            576.878094,
                            "L"
                        ],
                        [
                            978.338474,
                            545.268334,
                            "C"
                        ],
                        [
                            1156.93361,
                            603.746389,
                            "C"
                        ],
                        [
                            1280.195222,
                            624.292732,
                            "C"
                        ],
                        [
                            1280.195222,
                            461.502476,
                            "L"
                        ],
                        [
                            927.762861,
                            371.414664,
                            "L"
                        ],
                        [
                            810.806754,
                            363.512223,
                            "L"
                        ]
                    ]
                },
                {
                    "category": "lane/road curb",
                    "id": 8,
                    "attributes": {
                        "direction": "parallel",
                        "style": "solid"
                    },
                    "poly2d": [
                        [
                            968.257137,
                            381.812737,
                            "L"
                        ],
                        [
                            1280.195648,
                            457.925734,
                            "L"
                        ]
                    ]
                }
            ]
        }
    ],
    "attributes": {
        "weather": "rainy",
        "scene": "residential",
        "timeofday": "daytime"
    }
}