{
    "name": "0a5c57c9-1172f181",
    "frames": [
        {
            "timestamp": 10000,
            "objects": [
                {
                    "category": "traffic sign",
                    "id": 0,
                    "attributes": {
                        "occluded": false,
                        "truncated": false,
                        "trafficLightColor": "none"
                    },
                    "box2d": {
                        "x1": 637.795075,
                        "y1": 318.567961,
                        "x2": 658.068541,
                        "y2": 348.978162
                    }
                },
                {
                    "category": "traffic sign",
                    "id": 1,
                    "attributes": {
                        "occluded": false,
                        "truncated": false,
                        "trafficLightColor": "none"
                    },
                    "box2d": {
                        "x1": 1082.685035,
                        "y1": 290.410369,
                        "x2": 1099.57959,
                        "y2": 308.431229
                    }
                },
                {
                    "category": "car",
                    "id": 2,
                    "attributes": {
                        "occluded": true,
                        "truncated": false,
                        "trafficLightColor": "none"
                    },
                    "box2d": {
                        "x1": 433.934107,
                        "y1": 371.504235,
                        "x2": 458.712789,
                        "y2": 392.904005
                    }
                },
                {
                    "category": "car",
                    "id": 3,
                    "attributes": {
                        "occluded": true,
                        "truncated": false,
                        "trafficLightColor": "none"
                    },
                    "box2d": {
                        "x1": 423.797374,
                        "y1": 377.135753,
                        "x2": 438.439322,
                        "y2": 398.535523
                    }
                },
                {
                    "category": "car",
                    "id": 4,
                    "attributes": {
                        "occluded": true,
                        "truncated": false,
                        "trafficLightColor": "none"
                    },
                    "box2d": {
                        "x1": 375.366315,
                        "y1": 366.99902,
                        "x2": 431.6815,
                        "y2": 426.693115
                    }
                },
                {
                    "category": "car",
                    "id": 5,
                    "attributes": {
                        "occluded": true,
                        "truncated": false,
                        "trafficLightColor": "none"
                    },
                    "box2d": {
                        "x1": 91.537782,
                        "y1": 364.746413,
                        "x2": 234.578351,
                        "y2": 455.977011
                    }
                },
                {
                    "category": "car",
                    "id": 6,
                    "attributes": {
                        "occluded": true,
                        "truncated": false,
                        "trafficLightColor": "none"
                    },
                    "box2d": {
                        "x1": 567.964245,
                        "y1": 364.746413,
                        "x2": 649.058112,
                        "y2": 404.167042
                    }
                },
                {
                    "category": "truck",
                    "id": 7,
                    "attributes": {
                        "occluded": true,
                        "truncated": false,
                        "trafficLightColor": "none"
                    },
                    "box2d": {
                        "x1": 478.986254,
                        "y1": 327.57839,
                        "x2": 537.554046,
                        "y2": 368.125324
                    }
                },
                {
                    "category": "car",
                    "id": 8,
                    "attributes": {
                        "occluded": false,
                        "truncated": false,
                        "trafficLightColor": "none"
                    },
                    "box2d": {
                        "x1": 225.567923,
                        "y1": 341.094034,
                        "x2": 388.881959,
                        "y2": 473.99787
                    }
                },
                {
                    "category": "car",
                    "id": 9,
                    "attributes": {
                        "occluded": false,
                        "truncated": false,
                        "trafficLightColor": "none"
                    },
                    "box2d": {
                        "x1": 435.060411,
                        "y1": 361.367502,
                        "x2": 580.353588,
                        "y2": 486.387212
                    }
                },
                {
                    "category": "motor",
                    "id": 10,
                    "attributes": {
                        "occluded": true,
                        "truncated": true,
                        "trafficLightColor": "none"
                    },
                    "box2d": {
                        "x1": 0.307182,
                        "y1": 368.125324,
                        "x2": 164.747521,
                        "y2": 557.344344
                    }
                },
                {
                    "category": "rider",
                    "id": 11,
                    "attributes": {
                        "occluded": true,
                        "truncated": true,
                        "trafficLightColor": "none"
                    },
                    "box2d": {
                        "x1": 0.307182,
                        "y1": 321.946872,
                        "x2": 74.643226,
                        "y2": 521.302629
                    }
                },
                {
                    "category": "rider",
                    "id": 12,
                    "attributes": {
                        "occluded": true,
                        "truncated": false,
                        "trafficLightColor": "none"
                    },
                    "box2d": {
                        "x1": 770.698911,
                        "y1": 341.094034,
                        "x2": 830.393007,
                        "y2": 455.977011
                    }
                },
                {
                    "category": "motor",
                    "id": 13,
                    "attributes": {
                        "occluded": true,
                        "truncated": false,
                        "trafficLightColor": "none"
                    },
                    "box2d": {
                        "x1": 725.856527,
                        "y1": 362.137253,
                        "x2": 884.481418,
                        "y2": 476.887174
                    }
                },
                {
                    "category": "motor",
                    "id": 14,
                    "attributes": {
                        "occluded": true,
                        "truncated": false,
                        "trafficLightColor": "none"
                    },
                    "box2d": {
                        "x1": 974.559882,
                        "y1": 352.357071,
                        "x2": 1225.725606,
                        "y2": 544.955003
                    }
                },
                {
                    "category": "motor",
                    "id": 15,
                    "attributes": {
                        "occluded": true,
                        "truncated": true,
                        "trafficLightColor": "none"
                    },
                    "box2d": {
                        "x1": 1108.59002,
                        "y1": 311.512286,
                        "x2": 1279.356147,
                        "y2": 619.291048
                    }
                },
                {
                    "category": "person",
                    "id": 16,
                    "attributes": {
                        "occluded": true,
                        "truncated": false,
                        "trafficLightColor": "none"
                    },
                    "box2d": {
                        "x1": 583.732498,
                        "y1": 368.125324,
                        "x2": 596.121839,
                        "y2": 409.798562
                    }
                },
                {
                    "category": "area/drivable",
                    "id": 17,
                    "attributes": {},
                    "poly2d": [
                        [
                            192.233005,
                            695.259558,
                            "L"
                        ],
                        [
                            463.520557,
                            667.994477,
                            "C"
                        ],
                        [
                            711.632792,
                            682.990269,
                            "C"
                        ],
                        [
                            958.381772,
                            714.345114,
                            "C"
                        ],
                        [
                            644.944461,
                            494.44517,
                            "L"
                        ],
                        [
                            393.994603,
                            488.044944,
                            "L"
                        ],
                        [
                            192.233005,
                            695.259558,
                            "L"
                        ]
                    ]
                },
                {
                    "category": "area/alternative",
                    "id": 18,
                    "attributes": {},
                    "poly2d": [
                        [
                            0.014185,
                            580.746218,
                            "L"
                        ],
                        [
                            0.014185,
                            711.618605,
                            "L"
                        ],
                        [
                            165.854731,
                            694.06589,
                            "L"
                        ],
                        [
                            366.729522,
                            498.950976,
                            "L"
                        ],
                        [
                            201.775783,
                            482.591928,
                            "L"
                        ],
                        [
                            164.967924,
                            490.771453,
                            "L"
                        ],
                        [
                            175.873956,
                            560.297407,
                            "L"
                        ],
                        [
                            0.014185,
                            580.746218,
                            "L"
                        ]
                    ]
                },
                {
                    "category": "lane/single white",
                    "id": 19,
                    "attributes": {
                        "direction": "parallel",
                        "style": "dashed"
                    },
                    "poly2d": [
                        [
                            431.005265,
                            446.352634,
                            "L"
                        ],
                        [
                            170.100001,
                            697.026319,
                            "L"
                        ]
                    ]
                },
                {
                    "category": "lane/single white",
                    "id": 20,
                    "attributes": {
                        "direction": "parallel",
                        "style": "dashed"
                    },
                    "poly2d": [
                        [
                            432.284213,
                            456.584213,
                            "L"
                        ],
                        [
                            185.447369,
                            698.305267,
                            "L"
                        ]
                    ]
                },
                {
                    "category": "lane/road curb",
                    "id": 21,
                    "attributes": {
                        "direction": "parallel",
                        "style": "solid"
                    },
                    "poly2d": [
                        [
                            575.526319,
                            437.400002,
                            "L"
                        ],
                        [
                            973.278952,
                            720.047372,
                            "L"
                        ]
                    ]
                },
                {
                    "category": "lane/road curb",
                    "id": 22,
                    "attributes": {
                        "direction": "parallel",
                        "style": "solid"
                    },
                    "poly2d": [
                        [
                            226.373685,
                            471.931581,
                            "L"
                        ],
                        [
                            156.03158,
                            491.115792,
                            "L"
                        ]
                    ]
                }
            ]
        }
    ],
    "attributes": {
        "weather": "partly cloudy",
        "scene": "city street",
        "timeofday": "dawn/dusk"
    }
}