{
    "name": "0a5d7668-7c50fbc3",
    "frames": [
        {
            "timestamp": 10000,
            "objects": [
                {
                    "category": "car",
                    "id": 0,
                    "attributes": {
                        "occluded": true,
                        "truncated": false,
                        "trafficLightColor": "none"
                    },
                    "box2d": {
                        "x1": 62.083477,
                        "y1": 275.091025,
                        "x2": 203.476411,
                        "y2": 363.844166
                    }
                },
                {
                    "category": "car",
                    "id": 1,
                    "attributes": {
                        "occluded": true,
                        "truncated": false,
                        "trafficLightColor": "none"
                    },
                    "box2d": {
                        "x1": 261.012929,
                        "y1": 294.065836,
                        "x2": 302.635093,
                        "y2": 352.826536
                    }
                },
                {
                    "category": "car",
                    "id": 2,
                    "attributes": {
                        "occluded": true,
                        "truncated": false,
                        "trafficLightColor": "none"
                    },
                    "box2d": {
                        "x1": 340.234949,
                        "y1": 325.282458,
                        "x2": 367.779028,
                        "y2": 346.093539
                    }
                },
                {
                    "category": "car",
                    "id": 3,
                    "attributes": {
                        "occluded": true,
                        "truncated": false,
                        "trafficLightColor": "none"
                    },
                    "box2d": {
                        "x1": 551.930867,
                        "y1": 333.58941,
                        "x2": 577.551235,
                        "y2": 359.909307
                    }
                },
                {
                    "category": "car",
                    "id": 4,
                    "attributes": {
                        "occluded": false,
                        "truncated": false,
                        "trafficLightColor": "none"
                    },
                    "box2d": {
                        "x1": 411.324901,
                        "y1": 302.984861,
                        "x2": 540.476024,
                        "y2": 418.057898
                    }
                },
                {
                    "category": "car",
                    "id": 5,
                    "attributes": {
                        "occluded": false,
                        "truncated": false,
                        "trafficLightColor": "none"
                    },
                    "box2d": {
                        "x1": 575.36519,
                        "y1": 322.571779,
                        "x2": 649.777929,
                        "y2": 381.507355
                    }
                },
                {
                    "category": "car",
                    "id": 6,
                    "attributes": {
                        "occluded": false,
                        "truncated": false,
                        "trafficLightColor": "none"
                    },
                    "box2d": {
                        "x1": 645.843068,
                        "y1": 326.856413,
                        "x2": 819.676806,
                        "y2": 435.808545
                    }
                },
                {
                    "category": "car",
                    "id": 7,
                    "attributes": {
                        "occluded": false,
                        "truncated": true,
                        "trafficLightColor": "none"
                    },
                    "box2d": {
                        "x1": 1170.385318,
                        "y1": 513.152494,
                        "x2": 1277.791436,
                        "y2": 615.722701
                    }
                },
                {
                    "category": "car",
                    "id": 8,
                    "attributes": {
                        "occluded": true,
                        "truncated": false,
                        "trafficLightColor": "none"
                    },
                    "box2d": {
                        "x1": 645.79913,
                        "y1": 329.083662,
                        "x2": 667.848287,
                        "y2": 359.401251
                    }
                },
                {
                    "category": "car",
                    "id": 9,
                    "attributes": {
                        "occluded": true,
                        "truncated": false,
                        "trafficLightColor": "none"
                    },
                    "box2d": {
                        "x1": 531.878487,
                        "y1": 329.083662,
                        "x2": 546.577924,
                        "y2": 350.214104
                    }
                },
                {
                    "category": "area/drivable",
                    "id": 10,
                    "attributes": {},
                    "poly2d": [
                        [
                            385.437524,
                            419.715353,
                            "L"
                        ],
                        [
                            203.383909,
                            550.50908,
                            "L"
                        ],
                        [
                            426.731883,
                            520.562983,
                            "C"
                        ],
                        [
                            591.435416,
                            541.774802,
                            "C"
                        ],
                        [
                            757.386704,
                            562.986619,
                            "C"
                        ],
                        [
                            611.162493,
                            425.857529,
                            "L"
                        ],
                        [
                            385.437524,
                            419.715353,
                            "L"
                        ]
                    ]
                },
                {
                    "category": "area/alternative",
                    "id": 11,
                    "attributes": {},
                    "poly2d": [
                        [
                            667.548413,
                            463.166296,
                            "L"
                        ],
                        [
                            874.675584,
                            439.458969,
                            "L"
                        ],
                        [
                            1172.888801,
                            528.049507,
                            "L"
                        ],
                        [
                            1160.41126,
                            592.932717,
                            "L"
                        ],
                        [
                            1078.059493,
                            581.702931,
                            "C"
                        ],
                        [
                            1009.43302,
                            582.950684,
                            "C"
                        ],
                        [
                            897.135157,
                            586.693948,
                            "C"
                        ],
                        [
                            782.341784,
                            565.482129,
                            "L"
                        ],
                        [
                            667.548413,
                            463.166296,
                            "L"
                        ]
                    ]
                },
                {
                    "category": "area/alternative",
                    "id": 12,
                    "attributes": {},
                    "poly2d": [
                        [
                            827.26093,
                            418.24715,
                            "L"
                        ],
                        [
                            824.765423,
                            392.044316,
                            "L"
                        ],
                        [
                            1280.195648,
                            471.900575,
                            "L"
                        ],
                        [
                            1280.195648,
                            511.828705,
                            "L"
                        ],
                        [
                            1184.118587,
                            521.810737,
                            "L"
                        ],
                        [
                            827.26093,
                            418.24715,
                            "L"
                        ]
                    ]
                },
                {
                    "category": "lane/single white",
                    "id": 13,
                    "attributes": {
                        "direction": "parallel",
                        "style": "solid"
                    },
                    "poly2d": [
                        [
                            823.152976,
                            389.599103,
                            "L"
                        ],
                        [
                            1279.683206,
                            474.511727,
                            "L"
                        ]
                    ]
                },
                {
                    "category": "lane/road curb",
                    "id": 14,
                    "attributes": {
                        "direction": "parallel",
                        "style": "solid"
                    },
                    "poly2d": [
                        [
                            821.155031,
                            381.607326,
                            "L"
                        ],
                        [
                            1279.683206,
                            466.519951,
                            "L"
                        ]
                    ]
                },
                {
                    "category": "lane/single white",
                    "id": 15,
                    "attributes": {
                        "direction": "parallel",
                        "style": "solid"
                    },
                    "poly2d": [
                        [
                            828.147836,
                            387.601158,
                            "L"
                        ],
                        [
                            1279.683206,
                            468.517895,
                            "L"
                        ]
                    ]
                },
                {
                    "category": "lane/single yellow",
                    "id": 16,
                    "attributes": {
                        "direction": "parallel",
                        "style": "solid"
                    },
                    "poly2d": [
                        [
                            410.577516,
                            399.588823,
                            "L"
                        ],
                        [
                            199.794412,
                            552.431548,
                            "L"
                        ]
                    ]
                },
                {
                    "category": "lane/single yellow",
                    "id": 17,
                    "attributes": {
                        "direction": "parallel",
                        "style": "solid"
                    },
                    "poly2d": [
                        [
                            410.577516,
                            391.597047,
                            "L"
                        ],
                        [
                            165.829362,
                            556.427436,
                            "L"
                        ]
                    ]
                },
                {
                    "category": "lane/road curb",
                    "id": 18,
                    "attributes": {
                        "direction": "parallel",
                        "style": "solid"
                    },
                    "poly2d": [
                        [
                            411.576488,
                            386.602186,
                            "L"
                        ],
                        [
                            117.878703,
                            559.424352,
                            "L"
                        ]
                    ]
                },
                {
                    "category": "lane/single white",
                    "id": 19,
                    "attributes": {
                        "direction": "parallel",
                        "style": "dashed"
                    },
                    "poly2d": [
                        [
                            559.424352,
                            378.61041,
                            "L"
                        ],
                        [
                            766.211568,
                            563.420241,
                            "L"
                        ]
                    ]
                },
                {
                    "category": "lane/single white",
                    "id": 20,
                    "attributes": {
                        "direction": "parallel",
                        "style": "dashed"
                    },
                    "poly2d": [
                        [
                            562.421269,
                            374.614522,
                            "L"
                        ],
                        [
                            785.192037,
                            566.417157,
                            "L"
                        ]
                    ]
                },
                {
                    "category": "lane/single white",
                    "id": 21,
                    "attributes": {
                        "direction": "parallel",
                        "style": "dashed"
                    },
                    "poly2d": [
                        [
                            812.164283,
                            420.567236,
                            "L"
                        ],
                        [
                            1192.772637,
                            536.447995,
                            "L"
                        ]
                    ]
                },
                {
                    "category": "lane/single white",
                    "id": 22,
                    "attributes": {
                        "direction": "parallel",
                        "style": "dashed"
                    },
                    "poly2d": [
                        [
                            820.156059,
                            418.569292,
                            "L"
                        ],
                        [
                            1196.768525,
                            529.455191,
                            "L"
                        ]
                    ]
                }
            ]
        }
    ],
    "attributes": {
        "weather": "undefined",
        "scene": "tunnel",
        "timeofday": "daytime"
    }
}