{
    "name": "0a5db8bf-78974bc0",
    "frames": [
        {
            "timestamp": 10000,
            "objects": [
                {
                    "category": "traffic sign",
                    "id": 0,
                    "attributes": {
                        "occluded": false,
                        "truncated": false,
                        "trafficLightColor": "none"
                    },
                    "box2d": {
                        "x1": 902.404014,
                        "y1": 24.568704,
                        "x2": 999.143287,
                        "y2": 165.838753
                    }
                },
                {
                    "category": "traffic sign",
                    "id": 1,
                    "attributes": {
                        "occluded": false,
                        "truncated": true,
                        "trafficLightColor": "none"
                    },
                    "box2d": {
                        "x1": 1089.740384,
                        "y1": 0,
                        "x2": 1180.33748,
                        "y2": 32.246424
                    }
                },
                {
                    "category": "traffic sign",
                    "id": 2,
                    "attributes": {
                        "occluded": false,
                        "truncated": false,
                        "trafficLightColor": "none"
                    },
                    "box2d": {
                        "x1": 1062.100591,
                        "y1": 30.71088,
                        "x2": 1220.261623,
                        "y2": 176.587561
                    }
                },
                {
                    "category": "traffic sign",
                    "id": 3,
                    "attributes": {
                        "occluded": false,
                        "truncated": true,
                        "trafficLightColor": "none"
                    },
                    "box2d": {
                        "x1": 345.001541,
                        "y1": 0,
                        "x2": 727.351998,
                        "y2": 155.089944
                    }
                },
                {
                    "category": "traffic sign",
                    "id": 4,
                    "attributes": {
                        "occluded": false,
                        "truncated": false,
                        "trafficLightColor": "none"
                    },
                    "box2d": {
                        "x1": 429.456461,
                        "y1": 314.786521,
                        "x2": 454.025165,
                        "y2": 325.535329
                    }
                },
                {
                    "category": "traffic sign",
                    "id": 5,
                    "attributes": {
                        "occluded": false,
                        "truncated": false,
                        "trafficLightColor": "none"
                    },
                    "box2d": {
                        "x1": 403.352214,
                        "y1": 323.999785,
                        "x2": 455.560709,
                        "y2": 366.995018
                    }
                },
                {
                    "category": "traffic sign",
                    "id": 6,
                    "attributes": {
                        "occluded": true,
                        "truncated": false,
                        "trafficLightColor": "none"
                    },
                    "box2d": {
                        "x1": 531.543222,
                        "y1": 349.371132,
                        "x2": 578.40423,
                        "y2": 371.601648
                    }
                },
                {
                    "category": "traffic sign",
                    "id": 7,
                    "attributes": {
                        "occluded": true,
                        "truncated": false,
                        "trafficLightColor": "none"
                    },
                    "box2d": {
                        "x1": 586.081949,
                        "y1": 351.639578,
                        "x2": 638.290445,
                        "y2": 373.137193
                    }
                },
                {
                    "category": "traffic sign",
                    "id": 8,
                    "attributes": {
                        "occluded": true,
                        "truncated": false,
                        "trafficLightColor": "none"
                    },
                    "box2d": {
                        "x1": 693.57003,
                        "y1": 380.814913,
                        "x2": 733.494174,
                        "y2": 413.061337
                    }
                },
                {
                    "category": "traffic sign",
                    "id": 9,
                    "attributes": {
                        "occluded": false,
                        "truncated": false,
                        "trafficLightColor": "none"
                    },
                    "box2d": {
                        "x1": 403.352214,
                        "y1": 380.814913,
                        "x2": 432.527549,
                        "y2": 408.454705
                    }
                },
                {
                    "category": "car",
                    "id": 10,
                    "attributes": {
                        "occluded": true,
                        "truncated": false,
                        "trafficLightColor": "none"
                    },
                    "box2d": {
                        "x1": 206.80258,
                        "y1": 446.843305,
                        "x2": 251.333356,
                        "y2": 485.231905
                    }
                },
                {
                    "category": "car",
                    "id": 11,
                    "attributes": {
                        "occluded": true,
                        "truncated": false,
                        "trafficLightColor": "none"
                    },
                    "box2d": {
                        "x1": 384.925685,
                        "y1": 451.449938,
                        "x2": 418.707652,
                        "y2": 480.625275
                    }
                },
                {
                    "category": "truck",
                    "id": 12,
                    "attributes": {
                        "occluded": true,
                        "truncated": false,
                        "trafficLightColor": "none"
                    },
                    "box2d": {
                        "x1": 417.172109,
                        "y1": 429.952321,
                        "x2": 454.025165,
                        "y2": 480.625273
                    }
                },
                {
                    "category": "car",
                    "id": 13,
                    "attributes": {
                        "occluded": false,
                        "truncated": true,
                        "trafficLightColor": "none"
                    },
                    "box2d": {
                        "x1": 0,
                        "y1": 357.781753,
                        "x2": 196.053772,
                        "y2": 515.942785
                    }
                },
                {
                    "category": "truck",
                    "id": 14,
                    "attributes": {
                        "occluded": true,
                        "truncated": false,
                        "trafficLightColor": "none"
                    },
                    "box2d": {
                        "x1": 240.584548,
                        "y1": 390.028177,
                        "x2": 363.428068,
                        "y2": 466.805377
                    }
                },
                {
                    "category": "car",
                    "id": 15,
                    "attributes": {
                        "occluded": false,
                        "truncated": false,
                        "trafficLightColor": "none"
                    },
                    "box2d": {
                        "x1": 223.693564,
                        "y1": 449.914393,
                        "x2": 395.674493,
                        "y2": 534.369314
                    }
                },
                {
                    "category": "car",
                    "id": 16,
                    "attributes": {
                        "occluded": true,
                        "truncated": false,
                        "trafficLightColor": "none"
                    },
                    "box2d": {
                        "x1": 733.494174,
                        "y1": 454.521025,
                        "x2": 788.773758,
                        "y2": 503.658434
                    }
                },
                {
                    "category": "car",
                    "id": 17,
                    "attributes": {
                        "occluded": true,
                        "truncated": false,
                        "trafficLightColor": "none"
                    },
                    "box2d": {
                        "x1": 877.83531,
                        "y1": 451.449938,
                        "x2": 902.404014,
                        "y2": 500.587347
                    }
                },
                {
                    "category": "car",
                    "id": 18,
                    "attributes": {
                        "occluded": true,
                        "truncated": false,
                        "trafficLightColor": "none"
                    },
                    "box2d": {
                        "x1": 902.404014,
                        "y1": 462.198745,
                        "x2": 950.005878,
                        "y2": 508.265065
                    }
                },
                {
                    "category": "car",
                    "id": 19,
                    "attributes": {
                        "occluded": false,
                        "truncated": false,
                        "trafficLightColor": "none"
                    },
                    "box2d": {
                        "x1": 788.773758,
                        "y1": 445.307761,
                        "x2": 877.83531,
                        "y2": 512.871698
                    }
                },
                {
                    "category": "car",
                    "id": 20,
                    "attributes": {
                        "occluded": false,
                        "truncated": false,
                        "trafficLightColor": "none"
                    },
                    "box2d": {
                        "x1": 926.972718,
                        "y1": 422.274601,
                        "x2": 1175.730847,
                        "y2": 566.615738
                    }
                },
                {
                    "category": "car",
                    "id": 21,
                    "attributes": {
                        "occluded": true,
                        "truncated": true,
                        "trafficLightColor": "none"
                    },
                    "box2d": {
                        "x1": 1160.375407,
                        "y1": 445.307761,
                        "x2": 1280,
                        "y2": 557.402474
                    }
                },
                {
                    "category": "car",
                    "id": 22,
                    "attributes": {
                        "occluded": false,
                        "truncated": false,
                        "trafficLightColor": "none"
                    },
                    "box2d": {
                        "x1": 434.063093,
                        "y1": 371.60165,
                        "x2": 733.494174,
                        "y2": 632.644131
                    }
                },
                {
                    "category": "area/alternative",
                    "id": 23,
                    "attributes": {},
                    "poly2d": [
                        [
                            991.964464,
                            573.96686,
                            "L"
                        ],
                        [
                            1280.195648,
                            572.719106,
                            "L"
                        ],
                        [
                            1280.195648,
                            661.309643,
                            "L"
                        ],
                        [
                            991.964464,
                            573.96686,
                            "L"
                        ]
                    ]
                },
                {
                    "category": "lane/single yellow",
                    "id": 24,
                    "attributes": {
                        "direction": "parallel",
                        "style": "solid"
                    },
                    "poly2d": [
                        [
                            429.203359,
                            579.652888,
                            "L"
                        ],
                        [
                            309.031783,
                            643.417963,
                            "L"
                        ]
                    ]
                },
                {
                    "category": "lane/single yellow",
                    "id": 25,
                    "attributes": {
                        "direction": "parallel",
                        "style": "solid"
                    },
                    "poly2d": [
                        [
                            430.020853,
                            570.660378,
                            "L"
                        ],
                        [
                            282.871985,
                            639.330459,
                            "L"
                        ]
                    ]
                },
                {
                    "category": "lane/road curb",
                    "id": 26,
                    "attributes": {
                        "direction": "parallel",
                        "style": "solid"
                    },
                    "poly2d": [
                        [
                            412.035991,
                            573.11288,
                            "L"
                        ],
                        [
                            257.52968,
                            643.417963,
                            "L"
                        ]
                    ]
                },
                {
                    "category": "lane/single white",
                    "id": 27,
                    "attributes": {
                        "direction": "parallel",
                        "style": "solid"
                    },
                    "poly2d": [
                        [
                            729.223551,
                            533.055334,
                            "L"
                        ],
                        [
                            957.304297,
                            658.950481,
                            "L"
                        ]
                    ]
                },
                {
                    "category": "lane/single white",
                    "id": 28,
                    "attributes": {
                        "direction": "parallel",
                        "style": "solid"
                    },
                    "poly2d": [
                        [
                            730.858538,
                            523.245322,
                            "L"
                        ],
                        [
                            1025.156275,
                            663.037986,
                            "L"
                        ]
                    ]
                },
                {
                    "category": "lane/single white",
                    "id": 29,
                    "attributes": {
                        "direction": "parallel",
                        "style": "solid"
                    },
                    "poly2d": [
                        [
                            763.558287,
                            510.982807,
                            "L"
                        ],
                        [
                            1280.195152,
                            677.753003,
                            "L"
                        ]
                    ]
                },
                {
                    "category": "lane/single white",
                    "id": 30,
                    "attributes": {
                        "direction": "parallel",
                        "style": "solid"
                    },
                    "poly2d": [
                        [
                            767.645755,
                            506.077802,
                            "L"
                        ],
                        [
                            1280.195152,
                            660.585483,
                            "L"
                        ]
                    ]
                },
                {
                    "category": "lane/single white",
                    "id": 31,
                    "attributes": {
                        "direction": "parallel",
                        "style": "solid"
                    },
                    "poly2d": [
                        [
                            230.552387,
                            533.055334,
                            "L"
                        ],
                        [
                            0,
                            560.850366,
                            "L"
                        ]
                    ]
                },
                {
                    "category": "lane/single white",
                    "id": 32,
                    "attributes": {
                        "direction": "parallel",
                        "style": "solid"
                    },
                    "poly2d": [
                        [
                            226.464918,
                            528.150328,
                            "L"
                        ],
                        [
                            0,
                            555.127859,
                            "L"
                        ]
                    ]
                },
                {
                    "category": "lane/single white",
                    "id": 33,
                    "attributes": {
                        "direction": "parallel",
                        "style": "solid"
                    },
                    "poly2d": [
                        [
                            187.22522,
                            508.530305,
                            "L"
                        ],
                        [
                            0,
                            528.967828,
                            "L"
                        ]
                    ]
                },
                {
                    "category": "lane/single white",
                    "id": 34,
                    "attributes": {
                        "direction": "parallel",
                        "style": "dashed"
                    },
                    "poly2d": [
                        [
                            878.8249,
                            510.982807,
                            "L"
                        ],
                        [
                            930.327004,
                            519.157817,
                            "L"
                        ]
                    ]
                }
            ]
        }
    ],
    "attributes": {
        "weather": "clear",
        "scene": "highway",
        "timeofday": "night"
    }
}