{
    "name": "0a6bb27d-d6082dc4",
    "frames": [
        {
            "timestamp": 10000,
            "objects": [
                {
                    "category": "traffic light",
                    "id": 0,
                    "attributes": {
                        "occluded": false,
                        "truncated": false,
                        "trafficLightColor": "green"
                    },
                    "box2d": {
                        "x1": 440.547118,
                        "y1": 328.662134,
                        "x2": 454.532739,
                        "y2": 347.892366
                    }
                },
                {
                    "category": "traffic light",
                    "id": 1,
                    "attributes": {
                        "occluded": false,
                        "truncated": false,
                        "trafficLightColor": "green"
                    },
                    "box2d": {
                        "x1": 650.33146,
                        "y1": 305.935497,
                        "x2": 664.317083,
                        "y2": 330.410338
                    }
                },
                {
                    "category": "traffic light",
                    "id": 2,
                    "attributes": {
                        "occluded": false,
                        "truncated": false,
                        "trafficLightColor": "green"
                    },
                    "box2d": {
                        "x1": 730.748788,
                        "y1": 342.647758,
                        "x2": 742.986209,
                        "y2": 358.381584
                    }
                },
                {
                    "category": "traffic light",
                    "id": 3,
                    "attributes": {
                        "occluded": false,
                        "truncated": false,
                        "trafficLightColor": "green"
                    },
                    "box2d": {
                        "x1": 596.137171,
                        "y1": 363.626192,
                        "x2": 608.37459,
                        "y2": 377.611815
                    }
                },
                {
                    "category": "traffic light",
                    "id": 4,
                    "attributes": {
                        "occluded": false,
                        "truncated": false,
                        "trafficLightColor": "green"
                    },
                    "box2d": {
                        "x1": 538.446476,
                        "y1": 360.129786,
                        "x2": 548.935694,
                        "y2": 375.86361
                    }
                },
                {
                    "category": "traffic light",
                    "id": 5,
                    "attributes": {
                        "occluded": false,
                        "truncated": false,
                        "trafficLightColor": "red"
                    },
                    "box2d": {
                        "x1": 746.482616,
                        "y1": 372.367207,
                        "x2": 756.971833,
                        "y2": 388.101031
                    }
                },
                {
                    "category": "traffic light",
                    "id": 6,
                    "attributes": {
                        "occluded": false,
                        "truncated": false,
                        "trafficLightColor": "red"
                    },
                    "box2d": {
                        "x1": 367.122598,
                        "y1": 377.611815,
                        "x2": 381.108221,
                        "y2": 391.597438
                    }
                },
                {
                    "category": "traffic sign",
                    "id": 7,
                    "attributes": {
                        "occluded": false,
                        "truncated": false,
                        "trafficLightColor": "none"
                    },
                    "box2d": {
                        "x1": 258.734021,
                        "y1": 335.654947,
                        "x2": 288.45347,
                        "y2": 347.892367
                    }
                },
                {
                    "category": "traffic light",
                    "id": 8,
                    "attributes": {
                        "occluded": false,
                        "truncated": false,
                        "trafficLightColor": "red"
                    },
                    "box2d": {
                        "x1": 270.971441,
                        "y1": 367.122598,
                        "x2": 290.201672,
                        "y2": 377.611815
                    }
                },
                {
                    "category": "traffic sign",
                    "id": 9,
                    "attributes": {
                        "occluded": false,
                        "truncated": false,
                        "trafficLightColor": "none"
                    },
                    "box2d": {
                        "x1": 393.345642,
                        "y1": 332.158541,
                        "x2": 440.547119,
                        "y2": 342.647758
                    }
                },
                {
                    "category": "traffic sign",
                    "id": 10,
                    "attributes": {
                        "occluded": false,
                        "truncated": false,
                        "trafficLightColor": "none"
                    },
                    "box2d": {
                        "x1": 678.302706,
                        "y1": 307.683701,
                        "x2": 742.986211,
                        "y2": 321.669324
                    }
                },
                {
                    "category": "traffic sign",
                    "id": 11,
                    "attributes": {
                        "occluded": false,
                        "truncated": false,
                        "trafficLightColor": "none"
                    },
                    "box2d": {
                        "x1": 737.741603,
                        "y1": 351.388771,
                        "x2": 760.46824,
                        "y2": 363.626191
                    }
                },
                {
                    "category": "traffic sign",
                    "id": 12,
                    "attributes": {
                        "occluded": false,
                        "truncated": false,
                        "trafficLightColor": "none"
                    },
                    "box2d": {
                        "x1": 638.094038,
                        "y1": 365.374395,
                        "x2": 648.583256,
                        "y2": 379.360018
                    }
                },
                {
                    "category": "car",
                    "id": 13,
                    "attributes": {
                        "occluded": true,
                        "truncated": false,
                        "trafficLightColor": "none"
                    },
                    "box2d": {
                        "x1": 536.698274,
                        "y1": 396.842046,
                        "x2": 564.66952,
                        "y2": 428.309698
                    }
                },
                {
                    "category": "car",
                    "id": 14,
                    "attributes": {
                        "occluded": true,
                        "truncated": false,
                        "trafficLightColor": "none"
                    },
                    "box2d": {
                        "x1": 506.978826,
                        "y1": 400.338452,
                        "x2": 538.446474,
                        "y2": 428.309698
                    }
                },
                {
                    "category": "car",
                    "id": 15,
                    "attributes": {
                        "occluded": true,
                        "truncated": false,
                        "trafficLightColor": "none"
                    },
                    "box2d": {
                        "x1": 470.266566,
                        "y1": 402.086655,
                        "x2": 506.978827,
                        "y2": 428.309699
                    }
                },
                {
                    "category": "car",
                    "id": 16,
                    "attributes": {
                        "occluded": true,
                        "truncated": false,
                        "trafficLightColor": "none"
                    },
                    "box2d": {
                        "x1": 452.784537,
                        "y1": 409.079466,
                        "x2": 473.762972,
                        "y2": 431.806103
                    }
                },
                {
                    "category": "car",
                    "id": 17,
                    "attributes": {
                        "occluded": false,
                        "truncated": false,
                        "trafficLightColor": "none"
                    },
                    "box2d": {
                        "x1": 363.626192,
                        "y1": 403.834859,
                        "x2": 454.53274,
                        "y2": 450.337063
                    }
                },
                {
                    "category": "car",
                    "id": 18,
                    "attributes": {
                        "occluded": true,
                        "truncated": false,
                        "trafficLightColor": "none"
                    },
                    "box2d": {
                        "x1": 298.942686,
                        "y1": 407.331264,
                        "x2": 347.892367,
                        "y2": 447.539927
                    }
                },
                {
                    "category": "car",
                    "id": 19,
                    "attributes": {
                        "occluded": true,
                        "truncated": false,
                        "trafficLightColor": "none"
                    },
                    "box2d": {
                        "x1": 256.985818,
                        "y1": 407.331264,
                        "x2": 312.92831,
                        "y2": 459.777348
                    }
                },
                {
                    "category": "car",
                    "id": 20,
                    "attributes": {
                        "occluded": false,
                        "truncated": true,
                        "trafficLightColor": "none"
                    },
                    "box2d": {
                        "x1": 0,
                        "y1": 372.367207,
                        "x2": 265.726833,
                        "y2": 540.19468
                    }
                },
                {
                    "category": "car",
                    "id": 21,
                    "attributes": {
                        "occluded": false,
                        "truncated": false,
                        "trafficLightColor": "none"
                    },
                    "box2d": {
                        "x1": 562.921317,
                        "y1": 399.639183,
                        "x2": 618.863809,
                        "y2": 443.344254
                    }
                },
                {
                    "category": "car",
                    "id": 22,
                    "attributes": {
                        "occluded": true,
                        "truncated": false,
                        "trafficLightColor": "none"
                    },
                    "box2d": {
                        "x1": 613.619199,
                        "y1": 396.142776,
                        "x2": 629.353026,
                        "y2": 413.624804
                    }
                },
                {
                    "category": "car",
                    "id": 23,
                    "attributes": {
                        "occluded": true,
                        "truncated": false,
                        "trafficLightColor": "none"
                    },
                    "box2d": {
                        "x1": 629.353025,
                        "y1": 394.394572,
                        "x2": 646.835053,
                        "y2": 417.121211
                    }
                },
                {
                    "category": "car",
                    "id": 24,
                    "attributes": {
                        "occluded": true,
                        "truncated": false,
                        "trafficLightColor": "none"
                    },
                    "box2d": {
                        "x1": 645.086851,
                        "y1": 394.394572,
                        "x2": 660.820677,
                        "y2": 418.869413
                    }
                },
                {
                    "category": "car",
                    "id": 25,
                    "attributes": {
                        "occluded": true,
                        "truncated": false,
                        "trafficLightColor": "none"
                    },
                    "box2d": {
                        "x1": 660.820677,
                        "y1": 396.142776,
                        "x2": 688.791921,
                        "y2": 422.365819
                    }
                },
                {
                    "category": "car",
                    "id": 26,
                    "attributes": {
                        "occluded": true,
                        "truncated": false,
                        "trafficLightColor": "none"
                    },
                    "box2d": {
                        "x1": 701.029343,
                        "y1": 387.401761,
                        "x2": 748.230821,
                        "y2": 443.344254
                    }
                },
                {
                    "category": "car",
                    "id": 27,
                    "attributes": {
                        "occluded": true,
                        "truncated": false,
                        "trafficLightColor": "none"
                    },
                    "box2d": {
                        "x1": 727.252384,
                        "y1": 401.387383,
                        "x2": 790.187686,
                        "y2": 457.329875
                    }
                },
                {
                    "category": "car",
                    "id": 28,
                    "attributes": {
                        "occluded": true,
                        "truncated": false,
                        "trafficLightColor": "none"
                    },
                    "box2d": {
                        "x1": 777.950268,
                        "y1": 401.387383,
                        "x2": 860.115802,
                        "y2": 480.056512
                    }
                },
                {
                    "category": "car",
                    "id": 29,
                    "attributes": {
                        "occluded": true,
                        "truncated": false,
                        "trafficLightColor": "none"
                    },
                    "box2d": {
                        "x1": 840.885571,
                        "y1": 406.631994,
                        "x2": 959.763363,
                        "y2": 508.027758
                    }
                },
                {
                    "category": "car",
                    "id": 30,
                    "attributes": {
                        "occluded": true,
                        "truncated": false,
                        "trafficLightColor": "none"
                    },
                    "box2d": {
                        "x1": 937.735998,
                        "y1": 382.157153,
                        "x2": 1206.959236,
                        "y2": 570.963061
                    }
                },
                {
                    "category": "car",
                    "id": 31,
                    "attributes": {
                        "occluded": false,
                        "truncated": true,
                        "trafficLightColor": "none"
                    },
                    "box2d": {
                        "x1": 1144.023933,
                        "y1": 385.653559,
                        "x2": 1278.635552,
                        "y2": 588.44509
                    }
                },
                {
                    "category": "area/drivable",
                    "id": 32,
                    "attributes": {},
                    "poly2d": [
                        [
                            489.944185,
                            445.837188,
                            "L"
                        ],
                        [
                            0,
                            590.962089,
                            "L"
                        ],
                        [
                            0,
                            720.562004,
                            "L"
                        ],
                        [
                            348.194282,
                            720.562004,
                            "L"
                        ],
                        [
                            636.756582,
                            638.212056,
                            "C"
                        ],
                        [
                            915.193892,
                            687.149524,
                            "C"
                        ],
                        [
                            1149.756231,
                            720.562004,
                            "C"
                        ],
                        [
                            689.069047,
                            450.899684,
                            "L"
                        ],
                        [
                            489.944185,
                            445.837188,
                            "L"
                        ]
                    ]
                },
                {
                    "category": "lane/road curb",
                    "id": 33,
                    "attributes": {
                        "direction": "parallel",
                        "style": "solid"
                    },
                    "poly2d": [
                        [
                            677.190885,
                            439.165586,
                            "L"
                        ],
                        [
                            1168.564966,
                            714.027962,
                            "L"
                        ]
                    ]
                },
                {
                    "category": "lane/road curb",
                    "id": 34,
                    "attributes": {
                        "direction": "parallel",
                        "style": "solid"
                    },
                    "poly2d": [
                        [
                            1137.854085,
                            707.885787,
                            "L"
                        ],
                        [
                            667.97762,
                            442.236673,
                            "L"
                        ]
                    ]
                },
                {
                    "category": "lane/crosswalk",
                    "id": 35,
                    "attributes": {
                        "direction": "vertical",
                        "style": "dashed"
                    },
                    "poly2d": [
                        [
                            594.271508,
                            433.023409,
                            "L"
                        ],
                        [
                            704.830676,
                            434.558954,
                            "L"
                        ]
                    ]
                }
            ]
        }
    ],
    "attributes": {
        "weather": "clear",
        "scene": "city street",
        "timeofday": "night"
    }
}