{
    "name": "0a6c1516-8bf6c4a6",
    "frames": [
        {
            "timestamp": 10000,
            "objects": [
                {
                    "category": "car",
                    "id": 0,
                    "attributes": {
                        "occluded": true,
                        "truncated": false,
                        "trafficLightColor": "none"
                    },
                    "box2d": {
                        "x1": 106.3676,
                        "y1": 254.039747,
                        "x2": 174.620843,
                        "y2": 285.773729
                    }
                },
                {
                    "category": "car",
                    "id": 1,
                    "attributes": {
                        "occluded": true,
                        "truncated": false,
                        "trafficLightColor": "none"
                    },
                    "box2d": {
                        "x1": 246.31613,
                        "y1": 257.565747,
                        "x2": 270.998113,
                        "y2": 290.475059
                    }
                },
                {
                    "category": "car",
                    "id": 2,
                    "attributes": {
                        "occluded": true,
                        "truncated": false,
                        "trafficLightColor": "none"
                    },
                    "box2d": {
                        "x1": 333.794455,
                        "y1": 267.03557,
                        "x2": 352.599778,
                        "y2": 284.665558
                    }
                },
                {
                    "category": "car",
                    "id": 3,
                    "attributes": {
                        "occluded": true,
                        "truncated": false,
                        "trafficLightColor": "none"
                    },
                    "box2d": {
                        "x1": 349.073779,
                        "y1": 262.334238,
                        "x2": 372.580431,
                        "y2": 285.840891
                    }
                },
                {
                    "category": "car",
                    "id": 4,
                    "attributes": {
                        "occluded": false,
                        "truncated": false,
                        "trafficLightColor": "none"
                    },
                    "box2d": {
                        "x1": 255.718789,
                        "y1": 255.047171,
                        "x2": 323.888081,
                        "y2": 311.463135
                    }
                },
                {
                    "category": "car",
                    "id": 5,
                    "attributes": {
                        "occluded": false,
                        "truncated": false,
                        "trafficLightColor": "none"
                    },
                    "box2d": {
                        "x1": 350.920731,
                        "y1": 260.923835,
                        "x2": 395.583367,
                        "y2": 287.956484
                    }
                },
                {
                    "category": "area/drivable",
                    "id": 6,
                    "attributes": {},
                    "poly2d": [
                        [
                            1146.685965,
                            318.177282,
                            "L"
                        ],
                        [
                            763.625473,
                            336.893592,
                            "C"
                        ],
                        [
                            681.206744,
                            339.804905,
                            "C"
                        ],
                        [
                            413.006587,
                            290.726693,
                            "C"
                        ],
                        [
                            341.884609,
                            291.974447,
                            "L"
                        ],
                        [
                            324.416051,
                            323.168297,
                            "L"
                        ],
                        [
                            0,
                            335.645836,
                            "L"
                        ],
                        [
                            0,
                            625.124775,
                            "L"
                        ],
                        [
                            263.957931,
                            523.141504,
                            "C"
                        ],
                        [
                            898.382911,
                            565.232581,
                            "C"
                        ],
                        [
                            1205.330406,
                            596.426431,
                            "C"
                        ],
                        [
                            963.266121,
                            445.448193,
                            "C"
                        ],
                        [
                            940.406764,
                            399.863446,
                            "C"
                        ],
                        [
                            1151.676981,
                            384.308246,
                            "C"
                        ],
                        [
                            1146.685965,
                            318.177282,
                            "L"
                        ]
                    ]
                },
                {
                    "category": "lane/road curb",
                    "id": 7,
                    "attributes": {
                        "direction": "parallel",
                        "style": "solid"
                    },
                    "poly2d": [
                        [
                            1155.647477,
                            318.716393,
                            "C"
                        ],
                        [
                            906.824032,
                            334.018355,
                            "C"
                        ],
                        [
                            697.253483,
                            332.022446,
                            "C"
                        ],
                        [
                            583.486614,
                            312.728668,
                            "L"
                        ]
                    ]
                },
                {
                    "category": "lane/road curb",
                    "id": 8,
                    "attributes": {
                        "direction": "parallel",
                        "style": "solid"
                    },
                    "poly2d": [
                        [
                            1220.1819,
                            597.478236,
                            "L"
                        ],
                        [
                            1012.607261,
                            470.405415,
                            "L"
                        ]
                    ]
                },
                {
                    "category": "lane/road curb",
                    "id": 9,
                    "attributes": {
                        "direction": "parallel",
                        "style": "solid"
                    },
                    "poly2d": [
                        [
                            93.823363,
                            334.683657,
                            "L"
                        ],
                        [
                            196.280075,
                            332.022446,
                            "L"
                        ]
                    ]
                },
                {
                    "category": "lane/crosswalk",
                    "id": 10,
                    "attributes": {
                        "direction": "vertical",
                        "style": "dashed"
                    },
                    "poly2d": [
                        [
                            999.966498,
                            409.862866,
                            "C"
                        ],
                        [
                            920.130098,
                            379.924243,
                            "C"
                        ],
                        [
                            856.26098,
                            346.659107,
                            "C"
                        ],
                        [
                            756.465479,
                            328.695933,
                            "L"
                        ]
                    ]
                },
                {
                    "category": "lane/crosswalk",
                    "id": 11,
                    "attributes": {
                        "direction": "vertical",
                        "style": "dashed"
                    },
                    "poly2d": [
                        [
                            1027.909238,
                            405.871048,
                            "C"
                        ],
                        [
                            954.725871,
                            380.589547,
                            "C"
                        ],
                        [
                            884.869022,
                            350.650924,
                            "C"
                        ],
                        [
                            809.024442,
                            332.687749,
                            "L"
                        ]
                    ]
                },
                {
                    "category": "lane/crosswalk",
                    "id": 12,
                    "attributes": {
                        "direction": "vertical",
                        "style": "dashed"
                    },
                    "poly2d": [
                        [
                            1156.312782,
                            354.642739,
                            "C"
                        ],
                        [
                            1097.766088,
                            342.001988,
                            "C"
                        ],
                        [
                            1015.933778,
                            332.022446,
                            "C"
                        ],
                        [
                            970.027848,
                            332.022446,
                            "L"
                        ]
                    ]
                },
                {
                    "category": "lane/crosswalk",
                    "id": 13,
                    "attributes": {
                        "direction": "vertical",
                        "style": "dashed"
                    },
                    "poly2d": [
                        [
                            1155.647477,
                            347.989712,
                            "C"
                        ],
                        [
                            1106.415031,
                            338.675474,
                            "C"
                        ],
                        [
                            1062.505011,
                            330.691841,
                            "C"
                        ],
                        [
                            1010.611352,
                            328.695933,
                            "L"
                        ]
                    ]
                },
                {
                    "category": "lane/crosswalk",
                    "id": 14,
                    "attributes": {
                        "direction": "vertical",
                        "style": "dashed"
                    },
                    "poly2d": [
                        [
                            1264.091919,
                            375.932425,
                            "L"
                        ],
                        [
                            1214.194171,
                            361.961069,
                            "L"
                        ]
                    ]
                },
                {
                    "category": "lane/single white",
                    "id": 15,
                    "attributes": {
                        "direction": "vertical",
                        "style": "solid"
                    },
                    "poly2d": [
                        [
                            1269.414347,
                            336.014263,
                            "L"
                        ],
                        [
                            1215.524776,
                            330.026538,
                            "L"
                        ]
                    ]
                },
                {
                    "category": "lane/single white",
                    "id": 16,
                    "attributes": {
                        "direction": "vertical",
                        "style": "solid"
                    },
                    "poly2d": [
                        [
                            1276.06738,
                            330.691841,
                            "L"
                        ],
                        [
                            1215.524776,
                            324.038813,
                            "L"
                        ]
                    ]
                },
                {
                    "category": "lane/single white",
                    "id": 17,
                    "attributes": {
                        "direction": "vertical",
                        "style": "solid"
                    },
                    "poly2d": [
                        [
                            1158.308691,
                            326.034721,
                            "L"
                        ],
                        [
                            1096.435481,
                            324.038813,
                            "L"
                        ]
                    ]
                },
                {
                    "category": "lane/crosswalk",
                    "id": 18,
                    "attributes": {
                        "direction": "vertical",
                        "style": "dashed"
                    },
                    "poly2d": [
                        [
                            176.320976,
                            334.683657,
                            "C"
                        ],
                        [
                            116.443676,
                            343.997896,
                            "C"
                        ],
                        [
                            59.892893,
                            357.969252,
                            "C"
                        ],
                        [
                            0,
                            379.924243,
                            "L"
                        ]
                    ]
                },
                {
                    "category": "lane/crosswalk",
                    "id": 19,
                    "attributes": {
                        "direction": "vertical",
                        "style": "dashed"
                    },
                    "poly2d": [
                        [
                            141.725202,
                            334.683657,
                            "C"
                        ],
                        [
                            90.496846,
                            340.006079,
                            "C"
                        ],
                        [
                            53.905163,
                            351.981529,
                            "C"
                        ],
                        [
                            0.680897,
                            365.952886,
                            "L"
                        ]
                    ]
                }
            ]
        }
    ],
    "attributes": {
        "weather": "undefined",
        "scene": "residential",
        "timeofday": "daytime"
    }
}