{
    "name": "0a6dbe46-5ee02013",
    "frames": [
        {
            "timestamp": 10000,
            "objects": [
                {
                    "category": "car",
                    "id": 0,
                    "attributes": {
                        "occluded": false,
                        "truncated": false,
                        "trafficLightColor": "none"
                    },
                    "box2d": {
                        "x1": 432.110716,
                        "y1": 338.303771,
                        "x2": 511.946414,
                        "y2": 404.168222
                    }
                },
                {
                    "category": "car",
                    "id": 1,
                    "attributes": {
                        "occluded": false,
                        "truncated": false,
                        "trafficLightColor": "none"
                    },
                    "box2d": {
                        "x1": 787.379573,
                        "y1": 319.342793,
                        "x2": 869.211163,
                        "y2": 380.217513
                    }
                },
                {
                    "category": "car",
                    "id": 2,
                    "attributes": {
                        "occluded": false,
                        "truncated": false,
                        "trafficLightColor": "none"
                    },
                    "box2d": {
                        "x1": 646.669155,
                        "y1": 322.336631,
                        "x2": 685.589058,
                        "y2": 350.279127
                    }
                },
                {
                    "category": "car",
                    "id": 3,
                    "attributes": {
                        "occluded": false,
                        "truncated": false,
                        "trafficLightColor": "none"
                    },
                    "box2d": {
                        "x1": 715.527446,
                        "y1": 320.340739,
                        "x2": 766.422703,
                        "y2": 356.266802
                    }
                },
                {
                    "category": "car",
                    "id": 4,
                    "attributes": {
                        "occluded": true,
                        "truncated": false,
                        "trafficLightColor": "none"
                    },
                    "box2d": {
                        "x1": 502.964897,
                        "y1": 339.301718,
                        "x2": 531.905338,
                        "y2": 387.203137
                    }
                },
                {
                    "category": "car",
                    "id": 5,
                    "attributes": {
                        "occluded": true,
                        "truncated": false,
                        "trafficLightColor": "none"
                    },
                    "box2d": {
                        "x1": 514.940254,
                        "y1": 338.303771,
                        "x2": 542.882746,
                        "y2": 376.225727
                    }
                },
                {
                    "category": "car",
                    "id": 6,
                    "attributes": {
                        "occluded": true,
                        "truncated": false,
                        "trafficLightColor": "none"
                    },
                    "box2d": {
                        "x1": 533.901231,
                        "y1": 335.309933,
                        "x2": 571.823188,
                        "y2": 365.248319
                    }
                },
                {
                    "category": "car",
                    "id": 7,
                    "attributes": {
                        "occluded": true,
                        "truncated": false,
                        "trafficLightColor": "none"
                    },
                    "box2d": {
                        "x1": 552.862209,
                        "y1": 330.320201,
                        "x2": 583.798543,
                        "y2": 358.262695
                    }
                },
                {
                    "category": "car",
                    "id": 8,
                    "attributes": {
                        "occluded": true,
                        "truncated": false,
                        "trafficLightColor": "none"
                    },
                    "box2d": {
                        "x1": 577.810866,
                        "y1": 328.324308,
                        "x2": 594.775952,
                        "y2": 354.27091
                    }
                },
                {
                    "category": "car",
                    "id": 9,
                    "attributes": {
                        "occluded": true,
                        "truncated": false,
                        "trafficLightColor": "none"
                    },
                    "box2d": {
                        "x1": 592.780059,
                        "y1": 331.318146,
                        "x2": 606.751306,
                        "y2": 348.283233
                    }
                },
                {
                    "category": "car",
                    "id": 10,
                    "attributes": {
                        "occluded": true,
                        "truncated": false,
                        "trafficLightColor": "none"
                    },
                    "box2d": {
                        "x1": 606.751306,
                        "y1": 330.320201,
                        "x2": 618.726661,
                        "y2": 349.28118
                    }
                },
                {
                    "category": "car",
                    "id": 11,
                    "attributes": {
                        "occluded": true,
                        "truncated": false,
                        "trafficLightColor": "none"
                    },
                    "box2d": {
                        "x1": 765.424756,
                        "y1": 319.342793,
                        "x2": 796.361089,
                        "y2": 370.238051
                    }
                },
                {
                    "category": "truck",
                    "id": 12,
                    "attributes": {
                        "occluded": true,
                        "truncated": false,
                        "trafficLightColor": "none"
                    },
                    "box2d": {
                        "x1": 698.562359,
                        "y1": 304.373599,
                        "x2": 735.48637,
                        "y2": 349.281181
                    }
                },
                {
                    "category": "car",
                    "id": 13,
                    "attributes": {
                        "occluded": true,
                        "truncated": false,
                        "trafficLightColor": "none"
                    },
                    "box2d": {
                        "x1": 616.730768,
                        "y1": 328.324308,
                        "x2": 627.708179,
                        "y2": 347.285287
                    }
                },
                {
                    "category": "car",
                    "id": 14,
                    "attributes": {
                        "occluded": true,
                        "truncated": false,
                        "trafficLightColor": "none"
                    },
                    "box2d": {
                        "x1": 634.6938,
                        "y1": 327.326361,
                        "x2": 644.673262,
                        "y2": 345.289393
                    }
                },
                {
                    "category": "car",
                    "id": 15,
                    "attributes": {
                        "occluded": true,
                        "truncated": false,
                        "trafficLightColor": "none"
                    },
                    "box2d": {
                        "x1": 680.599327,
                        "y1": 321.338686,
                        "x2": 693.572629,
                        "y2": 342.295557
                    }
                },
                {
                    "category": "traffic light",
                    "id": 16,
                    "attributes": {
                        "occluded": false,
                        "truncated": false,
                        "trafficLightColor": "green"
                    },
                    "box2d": {
                        "x1": 763.428864,
                        "y1": 141.708363,
                        "x2": 775.404218,
                        "y2": 170.648804
                    }
                },
                {
                    "category": "traffic light",
                    "id": 17,
                    "attributes": {
                        "occluded": false,
                        "truncated": false,
                        "trafficLightColor": "green"
                    },
                    "box2d": {
                        "x1": 973.995518,
                        "y1": 265.453696,
                        "x2": 1006.927743,
                        "y2": 288.40646
                    }
                },
                {
                    "category": "traffic sign",
                    "id": 18,
                    "attributes": {
                        "occluded": false,
                        "truncated": false,
                        "trafficLightColor": "none"
                    },
                    "box2d": {
                        "x1": 963.018109,
                        "y1": 221.544062,
                        "x2": 1003.933904,
                        "y2": 238.509148
                    }
                },
                {
                    "category": "traffic sign",
                    "id": 19,
                    "attributes": {
                        "occluded": false,
                        "truncated": false,
                        "trafficLightColor": "none"
                    },
                    "box2d": {
                        "x1": 947.050969,
                        "y1": 246.492718,
                        "x2": 986.968818,
                        "y2": 259.466019
                    }
                },
                {
                    "category": "car",
                    "id": 20,
                    "attributes": {
                        "occluded": false,
                        "truncated": true,
                        "trafficLightColor": "none"
                    },
                    "box2d": {
                        "x1": 1117.699774,
                        "y1": 266.451643,
                        "x2": 1279.367063,
                        "y2": 476.020352
                    }
                },
                {
                    "category": "traffic light",
                    "id": 21,
                    "attributes": {
                        "occluded": false,
                        "truncated": false,
                        "trafficLightColor": "green"
                    },
                    "box2d": {
                        "x1": 80.833644,
                        "y1": 51.893204,
                        "x2": 127.737116,
                        "y2": 126.739171
                    }
                },
                {
                    "category": "person",
                    "id": 22,
                    "attributes": {
                        "occluded": true,
                        "truncated": false,
                        "trafficLightColor": "none"
                    },
                    "box2d": {
                        "x1": 143.704257,
                        "y1": 317.346899,
                        "x2": 174.640591,
                        "y2": 395.186705
                    }
                },
                {
                    "category": "traffic light",
                    "id": 23,
                    "attributes": {
                        "occluded": false,
                        "truncated": false,
                        "trafficLightColor": "red"
                    },
                    "box2d": {
                        "x1": 675.143503,
                        "y1": 279.980849,
                        "x2": 685.892311,
                        "y2": 295.336289
                    }
                },
                {
                    "category": "area/drivable",
                    "id": 24,
                    "attributes": {},
                    "poly2d": [
                        [
                            0,
                            506.249652,
                            "L"
                        ],
                        [
                            0,
                            668.249541,
                            "L"
                        ],
                        [
                            113.631942,
                            646.312056,
                            "C"
                        ],
                        [
                            214.881874,
                            644.624556,
                            "C"
                        ],
                        [
                            319.506802,
                            642.937058,
                            "C"
                        ],
                        [
                            543.944148,
                            583.874598,
                            "C"
                        ],
                        [
                            771.75649,
                            590.624593,
                            "C"
                        ],
                        [
                            982.693846,
                            620.999573,
                            "C"
                        ],
                        [
                            1100.818764,
                            605.812085,
                            "C"
                        ],
                        [
                            1200.381196,
                            614.249578,
                            "C"
                        ],
                        [
                            1280.811619,
                            631.124566,
                            "C"
                        ],
                        [
                            1280.811619,
                            519.749643,
                            "L"
                        ],
                        [
                            1110.943758,
                            480.937169,
                            "L"
                        ],
                        [
                            1102.506263,
                            394.874729,
                            "L"
                        ],
                        [
                            1031.631311,
                            394.874729,
                            "C"
                        ],
                        [
                            955.693865,
                            389.812232,
                            "C"
                        ],
                        [
                            879.756417,
                            384.749736,
                            "C"
                        ],
                        [
                            805.506467,
                            391.499731,
                            "L"
                        ],
                        [
                            704.256537,
                            356.062256,
                            "L"
                        ],
                        [
                            608.091405,
                            356.246209,
                            "L"
                        ],
                        [
                            510.19417,
                            404.999722,
                            "L"
                        ],
                        [
                            425.819228,
                            406.68722,
                            "L"
                        ],
                        [
                            0,
                            506.249652,
                            "L"
                        ]
                    ]
                },
                {
                    "category": "lane/road curb",
                    "id": 25,
                    "attributes": {
                        "direction": "parallel",
                        "style": "solid"
                    },
                    "poly2d": [
                        [
                            444.829138,
                            399.134036,
                            "C"
                        ],
                        [
                            373.688927,
                            429.08781,
                            "C"
                        ],
                        [
                            282.329915,
                            423.097055,
                            "C"
                        ],
                        [
                            89.128075,
                            438.822787,
                            "L"
                        ]
                    ]
                },
                {
                    "category": "lane/road curb",
                    "id": 26,
                    "attributes": {
                        "direction": "parallel",
                        "style": "solid"
                    },
                    "poly2d": [
                        [
                            866.428505,
                            381.161771,
                            "C"
                        ],
                        [
                            900.875345,
                            390.147904,
                            "C"
                        ],
                        [
                            971.266714,
                            390.147904,
                            "C"
                        ],
                        [
                            1029.676573,
                            390.896749,
                            "L"
                        ]
                    ]
                },
                {
                    "category": "lane/crosswalk",
                    "id": 27,
                    "attributes": {
                        "direction": "vertical",
                        "style": "dashed"
                    },
                    "poly2d": [
                        [
                            1115.044827,
                            409.617858,
                            "L"
                        ],
                        [
                            999.722799,
                            390.896749,
                            "L"
                        ]
                    ]
                },
                {
                    "category": "lane/crosswalk",
                    "id": 28,
                    "attributes": {
                        "direction": "vertical",
                        "style": "dashed"
                    },
                    "poly2d": [
                        [
                            887.396147,
                            390.147904,
                            "C"
                        ],
                        [
                            731.636523,
                            396.887503,
                            "C"
                        ],
                        [
                            569.886144,
                            399.134036,
                            "C"
                        ],
                        [
                            396.9031,
                            417.855145,
                            "L"
                        ]
                    ]
                },
                {
                    "category": "lane/crosswalk",
                    "id": 29,
                    "attributes": {
                        "direction": "vertical",
                        "style": "dashed"
                    },
                    "poly2d": [
                        [
                            791.544072,
                            378.166395,
                            "L"
                        ],
                        [
                            504.736687,
                            393.143282,
                            "L"
                        ]
                    ]
                },
                {
                    "category": "lane/single white",
                    "id": 30,
                    "attributes": {
                        "direction": "vertical",
                        "style": "solid"
                    },
                    "poly2d": [
                        [
                            1118.78905,
                            451.553141,
                            "C"
                        ],
                        [
                            799.032515,
                            447.808919,
                            "C"
                        ],
                        [
                            426.108031,
                            442.567008,
                            "C"
                        ],
                        [
                            149.035622,
                            460.539273,
                            "L"
                        ]
                    ]
                },
                {
                    "category": "lane/single white",
                    "id": 31,
                    "attributes": {
                        "direction": "vertical",
                        "style": "solid"
                    },
                    "poly2d": [
                        [
                            1124.779805,
                            465.781183,
                            "C"
                        ],
                        [
                            791.544072,
                            454.548519,
                            "C"
                        ],
                        [
                            483.769043,
                            456.046207,
                            "C"
                        ],
                        [
                            138.551801,
                            471.023095,
                            "L"
                        ]
                    ]
                },
                {
                    "category": "lane/single white",
                    "id": 32,
                    "attributes": {
                        "direction": "parallel",
                        "style": "solid"
                    },
                    "poly2d": [
                        [
                            665.73822,
                            459.041584,
                            "L"
                        ],
                        [
                            681.463952,
                            530.93064,
                            "L"
                        ]
                    ]
                },
                {
                    "category": "lane/single white",
                    "id": 33,
                    "attributes": {
                        "direction": "parallel",
                        "style": "solid"
                    },
                    "poly2d": [
                        [
                            677.71973,
                            459.041584,
                            "L"
                        ],
                        [
                            696.440839,
                            527.935265,
                            "L"
                        ]
                    ]
                }
            ]
        }
    ],
    "attributes": {
        "weather": "undefined",
        "scene": "city street",
        "timeofday": "daytime"
    }
}