{
    "name": "0a6dbe46-4e28b558",
    "frames": [
        {
            "timestamp": 10000,
            "objects": [
                {
                    "category": "traffic light",
                    "id": 0,
                    "attributes": {
                        "occluded": false,
                        "truncated": false,
                        "trafficLightColor": "green"
                    },
                    "box2d": {
                        "x1": 462.740798,
                        "y1": 251.446994,
                        "x2": 474.982617,
                        "y2": 274.706452
                    }
                },
                {
                    "category": "traffic light",
                    "id": 1,
                    "attributes": {
                        "occluded": false,
                        "truncated": false,
                        "trafficLightColor": "green"
                    },
                    "box2d": {
                        "x1": 588.831543,
                        "y1": 267.361359,
                        "x2": 594.952453,
                        "y2": 284.499907
                    }
                },
                {
                    "category": "traffic light",
                    "id": 2,
                    "attributes": {
                        "occluded": false,
                        "truncated": false,
                        "trafficLightColor": "red"
                    },
                    "box2d": {
                        "x1": 532.519171,
                        "y1": 308.983539,
                        "x2": 538.640081,
                        "y2": 321.225359
                    }
                },
                {
                    "category": "traffic light",
                    "id": 3,
                    "attributes": {
                        "occluded": false,
                        "truncated": false,
                        "trafficLightColor": "red"
                    },
                    "box2d": {
                        "x1": 593.728272,
                        "y1": 311.431903,
                        "x2": 601.073364,
                        "y2": 321.225359
                    }
                },
                {
                    "category": "traffic light",
                    "id": 4,
                    "attributes": {
                        "occluded": false,
                        "truncated": false,
                        "trafficLightColor": "red"
                    },
                    "box2d": {
                        "x1": 558.226993,
                        "y1": 329.794633,
                        "x2": 563.123721,
                        "y2": 340.812272
                    }
                },
                {
                    "category": "traffic light",
                    "id": 5,
                    "attributes": {
                        "occluded": false,
                        "truncated": false,
                        "trafficLightColor": "red"
                    },
                    "box2d": {
                        "x1": 629.229549,
                        "y1": 333.46718,
                        "x2": 636.574641,
                        "y2": 344.484818
                    }
                },
                {
                    "category": "traffic light",
                    "id": 6,
                    "attributes": {
                        "occluded": false,
                        "truncated": false,
                        "trafficLightColor": "green"
                    },
                    "box2d": {
                        "x1": 385.61733,
                        "y1": 331.018815,
                        "x2": 399.083334,
                        "y2": 340.81227
                    }
                },
                {
                    "category": "traffic light",
                    "id": 7,
                    "attributes": {
                        "occluded": false,
                        "truncated": false,
                        "trafficLightColor": "none"
                    },
                    "box2d": {
                        "x1": 451.723159,
                        "y1": 252.181492,
                        "x2": 463.964979,
                        "y2": 275.44095
                    }
                },
                {
                    "category": "traffic light",
                    "id": 8,
                    "attributes": {
                        "occluded": false,
                        "truncated": false,
                        "trafficLightColor": "none"
                    },
                    "box2d": {
                        "x1": 583.934814,
                        "y1": 266.871675,
                        "x2": 590.055724,
                        "y2": 285.234406
                    }
                },
                {
                    "category": "traffic sign",
                    "id": 9,
                    "attributes": {
                        "occluded": false,
                        "truncated": false,
                        "trafficLightColor": "none"
                    },
                    "box2d": {
                        "x1": 299.924591,
                        "y1": 288.906952,
                        "x2": 330.529141,
                        "y2": 299.924591
                    }
                },
                {
                    "category": "traffic light",
                    "id": 10,
                    "attributes": {
                        "occluded": false,
                        "truncated": false,
                        "trafficLightColor": "none"
                    },
                    "box2d": {
                        "x1": 286.458589,
                        "y1": 323.184049,
                        "x2": 308.493864,
                        "y2": 337.874233
                    }
                },
                {
                    "category": "traffic light",
                    "id": 11,
                    "attributes": {
                        "occluded": true,
                        "truncated": false,
                        "trafficLightColor": "none"
                    },
                    "box2d": {
                        "x1": 756.544477,
                        "y1": 304.821318,
                        "x2": 781.028118,
                        "y2": 319.511502
                    }
                },
                {
                    "category": "traffic sign",
                    "id": 12,
                    "attributes": {
                        "occluded": true,
                        "truncated": false,
                        "trafficLightColor": "none"
                    },
                    "box2d": {
                        "x1": 237.491308,
                        "y1": 291.355316,
                        "x2": 257.07822,
                        "y2": 335.425868
                    }
                },
                {
                    "category": "traffic sign",
                    "id": 13,
                    "attributes": {
                        "occluded": false,
                        "truncated": false,
                        "trafficLightColor": "none"
                    },
                    "box2d": {
                        "x1": 292.579498,
                        "y1": 279.113496,
                        "x2": 313.390593,
                        "y2": 287.68277
                    }
                },
                {
                    "category": "traffic sign",
                    "id": 14,
                    "attributes": {
                        "occluded": false,
                        "truncated": false,
                        "trafficLightColor": "none"
                    },
                    "box2d": {
                        "x1": 686.766103,
                        "y1": 298.700408,
                        "x2": 705.128834,
                        "y2": 304.821318
                    }
                },
                {
                    "category": "car",
                    "id": 15,
                    "attributes": {
                        "occluded": true,
                        "truncated": false,
                        "trafficLightColor": "none"
                    },
                    "box2d": {
                        "x1": 330.529139,
                        "y1": 352.870463,
                        "x2": 394.186605,
                        "y2": 414.079563
                    }
                },
                {
                    "category": "car",
                    "id": 16,
                    "attributes": {
                        "occluded": true,
                        "truncated": false,
                        "trafficLightColor": "none"
                    },
                    "box2d": {
                        "x1": 260.750766,
                        "y1": 347.973734,
                        "x2": 362.357872,
                        "y2": 427.545564
                    }
                },
                {
                    "category": "car",
                    "id": 17,
                    "attributes": {
                        "occluded": true,
                        "truncated": false,
                        "trafficLightColor": "none"
                    },
                    "box2d": {
                        "x1": 456.619886,
                        "y1": 350.422098,
                        "x2": 489.6728,
                        "y2": 357.76719
                    }
                },
                {
                    "category": "car",
                    "id": 18,
                    "attributes": {
                        "occluded": true,
                        "truncated": false,
                        "trafficLightColor": "none"
                    },
                    "box2d": {
                        "x1": 432.136247,
                        "y1": 358.991372,
                        "x2": 457.844069,
                        "y2": 388.37174
                    }
                },
                {
                    "category": "car",
                    "id": 19,
                    "attributes": {
                        "occluded": true,
                        "truncated": false,
                        "trafficLightColor": "none"
                    },
                    "box2d": {
                        "x1": 563.123721,
                        "y1": 347.422857,
                        "x2": 569.244631,
                        "y2": 360.888859
                    }
                },
                {
                    "category": "car",
                    "id": 20,
                    "attributes": {
                        "occluded": true,
                        "truncated": false,
                        "trafficLightColor": "none"
                    },
                    "box2d": {
                        "x1": 549.657719,
                        "y1": 347.422857,
                        "x2": 559.451175,
                        "y2": 355.99213
                    }
                },
                {
                    "category": "car",
                    "id": 21,
                    "attributes": {
                        "occluded": true,
                        "truncated": false,
                        "trafficLightColor": "none"
                    },
                    "box2d": {
                        "x1": 542.312627,
                        "y1": 349.87122,
                        "x2": 552.106083,
                        "y2": 360.888859
                    }
                },
                {
                    "category": "car",
                    "id": 22,
                    "attributes": {
                        "occluded": true,
                        "truncated": false,
                        "trafficLightColor": "none"
                    },
                    "box2d": {
                        "x1": 530.070808,
                        "y1": 348.647038,
                        "x2": 542.312627,
                        "y2": 364.561403
                    }
                },
                {
                    "category": "car",
                    "id": 23,
                    "attributes": {
                        "occluded": true,
                        "truncated": false,
                        "trafficLightColor": "none"
                    },
                    "box2d": {
                        "x1": 598.624999,
                        "y1": 344.974492,
                        "x2": 609.642637,
                        "y2": 360.888857
                    }
                },
                {
                    "category": "car",
                    "id": 24,
                    "attributes": {
                        "occluded": true,
                        "truncated": false,
                        "trafficLightColor": "none"
                    },
                    "box2d": {
                        "x1": 607.194274,
                        "y1": 344.974492,
                        "x2": 619.436093,
                        "y2": 364.561403
                    }
                },
                {
                    "category": "car",
                    "id": 25,
                    "attributes": {
                        "occluded": true,
                        "truncated": false,
                        "trafficLightColor": "none"
                    },
                    "box2d": {
                        "x1": 613.315183,
                        "y1": 346.198674,
                        "x2": 625.557003,
                        "y2": 367.009768
                    }
                },
                {
                    "category": "car",
                    "id": 26,
                    "attributes": {
                        "occluded": true,
                        "truncated": false,
                        "trafficLightColor": "none"
                    },
                    "box2d": {
                        "x1": 681.869375,
                        "y1": 318.042488,
                        "x2": 788.373208,
                        "y2": 412.304502
                    }
                },
                {
                    "category": "car",
                    "id": 27,
                    "attributes": {
                        "occluded": true,
                        "truncated": false,
                        "trafficLightColor": "none"
                    },
                    "box2d": {
                        "x1": 45.294733,
                        "y1": 292.334666,
                        "x2": 293.80368,
                        "y2": 453.926709
                    }
                },
                {
                    "category": "car",
                    "id": 28,
                    "attributes": {
                        "occluded": false,
                        "truncated": true,
                        "trafficLightColor": "none"
                    },
                    "box2d": {
                        "x1": 0,
                        "y1": 376.803243,
                        "x2": 105.279653,
                        "y2": 494.324716
                    }
                },
                {
                    "category": "car",
                    "id": 29,
                    "attributes": {
                        "occluded": false,
                        "truncated": true,
                        "trafficLightColor": "none"
                    },
                    "box2d": {
                        "x1": 1125.839406,
                        "y1": 346.851581,
                        "x2": 1280,
                        "y2": 609.642637
                    }
                },
                {
                    "category": "car",
                    "id": 30,
                    "attributes": {
                        "occluded": false,
                        "truncated": false,
                        "trafficLightColor": "none"
                    },
                    "box2d": {
                        "x1": 445.602249,
                        "y1": 349.299944,
                        "x2": 515.380623,
                        "y2": 406.836498
                    }
                },
                {
                    "category": "car",
                    "id": 31,
                    "attributes": {
                        "occluded": false,
                        "truncated": false,
                        "trafficLightColor": "none"
                    },
                    "box2d": {
                        "x1": 617.803856,
                        "y1": 341.954852,
                        "x2": 652.080952,
                        "y2": 372.559402
                    }
                },
                {
                    "category": "car",
                    "id": 32,
                    "attributes": {
                        "occluded": false,
                        "truncated": false,
                        "trafficLightColor": "none"
                    },
                    "box2d": {
                        "x1": 717.370654,
                        "y1": 324.816304,
                        "x2": 880.186859,
                        "y2": 430.095956
                    }
                },
                {
                    "category": "bus",
                    "id": 33,
                    "attributes": {
                        "occluded": false,
                        "truncated": false,
                        "trafficLightColor": "none"
                    },
                    "box2d": {
                        "x1": 569.652704,
                        "y1": 326.856593,
                        "x2": 600.257254,
                        "y2": 367.254599
                    }
                },
                {
                    "category": "bus",
                    "id": 34,
                    "attributes": {
                        "occluded": true,
                        "truncated": false,
                        "trafficLightColor": "none"
                    },
                    "box2d": {
                        "x1": 487.632511,
                        "y1": 332.56945,
                        "x2": 531.703063,
                        "y2": 368.070727
                    }
                },
                {
                    "category": "area/alternative",
                    "id": 35,
                    "attributes": {},
                    "poly2d": [
                        [
                            403.881743,
                            411.749717,
                            "L"
                        ],
                        [
                            0,
                            516.374644,
                            "L"
                        ],
                        [
                            0,
                            674.999536,
                            "L"
                        ],
                        [
                            78.194467,
                            656.43705,
                            "C"
                        ],
                        [
                            145.694421,
                            646.312056,
                            "C"
                        ],
                        [
                            226.694365,
                            646.312056,
                            "C"
                        ],
                        [
                            510.19417,
                            415.124716,
                            "L"
                        ],
                        [
                            403.881743,
                            411.749717,
                            "L"
                        ]
                    ]
                },
                {
                    "category": "area/drivable",
                    "id": 36,
                    "attributes": {},
                    "poly2d": [
                        [
                            570.944129,
                            377.99974,
                            "L"
                        ],
                        [
                            253.694346,
                            647.999555,
                            "L"
                        ],
                        [
                            346.506783,
                            637.874561,
                            "L"
                        ],
                        [
                            636.756583,
                            595.687089,
                            "C"
                        ],
                        [
                            903.3814,
                            590.624594,
                            "C"
                        ],
                        [
                            1173.381214,
                            620.999573,
                            "C"
                        ],
                        [
                            1105.881261,
                            485.999666,
                            "L"
                        ],
                        [
                            908.443897,
                            440.437197,
                            "L"
                        ],
                        [
                            732.944017,
                            438.749698,
                            "L"
                        ],
                        [
                            635.069084,
                            377.99974,
                            "L"
                        ],
                        [
                            570.944129,
                            377.99974,
                            "L"
                        ]
                    ]
                },
                {
                    "category": "lane/crosswalk",
                    "id": 37,
                    "attributes": {
                        "direction": "vertical",
                        "style": "dashed"
                    },
                    "poly2d": [
                        [
                            521.56119,
                            384.308245,
                            "C"
                        ],
                        [
                            577.710122,
                            381.812737,
                            "C"
                        ],
                        [
                            611.399481,
                            379.317229,
                            "C"
                        ],
                        [
                            671.291675,
                            381.812737,
                            "L"
                        ]
                    ]
                },
                {
                    "category": "lane/crosswalk",
                    "id": 38,
                    "attributes": {
                        "direction": "vertical",
                        "style": "dashed"
                    },
                    "poly2d": [
                        [
                            680.025953,
                            388.051507,
                            "C"
                        ],
                        [
                            622.629267,
                            386.803753,
                            "C"
                        ],
                        [
                            585.196646,
                            386.803753,
                            "C"
                        ],
                        [
                            516.570174,
                            390.547015,
                            "L"
                        ]
                    ]
                },
                {
                    "category": "lane/crosswalk",
                    "id": 39,
                    "attributes": {
                        "direction": "vertical",
                        "style": "dashed"
                    },
                    "poly2d": [
                        [
                            683.769215,
                            395.538032,
                            "C"
                        ],
                        [
                            627.620283,
                            396.785786,
                            "C"
                        ],
                        [
                            575.214614,
                            395.538032,
                            "C"
                        ],
                        [
                            515.32242,
                            399.281294,
                            "L"
                        ]
                    ]
                },
                {
                    "category": "lane/crosswalk",
                    "id": 40,
                    "attributes": {
                        "direction": "vertical",
                        "style": "dashed"
                    },
                    "poly2d": [
                        [
                            396.785786,
                            404.27231,
                            "L"
                        ],
                        [
                            446.695947,
                            401.776802,
                            "L"
                        ]
                    ]
                },
                {
                    "category": "lane/crosswalk",
                    "id": 41,
                    "attributes": {
                        "direction": "vertical",
                        "style": "dashed"
                    },
                    "poly2d": [
                        [
                            404.27231,
                            398.03354,
                            "L"
                        ],
                        [
                            444.200439,
                            395.538032,
                            "L"
                        ]
                    ]
                },
                {
                    "category": "lane/road curb",
                    "id": 42,
                    "attributes": {
                        "direction": "parallel",
                        "style": "solid"
                    },
                    "poly2d": [
                        [
                            390.547015,
                            395.538032,
                            "C"
                        ],
                        [
                            405.520064,
                            395.538032,
                            "C"
                        ],
                        [
                            415.502096,
                            395.538032,
                            "C"
                        ],
                        [
                            434.218407,
                            386.803753,
                            "L"
                        ]
                    ]
                },
                {
                    "category": "lane/single white",
                    "id": 43,
                    "attributes": {
                        "direction": "parallel",
                        "style": "dashed"
                    },
                    "poly2d": [
                        [
                            537.781992,
                            401.776802,
                            "L"
                        ],
                        [
                            260.780595,
                            646.336594,
                            "L"
                        ]
                    ]
                },
                {
                    "category": "lane/single white",
                    "id": 44,
                    "attributes": {
                        "direction": "parallel",
                        "style": "dashed"
                    },
                    "poly2d": [
                        [
                            235.825514,
                            642.593332,
                            "L"
                        ],
                        [
                            530.295468,
                            401.776802,
                            "L"
                        ]
                    ]
                },
                {
                    "category": "lane/single white",
                    "id": 45,
                    "attributes": {
                        "direction": "parallel",
                        "style": "dashed"
                    },
                    "poly2d": [
                        [
                            565.232581,
                            366.839689,
                            "L"
                        ],
                        [
                            555.250549,
                            381.812737,
                            "L"
                        ]
                    ]
                },
                {
                    "category": "lane/road curb",
                    "id": 46,
                    "attributes": {
                        "direction": "parallel",
                        "style": "solid"
                    },
                    "poly2d": [
                        [
                            873.42783,
                            426.731883,
                            "L"
                        ],
                        [
                            1136.703933,
                            486.624077,
                            "L"
                        ]
                    ]
                }
            ]
        }
    ],
    "attributes": {
        "weather": "overcast",
        "scene": "city street",
        "timeofday": "daytime"
    }
}