{
    "name": "0a6de7b2-e5f63244",
    "frames": [
        {
            "timestamp": 10000,
            "objects": [
                {
                    "category": "traffic light",
                    "id": 0,
                    "attributes": {
                        "occluded": false,
                        "truncated": false,
                        "trafficLightColor": "green"
                    },
                    "box2d": {
                        "x1": 508.169177,
                        "y1": 236.587332,
                        "x2": 518.29417,
                        "y2": 261.899815
                    }
                },
                {
                    "category": "traffic light",
                    "id": 1,
                    "attributes": {
                        "occluded": false,
                        "truncated": false,
                        "trafficLightColor": "green"
                    },
                    "box2d": {
                        "x1": 445.731721,
                        "y1": 260.212317,
                        "x2": 455.856714,
                        "y2": 280.462303
                    }
                },
                {
                    "category": "traffic sign",
                    "id": 2,
                    "attributes": {
                        "occluded": false,
                        "truncated": false,
                        "trafficLightColor": "none"
                    },
                    "box2d": {
                        "x1": 602.669112,
                        "y1": 292.274793,
                        "x2": 617.8566,
                        "y2": 322.649772
                    }
                },
                {
                    "category": "car",
                    "id": 3,
                    "attributes": {
                        "occluded": true,
                        "truncated": false,
                        "trafficLightColor": "none"
                    },
                    "box2d": {
                        "x1": 285.419329,
                        "y1": 344.587258,
                        "x2": 309.684028,
                        "y2": 364.837245
                    }
                },
                {
                    "category": "car",
                    "id": 4,
                    "attributes": {
                        "occluded": true,
                        "truncated": false,
                        "trafficLightColor": "none"
                    },
                    "box2d": {
                        "x1": 263.481844,
                        "y1": 346.274756,
                        "x2": 283.731831,
                        "y2": 366.524743
                    }
                },
                {
                    "category": "car",
                    "id": 5,
                    "attributes": {
                        "occluded": true,
                        "truncated": false,
                        "trafficLightColor": "none"
                    },
                    "box2d": {
                        "x1": 212.85688,
                        "y1": 346.274756,
                        "x2": 244.919358,
                        "y2": 364.837243
                    }
                },
                {
                    "category": "car",
                    "id": 6,
                    "attributes": {
                        "occluded": true,
                        "truncated": false,
                        "trafficLightColor": "none"
                    },
                    "box2d": {
                        "x1": 195.981891,
                        "y1": 349.649755,
                        "x2": 216.231879,
                        "y2": 373.274738
                    }
                },
                {
                    "category": "car",
                    "id": 7,
                    "attributes": {
                        "occluded": true,
                        "truncated": false,
                        "trafficLightColor": "none"
                    },
                    "box2d": {
                        "x1": 143.669427,
                        "y1": 351.337253,
                        "x2": 163.919413,
                        "y2": 374.962236
                    }
                },
                {
                    "category": "car",
                    "id": 8,
                    "attributes": {
                        "occluded": true,
                        "truncated": false,
                        "trafficLightColor": "none"
                    },
                    "box2d": {
                        "x1": 74.481975,
                        "y1": 354.712251,
                        "x2": 131.856936,
                        "y2": 381.712233
                    }
                },
                {
                    "category": "car",
                    "id": 9,
                    "attributes": {
                        "occluded": true,
                        "truncated": false,
                        "trafficLightColor": "none"
                    },
                    "box2d": {
                        "x1": 57.606987,
                        "y1": 356.39975,
                        "x2": 77.856973,
                        "y2": 381.712233
                    }
                },
                {
                    "category": "car",
                    "id": 10,
                    "attributes": {
                        "occluded": true,
                        "truncated": false,
                        "trafficLightColor": "none"
                    },
                    "box2d": {
                        "x1": 25.544509,
                        "y1": 354.712251,
                        "x2": 60.981983,
                        "y2": 381.712233
                    }
                },
                {
                    "category": "car",
                    "id": 11,
                    "attributes": {
                        "occluded": true,
                        "truncated": true,
                        "trafficLightColor": "none"
                    },
                    "box2d": {
                        "x1": 0.232025,
                        "y1": 356.39975,
                        "x2": 37.357,
                        "y2": 385.08723
                    }
                },
                {
                    "category": "car",
                    "id": 12,
                    "attributes": {
                        "occluded": true,
                        "truncated": false,
                        "trafficLightColor": "none"
                    },
                    "box2d": {
                        "x1": 417.044239,
                        "y1": 337.837263,
                        "x2": 447.41922,
                        "y2": 363.149745
                    }
                },
                {
                    "category": "car",
                    "id": 13,
                    "attributes": {
                        "occluded": true,
                        "truncated": false,
                        "trafficLightColor": "none"
                    },
                    "box2d": {
                        "x1": 445.731721,
                        "y1": 336.149765,
                        "x2": 471.044202,
                        "y2": 361.462246
                    }
                },
                {
                    "category": "car",
                    "id": 14,
                    "attributes": {
                        "occluded": true,
                        "truncated": false,
                        "trafficLightColor": "none"
                    },
                    "box2d": {
                        "x1": 523.356665,
                        "y1": 339.524761,
                        "x2": 536.856657,
                        "y2": 354.71225
                    }
                },
                {
                    "category": "car",
                    "id": 15,
                    "attributes": {
                        "occluded": false,
                        "truncated": false,
                        "trafficLightColor": "none"
                    },
                    "box2d": {
                        "x1": 533.481659,
                        "y1": 334.462265,
                        "x2": 584.106625,
                        "y2": 374.962236
                    }
                },
                {
                    "category": "car",
                    "id": 16,
                    "attributes": {
                        "occluded": true,
                        "truncated": false,
                        "trafficLightColor": "none"
                    },
                    "box2d": {
                        "x1": 587.481622,
                        "y1": 341.21226,
                        "x2": 641.481585,
                        "y2": 361.462246
                    }
                },
                {
                    "category": "car",
                    "id": 17,
                    "attributes": {
                        "occluded": false,
                        "truncated": false,
                        "trafficLightColor": "none"
                    },
                    "box2d": {
                        "x1": 462.606707,
                        "y1": 334.462265,
                        "x2": 530.106662,
                        "y2": 395.212223
                    }
                },
                {
                    "category": "car",
                    "id": 18,
                    "attributes": {
                        "occluded": false,
                        "truncated": false,
                        "trafficLightColor": "none"
                    },
                    "box2d": {
                        "x1": 361.356778,
                        "y1": 334.462265,
                        "x2": 422.106736,
                        "y2": 386.774728
                    }
                },
                {
                    "category": "area/drivable",
                    "id": 19,
                    "attributes": {},
                    "poly2d": [
                        [
                            426.731883,
                            400.529049,
                            "L"
                        ],
                        [
                            544.020764,
                            395.538032,
                            "L"
                        ],
                        [
                            771.111998,
                            588.939908,
                            "L"
                        ],
                        [
                            545.268518,
                            566.480335,
                            "C"
                        ],
                        [
                            385.555999,
                            591.435416,
                            "C"
                        ],
                        [
                            164.703534,
                            626.372529,
                            "C"
                        ],
                        [
                            426.731883,
                            400.529049,
                            "L"
                        ]
                    ]
                },
                {
                    "category": "area/alternative",
                    "id": 20,
                    "attributes": {},
                    "poly2d": [
                        [
                            342.442292,
                            386.957089,
                            "L"
                        ],
                        [
                            0,
                            476.642045,
                            "L"
                        ],
                        [
                            0,
                            657.566381,
                            "L"
                        ],
                        [
                            124.775404,
                            632.6113,
                            "L"
                        ],
                        [
                            425.484129,
                            390.547015,
                            "L"
                        ],
                        [
                            342.442292,
                            386.957089,
                            "L"
                        ]
                    ]
                },
                {
                    "category": "area/alternative",
                    "id": 21,
                    "attributes": {},
                    "poly2d": [
                        [
                            549.011779,
                            381.812737,
                            "L"
                        ],
                        [
                            605.160712,
                            376.82172,
                            "L"
                        ],
                        [
                            1280.195648,
                            532.790976,
                            "L"
                        ],
                        [
                            1280.195648,
                            656.318625,
                            "L"
                        ],
                        [
                            1156.667998,
                            636.354562,
                            "C"
                        ],
                        [
                            1020.662807,
                            612.647235,
                            "C"
                        ],
                        [
                            832.251946,
                            596.426431,
                            "C"
                        ],
                        [
                            549.011779,
                            381.812737,
                            "L"
                        ]
                    ]
                },
                {
                    "category": "lane/road curb",
                    "id": 22,
                    "attributes": {
                        "direction": "parallel",
                        "style": "solid"
                    },
                    "poly2d": [
                        [
                            366.256343,
                            378.547652,
                            "L"
                        ],
                        [
                            0,
                            477.465268,
                            "L"
                        ]
                    ]
                },
                {
                    "category": "lane/road curb",
                    "id": 23,
                    "attributes": {
                        "direction": "parallel",
                        "style": "solid"
                    },
                    "poly2d": [
                        [
                            586.162152,
                            371.190143,
                            "L"
                        ],
                        [
                            1280.195152,
                            530.60283,
                            "L"
                        ]
                    ]
                },
                {
                    "category": "lane/double white",
                    "id": 24,
                    "attributes": {
                        "direction": "parallel",
                        "style": "solid"
                    },
                    "poly2d": [
                        [
                            533.02506,
                            386.722661,
                            "L"
                        ],
                        [
                            765.193274,
                            590.280401,
                            "L"
                        ]
                    ]
                },
                {
                    "category": "lane/double white",
                    "id": 25,
                    "attributes": {
                        "direction": "parallel",
                        "style": "solid"
                    },
                    "poly2d": [
                        [
                            537.930023,
                            378.547652,
                            "L"
                        ],
                        [
                            843.672671,
                            599.272911,
                            "L"
                        ]
                    ]
                },
                {
                    "category": "lane/single white",
                    "id": 26,
                    "attributes": {
                        "direction": "parallel",
                        "style": "dashed"
                    },
                    "poly2d": [
                        [
                            456.998145,
                            363.832635,
                            "C"
                        ],
                        [
                            464.355589,
                            374.460147,
                            "C"
                        ],
                        [
                            262.434642,
                            533.872835,
                            "C"
                        ],
                        [
                            170.057852,
                            627.067944,
                            "L"
                        ]
                    ]
                },
                {
                    "category": "lane/single white",
                    "id": 27,
                    "attributes": {
                        "direction": "parallel",
                        "style": "dashed"
                    },
                    "poly2d": [
                        [
                            451.275689,
                            362.197632,
                            "C"
                        ],
                        [
                            431.65584,
                            388.357663,
                            "C"
                        ],
                        [
                            230.533227,
                            542.815824,
                            "C"
                        ],
                        [
                            120.190736,
                            634.425452,
                            "L"
                        ]
                    ]
                }
            ]
        }
    ],
    "attributes": {
        "weather": "partly cloudy",
        "scene": "city street",
        "timeofday": "dawn/dusk"
    }
}