{
    "name": "0a6dbe46-44d30f29",
    "frames": [
        {
            "timestamp": 10000,
            "objects": [
                {
                    "category": "car",
                    "id": 0,
                    "attributes": {
                        "occluded": false,
                        "truncated": false,
                        "trafficLightColor": "none"
                    },
                    "box2d": {
                        "x1": 677.388083,
                        "y1": 343.836888,
                        "x2": 763.347304,
                        "y2": 412.163449
                    }
                },
                {
                    "category": "car",
                    "id": 1,
                    "attributes": {
                        "occluded": false,
                        "truncated": false,
                        "trafficLightColor": "none"
                    },
                    "box2d": {
                        "x1": 630.000306,
                        "y1": 351.551178,
                        "x2": 679.592165,
                        "y2": 391.224667
                    }
                },
                {
                    "category": "car",
                    "id": 2,
                    "attributes": {
                        "occluded": false,
                        "truncated": false,
                        "trafficLightColor": "none"
                    },
                    "box2d": {
                        "x1": 293.142991,
                        "y1": 364.775675,
                        "x2": 389.020582,
                        "y2": 429.796111
                    }
                },
                {
                    "category": "car",
                    "id": 3,
                    "attributes": {
                        "occluded": false,
                        "truncated": false,
                        "trafficLightColor": "none"
                    },
                    "box2d": {
                        "x1": 566.449234,
                        "y1": 359.265468,
                        "x2": 601.714556,
                        "y2": 387.918543
                    }
                },
                {
                    "category": "car",
                    "id": 4,
                    "attributes": {
                        "occluded": false,
                        "truncated": false,
                        "trafficLightColor": "none"
                    },
                    "box2d": {
                        "x1": 516.857374,
                        "y1": 365.877715,
                        "x2": 540.000241,
                        "y2": 384.612418
                    }
                },
                {
                    "category": "car",
                    "id": 5,
                    "attributes": {
                        "occluded": true,
                        "truncated": false,
                        "trafficLightColor": "none"
                    },
                    "box2d": {
                        "x1": 379.102212,
                        "y1": 364.775675,
                        "x2": 430.898154,
                        "y2": 412.604261
                    }
                },
                {
                    "category": "car",
                    "id": 6,
                    "attributes": {
                        "occluded": true,
                        "truncated": false,
                        "trafficLightColor": "none"
                    },
                    "box2d": {
                        "x1": 408.857326,
                        "y1": 366.318525,
                        "x2": 458.449185,
                        "y2": 402.685888
                    }
                },
                {
                    "category": "car",
                    "id": 7,
                    "attributes": {
                        "occluded": true,
                        "truncated": false,
                        "trafficLightColor": "none"
                    },
                    "box2d": {
                        "x1": 542.204325,
                        "y1": 370.72669,
                        "x2": 566.449232,
                        "y2": 381.747105
                    }
                },
                {
                    "category": "car",
                    "id": 8,
                    "attributes": {
                        "occluded": true,
                        "truncated": false,
                        "trafficLightColor": "none"
                    },
                    "box2d": {
                        "x1": 606.122722,
                        "y1": 366.318525,
                        "x2": 624.857423,
                        "y2": 379.54302
                    }
                },
                {
                    "category": "person",
                    "id": 9,
                    "attributes": {
                        "occluded": false,
                        "truncated": false,
                        "trafficLightColor": "none"
                    },
                    "box2d": {
                        "x1": 890.449379,
                        "y1": 323.338931,
                        "x2": 921.306536,
                        "y2": 405.992028
                    }
                },
                {
                    "category": "person",
                    "id": 10,
                    "attributes": {
                        "occluded": false,
                        "truncated": false,
                        "trafficLightColor": "none"
                    },
                    "box2d": {
                        "x1": 938.781768,
                        "y1": 343.679459,
                        "x2": 959.720551,
                        "y2": 398.781525
                    }
                },
                {
                    "category": "person",
                    "id": 11,
                    "attributes": {
                        "occluded": false,
                        "truncated": false,
                        "trafficLightColor": "none"
                    },
                    "box2d": {
                        "x1": 976.251173,
                        "y1": 340.373334,
                        "x2": 997.189959,
                        "y2": 398.781525
                    }
                },
                {
                    "category": "traffic sign",
                    "id": 12,
                    "attributes": {
                        "occluded": false,
                        "truncated": false,
                        "trafficLightColor": "none"
                    },
                    "box2d": {
                        "x1": 813.149055,
                        "y1": 228.75229,
                        "x2": 860.536831,
                        "y2": 246.38495
                    }
                },
                {
                    "category": "traffic light",
                    "id": 13,
                    "attributes": {
                        "occluded": false,
                        "truncated": false,
                        "trafficLightColor": "green"
                    },
                    "box2d": {
                        "x1": 527.216557,
                        "y1": 323.559336,
                        "x2": 531.624722,
                        "y2": 335.681791
                    }
                },
                {
                    "category": "traffic light",
                    "id": 14,
                    "attributes": {
                        "occluded": false,
                        "truncated": false,
                        "trafficLightColor": "green"
                    },
                    "box2d": {
                        "x1": 608.106417,
                        "y1": 320.914426,
                        "x2": 612.514581,
                        "y2": 331.93484
                    }
                },
                {
                    "category": "traffic light",
                    "id": 15,
                    "attributes": {
                        "occluded": false,
                        "truncated": false,
                        "trafficLightColor": "none"
                    },
                    "box2d": {
                        "x1": 612.514581,
                        "y1": 318.710344,
                        "x2": 618.245177,
                        "y2": 330.887905
                    }
                },
                {
                    "category": "traffic light",
                    "id": 16,
                    "attributes": {
                        "occluded": false,
                        "truncated": false,
                        "trafficLightColor": "none"
                    },
                    "box2d": {
                        "x1": 532.285953,
                        "y1": 323.173615,
                        "x2": 537.79616,
                        "y2": 334.194029
                    }
                },
                {
                    "category": "traffic light",
                    "id": 17,
                    "attributes": {
                        "occluded": false,
                        "truncated": false,
                        "trafficLightColor": "none"
                    },
                    "box2d": {
                        "x1": 602.59619,
                        "y1": 320.694022,
                        "x2": 609.208439,
                        "y2": 331.714435
                    }
                },
                {
                    "category": "traffic sign",
                    "id": 18,
                    "attributes": {
                        "occluded": false,
                        "truncated": false,
                        "trafficLightColor": "none"
                    },
                    "box2d": {
                        "x1": 1172.571956,
                        "y1": 213.796015,
                        "x2": 1219.959732,
                        "y2": 231.428673
                    }
                },
                {
                    "category": "area/drivable",
                    "id": 19,
                    "attributes": {},
                    "poly2d": [
                        [
                            560.819135,
                            393.187229,
                            "L"
                        ],
                        [
                            152.444416,
                            651.374552,
                            "L"
                        ],
                        [
                            307.69431,
                            644.624557,
                            "L"
                        ],
                        [
                            638.444082,
                            555.187119,
                            "C"
                        ],
                        [
                            1029.943814,
                            607.499583,
                            "C"
                        ],
                        [
                            1280.811618,
                            622.687071,
                            "C"
                        ],
                        [
                            1280.195222,
                            423.570765,
                            "L"
                        ],
                        [
                            1106.357996,
                            436.214668,
                            "C"
                        ],
                        [
                            921.943886,
                            469.124677,
                            "C"
                        ],
                        [
                            790.318977,
                            423.56221,
                            "C"
                        ],
                        [
                            684.006551,
                            423.56221,
                            "L"
                        ],
                        [
                            624.94409,
                            388.124734,
                            "L"
                        ],
                        [
                            560.819135,
                            393.187229,
                            "L"
                        ]
                    ]
                },
                {
                    "category": "lane/road curb",
                    "id": 20,
                    "attributes": {
                        "direction": "parallel",
                        "style": "solid"
                    },
                    "poly2d": [
                        [
                            13.985609,
                            500.485001,
                            "L"
                        ],
                        [
                            299.691617,
                            433.553873,
                            "L"
                        ]
                    ]
                },
                {
                    "category": "lane/road curb",
                    "id": 21,
                    "attributes": {
                        "direction": "parallel",
                        "style": "solid"
                    },
                    "poly2d": [
                        [
                            762.21568,
                            408.579572,
                            "C"
                        ],
                        [
                            871.103634,
                            464.522007,
                            "C"
                        ],
                        [
                            1020.949443,
                            434.552845,
                            "C"
                        ],
                        [
                            1275.687318,
                            425.562097,
                            "L"
                        ]
                    ]
                },
                {
                    "category": "lane/crosswalk",
                    "id": 22,
                    "attributes": {
                        "direction": "vertical",
                        "style": "dashed"
                    },
                    "poly2d": [
                        [
                            1188.776749,
                            431.555929,
                            "L"
                        ],
                        [
                            1279.683206,
                            431.555929,
                            "L"
                        ]
                    ]
                },
                {
                    "category": "lane/crosswalk",
                    "id": 23,
                    "attributes": {
                        "direction": "vertical",
                        "style": "dashed"
                    },
                    "poly2d": [
                        [
                            962.010092,
                            443.543594,
                            "L"
                        ],
                        [
                            1279.683206,
                            515.469582,
                            "L"
                        ]
                    ]
                },
                {
                    "category": "lane/crosswalk",
                    "id": 24,
                    "attributes": {
                        "direction": "vertical",
                        "style": "dashed"
                    },
                    "poly2d": [
                        [
                            999.97103,
                            443.543594,
                            "L"
                        ],
                        [
                            1279.683206,
                            504.480889,
                            "L"
                        ]
                    ]
                },
                {
                    "category": "lane/double yellow",
                    "id": 25,
                    "attributes": {
                        "direction": "parallel",
                        "style": "solid"
                    },
                    "poly2d": [
                        [
                            481.504532,
                            439.547705,
                            "L"
                        ],
                        [
                            562.421269,
                            389.599103,
                            "L"
                        ]
                    ]
                },
                {
                    "category": "lane/double yellow",
                    "id": 26,
                    "attributes": {
                        "direction": "parallel",
                        "style": "solid"
                    },
                    "poly2d": [
                        [
                            465.520979,
                            437.549761,
                            "L"
                        ],
                        [
                            552.431548,
                            388.60013,
                            "L"
                        ]
                    ]
                },
                {
                    "category": "lane/crosswalk",
                    "id": 27,
                    "attributes": {
                        "direction": "vertical",
                        "style": "dashed"
                    },
                    "poly2d": [
                        [
                            474.511727,
                            396.591907,
                            "L"
                        ],
                        [
                            572.410989,
                            387.601158,
                            "L"
                        ]
                    ]
                },
                {
                    "category": "lane/crosswalk",
                    "id": 28,
                    "attributes": {
                        "direction": "vertical",
                        "style": "dashed"
                    },
                    "poly2d": [
                        [
                            608.373983,
                            385.603214,
                            "L"
                        ],
                        [
                            628.353424,
                            384.604242,
                            "L"
                        ]
                    ]
                },
                {
                    "category": "lane/crosswalk",
                    "id": 29,
                    "attributes": {
                        "direction": "vertical",
                        "style": "dashed"
                    },
                    "poly2d": [
                        [
                            625.356508,
                            378.61041,
                            "L"
                        ],
                        [
                            607.375011,
                            380.608354,
                            "L"
                        ]
                    ]
                },
                {
                    "category": "lane/crosswalk",
                    "id": 30,
                    "attributes": {
                        "direction": "vertical",
                        "style": "dashed"
                    },
                    "poly2d": [
                        [
                            485.50042,
                            387.601158,
                            "L"
                        ],
                        [
                            565.418185,
                            381.607326,
                            "L"
                        ]
                    ]
                }
            ]
        }
    ],
    "attributes": {
        "weather": "partly cloudy",
        "scene": "city street",
        "timeofday": "daytime"
    }
}