{
    "name": "0a7b0436-1a46bb12",
    "frames": [
        {
            "timestamp": 10000,
            "objects": [
                {
                    "category": "traffic light",
                    "id": 0,
                    "attributes": {
                        "occluded": false,
                        "truncated": false,
                        "trafficLightColor": "green"
                    },
                    "box2d": {
                        "x1": 469.910407,
                        "y1": 283.665447,
                        "x2": 477.624698,
                        "y2": 292.481774
                    }
                },
                {
                    "category": "traffic light",
                    "id": 1,
                    "attributes": {
                        "occluded": false,
                        "truncated": false,
                        "trafficLightColor": "green"
                    },
                    "box2d": {
                        "x1": 531.624721,
                        "y1": 279.257278,
                        "x2": 541.543094,
                        "y2": 290.277693
                    }
                },
                {
                    "category": "traffic light",
                    "id": 2,
                    "attributes": {
                        "occluded": false,
                        "truncated": false,
                        "trafficLightColor": "green"
                    },
                    "box2d": {
                        "x1": 602.155367,
                        "y1": 271.542991,
                        "x2": 613.17578,
                        "y2": 283.665445
                    }
                },
                {
                    "category": "traffic light",
                    "id": 3,
                    "attributes": {
                        "occluded": false,
                        "truncated": false,
                        "trafficLightColor": "green"
                    },
                    "box2d": {
                        "x1": 647.33906,
                        "y1": 271.542991,
                        "x2": 657.257431,
                        "y2": 281.461361
                    }
                },
                {
                    "category": "traffic light",
                    "id": 4,
                    "attributes": {
                        "occluded": false,
                        "truncated": false,
                        "trafficLightColor": "green"
                    },
                    "box2d": {
                        "x1": 670.481924,
                        "y1": 275.951155,
                        "x2": 680.400301,
                        "y2": 284.767485
                    }
                },
                {
                    "category": "car",
                    "id": 5,
                    "attributes": {
                        "occluded": true,
                        "truncated": false,
                        "trafficLightColor": "none"
                    },
                    "box2d": {
                        "x1": 684.367655,
                        "y1": 285.97972,
                        "x2": 698.69419,
                        "y2": 298.102175
                    }
                },
                {
                    "category": "car",
                    "id": 6,
                    "attributes": {
                        "occluded": true,
                        "truncated": false,
                        "trafficLightColor": "none"
                    },
                    "box2d": {
                        "x1": 659.020704,
                        "y1": 288.183805,
                        "x2": 674.44928,
                        "y2": 303.612382
                    }
                },
                {
                    "category": "car",
                    "id": 7,
                    "attributes": {
                        "occluded": true,
                        "truncated": false,
                        "trafficLightColor": "none"
                    },
                    "box2d": {
                        "x1": 634.775794,
                        "y1": 294.79605,
                        "x2": 656.81662,
                        "y2": 310.224625
                    }
                },
                {
                    "category": "car",
                    "id": 8,
                    "attributes": {
                        "occluded": true,
                        "truncated": false,
                        "trafficLightColor": "none"
                    },
                    "box2d": {
                        "x1": 623.755381,
                        "y1": 301.408299,
                        "x2": 635.877835,
                        "y2": 310.224629
                    }
                },
                {
                    "category": "car",
                    "id": 9,
                    "attributes": {
                        "occluded": true,
                        "truncated": false,
                        "trafficLightColor": "none"
                    },
                    "box2d": {
                        "x1": 606.122722,
                        "y1": 299.204217,
                        "x2": 624.857423,
                        "y2": 311.326669
                    }
                },
                {
                    "category": "car",
                    "id": 10,
                    "attributes": {
                        "occluded": true,
                        "truncated": false,
                        "trafficLightColor": "none"
                    },
                    "box2d": {
                        "x1": 573.061481,
                        "y1": 303.612381,
                        "x2": 603.918639,
                        "y2": 322.347084
                    }
                },
                {
                    "category": "car",
                    "id": 11,
                    "attributes": {
                        "occluded": true,
                        "truncated": false,
                        "trafficLightColor": "none"
                    },
                    "box2d": {
                        "x1": 680.841144,
                        "y1": 303.061364,
                        "x2": 697.371766,
                        "y2": 319.591983
                    }
                },
                {
                    "category": "car",
                    "id": 12,
                    "attributes": {
                        "occluded": true,
                        "truncated": false,
                        "trafficLightColor": "none"
                    },
                    "box2d": {
                        "x1": 501.869607,
                        "y1": 305.926675,
                        "x2": 575.706372,
                        "y2": 361.028742
                    }
                },
                {
                    "category": "car",
                    "id": 13,
                    "attributes": {
                        "occluded": true,
                        "truncated": false,
                        "trafficLightColor": "none"
                    },
                    "box2d": {
                        "x1": 372.857321,
                        "y1": 301.591978,
                        "x2": 516.122692,
                        "y2": 437.14306
                    }
                },
                {
                    "category": "car",
                    "id": 14,
                    "attributes": {
                        "occluded": true,
                        "truncated": false,
                        "trafficLightColor": "none"
                    },
                    "box2d": {
                        "x1": 274.683797,
                        "y1": 320.69402,
                        "x2": 354.03077,
                        "y2": 379.102212
                    }
                },
                {
                    "category": "car",
                    "id": 15,
                    "attributes": {
                        "occluded": false,
                        "truncated": false,
                        "trafficLightColor": "none"
                    },
                    "box2d": {
                        "x1": 174.122527,
                        "y1": 328.040968,
                        "x2": 299.755237,
                        "y2": 406.653243
                    }
                },
                {
                    "category": "car",
                    "id": 16,
                    "attributes": {
                        "occluded": false,
                        "truncated": false,
                        "trafficLightColor": "none"
                    },
                    "box2d": {
                        "x1": 480.962313,
                        "y1": 320.851467,
                        "x2": 710.186906,
                        "y2": 515.819612
                    }
                },
                {
                    "category": "area/drivable",
                    "id": 17,
                    "attributes": {},
                    "poly2d": [
                        [
                            360.449874,
                            386.099865,
                            "L"
                        ],
                        [
                            0,
                            490.367339,
                            "L"
                        ],
                        [
                            0,
                            627.620283,
                            "L"
                        ],
                        [
                            315.681773,
                            583.948892,
                            "C"
                        ],
                        [
                            602.099789,
                            550.799807,
                            "C"
                        ],
                        [
                            915.29968,
                            583.199796,
                            "C"
                        ],
                        [
                            817.278898,
                            499.101617,
                            "L"
                        ],
                        [
                            476.549833,
                            526.499816,
                            "L"
                        ],
                        [
                            472.898782,
                            451.686963,
                            "L"
                        ],
                        [
                            386.099865,
                            449.549843,
                            "L"
                        ],
                        [
                            360.449874,
                            386.099865,
                            "L"
                        ]
                    ]
                }
            ]
        }
    ],
    "attributes": {
        "weather": "snowy",
        "scene": "city street",
        "timeofday": "night"
    }
}