{
    "name": "0a7cbfc6-c83c2cde",
    "frames": [
        {
            "timestamp": 10000,
            "objects": [
                {
                    "category": "traffic light",
                    "id": 0,
                    "attributes": {
                        "occluded": false,
                        "truncated": false,
                        "trafficLightColor": "red"
                    },
                    "box2d": {
                        "x1": 286.98343,
                        "y1": 286.98343,
                        "x2": 296.965462,
                        "y2": 308.195249
                    }
                },
                {
                    "category": "traffic light",
                    "id": 1,
                    "attributes": {
                        "occluded": false,
                        "truncated": false,
                        "trafficLightColor": "none"
                    },
                    "box2d": {
                        "x1": 277.001397,
                        "y1": 289.478937,
                        "x2": 285.735677,
                        "y2": 308.195249
                    }
                },
                {
                    "category": "traffic light",
                    "id": 2,
                    "attributes": {
                        "occluded": false,
                        "truncated": false,
                        "trafficLightColor": "none"
                    },
                    "box2d": {
                        "x1": 296.965462,
                        "y1": 289.478937,
                        "x2": 306.947495,
                        "y2": 309.443002
                    }
                },
                {
                    "category": "car",
                    "id": 3,
                    "attributes": {
                        "occluded": false,
                        "truncated": true,
                        "trafficLightColor": "none"
                    },
                    "box2d": {
                        "x1": 0,
                        "y1": 398.033541,
                        "x2": 429.227392,
                        "y2": 718.70633
                    }
                },
                {
                    "category": "car",
                    "id": 4,
                    "attributes": {
                        "occluded": false,
                        "truncated": false,
                        "trafficLightColor": "none"
                    },
                    "box2d": {
                        "x1": 400.529048,
                        "y1": 395.538032,
                        "x2": 603.912957,
                        "y2": 536.534239
                    }
                },
                {
                    "category": "car",
                    "id": 5,
                    "attributes": {
                        "occluded": true,
                        "truncated": false,
                        "trafficLightColor": "none"
                    },
                    "box2d": {
                        "x1": 333.150329,
                        "y1": 374.326214,
                        "x2": 437.961668,
                        "y2": 459.173488
                    }
                },
                {
                    "category": "car",
                    "id": 6,
                    "attributes": {
                        "occluded": true,
                        "truncated": false,
                        "trafficLightColor": "none"
                    },
                    "box2d": {
                        "x1": 154.7215,
                        "y1": 379.31723,
                        "x2": 285.735675,
                        "y2": 401.776803
                    }
                },
                {
                    "category": "truck",
                    "id": 7,
                    "attributes": {
                        "occluded": true,
                        "truncated": true,
                        "trafficLightColor": "none"
                    },
                    "box2d": {
                        "x1": 0,
                        "y1": 291.974446,
                        "x2": 109.802355,
                        "y2": 472.898782
                    }
                },
                {
                    "category": "truck",
                    "id": 8,
                    "attributes": {
                        "occluded": true,
                        "truncated": false,
                        "trafficLightColor": "none"
                    },
                    "box2d": {
                        "x1": 152.225993,
                        "y1": 361.848672,
                        "x2": 194.649631,
                        "y2": 385.555999
                    }
                },
                {
                    "category": "car",
                    "id": 9,
                    "attributes": {
                        "occluded": true,
                        "truncated": false,
                        "trafficLightColor": "none"
                    },
                    "box2d": {
                        "x1": 736.174886,
                        "y1": 369.335196,
                        "x2": 803.553604,
                        "y2": 381.712233
                    }
                },
                {
                    "category": "car",
                    "id": 10,
                    "attributes": {
                        "occluded": true,
                        "truncated": false,
                        "trafficLightColor": "none"
                    },
                    "box2d": {
                        "x1": 570.223599,
                        "y1": 374.326214,
                        "x2": 623.877022,
                        "y2": 391.79477
                    }
                },
                {
                    "category": "car",
                    "id": 11,
                    "attributes": {
                        "occluded": true,
                        "truncated": false,
                        "trafficLightColor": "none"
                    },
                    "box2d": {
                        "x1": 503.10668,
                        "y1": 373.078459,
                        "x2": 555.419144,
                        "y2": 395.538032
                    }
                },
                {
                    "category": "car",
                    "id": 12,
                    "attributes": {
                        "occluded": true,
                        "truncated": false,
                        "trafficLightColor": "none"
                    },
                    "box2d": {
                        "x1": 814.783389,
                        "y1": 368.087443,
                        "x2": 847.356444,
                        "y2": 380.564983
                    }
                },
                {
                    "category": "traffic light",
                    "id": 13,
                    "attributes": {
                        "occluded": true,
                        "truncated": false,
                        "trafficLightColor": "none"
                    },
                    "box2d": {
                        "x1": 381.812737,
                        "y1": 361.848672,
                        "x2": 405.520064,
                        "y2": 374.326212
                    }
                },
                {
                    "category": "car",
                    "id": 14,
                    "attributes": {
                        "occluded": true,
                        "truncated": false,
                        "trafficLightColor": "none"
                    },
                    "box2d": {
                        "x1": 970.543859,
                        "y1": 353.024752,
                        "x2": 995.856342,
                        "y2": 374.962237
                    }
                },
                {
                    "category": "traffic light",
                    "id": 15,
                    "attributes": {
                        "occluded": false,
                        "truncated": false,
                        "trafficLightColor": "red"
                    },
                    "box2d": {
                        "x1": 303.981817,
                        "y1": 341.21226,
                        "x2": 312.419311,
                        "y2": 358.087249
                    }
                },
                {
                    "category": "traffic light",
                    "id": 16,
                    "attributes": {
                        "occluded": false,
                        "truncated": false,
                        "trafficLightColor": "red"
                    },
                    "box2d": {
                        "x1": 310.731813,
                        "y1": 364.837244,
                        "x2": 324.231803,
                        "y2": 380.024734
                    }
                },
                {
                    "category": "traffic light",
                    "id": 17,
                    "attributes": {
                        "occluded": false,
                        "truncated": false,
                        "trafficLightColor": "red"
                    },
                    "box2d": {
                        "x1": 206.106884,
                        "y1": 346.274757,
                        "x2": 212.85688,
                        "y2": 359.774748
                    }
                },
                {
                    "category": "car",
                    "id": 18,
                    "attributes": {
                        "occluded": true,
                        "truncated": false,
                        "trafficLightColor": "none"
                    },
                    "box2d": {
                        "x1": 481.169195,
                        "y1": 383.399731,
                        "x2": 535.169158,
                        "y2": 398.587221
                    }
                },
                {
                    "category": "area/alternative",
                    "id": 19,
                    "attributes": {},
                    "poly2d": [
                        [
                            453.00146,
                            543.582579,
                            "L"
                        ],
                        [
                            615.769125,
                            651.070657,
                            "L"
                        ],
                        [
                            741.683732,
                            644.928482,
                            "C"
                        ],
                        [
                            839.95855,
                            651.070657,
                            "C"
                        ],
                        [
                            935.162278,
                            663.355009,
                            "C"
                        ],
                        [
                            1033.437094,
                            647.99957,
                            "L"
                        ],
                        [
                            640.337829,
                            534.369314,
                            "L"
                        ],
                        [
                            453.00146,
                            543.582579,
                            "L"
                        ]
                    ]
                },
                {
                    "category": "lane/single white",
                    "id": 20,
                    "attributes": {
                        "direction": "parallel",
                        "style": "solid"
                    },
                    "poly2d": [
                        [
                            417.486272,
                            535.304483,
                            "L"
                        ],
                        [
                            594.213589,
                            655.68396,
                            "L"
                        ]
                    ]
                },
                {
                    "category": "lane/single white",
                    "id": 21,
                    "attributes": {
                        "direction": "parallel",
                        "style": "solid"
                    },
                    "poly2d": [
                        [
                            613.42308,
                            653.122695,
                            "L"
                        ],
                        [
                            411.083108,
                            521.217523,
                            "L"
                        ]
                    ]
                },
                {
                    "category": "lane/road curb",
                    "id": 22,
                    "attributes": {
                        "direction": "parallel",
                        "style": "solid"
                    },
                    "poly2d": [
                        [
                            604.458651,
                            516.094992,
                            "L"
                        ],
                        [
                            1178.182116,
                            696.664208,
                            "L"
                        ]
                    ]
                }
            ]
        }
    ],
    "attributes": {
        "weather": "snowy",
        "scene": "highway",
        "timeofday": "dawn/dusk"
    }
}