{
    "name": "0a7cbfc6-e40c2fde",
    "frames": [
        {
            "timestamp": 10000,
            "objects": [
                {
                    "category": "traffic sign",
                    "id": 0,
                    "attributes": {
                        "occluded": false,
                        "truncated": false,
                        "trafficLightColor": "none"
                    },
                    "box2d": {
                        "x1": 531.543223,
                        "y1": 321.920542,
                        "x2": 563.984828,
                        "y2": 328.159312
                    }
                },
                {
                    "category": "traffic sign",
                    "id": 1,
                    "attributes": {
                        "occluded": false,
                        "truncated": false,
                        "trafficLightColor": "none"
                    },
                    "box2d": {
                        "x1": 516.570174,
                        "y1": 263.276103,
                        "x2": 542.773009,
                        "y2": 303.204233
                    }
                },
                {
                    "category": "traffic sign",
                    "id": 2,
                    "attributes": {
                        "occluded": false,
                        "truncated": false,
                        "trafficLightColor": "none"
                    },
                    "box2d": {
                        "x1": 527.799961,
                        "y1": 311.938511,
                        "x2": 556.498303,
                        "y2": 321.920542
                    }
                },
                {
                    "category": "car",
                    "id": 3,
                    "attributes": {
                        "occluded": true,
                        "truncated": false,
                        "trafficLightColor": "none"
                    },
                    "box2d": {
                        "x1": 242.064284,
                        "y1": 413.006588,
                        "x2": 252.046317,
                        "y2": 421.740866
                    }
                },
                {
                    "category": "car",
                    "id": 4,
                    "attributes": {
                        "occluded": true,
                        "truncated": false,
                        "trafficLightColor": "none"
                    },
                    "box2d": {
                        "x1": 252.046317,
                        "y1": 411.758834,
                        "x2": 262.028348,
                        "y2": 421.740866
                    }
                },
                {
                    "category": "car",
                    "id": 5,
                    "attributes": {
                        "occluded": true,
                        "truncated": false,
                        "trafficLightColor": "none"
                    },
                    "box2d": {
                        "x1": 259.532841,
                        "y1": 410.511079,
                        "x2": 272.010381,
                        "y2": 426.731882
                    }
                },
                {
                    "category": "car",
                    "id": 6,
                    "attributes": {
                        "occluded": true,
                        "truncated": false,
                        "trafficLightColor": "none"
                    },
                    "box2d": {
                        "x1": 269.514873,
                        "y1": 405.520064,
                        "x2": 286.98343,
                        "y2": 426.731882
                    }
                },
                {
                    "category": "car",
                    "id": 7,
                    "attributes": {
                        "occluded": true,
                        "truncated": false,
                        "trafficLightColor": "none"
                    },
                    "box2d": {
                        "x1": 281.992415,
                        "y1": 406.767819,
                        "x2": 296.965462,
                        "y2": 429.227392
                    }
                },
                {
                    "category": "car",
                    "id": 8,
                    "attributes": {
                        "occluded": true,
                        "truncated": false,
                        "trafficLightColor": "none"
                    },
                    "box2d": {
                        "x1": 315.681773,
                        "y1": 404.27231,
                        "x2": 344.380116,
                        "y2": 431.722899
                    }
                },
                {
                    "category": "car",
                    "id": 9,
                    "attributes": {
                        "occluded": true,
                        "truncated": false,
                        "trafficLightColor": "none"
                    },
                    "box2d": {
                        "x1": 295.717708,
                        "y1": 398.033541,
                        "x2": 325.663805,
                        "y2": 429.227392
                    }
                },
                {
                    "category": "car",
                    "id": 10,
                    "attributes": {
                        "occluded": true,
                        "truncated": false,
                        "trafficLightColor": "none"
                    },
                    "box2d": {
                        "x1": 546.516272,
                        "y1": 396.785786,
                        "x2": 602.665204,
                        "y2": 427.949706
                    }
                },
                {
                    "category": "car",
                    "id": 11,
                    "attributes": {
                        "occluded": true,
                        "truncated": false,
                        "trafficLightColor": "none"
                    },
                    "box2d": {
                        "x1": 455.430226,
                        "y1": 396.785786,
                        "x2": 568.975843,
                        "y2": 461.668994
                    }
                },
                {
                    "category": "car",
                    "id": 12,
                    "attributes": {
                        "occluded": true,
                        "truncated": false,
                        "trafficLightColor": "none"
                    },
                    "box2d": {
                        "x1": 567.728088,
                        "y1": 396.785786,
                        "x2": 696.246755,
                        "y2": 489.119585
                    }
                },
                {
                    "category": "car",
                    "id": 13,
                    "attributes": {
                        "occluded": false,
                        "truncated": false,
                        "trafficLightColor": "none"
                    },
                    "box2d": {
                        "x1": 203.383909,
                        "y1": 410.511079,
                        "x2": 219.604712,
                        "y2": 421.740866
                    }
                },
                {
                    "category": "car",
                    "id": 14,
                    "attributes": {
                        "occluded": false,
                        "truncated": false,
                        "trafficLightColor": "none"
                    },
                    "box2d": {
                        "x1": 144.739469,
                        "y1": 406.767819,
                        "x2": 182.172089,
                        "y2": 432.970654
                    }
                },
                {
                    "category": "car",
                    "id": 15,
                    "attributes": {
                        "occluded": false,
                        "truncated": false,
                        "trafficLightColor": "none"
                    },
                    "box2d": {
                        "x1": 339.3891,
                        "y1": 395.538032,
                        "x2": 390.547015,
                        "y2": 435.466161
                    }
                },
                {
                    "category": "car",
                    "id": 16,
                    "attributes": {
                        "occluded": false,
                        "truncated": false,
                        "trafficLightColor": "none"
                    },
                    "box2d": {
                        "x1": 626.372529,
                        "y1": 398.033541,
                        "x2": 910.860451,
                        "y2": 525.304453
                    }
                },
                {
                    "category": "car",
                    "id": 17,
                    "attributes": {
                        "occluded": false,
                        "truncated": true,
                        "trafficLightColor": "none"
                    },
                    "box2d": {
                        "x1": 953.284089,
                        "y1": 401.776801,
                        "x2": 1277.70014,
                        "y2": 616.390496
                    }
                },
                {
                    "category": "person",
                    "id": 18,
                    "attributes": {
                        "occluded": true,
                        "truncated": false,
                        "trafficLightColor": "none"
                    },
                    "box2d": {
                        "x1": 1033.140348,
                        "y1": 386.803752,
                        "x2": 1080.555,
                        "y2": 454.182471
                    }
                },
                {
                    "category": "traffic sign",
                    "id": 19,
                    "attributes": {
                        "occluded": false,
                        "truncated": false,
                        "trafficLightColor": "none"
                    },
                    "box2d": {
                        "x1": 513.231673,
                        "y1": 338.512267,
                        "x2": 543.606652,
                        "y2": 357.074755
                    }
                },
                {
                    "category": "area/drivable",
                    "id": 20,
                    "attributes": {},
                    "poly2d": [
                        [
                            97.324815,
                            440.457177,
                            "L"
                        ],
                        [
                            260.780595,
                            429.227391,
                            "L"
                        ],
                        [
                            1280.811619,
                            636.187063,
                            "L"
                        ],
                        [
                            1280.811619,
                            717.187007,
                            "L"
                        ],
                        [
                            817.31896,
                            614.249578,
                            "C"
                        ],
                        [
                            543.944147,
                            626.06207,
                            "C"
                        ],
                        [
                            187.881893,
                            720.562005,
                            "C"
                        ],
                        [
                            0,
                            720.562005,
                            "L"
                        ],
                        [
                            0,
                            458.999684,
                            "L"
                        ],
                        [
                            97.324815,
                            440.457177,
                            "L"
                        ]
                    ]
                },
                {
                    "category": "lane/road curb",
                    "id": 21,
                    "attributes": {
                        "direction": "parallel",
                        "style": "solid"
                    },
                    "poly2d": [
                        [
                            103.845415,
                            435.899852,
                            "C"
                        ],
                        [
                            69.501706,
                            440.691983,
                            "C"
                        ],
                        [
                            26.372399,
                            447.88018,
                            "C"
                        ],
                        [
                            0,
                            460.711261,
                            "L"
                        ]
                    ]
                }
            ]
        }
    ],
    "attributes": {
        "weather": "snowy",
        "scene": "city street",
        "timeofday": "daytime"
    }
}